ISO-10303-21;
HEADER;

/* File generated by HOOPS Exchange Version 24.2.0 */

FILE_DESCRIPTION(('HOOPS Exchange Step'),'2;1');

FILE_NAME('C:\\Users\\sou16\\OneDrive\\\X2\30C730B930AF30C830C330D7\X0\\\\X2\81EA4F5C30AD30FC30DC30FC30C9\X0\\\\X2\78C16C1730AD30FC30DC30FC30C9\X0\\\xiao-test\\case_bottom.stp',
'2026-02-13T20:57:05+09:00',
('sou16'),
('Unknown organisation'),
'HOOPS Exchange 2024.2',
'HOOPS Exchange',
'Unknown authorisation');

FILE_SCHEMA( ('AP203_CONFIGURATION_CONTROLLED_3D_DESIGN_OF_MECHANICAL_PARTS_AND_ASSEMBLIES_MIM_LF') );

ENDSEC;

DATA;
#3=(NAMED_UNIT(*)PLANE_ANGLE_UNIT()SI_UNIT($,.RADIAN.));
#4=PLANE_ANGLE_MEASURE_WITH_UNIT(PLANE_ANGLE_MEASURE(0.0174532925),#3);
#5=(CONVERSION_BASED_UNIT('DEGREE',#4)NAMED_UNIT(#6)PLANE_ANGLE_UNIT());
#6=DIMENSIONAL_EXPONENTS(0.,0.,0.,0.,0.,0.,0.);
#7=(NAMED_UNIT(*)SI_UNIT($,.STERADIAN.)SOLID_ANGLE_UNIT());
#8=(LENGTH_UNIT()NAMED_UNIT(*)SI_UNIT(.MILLI.,.METRE.));
#9=UNCERTAINTY_MEASURE_WITH_UNIT(LENGTH_MEASURE(1.000000E-05),#8,'DISTANCE_ACCURACY_VALUE','Maximum Tolerance applied to model');
#10=(GEOMETRIC_REPRESENTATION_CONTEXT(3)GLOBAL_UNCERTAINTY_ASSIGNED_CONTEXT((#9))GLOBAL_UNIT_ASSIGNED_CONTEXT((#8,#5,#7))REPRESENTATION_CONTEXT('','root'));
#12=CARTESIAN_POINT('',(0.,0.,0.));
#13=DIRECTION('',(0.,0.,1.));
#14=DIRECTION('',(1.,0.,0.));
#15=AXIS2_PLACEMENT_3D('',#12,#13,#14);
#27=CARTESIAN_POINT('',(-60.59298115,43.815824008,4.901691565));
#28=DIRECTION('',(-1.,-0.,-0.));
#29=DIRECTION('',(-0.,0.,1.));
#30=AXIS2_PLACEMENT_3D('',#27,#28,#29);
#31=CYLINDRICAL_SURFACE('',#30,1.75);
#32=CARTESIAN_POINT('',(-53.395,45.565759721,4.886691565));
#33=VERTEX_POINT('',#32);
#34=CARTESIAN_POINT('',(-50.19298115,45.565759721,4.886691565));
#35=VERTEX_POINT('',#34);
#36=CARTESIAN_POINT('',(-53.395,45.565759721,4.886691565));
#37=DIRECTION('',(1.,0.,0.));
#38=VECTOR('',#37,3.20201885);
#39=LINE('',#36,#38);
#40=EDGE_CURVE('',#33,#35,#39,.T.);
#41=ORIENTED_EDGE('',*,*,#40,.F.);
#42=CARTESIAN_POINT('',(-53.395,43.815824008,3.151691565));
#43=VERTEX_POINT('',#42);
#44=CARTESIAN_POINT('',(-53.395,43.815824008,4.901691565));
#45=DIRECTION('',(-1.,-0.,-0.));
#46=DIRECTION('',(0.,0.,-1.));
#47=AXIS2_PLACEMENT_3D('',#44,#45,#46);
#48=CIRCLE('',#47,1.75);
#49=EDGE_CURVE('',#33,#43,#48,.T.);
#50=ORIENTED_EDGE('',*,*,#49,.T.);
#51=CARTESIAN_POINT('',(-50.19298115,43.815824008,3.151691565));
#52=VERTEX_POINT('',#51);
#53=CARTESIAN_POINT('',(-53.395,43.815824008,3.151691565));
#54=DIRECTION('',(1.,0.,0.));
#55=VECTOR('',#54,3.20201885);
#56=LINE('',#53,#55);
#57=EDGE_CURVE('',#43,#52,#56,.T.);
#58=ORIENTED_EDGE('',*,*,#57,.T.);
#59=CARTESIAN_POINT('',(-50.19298115,43.815824008,4.901691565));
#60=DIRECTION('',(-1.,-0.,-0.));
#61=DIRECTION('',(0.,0.,-1.));
#62=AXIS2_PLACEMENT_3D('',#59,#60,#61);
#63=CIRCLE('',#62,1.75);
#64=EDGE_CURVE('',#35,#52,#63,.T.);
#65=ORIENTED_EDGE('',*,*,#64,.F.);
#66=EDGE_LOOP('',(#41,#50,#58,#65));
#67=FACE_BOUND('',#66,.T.);
#68=ADVANCED_FACE('',(#67),#31,.F.);
#69=CARTESIAN_POINT('',(-60.59298115,38.095824008,3.151691565));
#70=DIRECTION('',(0.,-0.,-1.));
#71=DIRECTION('',(-1.,0.,-0.));
#72=AXIS2_PLACEMENT_3D('',#69,#70,#71);
#73=PLANE('',#72);
#74=CARTESIAN_POINT('',(-53.395,32.375824008,3.151691565));
#75=VERTEX_POINT('',#74);
#76=CARTESIAN_POINT('',(-53.395,32.375824008,3.151691565));
#77=DIRECTION('',(-0.,1.,-0.));
#78=VECTOR('',#77,11.44);
#79=LINE('',#76,#78);
#80=EDGE_CURVE('',#75,#43,#79,.T.);
#81=ORIENTED_EDGE('',*,*,#80,.F.);
#82=CARTESIAN_POINT('',(-50.19298115,32.375824008,3.151691565));
#83=VERTEX_POINT('',#82);
#84=CARTESIAN_POINT('',(-53.395,32.375824008,3.151691565));
#85=DIRECTION('',(1.,0.,0.));
#86=VECTOR('',#85,3.20201885);
#87=LINE('',#84,#86);
#88=EDGE_CURVE('',#75,#83,#87,.T.);
#89=ORIENTED_EDGE('',*,*,#88,.T.);
#90=CARTESIAN_POINT('',(-50.19298115,32.375824008,3.151691565));
#91=DIRECTION('',(-0.,1.,-0.));
#92=VECTOR('',#91,11.44);
#93=LINE('',#90,#92);
#94=EDGE_CURVE('',#83,#52,#93,.T.);
#95=ORIENTED_EDGE('',*,*,#94,.T.);
#96=ORIENTED_EDGE('',*,*,#57,.F.);
#97=EDGE_LOOP('',(#81,#89,#95,#96));
#98=FACE_BOUND('',#97,.T.);
#99=ADVANCED_FACE('',(#98),#73,.F.);
#100=CARTESIAN_POINT('',(-60.59298115,32.375824008,4.901691565));
#101=DIRECTION('',(-1.,-0.,-0.));
#102=DIRECTION('',(-0.,0.,1.));
#103=AXIS2_PLACEMENT_3D('',#100,#101,#102);
#104=CYLINDRICAL_SURFACE('',#103,1.75);
#105=ORIENTED_EDGE('',*,*,#88,.F.);
#106=CARTESIAN_POINT('',(-53.395,30.625888295,4.886691565));
#107=VERTEX_POINT('',#106);
#108=CARTESIAN_POINT('',(-53.395,32.375824008,4.901691565));
#109=DIRECTION('',(-1.,-0.,-0.));
#110=DIRECTION('',(0.,0.,-1.));
#111=AXIS2_PLACEMENT_3D('',#108,#109,#110);
#112=CIRCLE('',#111,1.75);
#113=EDGE_CURVE('',#75,#107,#112,.T.);
#114=ORIENTED_EDGE('',*,*,#113,.T.);
#115=CARTESIAN_POINT('',(-50.19298115,30.625888295,4.886691565));
#116=VERTEX_POINT('',#115);
#117=CARTESIAN_POINT('',(-50.19298115,30.625888295,4.886691565));
#118=DIRECTION('',(-1.,-0.,-0.));
#119=VECTOR('',#118,3.20201885);
#120=LINE('',#117,#119);
#121=EDGE_CURVE('',#116,#107,#120,.T.);
#122=ORIENTED_EDGE('',*,*,#121,.F.);
#123=CARTESIAN_POINT('',(-50.19298115,32.375824008,4.901691565));
#124=DIRECTION('',(-1.,-0.,-0.));
#125=DIRECTION('',(0.,0.,-1.));
#126=AXIS2_PLACEMENT_3D('',#123,#124,#125);
#127=CIRCLE('',#126,1.75);
#128=EDGE_CURVE('',#83,#116,#127,.T.);
#129=ORIENTED_EDGE('',*,*,#128,.F.);
#130=EDGE_LOOP('',(#105,#114,#122,#129));
#131=FACE_BOUND('',#130,.T.);
#132=ADVANCED_FACE('',(#131),#104,.F.);
#133=CARTESIAN_POINT('',(-104.25,85.2,4.886691565));
#134=DIRECTION('',(0.,0.,1.));
#135=DIRECTION('',(1.,0.,0.));
#136=AXIS2_PLACEMENT_3D('',#133,#134,#135);
#137=PLANE('',#136);
#138=CARTESIAN_POINT('',(-47.895,54.395,4.886691565));
#139=VERTEX_POINT('',#138);
#140=CARTESIAN_POINT('',(-22.4,54.395,4.886691565));
#141=VERTEX_POINT('',#140);
#142=CARTESIAN_POINT('',(-47.895,54.395,4.886691565));
#143=DIRECTION('',(1.,0.,-0.));
#144=VECTOR('',#143,25.495);
#145=LINE('',#142,#144);
#146=EDGE_CURVE('',#139,#141,#145,.T.);
#147=ORIENTED_EDGE('',*,*,#146,.F.);
#148=CARTESIAN_POINT('',(-54.395,47.895,4.886691565));
#149=VERTEX_POINT('',#148);
#150=CARTESIAN_POINT('',(-47.895,47.895,4.886691565));
#151=DIRECTION('',(0.,0.,1.));
#152=DIRECTION('',(1.,0.,-0.));
#153=AXIS2_PLACEMENT_3D('',#150,#151,#152);
#154=CIRCLE('',#153,6.5);
#155=EDGE_CURVE('',#139,#149,#154,.T.);
#156=ORIENTED_EDGE('',*,*,#155,.T.);
#157=CARTESIAN_POINT('',(-54.395,46.565783099,4.886691565));
#158=VERTEX_POINT('',#157);
#159=CARTESIAN_POINT('',(-54.395,47.895,4.886691565));
#160=DIRECTION('',(0.,-1.,0.));
#161=VECTOR('',#160,1.329216901);
#162=LINE('',#159,#161);
#163=EDGE_CURVE('',#149,#158,#162,.T.);
#164=ORIENTED_EDGE('',*,*,#163,.T.);
#165=CARTESIAN_POINT('',(-53.395,45.565759721,4.886691565));
#166=CARTESIAN_POINT('',(-53.728331107,45.899103074,4.886691565));
#167=CARTESIAN_POINT('',(-54.06166525,46.232443389,4.886691565));
#168=CARTESIAN_POINT('',(-54.395,46.565783099,4.886691565));
#169=B_SPLINE_CURVE_WITH_KNOTS('',3,(#165,#166,#167,#168),.UNSPECIFIED.,.F.,.F.,(4,4),(0.002485054,0.003909955),.UNSPECIFIED.);
#170=EDGE_CURVE('',#33,#158,#169,.T.);
#171=ORIENTED_EDGE('',*,*,#170,.F.);
#172=ORIENTED_EDGE('',*,*,#40,.T.);
#173=CARTESIAN_POINT('',(-50.19298115,42.979625618,4.886691565));
#174=VERTEX_POINT('',#173);
#175=CARTESIAN_POINT('',(-50.19298115,42.979625618,4.886691565));
#176=DIRECTION('',(-0.,1.,0.));
#177=VECTOR('',#176,2.586134104);
#178=LINE('',#175,#177);
#179=EDGE_CURVE('',#174,#35,#178,.T.);
#180=ORIENTED_EDGE('',*,*,#179,.F.);
#181=CARTESIAN_POINT('',(-49.69298115,42.191766358,4.886691565));
#182=VERTEX_POINT('',#181);
#183=CARTESIAN_POINT('',(-50.192867932,42.979709542,4.886691565));
#184=CARTESIAN_POINT('',(-49.86756539,42.540861342,4.886691565));
#185=CARTESIAN_POINT('',(-49.693151865,42.191539293,4.886691565));
#186=B_SPLINE_CURVE_WITH_KNOTS('',2,(#183,#184,#185),.UNSPECIFIED.,.F.,.F.,(3,3),(0.,1.),.UNSPECIFIED.);
#187=EDGE_CURVE('',#174,#182,#186,.T.);
#188=ORIENTED_EDGE('',*,*,#187,.T.);
#189=CARTESIAN_POINT('',(-48.375,42.191766358,4.886691565));
#190=VERTEX_POINT('',#189);
#191=CARTESIAN_POINT('',(-49.69298115,42.191766358,4.886691565));
#192=DIRECTION('',(1.,-0.,0.));
#193=VECTOR('',#192,1.31798115);
#194=LINE('',#191,#193);
#195=EDGE_CURVE('',#182,#190,#194,.T.);
#196=ORIENTED_EDGE('',*,*,#195,.T.);
#197=CARTESIAN_POINT('',(-48.375,45.625001494,4.886691565));
#198=VERTEX_POINT('',#197);
#199=CARTESIAN_POINT('',(-48.375,45.625001494,4.886691565));
#200=DIRECTION('',(0.,-1.,0.));
#201=VECTOR('',#200,3.433235136);
#202=LINE('',#199,#201);
#203=EDGE_CURVE('',#198,#190,#202,.T.);
#204=ORIENTED_EDGE('',*,*,#203,.F.);
#205=CARTESIAN_POINT('',(-45.625001494,48.375,4.886691565));
#206=VERTEX_POINT('',#205);
#207=CARTESIAN_POINT('',(-45.625001494,45.625001494,4.886691565));
#208=DIRECTION('',(0.,0.,1.));
#209=DIRECTION('',(1.,0.,-0.));
#210=AXIS2_PLACEMENT_3D('',#207,#208,#209);
#211=CIRCLE('',#210,2.749998506);
#212=EDGE_CURVE('',#206,#198,#211,.T.);
#213=ORIENTED_EDGE('',*,*,#212,.F.);
#214=CARTESIAN_POINT('',(-23.4,48.375,4.886691565));
#215=VERTEX_POINT('',#214);
#216=CARTESIAN_POINT('',(-23.4,48.375,4.886691565));
#217=DIRECTION('',(-1.,0.,0.));
#218=VECTOR('',#217,22.225001494);
#219=LINE('',#216,#218);
#220=EDGE_CURVE('',#215,#206,#219,.T.);
#221=ORIENTED_EDGE('',*,*,#220,.F.);
#222=CARTESIAN_POINT('',(-23.4,49.624281805,4.886691565));
#223=VERTEX_POINT('',#222);
#224=CARTESIAN_POINT('',(-23.4,49.624281805,4.886691565));
#225=DIRECTION('',(0.,-1.,0.));
#226=VECTOR('',#225,1.249281805);
#227=LINE('',#224,#226);
#228=EDGE_CURVE('',#223,#215,#227,.T.);
#229=ORIENTED_EDGE('',*,*,#228,.F.);
#230=CARTESIAN_POINT('',(-23.9,50.124281805,4.886691565));
#231=VERTEX_POINT('',#230);
#232=CARTESIAN_POINT('',(-23.9,49.624281805,4.886691565));
#233=DIRECTION('',(0.,0.,1.));
#234=DIRECTION('',(1.,0.,-0.));
#235=AXIS2_PLACEMENT_3D('',#232,#233,#234);
#236=CIRCLE('',#235,0.5);
#237=EDGE_CURVE('',#223,#231,#236,.T.);
#238=ORIENTED_EDGE('',*,*,#237,.T.);
#239=CARTESIAN_POINT('',(-27.9,50.124281805,4.886691565));
#240=VERTEX_POINT('',#239);
#241=CARTESIAN_POINT('',(-27.9,50.124281805,4.886691565));
#242=DIRECTION('',(1.,0.,0.));
#243=VECTOR('',#242,4.);
#244=LINE('',#241,#243);
#245=EDGE_CURVE('',#240,#231,#244,.T.);
#246=ORIENTED_EDGE('',*,*,#245,.F.);
#247=CARTESIAN_POINT('',(-28.4,50.624281805,4.886691565));
#248=VERTEX_POINT('',#247);
#249=CARTESIAN_POINT('',(-27.9,50.624281805,4.886691565));
#250=DIRECTION('',(-0.,-0.,-1.));
#251=DIRECTION('',(1.,0.,-0.));
#252=AXIS2_PLACEMENT_3D('',#249,#250,#251);
#253=CIRCLE('',#252,0.5);
#254=EDGE_CURVE('',#240,#248,#253,.T.);
#255=ORIENTED_EDGE('',*,*,#254,.T.);
#256=CARTESIAN_POINT('',(-28.4,52.024281805,4.886691565));
#257=VERTEX_POINT('',#256);
#258=CARTESIAN_POINT('',(-28.4,52.024281805,4.886691565));
#259=DIRECTION('',(0.,-1.,0.));
#260=VECTOR('',#259,1.4);
#261=LINE('',#258,#260);
#262=EDGE_CURVE('',#257,#248,#261,.T.);
#263=ORIENTED_EDGE('',*,*,#262,.F.);
#264=CARTESIAN_POINT('',(-27.9,52.524281805,4.886691565));
#265=VERTEX_POINT('',#264);
#266=CARTESIAN_POINT('',(-27.9,52.024281805,4.886691565));
#267=DIRECTION('',(-0.,-0.,-1.));
#268=DIRECTION('',(1.,0.,-0.));
#269=AXIS2_PLACEMENT_3D('',#266,#267,#268);
#270=CIRCLE('',#269,0.5);
#271=EDGE_CURVE('',#257,#265,#270,.T.);
#272=ORIENTED_EDGE('',*,*,#271,.T.);
#273=CARTESIAN_POINT('',(-22.9,52.524281805,4.886691565));
#274=VERTEX_POINT('',#273);
#275=CARTESIAN_POINT('',(-27.9,52.524281805,4.886691565));
#276=DIRECTION('',(1.,0.,0.));
#277=VECTOR('',#276,5.);
#278=LINE('',#275,#277);
#279=EDGE_CURVE('',#265,#274,#278,.T.);
#280=ORIENTED_EDGE('',*,*,#279,.T.);
#281=CARTESIAN_POINT('',(-22.4,53.024281805,4.886691565));
#282=VERTEX_POINT('',#281);
#283=CARTESIAN_POINT('',(-22.9,53.024281805,4.886691565));
#284=DIRECTION('',(0.,0.,1.));
#285=DIRECTION('',(1.,0.,-0.));
#286=AXIS2_PLACEMENT_3D('',#283,#284,#285);
#287=CIRCLE('',#286,0.5);
#288=EDGE_CURVE('',#274,#282,#287,.T.);
#289=ORIENTED_EDGE('',*,*,#288,.T.);
#290=CARTESIAN_POINT('',(-22.4,54.395,4.886691565));
#291=DIRECTION('',(0.,-1.,0.));
#292=VECTOR('',#291,1.370718195);
#293=LINE('',#290,#292);
#294=EDGE_CURVE('',#141,#282,#293,.T.);
#295=ORIENTED_EDGE('',*,*,#294,.F.);
#296=EDGE_LOOP('',(#147,#156,#164,#171,#172,#180,#188,#196,#204,#213,#221,#229,#238,#246,#255,#263,#272,#280,#289,#295));
#297=FACE_BOUND('',#296,.T.);
#298=CARTESIAN_POINT('',(-49.501385654,51.385069313,4.886691565));
#299=VERTEX_POINT('',#298);
#300=CARTESIAN_POINT('',(-49.501385654,50.135069313,4.886691565));
#301=DIRECTION('',(0.,0.,-1.));
#302=DIRECTION('',(0.,1.,0.));
#303=AXIS2_PLACEMENT_3D('',#300,#301,#302);
#304=CIRCLE('',#303,1.25);
#305=EDGE_CURVE('',#299,#299,#304,.T.);
#306=ORIENTED_EDGE('',*,*,#305,.T.);
#307=EDGE_LOOP('',(#306));
#308=FACE_BOUND('',#307,.T.);
#309=ADVANCED_FACE('',(#297,#308),#137,.T.);
#310=CARTESIAN_POINT('',(-104.25,85.2,4.886691565));
#311=DIRECTION('',(0.,0.,1.));
#312=DIRECTION('',(1.,0.,0.));
#313=AXIS2_PLACEMENT_3D('',#310,#311,#312);
#314=PLANE('',#313);
#315=CARTESIAN_POINT('',(47.895,-54.395,4.886691565));
#316=VERTEX_POINT('',#315);
#317=CARTESIAN_POINT('',(-47.895,-54.395,4.886691565));
#318=VERTEX_POINT('',#317);
#319=CARTESIAN_POINT('',(47.895,-54.395,4.886691565));
#320=DIRECTION('',(-1.,0.,0.));
#321=VECTOR('',#320,95.79);
#322=LINE('',#319,#321);
#323=EDGE_CURVE('',#316,#318,#322,.T.);
#324=ORIENTED_EDGE('',*,*,#323,.F.);
#325=CARTESIAN_POINT('',(54.395,-47.895,4.886691565));
#326=VERTEX_POINT('',#325);
#327=CARTESIAN_POINT('',(47.895,-47.895,4.886691565));
#328=DIRECTION('',(0.,0.,1.));
#329=DIRECTION('',(1.,0.,-0.));
#330=AXIS2_PLACEMENT_3D('',#327,#328,#329);
#331=CIRCLE('',#330,6.5);
#332=EDGE_CURVE('',#316,#326,#331,.T.);
#333=ORIENTED_EDGE('',*,*,#332,.T.);
#334=CARTESIAN_POINT('',(54.395,47.895,4.886691565));
#335=VERTEX_POINT('',#334);
#336=CARTESIAN_POINT('',(54.395,47.895,4.886691565));
#337=DIRECTION('',(0.,-1.,0.));
#338=VECTOR('',#337,95.79);
#339=LINE('',#336,#338);
#340=EDGE_CURVE('',#335,#326,#339,.T.);
#341=ORIENTED_EDGE('',*,*,#340,.F.);
#342=CARTESIAN_POINT('',(47.895,54.395,4.886691565));
#343=VERTEX_POINT('',#342);
#344=CARTESIAN_POINT('',(47.895,47.895,4.886691565));
#345=DIRECTION('',(0.,0.,1.));
#346=DIRECTION('',(1.,0.,-0.));
#347=AXIS2_PLACEMENT_3D('',#344,#345,#346);
#348=CIRCLE('',#347,6.5);
#349=EDGE_CURVE('',#335,#343,#348,.T.);
#350=ORIENTED_EDGE('',*,*,#349,.T.);
#351=CARTESIAN_POINT('',(-15.7,54.395,4.886691565));
#352=VERTEX_POINT('',#351);
#353=CARTESIAN_POINT('',(-15.7,54.395,4.886691565));
#354=DIRECTION('',(1.,0.,-0.));
#355=VECTOR('',#354,63.595);
#356=LINE('',#353,#355);
#357=EDGE_CURVE('',#352,#343,#356,.T.);
#358=ORIENTED_EDGE('',*,*,#357,.F.);
#359=CARTESIAN_POINT('',(-15.7,53.024281805,4.886691565));
#360=VERTEX_POINT('',#359);
#361=CARTESIAN_POINT('',(-15.7,54.395,4.886691565));
#362=DIRECTION('',(0.,-1.,0.));
#363=VECTOR('',#362,1.370718195);
#364=LINE('',#361,#363);
#365=EDGE_CURVE('',#352,#360,#364,.T.);
#366=ORIENTED_EDGE('',*,*,#365,.T.);
#367=CARTESIAN_POINT('',(-15.2,52.524281805,4.886691565));
#368=VERTEX_POINT('',#367);
#369=CARTESIAN_POINT('',(-15.2,53.024281805,4.886691565));
#370=DIRECTION('',(0.,0.,1.));
#371=DIRECTION('',(1.,0.,-0.));
#372=AXIS2_PLACEMENT_3D('',#369,#370,#371);
#373=CIRCLE('',#372,0.5);
#374=EDGE_CURVE('',#360,#368,#373,.T.);
#375=ORIENTED_EDGE('',*,*,#374,.T.);
#376=CARTESIAN_POINT('',(-10.2,52.524281805,4.886691565));
#377=VERTEX_POINT('',#376);
#378=CARTESIAN_POINT('',(-15.2,52.524281805,4.886691565));
#379=DIRECTION('',(1.,0.,0.));
#380=VECTOR('',#379,5.);
#381=LINE('',#378,#380);
#382=EDGE_CURVE('',#368,#377,#381,.T.);
#383=ORIENTED_EDGE('',*,*,#382,.T.);
#384=CARTESIAN_POINT('',(-9.7,52.024281805,4.886691565));
#385=VERTEX_POINT('',#384);
#386=CARTESIAN_POINT('',(-10.2,52.024281805,4.886691565));
#387=DIRECTION('',(-0.,-0.,-1.));
#388=DIRECTION('',(1.,0.,-0.));
#389=AXIS2_PLACEMENT_3D('',#386,#387,#388);
#390=CIRCLE('',#389,0.5);
#391=EDGE_CURVE('',#377,#385,#390,.T.);
#392=ORIENTED_EDGE('',*,*,#391,.T.);
#393=CARTESIAN_POINT('',(-9.7,50.624281805,4.886691565));
#394=VERTEX_POINT('',#393);
#395=CARTESIAN_POINT('',(-9.7,52.024281805,4.886691565));
#396=DIRECTION('',(0.,-1.,0.));
#397=VECTOR('',#396,1.4);
#398=LINE('',#395,#397);
#399=EDGE_CURVE('',#385,#394,#398,.T.);
#400=ORIENTED_EDGE('',*,*,#399,.T.);
#401=CARTESIAN_POINT('',(-10.2,50.124281805,4.886691565));
#402=VERTEX_POINT('',#401);
#403=CARTESIAN_POINT('',(-10.2,50.624281805,4.886691565));
#404=DIRECTION('',(-0.,-0.,-1.));
#405=DIRECTION('',(1.,0.,-0.));
#406=AXIS2_PLACEMENT_3D('',#403,#404,#405);
#407=CIRCLE('',#406,0.5);
#408=EDGE_CURVE('',#394,#402,#407,.T.);
#409=ORIENTED_EDGE('',*,*,#408,.T.);
#410=CARTESIAN_POINT('',(-14.2,50.124281805,4.886691565));
#411=VERTEX_POINT('',#410);
#412=CARTESIAN_POINT('',(-14.2,50.124281805,4.886691565));
#413=DIRECTION('',(1.,0.,0.));
#414=VECTOR('',#413,4.);
#415=LINE('',#412,#414);
#416=EDGE_CURVE('',#411,#402,#415,.T.);
#417=ORIENTED_EDGE('',*,*,#416,.F.);
#418=CARTESIAN_POINT('',(-14.7,49.624281805,4.886691565));
#419=VERTEX_POINT('',#418);
#420=CARTESIAN_POINT('',(-14.2,49.624281805,4.886691565));
#421=DIRECTION('',(0.,0.,1.));
#422=DIRECTION('',(1.,0.,-0.));
#423=AXIS2_PLACEMENT_3D('',#420,#421,#422);
#424=CIRCLE('',#423,0.5);
#425=EDGE_CURVE('',#411,#419,#424,.T.);
#426=ORIENTED_EDGE('',*,*,#425,.T.);
#427=CARTESIAN_POINT('',(-14.7,48.375,4.886691565));
#428=VERTEX_POINT('',#427);
#429=CARTESIAN_POINT('',(-14.7,49.624281805,4.886691565));
#430=DIRECTION('',(0.,-1.,0.));
#431=VECTOR('',#430,1.249281805);
#432=LINE('',#429,#431);
#433=EDGE_CURVE('',#419,#428,#432,.T.);
#434=ORIENTED_EDGE('',*,*,#433,.T.);
#435=CARTESIAN_POINT('',(45.625001494,48.375,4.886691565));
#436=VERTEX_POINT('',#435);
#437=CARTESIAN_POINT('',(45.625001494,48.375,4.886691565));
#438=DIRECTION('',(-1.,0.,0.));
#439=VECTOR('',#438,60.325001494);
#440=LINE('',#437,#439);
#441=EDGE_CURVE('',#436,#428,#440,.T.);
#442=ORIENTED_EDGE('',*,*,#441,.F.);
#443=CARTESIAN_POINT('',(48.375,45.625001494,4.886691565));
#444=VERTEX_POINT('',#443);
#445=CARTESIAN_POINT('',(45.625001494,45.625001494,4.886691565));
#446=DIRECTION('',(0.,0.,1.));
#447=DIRECTION('',(1.,0.,-0.));
#448=AXIS2_PLACEMENT_3D('',#445,#446,#447);
#449=CIRCLE('',#448,2.749998506);
#450=EDGE_CURVE('',#444,#436,#449,.T.);
#451=ORIENTED_EDGE('',*,*,#450,.F.);
#452=CARTESIAN_POINT('',(48.375,-45.625001494,4.886691565));
#453=VERTEX_POINT('',#452);
#454=CARTESIAN_POINT('',(48.375,-45.625001494,4.886691565));
#455=DIRECTION('',(0.,1.,0.));
#456=VECTOR('',#455,91.250002988);
#457=LINE('',#454,#456);
#458=EDGE_CURVE('',#453,#444,#457,.T.);
#459=ORIENTED_EDGE('',*,*,#458,.F.);
#460=CARTESIAN_POINT('',(45.625001494,-48.375,4.886691565));
#461=VERTEX_POINT('',#460);
#462=CARTESIAN_POINT('',(45.625001494,-45.625001494,4.886691565));
#463=DIRECTION('',(0.,0.,1.));
#464=DIRECTION('',(1.,0.,-0.));
#465=AXIS2_PLACEMENT_3D('',#462,#463,#464);
#466=CIRCLE('',#465,2.749998506);
#467=EDGE_CURVE('',#461,#453,#466,.T.);
#468=ORIENTED_EDGE('',*,*,#467,.F.);
#469=CARTESIAN_POINT('',(-45.625001494,-48.375,4.886691565));
#470=VERTEX_POINT('',#469);
#471=CARTESIAN_POINT('',(-45.625001494,-48.375,4.886691565));
#472=DIRECTION('',(1.,0.,-0.));
#473=VECTOR('',#472,91.250002988);
#474=LINE('',#471,#473);
#475=EDGE_CURVE('',#470,#461,#474,.T.);
#476=ORIENTED_EDGE('',*,*,#475,.F.);
#477=CARTESIAN_POINT('',(-48.375,-45.625001494,4.886691565));
#478=VERTEX_POINT('',#477);
#479=CARTESIAN_POINT('',(-45.625001494,-45.625001494,4.886691565));
#480=DIRECTION('',(0.,0.,1.));
#481=DIRECTION('',(1.,0.,-0.));
#482=AXIS2_PLACEMENT_3D('',#479,#480,#481);
#483=CIRCLE('',#482,2.749998506);
#484=EDGE_CURVE('',#478,#470,#483,.T.);
#485=ORIENTED_EDGE('',*,*,#484,.F.);
#486=CARTESIAN_POINT('',(-48.375,33.999881659,4.886691565));
#487=VERTEX_POINT('',#486);
#488=CARTESIAN_POINT('',(-48.375,33.999881659,4.886691565));
#489=DIRECTION('',(0.,-1.,0.));
#490=VECTOR('',#489,79.624883153);
#491=LINE('',#488,#490);
#492=EDGE_CURVE('',#487,#478,#491,.T.);
#493=ORIENTED_EDGE('',*,*,#492,.F.);
#494=CARTESIAN_POINT('',(-49.69298115,33.999881659,4.886691565));
#495=VERTEX_POINT('',#494);
#496=CARTESIAN_POINT('',(-48.375,33.999881659,4.886691565));
#497=DIRECTION('',(-1.,-0.,-0.));
#498=VECTOR('',#497,1.31798115);
#499=LINE('',#496,#498);
#500=EDGE_CURVE('',#487,#495,#499,.T.);
#501=ORIENTED_EDGE('',*,*,#500,.T.);
#502=CARTESIAN_POINT('',(-50.19298115,33.212022399,4.886691565));
#503=VERTEX_POINT('',#502);
#504=CARTESIAN_POINT('',(-49.693151865,34.000108724,4.886691565));
#505=CARTESIAN_POINT('',(-49.86756539,33.650786674,4.886691565));
#506=CARTESIAN_POINT('',(-50.192867932,33.211938474,4.886691565));
#507=B_SPLINE_CURVE_WITH_KNOTS('',2,(#504,#505,#506),.UNSPECIFIED.,.F.,.F.,(3,3),(0.,1.),.UNSPECIFIED.);
#508=EDGE_CURVE('',#495,#503,#507,.T.);
#509=ORIENTED_EDGE('',*,*,#508,.T.);
#510=CARTESIAN_POINT('',(-50.19298115,30.625888295,4.886691565));
#511=DIRECTION('',(-0.,1.,0.));
#512=VECTOR('',#511,2.586134104);
#513=LINE('',#510,#512);
#514=EDGE_CURVE('',#116,#503,#513,.T.);
#515=ORIENTED_EDGE('',*,*,#514,.F.);
#516=ORIENTED_EDGE('',*,*,#121,.T.);
#517=CARTESIAN_POINT('',(-54.395,29.625864918,4.886691565));
#518=VERTEX_POINT('',#517);
#519=CARTESIAN_POINT('',(-54.395,29.625864918,4.886691565));
#520=CARTESIAN_POINT('',(-54.061665256,29.959204633,4.886691565));
#521=CARTESIAN_POINT('',(-53.728331107,30.292544943,4.886691565));
#522=CARTESIAN_POINT('',(-53.395,30.625888295,4.886691565));
#523=B_SPLINE_CURVE_WITH_KNOTS('',3,(#519,#520,#521,#522),.UNSPECIFIED.,.F.,.F.,(4,4),(0.00000099,0.00141522),.UNSPECIFIED.);
#524=EDGE_CURVE('',#518,#107,#523,.T.);
#525=ORIENTED_EDGE('',*,*,#524,.F.);
#526=CARTESIAN_POINT('',(-54.395,-47.895,4.886691565));
#527=VERTEX_POINT('',#526);
#528=CARTESIAN_POINT('',(-54.395,-47.895,4.886691565));
#529=DIRECTION('',(0.,1.,0.));
#530=VECTOR('',#529,77.520864918);
#531=LINE('',#528,#530);
#532=EDGE_CURVE('',#527,#518,#531,.T.);
#533=ORIENTED_EDGE('',*,*,#532,.F.);
#534=CARTESIAN_POINT('',(-47.895,-47.895,4.886691565));
#535=DIRECTION('',(0.,0.,1.));
#536=DIRECTION('',(1.,0.,-0.));
#537=AXIS2_PLACEMENT_3D('',#534,#535,#536);
#538=CIRCLE('',#537,6.5);
#539=EDGE_CURVE('',#527,#318,#538,.T.);
#540=ORIENTED_EDGE('',*,*,#539,.T.);
#541=EDGE_LOOP('',(#324,#333,#341,#350,#358,#366,#375,#383,#392,#400,#409,#417,#426,#434,#442,#451,#459,#468,#476,#485,#493,#501,#509,#515,#516,#525,
#533,#540));
#542=FACE_BOUND('',#541,.T.);
#543=CARTESIAN_POINT('',(-49.630280621,-48.591795844,4.886691565));
#544=VERTEX_POINT('',#543);
#545=CARTESIAN_POINT('',(-49.826327437,-49.82632638,4.886691565));
#546=DIRECTION('',(0.,0.,-1.));
#547=DIRECTION('',(0.156837453,0.987624429,0.));
#548=AXIS2_PLACEMENT_3D('',#545,#546,#547);
#549=CIRCLE('',#548,1.25);
#550=EDGE_CURVE('',#544,#544,#549,.T.);
#551=ORIENTED_EDGE('',*,*,#550,.T.);
#552=EDGE_LOOP('',(#551));
#553=FACE_BOUND('',#552,.T.);
#554=CARTESIAN_POINT('',(50.744476962,50.67456065,4.886691565));
#555=VERTEX_POINT('',#554);
#556=CARTESIAN_POINT('',(49.826326909,49.826326909,4.886691565));
#557=DIRECTION('',(0.,0.,-1.));
#558=DIRECTION('',(0.734520043,0.678586993,0.));
#559=AXIS2_PLACEMENT_3D('',#556,#557,#558);
#560=CIRCLE('',#559,1.25);
#561=EDGE_CURVE('',#555,#555,#560,.T.);
#562=ORIENTED_EDGE('',*,*,#561,.T.);
#563=EDGE_LOOP('',(#562));
#564=FACE_BOUND('',#563,.T.);
#565=CARTESIAN_POINT('',(49.826326971,-48.576326847,4.886691565));
#566=VERTEX_POINT('',#565);
#567=CARTESIAN_POINT('',(49.826326971,-49.826326847,4.886691565));
#568=DIRECTION('',(0.,0.,-1.));
#569=DIRECTION('',(0.,1.,0.));
#570=AXIS2_PLACEMENT_3D('',#567,#568,#569);
#571=CIRCLE('',#570,1.25);
#572=EDGE_CURVE('',#566,#566,#571,.T.);
#573=ORIENTED_EDGE('',*,*,#572,.T.);
#574=EDGE_LOOP('',(#573));
#575=FACE_BOUND('',#574,.T.);
#576=ADVANCED_FACE('',(#542,#553,#564,#575),#314,.T.);
#577=CARTESIAN_POINT('',(-54.395,-45.625,-1.313308435));
#578=DIRECTION('',(-1.,0.,0.));
#579=DIRECTION('',(0.,1.,0.));
#580=AXIS2_PLACEMENT_3D('',#577,#578,#579);
#581=PLANE('',#580);
#582=CARTESIAN_POINT('',(-54.395,47.895,-10.400048927));
#583=VERTEX_POINT('',#582);
#584=CARTESIAN_POINT('',(-54.395,47.895,4.886691565));
#585=DIRECTION('',(-0.,-0.,-1.));
#586=VECTOR('',#585,15.286740492);
#587=LINE('',#584,#586);
#588=EDGE_CURVE('',#149,#583,#587,.T.);
#589=ORIENTED_EDGE('',*,*,#588,.T.);
#590=CARTESIAN_POINT('',(-54.395,-47.895,-2.019509848));
#591=VERTEX_POINT('',#590);
#592=CARTESIAN_POINT('',(-54.395,47.895,-10.400048927));
#593=DIRECTION('',(0.,-0.996194698,0.087155743));
#594=VECTOR('',#593,96.155902238);
#595=LINE('',#592,#594);
#596=EDGE_CURVE('',#583,#591,#595,.T.);
#597=ORIENTED_EDGE('',*,*,#596,.T.);
#598=CARTESIAN_POINT('',(-54.395,-47.895,-2.019509848));
#599=DIRECTION('',(0.,0.,1.));
#600=VECTOR('',#599,6.906201413);
#601=LINE('',#598,#600);
#602=EDGE_CURVE('',#591,#527,#601,.T.);
#603=ORIENTED_EDGE('',*,*,#602,.T.);
#604=ORIENTED_EDGE('',*,*,#532,.T.);
#605=CARTESIAN_POINT('',(-54.395,32.375824008,2.151691565));
#606=VERTEX_POINT('',#605);
#607=CARTESIAN_POINT('',(-54.395,32.375824008,4.901691565));
#608=DIRECTION('',(-1.,0.,0.));
#609=DIRECTION('',(0.,0.,1.));
#610=AXIS2_PLACEMENT_3D('',#607,#608,#609);
#611=CIRCLE('',#610,2.75);
#612=EDGE_CURVE('',#606,#518,#611,.T.);
#613=ORIENTED_EDGE('',*,*,#612,.F.);
#614=CARTESIAN_POINT('',(-54.395,43.815824008,2.151691565));
#615=VERTEX_POINT('',#614);
#616=CARTESIAN_POINT('',(-54.395,43.815824008,2.151691565));
#617=DIRECTION('',(-0.,-1.,0.));
#618=VECTOR('',#617,11.44);
#619=LINE('',#616,#618);
#620=EDGE_CURVE('',#615,#606,#619,.T.);
#621=ORIENTED_EDGE('',*,*,#620,.F.);
#622=CARTESIAN_POINT('',(-54.395,43.815824008,4.901691565));
#623=DIRECTION('',(-1.,0.,0.));
#624=DIRECTION('',(0.,0.,1.));
#625=AXIS2_PLACEMENT_3D('',#622,#623,#624);
#626=CIRCLE('',#625,2.75);
#627=EDGE_CURVE('',#158,#615,#626,.T.);
#628=ORIENTED_EDGE('',*,*,#627,.F.);
#629=ORIENTED_EDGE('',*,*,#163,.F.);
#630=EDGE_LOOP('',(#589,#597,#603,#604,#613,#621,#628,#629));
#631=FACE_BOUND('',#630,.T.);
#632=ADVANCED_FACE('',(#631),#581,.T.);
#633=CARTESIAN_POINT('',(-45.625,48.375,1.686691565));
#634=DIRECTION('',(0.,1.,0.));
#635=DIRECTION('',(1.,0.,0.));
#636=AXIS2_PLACEMENT_3D('',#633,#634,#635);
#637=PLANE('',#636);
#638=CARTESIAN_POINT('',(-14.7,48.375,1.136691565));
#639=VERTEX_POINT('',#638);
#640=CARTESIAN_POINT('',(-14.7,48.375,4.886691565));
#641=DIRECTION('',(0.,0.,-1.));
#642=VECTOR('',#641,3.75);
#643=LINE('',#640,#642);
#644=EDGE_CURVE('',#428,#639,#643,.T.);
#645=ORIENTED_EDGE('',*,*,#644,.T.);
#646=CARTESIAN_POINT('',(-23.4,48.375,1.136691565));
#647=VERTEX_POINT('',#646);
#648=CARTESIAN_POINT('',(-14.7,48.375,1.136691565));
#649=DIRECTION('',(-1.,0.,0.));
#650=VECTOR('',#649,8.7);
#651=LINE('',#648,#650);
#652=EDGE_CURVE('',#639,#647,#651,.T.);
#653=ORIENTED_EDGE('',*,*,#652,.T.);
#654=CARTESIAN_POINT('',(-23.4,48.375,1.136691565));
#655=DIRECTION('',(0.,0.,1.));
#656=VECTOR('',#655,3.75);
#657=LINE('',#654,#656);
#658=EDGE_CURVE('',#647,#215,#657,.T.);
#659=ORIENTED_EDGE('',*,*,#658,.T.);
#660=ORIENTED_EDGE('',*,*,#220,.T.);
#661=CARTESIAN_POINT('',(-45.62499944,48.375,-5.698308435));
#662=VERTEX_POINT('',#661);
#663=CARTESIAN_POINT('',(-45.625001494,48.375,-5.698308435));
#664=DIRECTION('',(-0.,-0.,1.));
#665=VECTOR('',#664,10.585);
#666=LINE('',#663,#665);
#667=EDGE_CURVE('',#662,#206,#666,.T.);
#668=ORIENTED_EDGE('',*,*,#667,.F.);
#669=CARTESIAN_POINT('',(45.625,48.375,-5.698308435));
#670=VERTEX_POINT('',#669);
#671=CARTESIAN_POINT('',(-45.62499944,48.375,-5.698308435));
#672=DIRECTION('',(1.,0.,-0.));
#673=VECTOR('',#672,91.24999944);
#674=LINE('',#671,#673);
#675=EDGE_CURVE('',#662,#670,#674,.T.);
#676=ORIENTED_EDGE('',*,*,#675,.T.);
#677=CARTESIAN_POINT('',(45.625001494,48.375,-5.698308435));
#678=DIRECTION('',(-0.,-0.,1.));
#679=VECTOR('',#678,10.585);
#680=LINE('',#677,#679);
#681=EDGE_CURVE('',#670,#436,#680,.T.);
#682=ORIENTED_EDGE('',*,*,#681,.T.);
#683=ORIENTED_EDGE('',*,*,#441,.T.);
#684=EDGE_LOOP('',(#645,#653,#659,#660,#668,#676,#682,#683));
#685=FACE_BOUND('',#684,.T.);
#686=ADVANCED_FACE('',(#685),#637,.F.);
#687=CARTESIAN_POINT('',(-18.55,52.524281805,2.761691565));
#688=DIRECTION('',(-0.,1.,0.));
#689=DIRECTION('',(0.,0.,-1.));
#690=AXIS2_PLACEMENT_3D('',#687,#688,#689);
#691=PLANE('',#690);
#692=ORIENTED_EDGE('',*,*,#382,.F.);
#693=CARTESIAN_POINT('',(-15.2,52.524281805,1.136691565));
#694=VERTEX_POINT('',#693);
#695=CARTESIAN_POINT('',(-15.2,52.524281805,4.886691565));
#696=DIRECTION('',(-0.,-0.,-1.));
#697=VECTOR('',#696,3.75);
#698=LINE('',#695,#697);
#699=EDGE_CURVE('',#368,#694,#698,.T.);
#700=ORIENTED_EDGE('',*,*,#699,.T.);
#701=CARTESIAN_POINT('',(-10.2,52.524281805,1.136691565));
#702=VERTEX_POINT('',#701);
#703=CARTESIAN_POINT('',(-15.2,52.524281805,1.136691565));
#704=DIRECTION('',(1.,0.,0.));
#705=VECTOR('',#704,5.);
#706=LINE('',#703,#705);
#707=EDGE_CURVE('',#694,#702,#706,.T.);
#708=ORIENTED_EDGE('',*,*,#707,.T.);
#709=CARTESIAN_POINT('',(-10.2,52.524281805,1.136691565));
#710=DIRECTION('',(0.,0.,1.));
#711=VECTOR('',#710,3.75);
#712=LINE('',#709,#711);
#713=EDGE_CURVE('',#702,#377,#712,.T.);
#714=ORIENTED_EDGE('',*,*,#713,.T.);
#715=EDGE_LOOP('',(#692,#700,#708,#714));
#716=FACE_BOUND('',#715,.T.);
#717=ADVANCED_FACE('',(#716),#691,.F.);
#718=CARTESIAN_POINT('',(-18.55,50.124281805,2.761691565));
#719=DIRECTION('',(-0.,1.,0.));
#720=DIRECTION('',(0.,0.,-1.));
#721=AXIS2_PLACEMENT_3D('',#718,#719,#720);
#722=PLANE('',#721);
#723=ORIENTED_EDGE('',*,*,#416,.T.);
#724=CARTESIAN_POINT('',(-10.2,50.124281805,1.136691565));
#725=VERTEX_POINT('',#724);
#726=CARTESIAN_POINT('',(-10.2,50.124281805,4.886691565));
#727=DIRECTION('',(-0.,-0.,-1.));
#728=VECTOR('',#727,3.75);
#729=LINE('',#726,#728);
#730=EDGE_CURVE('',#402,#725,#729,.T.);
#731=ORIENTED_EDGE('',*,*,#730,.T.);
#732=CARTESIAN_POINT('',(-14.2,50.124281805,1.136691565));
#733=VERTEX_POINT('',#732);
#734=CARTESIAN_POINT('',(-14.2,50.124281805,1.136691565));
#735=DIRECTION('',(1.,0.,0.));
#736=VECTOR('',#735,4.);
#737=LINE('',#734,#736);
#738=EDGE_CURVE('',#733,#725,#737,.T.);
#739=ORIENTED_EDGE('',*,*,#738,.F.);
#740=CARTESIAN_POINT('',(-14.2,50.124281805,1.136691565));
#741=DIRECTION('',(0.,0.,1.));
#742=VECTOR('',#741,3.75);
#743=LINE('',#740,#742);
#744=EDGE_CURVE('',#733,#411,#743,.T.);
#745=ORIENTED_EDGE('',*,*,#744,.T.);
#746=EDGE_LOOP('',(#723,#731,#739,#745));
#747=FACE_BOUND('',#746,.T.);
#748=ADVANCED_FACE('',(#747),#722,.T.);
#749=CARTESIAN_POINT('',(-104.25,85.2,1.136691565));
#750=DIRECTION('',(0.,0.,1.));
#751=DIRECTION('',(1.,0.,0.));
#752=AXIS2_PLACEMENT_3D('',#749,#750,#751);
#753=PLANE('',#752);
#754=CARTESIAN_POINT('',(-27.9,52.524281805,1.136691565));
#755=VERTEX_POINT('',#754);
#756=CARTESIAN_POINT('',(-22.9,52.524281805,1.136691565));
#757=VERTEX_POINT('',#756);
#758=CARTESIAN_POINT('',(-27.9,52.524281805,1.136691565));
#759=DIRECTION('',(1.,0.,0.));
#760=VECTOR('',#759,5.);
#761=LINE('',#758,#760);
#762=EDGE_CURVE('',#755,#757,#761,.T.);
#763=ORIENTED_EDGE('',*,*,#762,.F.);
#764=CARTESIAN_POINT('',(-28.4,52.024281805,1.136691565));
#765=VERTEX_POINT('',#764);
#766=CARTESIAN_POINT('',(-27.9,52.024281805,1.136691565));
#767=DIRECTION('',(0.,0.,1.));
#768=DIRECTION('',(1.,0.,-0.));
#769=AXIS2_PLACEMENT_3D('',#766,#767,#768);
#770=CIRCLE('',#769,0.5);
#771=EDGE_CURVE('',#755,#765,#770,.T.);
#772=ORIENTED_EDGE('',*,*,#771,.T.);
#773=CARTESIAN_POINT('',(-28.4,50.624281805,1.136691565));
#774=VERTEX_POINT('',#773);
#775=CARTESIAN_POINT('',(-28.4,52.024281805,1.136691565));
#776=DIRECTION('',(0.,-1.,0.));
#777=VECTOR('',#776,1.4);
#778=LINE('',#775,#777);
#779=EDGE_CURVE('',#765,#774,#778,.T.);
#780=ORIENTED_EDGE('',*,*,#779,.T.);
#781=CARTESIAN_POINT('',(-27.9,50.124281805,1.136691565));
#782=VERTEX_POINT('',#781);
#783=CARTESIAN_POINT('',(-27.9,50.624281805,1.136691565));
#784=DIRECTION('',(0.,0.,1.));
#785=DIRECTION('',(1.,0.,-0.));
#786=AXIS2_PLACEMENT_3D('',#783,#784,#785);
#787=CIRCLE('',#786,0.5);
#788=EDGE_CURVE('',#774,#782,#787,.T.);
#789=ORIENTED_EDGE('',*,*,#788,.T.);
#790=CARTESIAN_POINT('',(-23.9,50.124281805,1.136691565));
#791=VERTEX_POINT('',#790);
#792=CARTESIAN_POINT('',(-27.9,50.124281805,1.136691565));
#793=DIRECTION('',(1.,0.,0.));
#794=VECTOR('',#793,4.);
#795=LINE('',#792,#794);
#796=EDGE_CURVE('',#782,#791,#795,.T.);
#797=ORIENTED_EDGE('',*,*,#796,.T.);
#798=CARTESIAN_POINT('',(-23.4,49.624281805,1.136691565));
#799=VERTEX_POINT('',#798);
#800=CARTESIAN_POINT('',(-23.9,49.624281805,1.136691565));
#801=DIRECTION('',(-0.,-0.,-1.));
#802=DIRECTION('',(1.,0.,-0.));
#803=AXIS2_PLACEMENT_3D('',#800,#801,#802);
#804=CIRCLE('',#803,0.5);
#805=EDGE_CURVE('',#791,#799,#804,.T.);
#806=ORIENTED_EDGE('',*,*,#805,.T.);
#807=CARTESIAN_POINT('',(-23.4,49.624281805,1.136691565));
#808=DIRECTION('',(0.,-1.,0.));
#809=VECTOR('',#808,1.249281805);
#810=LINE('',#807,#809);
#811=EDGE_CURVE('',#799,#647,#810,.T.);
#812=ORIENTED_EDGE('',*,*,#811,.T.);
#813=ORIENTED_EDGE('',*,*,#652,.F.);
#814=CARTESIAN_POINT('',(-14.7,49.624281805,1.136691565));
#815=VERTEX_POINT('',#814);
#816=CARTESIAN_POINT('',(-14.7,49.624281805,1.136691565));
#817=DIRECTION('',(0.,-1.,0.));
#818=VECTOR('',#817,1.249281805);
#819=LINE('',#816,#818);
#820=EDGE_CURVE('',#815,#639,#819,.T.);
#821=ORIENTED_EDGE('',*,*,#820,.F.);
#822=CARTESIAN_POINT('',(-14.2,49.624281805,1.136691565));
#823=DIRECTION('',(-0.,-0.,-1.));
#824=DIRECTION('',(1.,0.,-0.));
#825=AXIS2_PLACEMENT_3D('',#822,#823,#824);
#826=CIRCLE('',#825,0.5);
#827=EDGE_CURVE('',#815,#733,#826,.T.);
#828=ORIENTED_EDGE('',*,*,#827,.T.);
#829=ORIENTED_EDGE('',*,*,#738,.T.);
#830=CARTESIAN_POINT('',(-9.7,50.624281805,1.136691565));
#831=VERTEX_POINT('',#830);
#832=CARTESIAN_POINT('',(-10.2,50.624281805,1.136691565));
#833=DIRECTION('',(0.,0.,1.));
#834=DIRECTION('',(1.,0.,-0.));
#835=AXIS2_PLACEMENT_3D('',#832,#833,#834);
#836=CIRCLE('',#835,0.5);
#837=EDGE_CURVE('',#725,#831,#836,.T.);
#838=ORIENTED_EDGE('',*,*,#837,.T.);
#839=CARTESIAN_POINT('',(-9.7,52.024281805,1.136691565));
#840=VERTEX_POINT('',#839);
#841=CARTESIAN_POINT('',(-9.7,52.024281805,1.136691565));
#842=DIRECTION('',(0.,-1.,0.));
#843=VECTOR('',#842,1.4);
#844=LINE('',#841,#843);
#845=EDGE_CURVE('',#840,#831,#844,.T.);
#846=ORIENTED_EDGE('',*,*,#845,.F.);
#847=CARTESIAN_POINT('',(-10.2,52.024281805,1.136691565));
#848=DIRECTION('',(0.,0.,1.));
#849=DIRECTION('',(1.,0.,-0.));
#850=AXIS2_PLACEMENT_3D('',#847,#848,#849);
#851=CIRCLE('',#850,0.5);
#852=EDGE_CURVE('',#840,#702,#851,.T.);
#853=ORIENTED_EDGE('',*,*,#852,.T.);
#854=ORIENTED_EDGE('',*,*,#707,.F.);
#855=CARTESIAN_POINT('',(-15.7,53.024281805,1.136691565));
#856=VERTEX_POINT('',#855);
#857=CARTESIAN_POINT('',(-15.2,53.024281805,1.136691565));
#858=DIRECTION('',(-0.,-0.,-1.));
#859=DIRECTION('',(1.,0.,-0.));
#860=AXIS2_PLACEMENT_3D('',#857,#858,#859);
#861=CIRCLE('',#860,0.5);
#862=EDGE_CURVE('',#694,#856,#861,.T.);
#863=ORIENTED_EDGE('',*,*,#862,.T.);
#864=CARTESIAN_POINT('',(-15.7,54.395,1.136691565));
#865=VERTEX_POINT('',#864);
#866=CARTESIAN_POINT('',(-15.7,54.395,1.136691565));
#867=DIRECTION('',(0.,-1.,0.));
#868=VECTOR('',#867,1.370718195);
#869=LINE('',#866,#868);
#870=EDGE_CURVE('',#865,#856,#869,.T.);
#871=ORIENTED_EDGE('',*,*,#870,.F.);
#872=CARTESIAN_POINT('',(-22.4,54.395,1.136691565));
#873=VERTEX_POINT('',#872);
#874=CARTESIAN_POINT('',(-15.7,54.395,1.136691565));
#875=DIRECTION('',(-1.,0.,0.));
#876=VECTOR('',#875,6.7);
#877=LINE('',#874,#876);
#878=EDGE_CURVE('',#865,#873,#877,.T.);
#879=ORIENTED_EDGE('',*,*,#878,.T.);
#880=CARTESIAN_POINT('',(-22.4,53.024281805,1.136691565));
#881=VERTEX_POINT('',#880);
#882=CARTESIAN_POINT('',(-22.4,54.395,1.136691565));
#883=DIRECTION('',(0.,-1.,0.));
#884=VECTOR('',#883,1.370718195);
#885=LINE('',#882,#884);
#886=EDGE_CURVE('',#873,#881,#885,.T.);
#887=ORIENTED_EDGE('',*,*,#886,.T.);
#888=CARTESIAN_POINT('',(-22.9,53.024281805,1.136691565));
#889=DIRECTION('',(-0.,-0.,-1.));
#890=DIRECTION('',(1.,0.,-0.));
#891=AXIS2_PLACEMENT_3D('',#888,#889,#890);
#892=CIRCLE('',#891,0.5);
#893=EDGE_CURVE('',#881,#757,#892,.T.);
#894=ORIENTED_EDGE('',*,*,#893,.T.);
#895=EDGE_LOOP('',(#763,#772,#780,#789,#797,#806,#812,#813,#821,#828,#829,#838,#846,#853,#854,#863,#871,#879,#887,#894));
#896=FACE_BOUND('',#895,.T.);
#897=ADVANCED_FACE('',(#896),#753,.T.);
#898=CARTESIAN_POINT('',(-104.25,85.2,0.186691565));
#899=DIRECTION('',(0.,0.,1.));
#900=DIRECTION('',(1.,0.,0.));
#901=AXIS2_PLACEMENT_3D('',#898,#899,#900);
#902=PLANE('',#901);
#903=CARTESIAN_POINT('',(-25.575,5.775,0.186691565));
#904=VERTEX_POINT('',#903);
#905=CARTESIAN_POINT('',(-33.075,5.775,0.186691565));
#906=VERTEX_POINT('',#905);
#907=CARTESIAN_POINT('',(-25.575,5.775,0.186691565));
#908=DIRECTION('',(-1.,0.,0.));
#909=VECTOR('',#908,7.5);
#910=LINE('',#907,#909);
#911=EDGE_CURVE('',#904,#906,#910,.T.);
#912=ORIENTED_EDGE('',*,*,#911,.T.);
#913=CARTESIAN_POINT('',(-33.075,7.775,0.186691565));
#914=VERTEX_POINT('',#913);
#915=CARTESIAN_POINT('',(-33.075,7.775,0.186691565));
#916=DIRECTION('',(0.,-1.,0.));
#917=VECTOR('',#916,2.);
#918=LINE('',#915,#917);
#919=EDGE_CURVE('',#914,#906,#918,.T.);
#920=ORIENTED_EDGE('',*,*,#919,.F.);
#921=CARTESIAN_POINT('',(-31.575,7.775,0.186691565));
#922=VERTEX_POINT('',#921);
#923=CARTESIAN_POINT('',(-31.575,7.775,0.186691565));
#924=DIRECTION('',(-1.,0.,0.));
#925=VECTOR('',#924,1.5);
#926=LINE('',#923,#925);
#927=EDGE_CURVE('',#922,#914,#926,.T.);
#928=ORIENTED_EDGE('',*,*,#927,.F.);
#929=CARTESIAN_POINT('',(-31.575,13.275,0.186691565));
#930=VERTEX_POINT('',#929);
#931=CARTESIAN_POINT('',(-31.575,7.775,0.186691565));
#932=DIRECTION('',(0.,1.,0.));
#933=VECTOR('',#932,5.5);
#934=LINE('',#931,#933);
#935=EDGE_CURVE('',#922,#930,#934,.T.);
#936=ORIENTED_EDGE('',*,*,#935,.T.);
#937=CARTESIAN_POINT('',(-25.575,13.275,0.186691565));
#938=VERTEX_POINT('',#937);
#939=CARTESIAN_POINT('',(-31.575,13.275,0.186691565));
#940=DIRECTION('',(1.,0.,-0.));
#941=VECTOR('',#940,6.);
#942=LINE('',#939,#941);
#943=EDGE_CURVE('',#930,#938,#942,.T.);
#944=ORIENTED_EDGE('',*,*,#943,.T.);
#945=CARTESIAN_POINT('',(-25.575,13.275,0.186691565));
#946=DIRECTION('',(0.,-1.,0.));
#947=VECTOR('',#946,7.5);
#948=LINE('',#945,#947);
#949=EDGE_CURVE('',#938,#904,#948,.T.);
#950=ORIENTED_EDGE('',*,*,#949,.T.);
#951=EDGE_LOOP('',(#912,#920,#928,#936,#944,#950));
#952=FACE_BOUND('',#951,.T.);
#953=CARTESIAN_POINT('',(-3.909375,-32.153125,0.186691565));
#954=VERTEX_POINT('',#953);
#955=CARTESIAN_POINT('',(-11.409375,-32.153125,0.186691565));
#956=VERTEX_POINT('',#955);
#957=CARTESIAN_POINT('',(-3.909375,-32.153125,0.186691565));
#958=DIRECTION('',(-1.,0.,0.));
#959=VECTOR('',#958,7.5);
#960=LINE('',#957,#959);
#961=EDGE_CURVE('',#954,#956,#960,.T.);
#962=ORIENTED_EDGE('',*,*,#961,.T.);
#963=CARTESIAN_POINT('',(-11.409375,-30.153125,0.186691565));
#964=VERTEX_POINT('',#963);
#965=CARTESIAN_POINT('',(-11.409375,-30.153125,0.186691565));
#966=DIRECTION('',(0.,-1.,0.));
#967=VECTOR('',#966,2.);
#968=LINE('',#965,#967);
#969=EDGE_CURVE('',#964,#956,#968,.T.);
#970=ORIENTED_EDGE('',*,*,#969,.F.);
#971=CARTESIAN_POINT('',(-9.909375,-30.153125,0.186691565));
#972=VERTEX_POINT('',#971);
#973=CARTESIAN_POINT('',(-9.909375,-30.153125,0.186691565));
#974=DIRECTION('',(-1.,0.,0.));
#975=VECTOR('',#974,1.5);
#976=LINE('',#973,#975);
#977=EDGE_CURVE('',#972,#964,#976,.T.);
#978=ORIENTED_EDGE('',*,*,#977,.F.);
#979=CARTESIAN_POINT('',(-9.909375,-24.653125,0.186691565));
#980=VERTEX_POINT('',#979);
#981=CARTESIAN_POINT('',(-9.909375,-30.153125,0.186691565));
#982=DIRECTION('',(0.,1.,0.));
#983=VECTOR('',#982,5.5);
#984=LINE('',#981,#983);
#985=EDGE_CURVE('',#972,#980,#984,.T.);
#986=ORIENTED_EDGE('',*,*,#985,.T.);
#987=CARTESIAN_POINT('',(-3.909375,-24.653125,0.186691565));
#988=VERTEX_POINT('',#987);
#989=CARTESIAN_POINT('',(-9.909375,-24.653125,0.186691565));
#990=DIRECTION('',(1.,0.,-0.));
#991=VECTOR('',#990,6.);
#992=LINE('',#989,#991);
#993=EDGE_CURVE('',#980,#988,#992,.T.);
#994=ORIENTED_EDGE('',*,*,#993,.T.);
#995=CARTESIAN_POINT('',(-3.909375,-24.653125,0.186691565));
#996=DIRECTION('',(0.,-1.,0.));
#997=VECTOR('',#996,7.5);
#998=LINE('',#995,#997);
#999=EDGE_CURVE('',#988,#954,#998,.T.);
#1000=ORIENTED_EDGE('',*,*,#999,.T.);
#1001=EDGE_LOOP('',(#962,#970,#978,#986,#994,#1000));
#1002=FACE_BOUND('',#1001,.T.);
#1003=CARTESIAN_POINT('',(31.809375,-13.103125,0.186691565));
#1004=VERTEX_POINT('',#1003);
#1005=CARTESIAN_POINT('',(24.309375,-13.103125,0.186691565));
#1006=VERTEX_POINT('',#1005);
#1007=CARTESIAN_POINT('',(31.809375,-13.103125,0.186691565));
#1008=DIRECTION('',(-1.,0.,0.));
#1009=VECTOR('',#1008,7.5);
#1010=LINE('',#1007,#1009);
#1011=EDGE_CURVE('',#1004,#1006,#1010,.T.);
#1012=ORIENTED_EDGE('',*,*,#1011,.T.);
#1013=CARTESIAN_POINT('',(24.309375,-11.103125,0.186691565));
#1014=VERTEX_POINT('',#1013);
#1015=CARTESIAN_POINT('',(24.309375,-11.103125,0.186691565));
#1016=DIRECTION('',(0.,-1.,0.));
#1017=VECTOR('',#1016,2.);
#1018=LINE('',#1015,#1017);
#1019=EDGE_CURVE('',#1014,#1006,#1018,.T.);
#1020=ORIENTED_EDGE('',*,*,#1019,.F.);
#1021=CARTESIAN_POINT('',(25.809375,-11.103125,0.186691565));
#1022=VERTEX_POINT('',#1021);
#1023=CARTESIAN_POINT('',(25.809375,-11.103125,0.186691565));
#1024=DIRECTION('',(-1.,0.,0.));
#1025=VECTOR('',#1024,1.5);
#1026=LINE('',#1023,#1025);
#1027=EDGE_CURVE('',#1022,#1014,#1026,.T.);
#1028=ORIENTED_EDGE('',*,*,#1027,.F.);
#1029=CARTESIAN_POINT('',(25.809375,-5.603125,0.186691565));
#1030=VERTEX_POINT('',#1029);
#1031=CARTESIAN_POINT('',(25.809375,-11.103125,0.186691565));
#1032=DIRECTION('',(0.,1.,0.));
#1033=VECTOR('',#1032,5.5);
#1034=LINE('',#1031,#1033);
#1035=EDGE_CURVE('',#1022,#1030,#1034,.T.);
#1036=ORIENTED_EDGE('',*,*,#1035,.T.);
#1037=CARTESIAN_POINT('',(31.809375,-5.603125,0.186691565));
#1038=VERTEX_POINT('',#1037);
#1039=CARTESIAN_POINT('',(25.809375,-5.603125,0.186691565));
#1040=DIRECTION('',(1.,0.,-0.));
#1041=VECTOR('',#1040,6.);
#1042=LINE('',#1039,#1041);
#1043=EDGE_CURVE('',#1030,#1038,#1042,.T.);
#1044=ORIENTED_EDGE('',*,*,#1043,.T.);
#1045=CARTESIAN_POINT('',(31.809375,-5.603125,0.186691565));
#1046=DIRECTION('',(0.,-1.,0.));
#1047=VECTOR('',#1046,7.5);
#1048=LINE('',#1045,#1047);
#1049=EDGE_CURVE('',#1038,#1004,#1048,.T.);
#1050=ORIENTED_EDGE('',*,*,#1049,.T.);
#1051=EDGE_LOOP('',(#1012,#1020,#1028,#1036,#1044,#1050));
#1052=FACE_BOUND('',#1051,.T.);
#1053=CARTESIAN_POINT('',(-24.13,-38.975,0.186691565));
#1054=VERTEX_POINT('',#1053);
#1055=CARTESIAN_POINT('',(-23.8125,-37.284635818,0.186691565));
#1056=VERTEX_POINT('',#1055);
#1057=CARTESIAN_POINT('',(-24.13,-38.1,0.186691565));
#1058=DIRECTION('',(-0.,-0.,-1.));
#1059=DIRECTION('',(1.,0.,-0.));
#1060=AXIS2_PLACEMENT_3D('',#1057,#1058,#1059);
#1061=CIRCLE('',#1060,0.875);
#1062=EDGE_CURVE('',#1054,#1056,#1061,.T.);
#1063=ORIENTED_EDGE('',*,*,#1062,.T.);
#1064=CARTESIAN_POINT('',(-23.495,-38.975,0.186691565));
#1065=VERTEX_POINT('',#1064);
#1066=CARTESIAN_POINT('',(-23.495,-38.1,0.186691565));
#1067=DIRECTION('',(-0.,-0.,-1.));
#1068=DIRECTION('',(1.,0.,-0.));
#1069=AXIS2_PLACEMENT_3D('',#1066,#1067,#1068);
#1070=CIRCLE('',#1069,0.875);
#1071=EDGE_CURVE('',#1056,#1065,#1070,.T.);
#1072=ORIENTED_EDGE('',*,*,#1071,.T.);
#1073=CARTESIAN_POINT('',(-23.8125,-38.915364182,0.186691565));
#1074=VERTEX_POINT('',#1073);
#1075=CARTESIAN_POINT('',(-23.495,-38.1,0.186691565));
#1076=DIRECTION('',(-0.,-0.,-1.));
#1077=DIRECTION('',(1.,0.,-0.));
#1078=AXIS2_PLACEMENT_3D('',#1075,#1076,#1077);
#1079=CIRCLE('',#1078,0.875);
#1080=EDGE_CURVE('',#1065,#1074,#1079,.T.);
#1081=ORIENTED_EDGE('',*,*,#1080,.T.);
#1082=CARTESIAN_POINT('',(-24.13,-38.1,0.186691565));
#1083=DIRECTION('',(-0.,-0.,-1.));
#1084=DIRECTION('',(1.,0.,-0.));
#1085=AXIS2_PLACEMENT_3D('',#1082,#1083,#1084);
#1086=CIRCLE('',#1085,0.875);
#1087=EDGE_CURVE('',#1074,#1054,#1086,.T.);
#1088=ORIENTED_EDGE('',*,*,#1087,.T.);
#1089=EDGE_LOOP('',(#1063,#1072,#1081,#1088));
#1090=FACE_BOUND('',#1089,.T.);
#1091=CARTESIAN_POINT('',(-33.655,-38.975,0.186691565));
#1092=VERTEX_POINT('',#1091);
#1093=CARTESIAN_POINT('',(-33.3375,-37.284635818,0.186691565));
#1094=VERTEX_POINT('',#1093);
#1095=CARTESIAN_POINT('',(-33.655,-38.1,0.186691565));
#1096=DIRECTION('',(-0.,-0.,-1.));
#1097=DIRECTION('',(1.,0.,-0.));
#1098=AXIS2_PLACEMENT_3D('',#1095,#1096,#1097);
#1099=CIRCLE('',#1098,0.875);
#1100=EDGE_CURVE('',#1092,#1094,#1099,.T.);
#1101=ORIENTED_EDGE('',*,*,#1100,.T.);
#1102=CARTESIAN_POINT('',(-33.02,-38.975,0.186691565));
#1103=VERTEX_POINT('',#1102);
#1104=CARTESIAN_POINT('',(-33.02,-38.1,0.186691565));
#1105=DIRECTION('',(-0.,-0.,-1.));
#1106=DIRECTION('',(1.,0.,-0.));
#1107=AXIS2_PLACEMENT_3D('',#1104,#1105,#1106);
#1108=CIRCLE('',#1107,0.875);
#1109=EDGE_CURVE('',#1094,#1103,#1108,.T.);
#1110=ORIENTED_EDGE('',*,*,#1109,.T.);
#1111=CARTESIAN_POINT('',(-33.3375,-38.915364182,0.186691565));
#1112=VERTEX_POINT('',#1111);
#1113=CARTESIAN_POINT('',(-33.02,-38.1,0.186691565));
#1114=DIRECTION('',(-0.,-0.,-1.));
#1115=DIRECTION('',(1.,0.,-0.));
#1116=AXIS2_PLACEMENT_3D('',#1113,#1114,#1115);
#1117=CIRCLE('',#1116,0.875);
#1118=EDGE_CURVE('',#1103,#1112,#1117,.T.);
#1119=ORIENTED_EDGE('',*,*,#1118,.T.);
#1120=CARTESIAN_POINT('',(-33.655,-38.1,0.186691565));
#1121=DIRECTION('',(-0.,-0.,-1.));
#1122=DIRECTION('',(1.,0.,-0.));
#1123=AXIS2_PLACEMENT_3D('',#1120,#1121,#1122);
#1124=CIRCLE('',#1123,0.875);
#1125=EDGE_CURVE('',#1112,#1092,#1124,.T.);
#1126=ORIENTED_EDGE('',*,*,#1125,.T.);
#1127=EDGE_LOOP('',(#1101,#1110,#1119,#1126));
#1128=FACE_BOUND('',#1127,.T.);
#1129=CARTESIAN_POINT('',(23.495,-38.975,0.186691565));
#1130=VERTEX_POINT('',#1129);
#1131=CARTESIAN_POINT('',(23.8125,-37.284635818,0.186691565));
#1132=VERTEX_POINT('',#1131);
#1133=CARTESIAN_POINT('',(23.495,-38.1,0.186691565));
#1134=DIRECTION('',(-0.,-0.,-1.));
#1135=DIRECTION('',(1.,0.,-0.));
#1136=AXIS2_PLACEMENT_3D('',#1133,#1134,#1135);
#1137=CIRCLE('',#1136,0.875);
#1138=EDGE_CURVE('',#1130,#1132,#1137,.T.);
#1139=ORIENTED_EDGE('',*,*,#1138,.T.);
#1140=CARTESIAN_POINT('',(24.13,-38.975,0.186691565));
#1141=VERTEX_POINT('',#1140);
#1142=CARTESIAN_POINT('',(24.13,-38.1,0.186691565));
#1143=DIRECTION('',(-0.,-0.,-1.));
#1144=DIRECTION('',(1.,0.,-0.));
#1145=AXIS2_PLACEMENT_3D('',#1142,#1143,#1144);
#1146=CIRCLE('',#1145,0.875);
#1147=EDGE_CURVE('',#1132,#1141,#1146,.T.);
#1148=ORIENTED_EDGE('',*,*,#1147,.T.);
#1149=CARTESIAN_POINT('',(23.8125,-38.915364182,0.186691565));
#1150=VERTEX_POINT('',#1149);
#1151=CARTESIAN_POINT('',(24.13,-38.1,0.186691565));
#1152=DIRECTION('',(-0.,-0.,-1.));
#1153=DIRECTION('',(1.,0.,-0.));
#1154=AXIS2_PLACEMENT_3D('',#1151,#1152,#1153);
#1155=CIRCLE('',#1154,0.875);
#1156=EDGE_CURVE('',#1141,#1150,#1155,.T.);
#1157=ORIENTED_EDGE('',*,*,#1156,.T.);
#1158=CARTESIAN_POINT('',(23.495,-38.1,0.186691565));
#1159=DIRECTION('',(-0.,-0.,-1.));
#1160=DIRECTION('',(1.,0.,-0.));
#1161=AXIS2_PLACEMENT_3D('',#1158,#1159,#1160);
#1162=CIRCLE('',#1161,0.875);
#1163=EDGE_CURVE('',#1150,#1130,#1162,.T.);
#1164=ORIENTED_EDGE('',*,*,#1163,.T.);
#1165=EDGE_LOOP('',(#1139,#1148,#1157,#1164));
#1166=FACE_BOUND('',#1165,.T.);
#1167=CARTESIAN_POINT('',(33.02,-38.975,0.186691565));
#1168=VERTEX_POINT('',#1167);
#1169=CARTESIAN_POINT('',(33.3375,-37.284635818,0.186691565));
#1170=VERTEX_POINT('',#1169);
#1171=CARTESIAN_POINT('',(33.02,-38.1,0.186691565));
#1172=DIRECTION('',(-0.,-0.,-1.));
#1173=DIRECTION('',(1.,0.,-0.));
#1174=AXIS2_PLACEMENT_3D('',#1171,#1172,#1173);
#1175=CIRCLE('',#1174,0.875);
#1176=EDGE_CURVE('',#1168,#1170,#1175,.T.);
#1177=ORIENTED_EDGE('',*,*,#1176,.T.);
#1178=CARTESIAN_POINT('',(33.655,-38.975,0.186691565));
#1179=VERTEX_POINT('',#1178);
#1180=CARTESIAN_POINT('',(33.655,-38.1,0.186691565));
#1181=DIRECTION('',(-0.,-0.,-1.));
#1182=DIRECTION('',(1.,0.,-0.));
#1183=AXIS2_PLACEMENT_3D('',#1180,#1181,#1182);
#1184=CIRCLE('',#1183,0.875);
#1185=EDGE_CURVE('',#1170,#1179,#1184,.T.);
#1186=ORIENTED_EDGE('',*,*,#1185,.T.);
#1187=CARTESIAN_POINT('',(33.3375,-38.915364182,0.186691565));
#1188=VERTEX_POINT('',#1187);
#1189=CARTESIAN_POINT('',(33.655,-38.1,0.186691565));
#1190=DIRECTION('',(-0.,-0.,-1.));
#1191=DIRECTION('',(1.,0.,-0.));
#1192=AXIS2_PLACEMENT_3D('',#1189,#1190,#1191);
#1193=CIRCLE('',#1192,0.875);
#1194=EDGE_CURVE('',#1179,#1188,#1193,.T.);
#1195=ORIENTED_EDGE('',*,*,#1194,.T.);
#1196=CARTESIAN_POINT('',(33.02,-38.1,0.186691565));
#1197=DIRECTION('',(-0.,-0.,-1.));
#1198=DIRECTION('',(1.,0.,-0.));
#1199=AXIS2_PLACEMENT_3D('',#1196,#1197,#1198);
#1200=CIRCLE('',#1199,0.875);
#1201=EDGE_CURVE('',#1188,#1168,#1200,.T.);
#1202=ORIENTED_EDGE('',*,*,#1201,.T.);
#1203=EDGE_LOOP('',(#1177,#1186,#1195,#1202));
#1204=FACE_BOUND('',#1203,.T.);
#1205=CARTESIAN_POINT('',(-45.625,24.875,0.186691565));
#1206=VERTEX_POINT('',#1205);
#1207=CARTESIAN_POINT('',(45.625,24.875,0.186691565));
#1208=VERTEX_POINT('',#1207);
#1209=CARTESIAN_POINT('',(-45.625,24.875,0.186691565));
#1210=DIRECTION('',(1.,0.,-0.));
#1211=VECTOR('',#1210,91.25);
#1212=LINE('',#1209,#1211);
#1213=EDGE_CURVE('',#1206,#1208,#1212,.T.);
#1214=ORIENTED_EDGE('',*,*,#1213,.F.);
#1215=CARTESIAN_POINT('',(-48.375,27.625,0.186691565));
#1216=VERTEX_POINT('',#1215);
#1217=CARTESIAN_POINT('',(-45.625,27.625,0.186691565));
#1218=DIRECTION('',(-0.,-0.,-1.));
#1219=DIRECTION('',(1.,0.,-0.));
#1220=AXIS2_PLACEMENT_3D('',#1217,#1218,#1219);
#1221=CIRCLE('',#1220,2.75);
#1222=EDGE_CURVE('',#1206,#1216,#1221,.T.);
#1223=ORIENTED_EDGE('',*,*,#1222,.T.);
#1224=CARTESIAN_POINT('',(-48.375,-45.625,0.186691565));
#1225=VERTEX_POINT('',#1224);
#1226=CARTESIAN_POINT('',(-48.375,-45.625,0.186691565));
#1227=DIRECTION('',(0.,1.,0.));
#1228=VECTOR('',#1227,73.25);
#1229=LINE('',#1226,#1228);
#1230=EDGE_CURVE('',#1225,#1216,#1229,.T.);
#1231=ORIENTED_EDGE('',*,*,#1230,.F.);
#1232=CARTESIAN_POINT('',(-45.62499944,-48.375,0.186691565));
#1233=VERTEX_POINT('',#1232);
#1234=CARTESIAN_POINT('',(-45.625001494,-45.625001494,0.186691565));
#1235=DIRECTION('',(-0.,-0.,-1.));
#1236=DIRECTION('',(1.,0.,-0.));
#1237=AXIS2_PLACEMENT_3D('',#1234,#1235,#1236);
#1238=CIRCLE('',#1237,2.749998506);
#1239=EDGE_CURVE('',#1233,#1225,#1238,.T.);
#1240=ORIENTED_EDGE('',*,*,#1239,.F.);
#1241=CARTESIAN_POINT('',(45.625,-48.375,0.186691565));
#1242=VERTEX_POINT('',#1241);
#1243=CARTESIAN_POINT('',(45.625,-48.375,0.186691565));
#1244=DIRECTION('',(-1.,0.,0.));
#1245=VECTOR('',#1244,91.24999944);
#1246=LINE('',#1243,#1245);
#1247=EDGE_CURVE('',#1242,#1233,#1246,.T.);
#1248=ORIENTED_EDGE('',*,*,#1247,.F.);
#1249=CARTESIAN_POINT('',(48.375,-45.625,0.186691565));
#1250=VERTEX_POINT('',#1249);
#1251=CARTESIAN_POINT('',(45.625001494,-45.625001494,0.186691565));
#1252=DIRECTION('',(-0.,-0.,-1.));
#1253=DIRECTION('',(1.,0.,-0.));
#1254=AXIS2_PLACEMENT_3D('',#1251,#1252,#1253);
#1255=CIRCLE('',#1254,2.749998506);
#1256=EDGE_CURVE('',#1250,#1242,#1255,.T.);
#1257=ORIENTED_EDGE('',*,*,#1256,.F.);
#1258=CARTESIAN_POINT('',(48.375,27.625,0.186691565));
#1259=VERTEX_POINT('',#1258);
#1260=CARTESIAN_POINT('',(48.375,27.625,0.186691565));
#1261=DIRECTION('',(0.,-1.,0.));
#1262=VECTOR('',#1261,73.25);
#1263=LINE('',#1260,#1262);
#1264=EDGE_CURVE('',#1259,#1250,#1263,.T.);
#1265=ORIENTED_EDGE('',*,*,#1264,.F.);
#1266=CARTESIAN_POINT('',(45.625,27.625,0.186691565));
#1267=DIRECTION('',(-0.,-0.,-1.));
#1268=DIRECTION('',(1.,0.,-0.));
#1269=AXIS2_PLACEMENT_3D('',#1266,#1267,#1268);
#1270=CIRCLE('',#1269,2.75);
#1271=EDGE_CURVE('',#1259,#1208,#1270,.T.);
#1272=ORIENTED_EDGE('',*,*,#1271,.T.);
#1273=EDGE_LOOP('',(#1214,#1223,#1231,#1240,#1248,#1257,#1265,#1272));
#1274=FACE_BOUND('',#1273,.T.);
#1275=CARTESIAN_POINT('',(25.075,-35.6,0.186691565));
#1276=VERTEX_POINT('',#1275);
#1277=CARTESIAN_POINT('',(25.075,-40.6,0.186691565));
#1278=VERTEX_POINT('',#1277);
#1279=CARTESIAN_POINT('',(25.075,-35.6,0.186691565));
#1280=DIRECTION('',(0.,-1.,0.));
#1281=VECTOR('',#1280,5.);
#1282=LINE('',#1279,#1281);
#1283=EDGE_CURVE('',#1276,#1278,#1282,.T.);
#1284=ORIENTED_EDGE('',*,*,#1283,.F.);
#1285=CARTESIAN_POINT('',(32.075,-35.6,0.186691565));
#1286=VERTEX_POINT('',#1285);
#1287=CARTESIAN_POINT('',(32.075,-35.6,0.186691565));
#1288=DIRECTION('',(-1.,0.,0.));
#1289=VECTOR('',#1288,7.);
#1290=LINE('',#1287,#1289);
#1291=EDGE_CURVE('',#1286,#1276,#1290,.T.);
#1292=ORIENTED_EDGE('',*,*,#1291,.F.);
#1293=CARTESIAN_POINT('',(32.075,-40.6,0.186691565));
#1294=VERTEX_POINT('',#1293);
#1295=CARTESIAN_POINT('',(32.075,-40.6,0.186691565));
#1296=DIRECTION('',(0.,1.,0.));
#1297=VECTOR('',#1296,5.);
#1298=LINE('',#1295,#1297);
#1299=EDGE_CURVE('',#1294,#1286,#1298,.T.);
#1300=ORIENTED_EDGE('',*,*,#1299,.F.);
#1301=CARTESIAN_POINT('',(25.075,-40.6,0.186691565));
#1302=DIRECTION('',(1.,0.,-0.));
#1303=VECTOR('',#1302,7.);
#1304=LINE('',#1301,#1303);
#1305=EDGE_CURVE('',#1278,#1294,#1304,.T.);
#1306=ORIENTED_EDGE('',*,*,#1305,.F.);
#1307=EDGE_LOOP('',(#1284,#1292,#1300,#1306));
#1308=FACE_BOUND('',#1307,.T.);
#1309=CARTESIAN_POINT('',(15.55,-35.6,0.186691565));
#1310=VERTEX_POINT('',#1309);
#1311=CARTESIAN_POINT('',(15.55,-40.6,0.186691565));
#1312=VERTEX_POINT('',#1311);
#1313=CARTESIAN_POINT('',(15.55,-35.6,0.186691565));
#1314=DIRECTION('',(0.,-1.,0.));
#1315=VECTOR('',#1314,5.);
#1316=LINE('',#1313,#1315);
#1317=EDGE_CURVE('',#1310,#1312,#1316,.T.);
#1318=ORIENTED_EDGE('',*,*,#1317,.F.);
#1319=CARTESIAN_POINT('',(22.55,-35.6,0.186691565));
#1320=VERTEX_POINT('',#1319);
#1321=CARTESIAN_POINT('',(22.55,-35.6,0.186691565));
#1322=DIRECTION('',(-1.,0.,0.));
#1323=VECTOR('',#1322,7.);
#1324=LINE('',#1321,#1323);
#1325=EDGE_CURVE('',#1320,#1310,#1324,.T.);
#1326=ORIENTED_EDGE('',*,*,#1325,.F.);
#1327=CARTESIAN_POINT('',(22.55,-40.6,0.186691565));
#1328=VERTEX_POINT('',#1327);
#1329=CARTESIAN_POINT('',(22.55,-40.6,0.186691565));
#1330=DIRECTION('',(0.,1.,0.));
#1331=VECTOR('',#1330,5.);
#1332=LINE('',#1329,#1331);
#1333=EDGE_CURVE('',#1328,#1320,#1332,.T.);
#1334=ORIENTED_EDGE('',*,*,#1333,.F.);
#1335=CARTESIAN_POINT('',(15.55,-40.6,0.186691565));
#1336=DIRECTION('',(1.,0.,-0.));
#1337=VECTOR('',#1336,7.);
#1338=LINE('',#1335,#1337);
#1339=EDGE_CURVE('',#1312,#1328,#1338,.T.);
#1340=ORIENTED_EDGE('',*,*,#1339,.F.);
#1341=EDGE_LOOP('',(#1318,#1326,#1334,#1340));
#1342=FACE_BOUND('',#1341,.T.);
#1343=CARTESIAN_POINT('',(-3.5,-35.6,0.186691565));
#1344=VERTEX_POINT('',#1343);
#1345=CARTESIAN_POINT('',(-3.5,-40.6,0.186691565));
#1346=VERTEX_POINT('',#1345);
#1347=CARTESIAN_POINT('',(-3.5,-35.6,0.186691565));
#1348=DIRECTION('',(0.,-1.,0.));
#1349=VECTOR('',#1348,5.);
#1350=LINE('',#1347,#1349);
#1351=EDGE_CURVE('',#1344,#1346,#1350,.T.);
#1352=ORIENTED_EDGE('',*,*,#1351,.F.);
#1353=CARTESIAN_POINT('',(3.5,-35.6,0.186691565));
#1354=VERTEX_POINT('',#1353);
#1355=CARTESIAN_POINT('',(3.5,-35.6,0.186691565));
#1356=DIRECTION('',(-1.,0.,0.));
#1357=VECTOR('',#1356,7.);
#1358=LINE('',#1355,#1357);
#1359=EDGE_CURVE('',#1354,#1344,#1358,.T.);
#1360=ORIENTED_EDGE('',*,*,#1359,.F.);
#1361=CARTESIAN_POINT('',(3.5,-40.6,0.186691565));
#1362=VERTEX_POINT('',#1361);
#1363=CARTESIAN_POINT('',(3.5,-40.6,0.186691565));
#1364=DIRECTION('',(0.,1.,0.));
#1365=VECTOR('',#1364,5.);
#1366=LINE('',#1363,#1365);
#1367=EDGE_CURVE('',#1362,#1354,#1366,.T.);
#1368=ORIENTED_EDGE('',*,*,#1367,.F.);
#1369=CARTESIAN_POINT('',(-3.5,-40.6,0.186691565));
#1370=DIRECTION('',(1.,0.,-0.));
#1371=VECTOR('',#1370,7.);
#1372=LINE('',#1369,#1371);
#1373=EDGE_CURVE('',#1346,#1362,#1372,.T.);
#1374=ORIENTED_EDGE('',*,*,#1373,.F.);
#1375=EDGE_LOOP('',(#1352,#1360,#1368,#1374));
#1376=FACE_BOUND('',#1375,.T.);
#1377=CARTESIAN_POINT('',(-41.6,-16.55,0.186691565));
#1378=VERTEX_POINT('',#1377);
#1379=CARTESIAN_POINT('',(-41.6,-21.55,0.186691565));
#1380=VERTEX_POINT('',#1379);
#1381=CARTESIAN_POINT('',(-41.6,-16.55,0.186691565));
#1382=DIRECTION('',(0.,-1.,0.));
#1383=VECTOR('',#1382,5.);
#1384=LINE('',#1381,#1383);
#1385=EDGE_CURVE('',#1378,#1380,#1384,.T.);
#1386=ORIENTED_EDGE('',*,*,#1385,.F.);
#1387=CARTESIAN_POINT('',(-34.6,-16.55,0.186691565));
#1388=VERTEX_POINT('',#1387);
#1389=CARTESIAN_POINT('',(-34.6,-16.55,0.186691565));
#1390=DIRECTION('',(-1.,0.,0.));
#1391=VECTOR('',#1390,7.);
#1392=LINE('',#1389,#1391);
#1393=EDGE_CURVE('',#1388,#1378,#1392,.T.);
#1394=ORIENTED_EDGE('',*,*,#1393,.F.);
#1395=CARTESIAN_POINT('',(-34.6,-21.55,0.186691565));
#1396=VERTEX_POINT('',#1395);
#1397=CARTESIAN_POINT('',(-34.6,-21.55,0.186691565));
#1398=DIRECTION('',(0.,1.,0.));
#1399=VECTOR('',#1398,5.);
#1400=LINE('',#1397,#1399);
#1401=EDGE_CURVE('',#1396,#1388,#1400,.T.);
#1402=ORIENTED_EDGE('',*,*,#1401,.F.);
#1403=CARTESIAN_POINT('',(-41.6,-21.55,0.186691565));
#1404=DIRECTION('',(1.,0.,-0.));
#1405=VECTOR('',#1404,7.);
#1406=LINE('',#1403,#1405);
#1407=EDGE_CURVE('',#1380,#1396,#1406,.T.);
#1408=ORIENTED_EDGE('',*,*,#1407,.F.);
#1409=EDGE_LOOP('',(#1386,#1394,#1402,#1408));
#1410=FACE_BOUND('',#1409,.T.);
#1411=CARTESIAN_POINT('',(-22.55,-16.55,0.186691565));
#1412=VERTEX_POINT('',#1411);
#1413=CARTESIAN_POINT('',(-22.55,-21.55,0.186691565));
#1414=VERTEX_POINT('',#1413);
#1415=CARTESIAN_POINT('',(-22.55,-16.55,0.186691565));
#1416=DIRECTION('',(0.,-1.,0.));
#1417=VECTOR('',#1416,5.);
#1418=LINE('',#1415,#1417);
#1419=EDGE_CURVE('',#1412,#1414,#1418,.T.);
#1420=ORIENTED_EDGE('',*,*,#1419,.F.);
#1421=CARTESIAN_POINT('',(-15.55,-16.55,0.186691565));
#1422=VERTEX_POINT('',#1421);
#1423=CARTESIAN_POINT('',(-15.55,-16.55,0.186691565));
#1424=DIRECTION('',(-1.,0.,0.));
#1425=VECTOR('',#1424,7.);
#1426=LINE('',#1423,#1425);
#1427=EDGE_CURVE('',#1422,#1412,#1426,.T.);
#1428=ORIENTED_EDGE('',*,*,#1427,.F.);
#1429=CARTESIAN_POINT('',(-15.55,-21.55,0.186691565));
#1430=VERTEX_POINT('',#1429);
#1431=CARTESIAN_POINT('',(-15.55,-21.55,0.186691565));
#1432=DIRECTION('',(0.,1.,0.));
#1433=VECTOR('',#1432,5.);
#1434=LINE('',#1431,#1433);
#1435=EDGE_CURVE('',#1430,#1422,#1434,.T.);
#1436=ORIENTED_EDGE('',*,*,#1435,.F.);
#1437=CARTESIAN_POINT('',(-22.55,-21.55,0.186691565));
#1438=DIRECTION('',(1.,0.,-0.));
#1439=VECTOR('',#1438,7.);
#1440=LINE('',#1437,#1439);
#1441=EDGE_CURVE('',#1414,#1430,#1440,.T.);
#1442=ORIENTED_EDGE('',*,*,#1441,.F.);
#1443=EDGE_LOOP('',(#1420,#1428,#1436,#1442));
#1444=FACE_BOUND('',#1443,.T.);
#1445=CARTESIAN_POINT('',(-3.5,-16.55,0.186691565));
#1446=VERTEX_POINT('',#1445);
#1447=CARTESIAN_POINT('',(-3.5,-21.55,0.186691565));
#1448=VERTEX_POINT('',#1447);
#1449=CARTESIAN_POINT('',(-3.5,-16.55,0.186691565));
#1450=DIRECTION('',(0.,-1.,0.));
#1451=VECTOR('',#1450,5.);
#1452=LINE('',#1449,#1451);
#1453=EDGE_CURVE('',#1446,#1448,#1452,.T.);
#1454=ORIENTED_EDGE('',*,*,#1453,.F.);
#1455=CARTESIAN_POINT('',(3.5,-16.55,0.186691565));
#1456=VERTEX_POINT('',#1455);
#1457=CARTESIAN_POINT('',(3.5,-16.55,0.186691565));
#1458=DIRECTION('',(-1.,0.,0.));
#1459=VECTOR('',#1458,7.);
#1460=LINE('',#1457,#1459);
#1461=EDGE_CURVE('',#1456,#1446,#1460,.T.);
#1462=ORIENTED_EDGE('',*,*,#1461,.F.);
#1463=CARTESIAN_POINT('',(3.5,-21.55,0.186691565));
#1464=VERTEX_POINT('',#1463);
#1465=CARTESIAN_POINT('',(3.5,-21.55,0.186691565));
#1466=DIRECTION('',(0.,1.,0.));
#1467=VECTOR('',#1466,5.);
#1468=LINE('',#1465,#1467);
#1469=EDGE_CURVE('',#1464,#1456,#1468,.T.);
#1470=ORIENTED_EDGE('',*,*,#1469,.F.);
#1471=CARTESIAN_POINT('',(-3.5,-21.55,0.186691565));
#1472=DIRECTION('',(1.,0.,-0.));
#1473=VECTOR('',#1472,7.);
#1474=LINE('',#1471,#1473);
#1475=EDGE_CURVE('',#1448,#1464,#1474,.T.);
#1476=ORIENTED_EDGE('',*,*,#1475,.F.);
#1477=EDGE_LOOP('',(#1454,#1462,#1470,#1476));
#1478=FACE_BOUND('',#1477,.T.);
#1479=CARTESIAN_POINT('',(-41.6,-35.6,0.186691565));
#1480=VERTEX_POINT('',#1479);
#1481=CARTESIAN_POINT('',(-41.6,-40.6,0.186691565));
#1482=VERTEX_POINT('',#1481);
#1483=CARTESIAN_POINT('',(-41.6,-35.6,0.186691565));
#1484=DIRECTION('',(0.,-1.,0.));
#1485=VECTOR('',#1484,5.);
#1486=LINE('',#1483,#1485);
#1487=EDGE_CURVE('',#1480,#1482,#1486,.T.);
#1488=ORIENTED_EDGE('',*,*,#1487,.F.);
#1489=CARTESIAN_POINT('',(-34.6,-35.6,0.186691565));
#1490=VERTEX_POINT('',#1489);
#1491=CARTESIAN_POINT('',(-34.6,-35.6,0.186691565));
#1492=DIRECTION('',(-1.,0.,0.));
#1493=VECTOR('',#1492,7.);
#1494=LINE('',#1491,#1493);
#1495=EDGE_CURVE('',#1490,#1480,#1494,.T.);
#1496=ORIENTED_EDGE('',*,*,#1495,.F.);
#1497=CARTESIAN_POINT('',(-34.6,-40.6,0.186691565));
#1498=VERTEX_POINT('',#1497);
#1499=CARTESIAN_POINT('',(-34.6,-40.6,0.186691565));
#1500=DIRECTION('',(0.,1.,0.));
#1501=VECTOR('',#1500,5.);
#1502=LINE('',#1499,#1501);
#1503=EDGE_CURVE('',#1498,#1490,#1502,.T.);
#1504=ORIENTED_EDGE('',*,*,#1503,.F.);
#1505=CARTESIAN_POINT('',(-41.6,-40.6,0.186691565));
#1506=DIRECTION('',(1.,0.,-0.));
#1507=VECTOR('',#1506,7.);
#1508=LINE('',#1505,#1507);
#1509=EDGE_CURVE('',#1482,#1498,#1508,.T.);
#1510=ORIENTED_EDGE('',*,*,#1509,.F.);
#1511=EDGE_LOOP('',(#1488,#1496,#1504,#1510));
#1512=FACE_BOUND('',#1511,.T.);
#1513=CARTESIAN_POINT('',(-32.075,-35.6,0.186691565));
#1514=VERTEX_POINT('',#1513);
#1515=CARTESIAN_POINT('',(-32.075,-40.6,0.186691565));
#1516=VERTEX_POINT('',#1515);
#1517=CARTESIAN_POINT('',(-32.075,-35.6,0.186691565));
#1518=DIRECTION('',(0.,-1.,0.));
#1519=VECTOR('',#1518,5.);
#1520=LINE('',#1517,#1519);
#1521=EDGE_CURVE('',#1514,#1516,#1520,.T.);
#1522=ORIENTED_EDGE('',*,*,#1521,.F.);
#1523=CARTESIAN_POINT('',(-25.075,-35.6,0.186691565));
#1524=VERTEX_POINT('',#1523);
#1525=CARTESIAN_POINT('',(-25.075,-35.6,0.186691565));
#1526=DIRECTION('',(-1.,0.,0.));
#1527=VECTOR('',#1526,7.);
#1528=LINE('',#1525,#1527);
#1529=EDGE_CURVE('',#1524,#1514,#1528,.T.);
#1530=ORIENTED_EDGE('',*,*,#1529,.F.);
#1531=CARTESIAN_POINT('',(-25.075,-40.6,0.186691565));
#1532=VERTEX_POINT('',#1531);
#1533=CARTESIAN_POINT('',(-25.075,-40.6,0.186691565));
#1534=DIRECTION('',(0.,1.,0.));
#1535=VECTOR('',#1534,5.);
#1536=LINE('',#1533,#1535);
#1537=EDGE_CURVE('',#1532,#1524,#1536,.T.);
#1538=ORIENTED_EDGE('',*,*,#1537,.F.);
#1539=CARTESIAN_POINT('',(-32.075,-40.6,0.186691565));
#1540=DIRECTION('',(1.,0.,-0.));
#1541=VECTOR('',#1540,7.);
#1542=LINE('',#1539,#1541);
#1543=EDGE_CURVE('',#1516,#1532,#1542,.T.);
#1544=ORIENTED_EDGE('',*,*,#1543,.F.);
#1545=EDGE_LOOP('',(#1522,#1530,#1538,#1544));
#1546=FACE_BOUND('',#1545,.T.);
#1547=CARTESIAN_POINT('',(-22.55,-35.6,0.186691565));
#1548=VERTEX_POINT('',#1547);
#1549=CARTESIAN_POINT('',(-22.55,-40.6,0.186691565));
#1550=VERTEX_POINT('',#1549);
#1551=CARTESIAN_POINT('',(-22.55,-35.6,0.186691565));
#1552=DIRECTION('',(0.,-1.,0.));
#1553=VECTOR('',#1552,5.);
#1554=LINE('',#1551,#1553);
#1555=EDGE_CURVE('',#1548,#1550,#1554,.T.);
#1556=ORIENTED_EDGE('',*,*,#1555,.F.);
#1557=CARTESIAN_POINT('',(-15.55,-35.6,0.186691565));
#1558=VERTEX_POINT('',#1557);
#1559=CARTESIAN_POINT('',(-15.55,-35.6,0.186691565));
#1560=DIRECTION('',(-1.,0.,0.));
#1561=VECTOR('',#1560,7.);
#1562=LINE('',#1559,#1561);
#1563=EDGE_CURVE('',#1558,#1548,#1562,.T.);
#1564=ORIENTED_EDGE('',*,*,#1563,.F.);
#1565=CARTESIAN_POINT('',(-15.55,-40.6,0.186691565));
#1566=VERTEX_POINT('',#1565);
#1567=CARTESIAN_POINT('',(-15.55,-40.6,0.186691565));
#1568=DIRECTION('',(0.,1.,0.));
#1569=VECTOR('',#1568,5.);
#1570=LINE('',#1567,#1569);
#1571=EDGE_CURVE('',#1566,#1558,#1570,.T.);
#1572=ORIENTED_EDGE('',*,*,#1571,.F.);
#1573=CARTESIAN_POINT('',(-22.55,-40.6,0.186691565));
#1574=DIRECTION('',(1.,0.,-0.));
#1575=VECTOR('',#1574,7.);
#1576=LINE('',#1573,#1575);
#1577=EDGE_CURVE('',#1550,#1566,#1576,.T.);
#1578=ORIENTED_EDGE('',*,*,#1577,.F.);
#1579=EDGE_LOOP('',(#1556,#1564,#1572,#1578));
#1580=FACE_BOUND('',#1579,.T.);
#1581=CARTESIAN_POINT('',(15.55,21.55,0.186691565));
#1582=VERTEX_POINT('',#1581);
#1583=CARTESIAN_POINT('',(15.55,16.55,0.186691565));
#1584=VERTEX_POINT('',#1583);
#1585=CARTESIAN_POINT('',(15.55,21.55,0.186691565));
#1586=DIRECTION('',(0.,-1.,0.));
#1587=VECTOR('',#1586,5.);
#1588=LINE('',#1585,#1587);
#1589=EDGE_CURVE('',#1582,#1584,#1588,.T.);
#1590=ORIENTED_EDGE('',*,*,#1589,.F.);
#1591=CARTESIAN_POINT('',(22.55,21.55,0.186691565));
#1592=VERTEX_POINT('',#1591);
#1593=CARTESIAN_POINT('',(22.55,21.55,0.186691565));
#1594=DIRECTION('',(-1.,0.,0.));
#1595=VECTOR('',#1594,7.);
#1596=LINE('',#1593,#1595);
#1597=EDGE_CURVE('',#1592,#1582,#1596,.T.);
#1598=ORIENTED_EDGE('',*,*,#1597,.F.);
#1599=CARTESIAN_POINT('',(22.55,16.55,0.186691565));
#1600=VERTEX_POINT('',#1599);
#1601=CARTESIAN_POINT('',(22.55,16.55,0.186691565));
#1602=DIRECTION('',(0.,1.,0.));
#1603=VECTOR('',#1602,5.);
#1604=LINE('',#1601,#1603);
#1605=EDGE_CURVE('',#1600,#1592,#1604,.T.);
#1606=ORIENTED_EDGE('',*,*,#1605,.F.);
#1607=CARTESIAN_POINT('',(15.55,16.55,0.186691565));
#1608=DIRECTION('',(1.,0.,-0.));
#1609=VECTOR('',#1608,7.);
#1610=LINE('',#1607,#1609);
#1611=EDGE_CURVE('',#1584,#1600,#1610,.T.);
#1612=ORIENTED_EDGE('',*,*,#1611,.F.);
#1613=EDGE_LOOP('',(#1590,#1598,#1606,#1612));
#1614=FACE_BOUND('',#1613,.T.);
#1615=CARTESIAN_POINT('',(34.6,2.5,0.186691565));
#1616=VERTEX_POINT('',#1615);
#1617=CARTESIAN_POINT('',(34.6,-2.5,0.186691565));
#1618=VERTEX_POINT('',#1617);
#1619=CARTESIAN_POINT('',(34.6,2.5,0.186691565));
#1620=DIRECTION('',(0.,-1.,0.));
#1621=VECTOR('',#1620,5.);
#1622=LINE('',#1619,#1621);
#1623=EDGE_CURVE('',#1616,#1618,#1622,.T.);
#1624=ORIENTED_EDGE('',*,*,#1623,.F.);
#1625=CARTESIAN_POINT('',(41.6,2.5,0.186691565));
#1626=VERTEX_POINT('',#1625);
#1627=CARTESIAN_POINT('',(41.6,2.5,0.186691565));
#1628=DIRECTION('',(-1.,0.,0.));
#1629=VECTOR('',#1628,7.);
#1630=LINE('',#1627,#1629);
#1631=EDGE_CURVE('',#1626,#1616,#1630,.T.);
#1632=ORIENTED_EDGE('',*,*,#1631,.F.);
#1633=CARTESIAN_POINT('',(41.6,-2.5,0.186691565));
#1634=VERTEX_POINT('',#1633);
#1635=CARTESIAN_POINT('',(41.6,-2.5,0.186691565));
#1636=DIRECTION('',(0.,1.,0.));
#1637=VECTOR('',#1636,5.);
#1638=LINE('',#1635,#1637);
#1639=EDGE_CURVE('',#1634,#1626,#1638,.T.);
#1640=ORIENTED_EDGE('',*,*,#1639,.F.);
#1641=CARTESIAN_POINT('',(34.6,-2.5,0.186691565));
#1642=DIRECTION('',(1.,0.,-0.));
#1643=VECTOR('',#1642,7.);
#1644=LINE('',#1641,#1643);
#1645=EDGE_CURVE('',#1618,#1634,#1644,.T.);
#1646=ORIENTED_EDGE('',*,*,#1645,.F.);
#1647=EDGE_LOOP('',(#1624,#1632,#1640,#1646));
#1648=FACE_BOUND('',#1647,.T.);
#1649=CARTESIAN_POINT('',(15.55,2.5,0.186691565));
#1650=VERTEX_POINT('',#1649);
#1651=CARTESIAN_POINT('',(15.55,-2.5,0.186691565));
#1652=VERTEX_POINT('',#1651);
#1653=CARTESIAN_POINT('',(15.55,2.5,0.186691565));
#1654=DIRECTION('',(0.,-1.,0.));
#1655=VECTOR('',#1654,5.);
#1656=LINE('',#1653,#1655);
#1657=EDGE_CURVE('',#1650,#1652,#1656,.T.);
#1658=ORIENTED_EDGE('',*,*,#1657,.F.);
#1659=CARTESIAN_POINT('',(22.55,2.5,0.186691565));
#1660=VERTEX_POINT('',#1659);
#1661=CARTESIAN_POINT('',(22.55,2.5,0.186691565));
#1662=DIRECTION('',(-1.,0.,0.));
#1663=VECTOR('',#1662,7.);
#1664=LINE('',#1661,#1663);
#1665=EDGE_CURVE('',#1660,#1650,#1664,.T.);
#1666=ORIENTED_EDGE('',*,*,#1665,.F.);
#1667=CARTESIAN_POINT('',(22.55,-2.5,0.186691565));
#1668=VERTEX_POINT('',#1667);
#1669=CARTESIAN_POINT('',(22.55,-2.5,0.186691565));
#1670=DIRECTION('',(0.,1.,0.));
#1671=VECTOR('',#1670,5.);
#1672=LINE('',#1669,#1671);
#1673=EDGE_CURVE('',#1668,#1660,#1672,.T.);
#1674=ORIENTED_EDGE('',*,*,#1673,.F.);
#1675=CARTESIAN_POINT('',(15.55,-2.5,0.186691565));
#1676=DIRECTION('',(1.,0.,-0.));
#1677=VECTOR('',#1676,7.);
#1678=LINE('',#1675,#1677);
#1679=EDGE_CURVE('',#1652,#1668,#1678,.T.);
#1680=ORIENTED_EDGE('',*,*,#1679,.F.);
#1681=EDGE_LOOP('',(#1658,#1666,#1674,#1680));
#1682=FACE_BOUND('',#1681,.T.);
#1683=CARTESIAN_POINT('',(-3.5,21.55,0.186691565));
#1684=VERTEX_POINT('',#1683);
#1685=CARTESIAN_POINT('',(-3.5,16.55,0.186691565));
#1686=VERTEX_POINT('',#1685);
#1687=CARTESIAN_POINT('',(-3.5,21.55,0.186691565));
#1688=DIRECTION('',(0.,-1.,0.));
#1689=VECTOR('',#1688,5.);
#1690=LINE('',#1687,#1689);
#1691=EDGE_CURVE('',#1684,#1686,#1690,.T.);
#1692=ORIENTED_EDGE('',*,*,#1691,.F.);
#1693=CARTESIAN_POINT('',(3.5,21.55,0.186691565));
#1694=VERTEX_POINT('',#1693);
#1695=CARTESIAN_POINT('',(3.5,21.55,0.186691565));
#1696=DIRECTION('',(-1.,0.,0.));
#1697=VECTOR('',#1696,7.);
#1698=LINE('',#1695,#1697);
#1699=EDGE_CURVE('',#1694,#1684,#1698,.T.);
#1700=ORIENTED_EDGE('',*,*,#1699,.F.);
#1701=CARTESIAN_POINT('',(3.5,16.55,0.186691565));
#1702=VERTEX_POINT('',#1701);
#1703=CARTESIAN_POINT('',(3.5,16.55,0.186691565));
#1704=DIRECTION('',(0.,1.,0.));
#1705=VECTOR('',#1704,5.);
#1706=LINE('',#1703,#1705);
#1707=EDGE_CURVE('',#1702,#1694,#1706,.T.);
#1708=ORIENTED_EDGE('',*,*,#1707,.F.);
#1709=CARTESIAN_POINT('',(-3.5,16.55,0.186691565));
#1710=DIRECTION('',(1.,0.,-0.));
#1711=VECTOR('',#1710,7.);
#1712=LINE('',#1709,#1711);
#1713=EDGE_CURVE('',#1686,#1702,#1712,.T.);
#1714=ORIENTED_EDGE('',*,*,#1713,.F.);
#1715=EDGE_LOOP('',(#1692,#1700,#1708,#1714));
#1716=FACE_BOUND('',#1715,.T.);
#1717=CARTESIAN_POINT('',(34.6,21.55,0.186691565));
#1718=VERTEX_POINT('',#1717);
#1719=CARTESIAN_POINT('',(34.6,16.55,0.186691565));
#1720=VERTEX_POINT('',#1719);
#1721=CARTESIAN_POINT('',(34.6,21.55,0.186691565));
#1722=DIRECTION('',(0.,-1.,0.));
#1723=VECTOR('',#1722,5.);
#1724=LINE('',#1721,#1723);
#1725=EDGE_CURVE('',#1718,#1720,#1724,.T.);
#1726=ORIENTED_EDGE('',*,*,#1725,.F.);
#1727=CARTESIAN_POINT('',(41.6,21.55,0.186691565));
#1728=VERTEX_POINT('',#1727);
#1729=CARTESIAN_POINT('',(41.6,21.55,0.186691565));
#1730=DIRECTION('',(-1.,0.,0.));
#1731=VECTOR('',#1730,7.);
#1732=LINE('',#1729,#1731);
#1733=EDGE_CURVE('',#1728,#1718,#1732,.T.);
#1734=ORIENTED_EDGE('',*,*,#1733,.F.);
#1735=CARTESIAN_POINT('',(41.6,16.55,0.186691565));
#1736=VERTEX_POINT('',#1735);
#1737=CARTESIAN_POINT('',(41.6,16.55,0.186691565));
#1738=DIRECTION('',(0.,1.,0.));
#1739=VECTOR('',#1738,5.);
#1740=LINE('',#1737,#1739);
#1741=EDGE_CURVE('',#1736,#1728,#1740,.T.);
#1742=ORIENTED_EDGE('',*,*,#1741,.F.);
#1743=CARTESIAN_POINT('',(34.6,16.55,0.186691565));
#1744=DIRECTION('',(1.,0.,-0.));
#1745=VECTOR('',#1744,7.);
#1746=LINE('',#1743,#1745);
#1747=EDGE_CURVE('',#1720,#1736,#1746,.T.);
#1748=ORIENTED_EDGE('',*,*,#1747,.F.);
#1749=EDGE_LOOP('',(#1726,#1734,#1742,#1748));
#1750=FACE_BOUND('',#1749,.T.);
#1751=CARTESIAN_POINT('',(-41.6,2.5,0.186691565));
#1752=VERTEX_POINT('',#1751);
#1753=CARTESIAN_POINT('',(-41.6,-2.5,0.186691565));
#1754=VERTEX_POINT('',#1753);
#1755=CARTESIAN_POINT('',(-41.6,2.5,0.186691565));
#1756=DIRECTION('',(0.,-1.,0.));
#1757=VECTOR('',#1756,5.);
#1758=LINE('',#1755,#1757);
#1759=EDGE_CURVE('',#1752,#1754,#1758,.T.);
#1760=ORIENTED_EDGE('',*,*,#1759,.F.);
#1761=CARTESIAN_POINT('',(-34.6,2.5,0.186691565));
#1762=VERTEX_POINT('',#1761);
#1763=CARTESIAN_POINT('',(-34.6,2.5,0.186691565));
#1764=DIRECTION('',(-1.,0.,0.));
#1765=VECTOR('',#1764,7.);
#1766=LINE('',#1763,#1765);
#1767=EDGE_CURVE('',#1762,#1752,#1766,.T.);
#1768=ORIENTED_EDGE('',*,*,#1767,.F.);
#1769=CARTESIAN_POINT('',(-34.6,-2.5,0.186691565));
#1770=VERTEX_POINT('',#1769);
#1771=CARTESIAN_POINT('',(-34.6,-2.5,0.186691565));
#1772=DIRECTION('',(0.,1.,0.));
#1773=VECTOR('',#1772,5.);
#1774=LINE('',#1771,#1773);
#1775=EDGE_CURVE('',#1770,#1762,#1774,.T.);
#1776=ORIENTED_EDGE('',*,*,#1775,.F.);
#1777=CARTESIAN_POINT('',(-41.6,-2.5,0.186691565));
#1778=DIRECTION('',(1.,0.,-0.));
#1779=VECTOR('',#1778,7.);
#1780=LINE('',#1777,#1779);
#1781=EDGE_CURVE('',#1754,#1770,#1780,.T.);
#1782=ORIENTED_EDGE('',*,*,#1781,.F.);
#1783=EDGE_LOOP('',(#1760,#1768,#1776,#1782));
#1784=FACE_BOUND('',#1783,.T.);
#1785=CARTESIAN_POINT('',(34.6,-16.55,0.186691565));
#1786=VERTEX_POINT('',#1785);
#1787=CARTESIAN_POINT('',(34.6,-21.55,0.186691565));
#1788=VERTEX_POINT('',#1787);
#1789=CARTESIAN_POINT('',(34.6,-16.55,0.186691565));
#1790=DIRECTION('',(0.,-1.,0.));
#1791=VECTOR('',#1790,5.);
#1792=LINE('',#1789,#1791);
#1793=EDGE_CURVE('',#1786,#1788,#1792,.T.);
#1794=ORIENTED_EDGE('',*,*,#1793,.F.);
#1795=CARTESIAN_POINT('',(41.6,-16.55,0.186691565));
#1796=VERTEX_POINT('',#1795);
#1797=CARTESIAN_POINT('',(41.6,-16.55,0.186691565));
#1798=DIRECTION('',(-1.,0.,0.));
#1799=VECTOR('',#1798,7.);
#1800=LINE('',#1797,#1799);
#1801=EDGE_CURVE('',#1796,#1786,#1800,.T.);
#1802=ORIENTED_EDGE('',*,*,#1801,.F.);
#1803=CARTESIAN_POINT('',(41.6,-21.55,0.186691565));
#1804=VERTEX_POINT('',#1803);
#1805=CARTESIAN_POINT('',(41.6,-21.55,0.186691565));
#1806=DIRECTION('',(0.,1.,0.));
#1807=VECTOR('',#1806,5.);
#1808=LINE('',#1805,#1807);
#1809=EDGE_CURVE('',#1804,#1796,#1808,.T.);
#1810=ORIENTED_EDGE('',*,*,#1809,.F.);
#1811=CARTESIAN_POINT('',(34.6,-21.55,0.186691565));
#1812=DIRECTION('',(1.,0.,-0.));
#1813=VECTOR('',#1812,7.);
#1814=LINE('',#1811,#1813);
#1815=EDGE_CURVE('',#1788,#1804,#1814,.T.);
#1816=ORIENTED_EDGE('',*,*,#1815,.F.);
#1817=EDGE_LOOP('',(#1794,#1802,#1810,#1816));
#1818=FACE_BOUND('',#1817,.T.);
#1819=CARTESIAN_POINT('',(15.55,-16.55,0.186691565));
#1820=VERTEX_POINT('',#1819);
#1821=CARTESIAN_POINT('',(15.55,-21.55,0.186691565));
#1822=VERTEX_POINT('',#1821);
#1823=CARTESIAN_POINT('',(15.55,-16.55,0.186691565));
#1824=DIRECTION('',(0.,-1.,0.));
#1825=VECTOR('',#1824,5.);
#1826=LINE('',#1823,#1825);
#1827=EDGE_CURVE('',#1820,#1822,#1826,.T.);
#1828=ORIENTED_EDGE('',*,*,#1827,.F.);
#1829=CARTESIAN_POINT('',(22.55,-16.55,0.186691565));
#1830=VERTEX_POINT('',#1829);
#1831=CARTESIAN_POINT('',(22.55,-16.55,0.186691565));
#1832=DIRECTION('',(-1.,0.,0.));
#1833=VECTOR('',#1832,7.);
#1834=LINE('',#1831,#1833);
#1835=EDGE_CURVE('',#1830,#1820,#1834,.T.);
#1836=ORIENTED_EDGE('',*,*,#1835,.F.);
#1837=CARTESIAN_POINT('',(22.55,-21.55,0.186691565));
#1838=VERTEX_POINT('',#1837);
#1839=CARTESIAN_POINT('',(22.55,-21.55,0.186691565));
#1840=DIRECTION('',(0.,1.,0.));
#1841=VECTOR('',#1840,5.);
#1842=LINE('',#1839,#1841);
#1843=EDGE_CURVE('',#1838,#1830,#1842,.T.);
#1844=ORIENTED_EDGE('',*,*,#1843,.F.);
#1845=CARTESIAN_POINT('',(15.55,-21.55,0.186691565));
#1846=DIRECTION('',(1.,0.,-0.));
#1847=VECTOR('',#1846,7.);
#1848=LINE('',#1845,#1847);
#1849=EDGE_CURVE('',#1822,#1838,#1848,.T.);
#1850=ORIENTED_EDGE('',*,*,#1849,.F.);
#1851=EDGE_LOOP('',(#1828,#1836,#1844,#1850));
#1852=FACE_BOUND('',#1851,.T.);
#1853=CARTESIAN_POINT('',(34.6,-35.6,0.186691565));
#1854=VERTEX_POINT('',#1853);
#1855=CARTESIAN_POINT('',(34.6,-40.6,0.186691565));
#1856=VERTEX_POINT('',#1855);
#1857=CARTESIAN_POINT('',(34.6,-35.6,0.186691565));
#1858=DIRECTION('',(0.,-1.,0.));
#1859=VECTOR('',#1858,5.);
#1860=LINE('',#1857,#1859);
#1861=EDGE_CURVE('',#1854,#1856,#1860,.T.);
#1862=ORIENTED_EDGE('',*,*,#1861,.F.);
#1863=CARTESIAN_POINT('',(41.6,-35.6,0.186691565));
#1864=VERTEX_POINT('',#1863);
#1865=CARTESIAN_POINT('',(41.6,-35.6,0.186691565));
#1866=DIRECTION('',(-1.,0.,0.));
#1867=VECTOR('',#1866,7.);
#1868=LINE('',#1865,#1867);
#1869=EDGE_CURVE('',#1864,#1854,#1868,.T.);
#1870=ORIENTED_EDGE('',*,*,#1869,.F.);
#1871=CARTESIAN_POINT('',(41.6,-40.6,0.186691565));
#1872=VERTEX_POINT('',#1871);
#1873=CARTESIAN_POINT('',(41.6,-40.6,0.186691565));
#1874=DIRECTION('',(0.,1.,0.));
#1875=VECTOR('',#1874,5.);
#1876=LINE('',#1873,#1875);
#1877=EDGE_CURVE('',#1872,#1864,#1876,.T.);
#1878=ORIENTED_EDGE('',*,*,#1877,.F.);
#1879=CARTESIAN_POINT('',(34.6,-40.6,0.186691565));
#1880=DIRECTION('',(1.,0.,-0.));
#1881=VECTOR('',#1880,7.);
#1882=LINE('',#1879,#1881);
#1883=EDGE_CURVE('',#1856,#1872,#1882,.T.);
#1884=ORIENTED_EDGE('',*,*,#1883,.F.);
#1885=EDGE_LOOP('',(#1862,#1870,#1878,#1884));
#1886=FACE_BOUND('',#1885,.T.);
#1887=CARTESIAN_POINT('',(-22.55,2.5,0.186691565));
#1888=VERTEX_POINT('',#1887);
#1889=CARTESIAN_POINT('',(-22.55,-2.5,0.186691565));
#1890=VERTEX_POINT('',#1889);
#1891=CARTESIAN_POINT('',(-22.55,2.5,0.186691565));
#1892=DIRECTION('',(0.,-1.,0.));
#1893=VECTOR('',#1892,5.);
#1894=LINE('',#1891,#1893);
#1895=EDGE_CURVE('',#1888,#1890,#1894,.T.);
#1896=ORIENTED_EDGE('',*,*,#1895,.F.);
#1897=CARTESIAN_POINT('',(-15.55,2.5,0.186691565));
#1898=VERTEX_POINT('',#1897);
#1899=CARTESIAN_POINT('',(-15.55,2.5,0.186691565));
#1900=DIRECTION('',(-1.,0.,0.));
#1901=VECTOR('',#1900,7.);
#1902=LINE('',#1899,#1901);
#1903=EDGE_CURVE('',#1898,#1888,#1902,.T.);
#1904=ORIENTED_EDGE('',*,*,#1903,.F.);
#1905=CARTESIAN_POINT('',(-15.55,-2.5,0.186691565));
#1906=VERTEX_POINT('',#1905);
#1907=CARTESIAN_POINT('',(-15.55,-2.5,0.186691565));
#1908=DIRECTION('',(0.,1.,0.));
#1909=VECTOR('',#1908,5.);
#1910=LINE('',#1907,#1909);
#1911=EDGE_CURVE('',#1906,#1898,#1910,.T.);
#1912=ORIENTED_EDGE('',*,*,#1911,.F.);
#1913=CARTESIAN_POINT('',(-22.55,-2.5,0.186691565));
#1914=DIRECTION('',(1.,0.,-0.));
#1915=VECTOR('',#1914,7.);
#1916=LINE('',#1913,#1915);
#1917=EDGE_CURVE('',#1890,#1906,#1916,.T.);
#1918=ORIENTED_EDGE('',*,*,#1917,.F.);
#1919=EDGE_LOOP('',(#1896,#1904,#1912,#1918));
#1920=FACE_BOUND('',#1919,.T.);
#1921=CARTESIAN_POINT('',(-3.5,2.5,0.186691565));
#1922=VERTEX_POINT('',#1921);
#1923=CARTESIAN_POINT('',(-3.5,-2.5,0.186691565));
#1924=VERTEX_POINT('',#1923);
#1925=CARTESIAN_POINT('',(-3.5,2.5,0.186691565));
#1926=DIRECTION('',(0.,-1.,0.));
#1927=VECTOR('',#1926,5.);
#1928=LINE('',#1925,#1927);
#1929=EDGE_CURVE('',#1922,#1924,#1928,.T.);
#1930=ORIENTED_EDGE('',*,*,#1929,.F.);
#1931=CARTESIAN_POINT('',(3.5,2.5,0.186691565));
#1932=VERTEX_POINT('',#1931);
#1933=CARTESIAN_POINT('',(3.5,2.5,0.186691565));
#1934=DIRECTION('',(-1.,0.,0.));
#1935=VECTOR('',#1934,7.);
#1936=LINE('',#1933,#1935);
#1937=EDGE_CURVE('',#1932,#1922,#1936,.T.);
#1938=ORIENTED_EDGE('',*,*,#1937,.F.);
#1939=CARTESIAN_POINT('',(3.5,-2.5,0.186691565));
#1940=VERTEX_POINT('',#1939);
#1941=CARTESIAN_POINT('',(3.5,-2.5,0.186691565));
#1942=DIRECTION('',(0.,1.,0.));
#1943=VECTOR('',#1942,5.);
#1944=LINE('',#1941,#1943);
#1945=EDGE_CURVE('',#1940,#1932,#1944,.T.);
#1946=ORIENTED_EDGE('',*,*,#1945,.F.);
#1947=CARTESIAN_POINT('',(-3.5,-2.5,0.186691565));
#1948=DIRECTION('',(1.,0.,-0.));
#1949=VECTOR('',#1948,7.);
#1950=LINE('',#1947,#1949);
#1951=EDGE_CURVE('',#1924,#1940,#1950,.T.);
#1952=ORIENTED_EDGE('',*,*,#1951,.F.);
#1953=EDGE_LOOP('',(#1930,#1938,#1946,#1952));
#1954=FACE_BOUND('',#1953,.T.);
#1955=CARTESIAN_POINT('',(-41.6,21.55,0.186691565));
#1956=VERTEX_POINT('',#1955);
#1957=CARTESIAN_POINT('',(-41.6,16.55,0.186691565));
#1958=VERTEX_POINT('',#1957);
#1959=CARTESIAN_POINT('',(-41.6,21.55,0.186691565));
#1960=DIRECTION('',(0.,-1.,0.));
#1961=VECTOR('',#1960,5.);
#1962=LINE('',#1959,#1961);
#1963=EDGE_CURVE('',#1956,#1958,#1962,.T.);
#1964=ORIENTED_EDGE('',*,*,#1963,.F.);
#1965=CARTESIAN_POINT('',(-34.6,21.55,0.186691565));
#1966=VERTEX_POINT('',#1965);
#1967=CARTESIAN_POINT('',(-34.6,21.55,0.186691565));
#1968=DIRECTION('',(-1.,0.,0.));
#1969=VECTOR('',#1968,7.);
#1970=LINE('',#1967,#1969);
#1971=EDGE_CURVE('',#1966,#1956,#1970,.T.);
#1972=ORIENTED_EDGE('',*,*,#1971,.F.);
#1973=CARTESIAN_POINT('',(-34.6,16.55,0.186691565));
#1974=VERTEX_POINT('',#1973);
#1975=CARTESIAN_POINT('',(-34.6,16.55,0.186691565));
#1976=DIRECTION('',(0.,1.,0.));
#1977=VECTOR('',#1976,5.);
#1978=LINE('',#1975,#1977);
#1979=EDGE_CURVE('',#1974,#1966,#1978,.T.);
#1980=ORIENTED_EDGE('',*,*,#1979,.F.);
#1981=CARTESIAN_POINT('',(-41.6,16.55,0.186691565));
#1982=DIRECTION('',(1.,0.,-0.));
#1983=VECTOR('',#1982,7.);
#1984=LINE('',#1981,#1983);
#1985=EDGE_CURVE('',#1958,#1974,#1984,.T.);
#1986=ORIENTED_EDGE('',*,*,#1985,.F.);
#1987=EDGE_LOOP('',(#1964,#1972,#1980,#1986));
#1988=FACE_BOUND('',#1987,.T.);
#1989=CARTESIAN_POINT('',(-22.55,21.55,0.186691565));
#1990=VERTEX_POINT('',#1989);
#1991=CARTESIAN_POINT('',(-22.55,16.55,0.186691565));
#1992=VERTEX_POINT('',#1991);
#1993=CARTESIAN_POINT('',(-22.55,21.55,0.186691565));
#1994=DIRECTION('',(0.,-1.,0.));
#1995=VECTOR('',#1994,5.);
#1996=LINE('',#1993,#1995);
#1997=EDGE_CURVE('',#1990,#1992,#1996,.T.);
#1998=ORIENTED_EDGE('',*,*,#1997,.F.);
#1999=CARTESIAN_POINT('',(-15.55,21.55,0.186691565));
#2000=VERTEX_POINT('',#1999);
#2001=CARTESIAN_POINT('',(-15.55,21.55,0.186691565));
#2002=DIRECTION('',(-1.,0.,0.));
#2003=VECTOR('',#2002,7.);
#2004=LINE('',#2001,#2003);
#2005=EDGE_CURVE('',#2000,#1990,#2004,.T.);
#2006=ORIENTED_EDGE('',*,*,#2005,.F.);
#2007=CARTESIAN_POINT('',(-15.55,16.55,0.186691565));
#2008=VERTEX_POINT('',#2007);
#2009=CARTESIAN_POINT('',(-15.55,16.55,0.186691565));
#2010=DIRECTION('',(0.,1.,0.));
#2011=VECTOR('',#2010,5.);
#2012=LINE('',#2009,#2011);
#2013=EDGE_CURVE('',#2008,#2000,#2012,.T.);
#2014=ORIENTED_EDGE('',*,*,#2013,.F.);
#2015=CARTESIAN_POINT('',(-22.55,16.55,0.186691565));
#2016=DIRECTION('',(1.,0.,-0.));
#2017=VECTOR('',#2016,7.);
#2018=LINE('',#2015,#2017);
#2019=EDGE_CURVE('',#1992,#2008,#2018,.T.);
#2020=ORIENTED_EDGE('',*,*,#2019,.F.);
#2021=EDGE_LOOP('',(#1998,#2006,#2014,#2020));
#2022=FACE_BOUND('',#2021,.T.);
#2023=CARTESIAN_POINT('',(-43.18,-38.975,0.186691565));
#2024=VERTEX_POINT('',#2023);
#2025=CARTESIAN_POINT('',(-43.18,-38.1,0.186691565));
#2026=DIRECTION('',(-0.,-0.,-1.));
#2027=DIRECTION('',(1.,0.,-0.));
#2028=AXIS2_PLACEMENT_3D('',#2025,#2026,#2027);
#2029=CIRCLE('',#2028,0.875);
#2030=EDGE_CURVE('',#2024,#2024,#2029,.T.);
#2031=ORIENTED_EDGE('',*,*,#2030,.T.);
#2032=EDGE_LOOP('',(#2031));
#2033=FACE_BOUND('',#2032,.T.);
#2034=CARTESIAN_POINT('',(43.18,18.175,0.186691565));
#2035=VERTEX_POINT('',#2034);
#2036=CARTESIAN_POINT('',(43.18,19.05,0.186691565));
#2037=DIRECTION('',(-0.,-0.,-1.));
#2038=DIRECTION('',(1.,0.,-0.));
#2039=AXIS2_PLACEMENT_3D('',#2036,#2037,#2038);
#2040=CIRCLE('',#2039,0.875);
#2041=EDGE_CURVE('',#2035,#2035,#2040,.T.);
#2042=ORIENTED_EDGE('',*,*,#2041,.T.);
#2043=EDGE_LOOP('',(#2042));
#2044=FACE_BOUND('',#2043,.T.);
#2045=CARTESIAN_POINT('',(33.02,18.175,0.186691565));
#2046=VERTEX_POINT('',#2045);
#2047=CARTESIAN_POINT('',(33.02,19.05,0.186691565));
#2048=DIRECTION('',(-0.,-0.,-1.));
#2049=DIRECTION('',(1.,0.,-0.));
#2050=AXIS2_PLACEMENT_3D('',#2047,#2048,#2049);
#2051=CIRCLE('',#2050,0.875);
#2052=EDGE_CURVE('',#2046,#2046,#2051,.T.);
#2053=ORIENTED_EDGE('',*,*,#2052,.T.);
#2054=EDGE_LOOP('',(#2053));
#2055=FACE_BOUND('',#2054,.T.);
#2056=CARTESIAN_POINT('',(24.13,18.175,0.186691565));
#2057=VERTEX_POINT('',#2056);
#2058=CARTESIAN_POINT('',(24.13,19.05,0.186691565));
#2059=DIRECTION('',(-0.,-0.,-1.));
#2060=DIRECTION('',(1.,0.,-0.));
#2061=AXIS2_PLACEMENT_3D('',#2058,#2059,#2060);
#2062=CIRCLE('',#2061,0.875);
#2063=EDGE_CURVE('',#2057,#2057,#2062,.T.);
#2064=ORIENTED_EDGE('',*,*,#2063,.T.);
#2065=EDGE_LOOP('',(#2064));
#2066=FACE_BOUND('',#2065,.T.);
#2067=CARTESIAN_POINT('',(13.97,-38.975,0.186691565));
#2068=VERTEX_POINT('',#2067);
#2069=CARTESIAN_POINT('',(13.97,-38.1,0.186691565));
#2070=DIRECTION('',(-0.,-0.,-1.));
#2071=DIRECTION('',(1.,0.,-0.));
#2072=AXIS2_PLACEMENT_3D('',#2069,#2070,#2071);
#2073=CIRCLE('',#2072,0.875);
#2074=EDGE_CURVE('',#2068,#2068,#2073,.T.);
#2075=ORIENTED_EDGE('',*,*,#2074,.T.);
#2076=EDGE_LOOP('',(#2075));
#2077=FACE_BOUND('',#2076,.T.);
#2078=CARTESIAN_POINT('',(43.18,-38.975,0.186691565));
#2079=VERTEX_POINT('',#2078);
#2080=CARTESIAN_POINT('',(43.18,-38.1,0.186691565));
#2081=DIRECTION('',(-0.,-0.,-1.));
#2082=DIRECTION('',(1.,0.,-0.));
#2083=AXIS2_PLACEMENT_3D('',#2080,#2081,#2082);
#2084=CIRCLE('',#2083,0.875);
#2085=EDGE_CURVE('',#2079,#2079,#2084,.T.);
#2086=ORIENTED_EDGE('',*,*,#2085,.T.);
#2087=EDGE_LOOP('',(#2086));
#2088=FACE_BOUND('',#2087,.T.);
#2089=CARTESIAN_POINT('',(5.08,-19.925,0.186691565));
#2090=VERTEX_POINT('',#2089);
#2091=CARTESIAN_POINT('',(5.08,-19.05,0.186691565));
#2092=DIRECTION('',(-0.,-0.,-1.));
#2093=DIRECTION('',(1.,0.,-0.));
#2094=AXIS2_PLACEMENT_3D('',#2091,#2092,#2093);
#2095=CIRCLE('',#2094,0.875);
#2096=EDGE_CURVE('',#2090,#2090,#2095,.T.);
#2097=ORIENTED_EDGE('',*,*,#2096,.T.);
#2098=EDGE_LOOP('',(#2097));
#2099=FACE_BOUND('',#2098,.T.);
#2100=CARTESIAN_POINT('',(13.97,-19.925,0.186691565));
#2101=VERTEX_POINT('',#2100);
#2102=CARTESIAN_POINT('',(13.97,-19.05,0.186691565));
#2103=DIRECTION('',(-0.,-0.,-1.));
#2104=DIRECTION('',(1.,0.,-0.));
#2105=AXIS2_PLACEMENT_3D('',#2102,#2103,#2104);
#2106=CIRCLE('',#2105,0.875);
#2107=EDGE_CURVE('',#2101,#2101,#2106,.T.);
#2108=ORIENTED_EDGE('',*,*,#2107,.T.);
#2109=EDGE_LOOP('',(#2108));
#2110=FACE_BOUND('',#2109,.T.);
#2111=CARTESIAN_POINT('',(-43.18,-0.875,0.186691565));
#2112=VERTEX_POINT('',#2111);
#2113=CARTESIAN_POINT('',(-43.18,-0.,0.186691565));
#2114=DIRECTION('',(-0.,-0.,-1.));
#2115=DIRECTION('',(1.,0.,-0.));
#2116=AXIS2_PLACEMENT_3D('',#2113,#2114,#2115);
#2117=CIRCLE('',#2116,0.875);
#2118=EDGE_CURVE('',#2112,#2112,#2117,.T.);
#2119=ORIENTED_EDGE('',*,*,#2118,.T.);
#2120=EDGE_LOOP('',(#2119));
#2121=FACE_BOUND('',#2120,.T.);
#2122=CARTESIAN_POINT('',(43.18,-19.925,0.186691565));
#2123=VERTEX_POINT('',#2122);
#2124=CARTESIAN_POINT('',(43.18,-19.05,0.186691565));
#2125=DIRECTION('',(-0.,-0.,-1.));
#2126=DIRECTION('',(1.,0.,-0.));
#2127=AXIS2_PLACEMENT_3D('',#2124,#2125,#2126);
#2128=CIRCLE('',#2127,0.875);
#2129=EDGE_CURVE('',#2123,#2123,#2128,.T.);
#2130=ORIENTED_EDGE('',*,*,#2129,.T.);
#2131=EDGE_LOOP('',(#2130));
#2132=FACE_BOUND('',#2131,.T.);
#2133=CARTESIAN_POINT('',(33.02,-19.925,0.186691565));
#2134=VERTEX_POINT('',#2133);
#2135=CARTESIAN_POINT('',(33.02,-19.05,0.186691565));
#2136=DIRECTION('',(-0.,-0.,-1.));
#2137=DIRECTION('',(1.,0.,-0.));
#2138=AXIS2_PLACEMENT_3D('',#2135,#2136,#2137);
#2139=CIRCLE('',#2138,0.875);
#2140=EDGE_CURVE('',#2134,#2134,#2139,.T.);
#2141=ORIENTED_EDGE('',*,*,#2140,.T.);
#2142=EDGE_LOOP('',(#2141));
#2143=FACE_BOUND('',#2142,.T.);
#2144=CARTESIAN_POINT('',(24.13,-19.925,0.186691565));
#2145=VERTEX_POINT('',#2144);
#2146=CARTESIAN_POINT('',(24.13,-19.05,0.186691565));
#2147=DIRECTION('',(-0.,-0.,-1.));
#2148=DIRECTION('',(1.,0.,-0.));
#2149=AXIS2_PLACEMENT_3D('',#2146,#2147,#2148);
#2150=CIRCLE('',#2149,0.875);
#2151=EDGE_CURVE('',#2145,#2145,#2150,.T.);
#2152=ORIENTED_EDGE('',*,*,#2151,.T.);
#2153=EDGE_LOOP('',(#2152));
#2154=FACE_BOUND('',#2153,.T.);
#2155=CARTESIAN_POINT('',(-13.97,-38.975,0.186691565));
#2156=VERTEX_POINT('',#2155);
#2157=CARTESIAN_POINT('',(-13.97,-38.1,0.186691565));
#2158=DIRECTION('',(-0.,-0.,-1.));
#2159=DIRECTION('',(1.,0.,-0.));
#2160=AXIS2_PLACEMENT_3D('',#2157,#2158,#2159);
#2161=CIRCLE('',#2160,0.875);
#2162=EDGE_CURVE('',#2156,#2156,#2161,.T.);
#2163=ORIENTED_EDGE('',*,*,#2162,.T.);
#2164=EDGE_LOOP('',(#2163));
#2165=FACE_BOUND('',#2164,.T.);
#2166=CARTESIAN_POINT('',(-5.08,-38.975,0.186691565));
#2167=VERTEX_POINT('',#2166);
#2168=CARTESIAN_POINT('',(-5.08,-38.1,0.186691565));
#2169=DIRECTION('',(-0.,-0.,-1.));
#2170=DIRECTION('',(1.,0.,-0.));
#2171=AXIS2_PLACEMENT_3D('',#2168,#2169,#2170);
#2172=CIRCLE('',#2171,0.875);
#2173=EDGE_CURVE('',#2167,#2167,#2172,.T.);
#2174=ORIENTED_EDGE('',*,*,#2173,.T.);
#2175=EDGE_LOOP('',(#2174));
#2176=FACE_BOUND('',#2175,.T.);
#2177=CARTESIAN_POINT('',(-43.18,-19.925,0.186691565));
#2178=VERTEX_POINT('',#2177);
#2179=CARTESIAN_POINT('',(-43.18,-19.05,0.186691565));
#2180=DIRECTION('',(-0.,-0.,-1.));
#2181=DIRECTION('',(1.,0.,-0.));
#2182=AXIS2_PLACEMENT_3D('',#2179,#2180,#2181);
#2183=CIRCLE('',#2182,0.875);
#2184=EDGE_CURVE('',#2178,#2178,#2183,.T.);
#2185=ORIENTED_EDGE('',*,*,#2184,.T.);
#2186=EDGE_LOOP('',(#2185));
#2187=FACE_BOUND('',#2186,.T.);
#2188=CARTESIAN_POINT('',(-33.02,-19.925,0.186691565));
#2189=VERTEX_POINT('',#2188);
#2190=CARTESIAN_POINT('',(-33.02,-19.05,0.186691565));
#2191=DIRECTION('',(-0.,-0.,-1.));
#2192=DIRECTION('',(1.,0.,-0.));
#2193=AXIS2_PLACEMENT_3D('',#2190,#2191,#2192);
#2194=CIRCLE('',#2193,0.875);
#2195=EDGE_CURVE('',#2189,#2189,#2194,.T.);
#2196=ORIENTED_EDGE('',*,*,#2195,.T.);
#2197=EDGE_LOOP('',(#2196));
#2198=FACE_BOUND('',#2197,.T.);
#2199=CARTESIAN_POINT('',(-24.13,-19.925,0.186691565));
#2200=VERTEX_POINT('',#2199);
#2201=CARTESIAN_POINT('',(-24.13,-19.05,0.186691565));
#2202=DIRECTION('',(-0.,-0.,-1.));
#2203=DIRECTION('',(1.,0.,-0.));
#2204=AXIS2_PLACEMENT_3D('',#2201,#2202,#2203);
#2205=CIRCLE('',#2204,0.875);
#2206=EDGE_CURVE('',#2200,#2200,#2205,.T.);
#2207=ORIENTED_EDGE('',*,*,#2206,.T.);
#2208=EDGE_LOOP('',(#2207));
#2209=FACE_BOUND('',#2208,.T.);
#2210=CARTESIAN_POINT('',(-13.97,-19.925,0.186691565));
#2211=VERTEX_POINT('',#2210);
#2212=CARTESIAN_POINT('',(-13.97,-19.05,0.186691565));
#2213=DIRECTION('',(-0.,-0.,-1.));
#2214=DIRECTION('',(1.,0.,-0.));
#2215=AXIS2_PLACEMENT_3D('',#2212,#2213,#2214);
#2216=CIRCLE('',#2215,0.875);
#2217=EDGE_CURVE('',#2211,#2211,#2216,.T.);
#2218=ORIENTED_EDGE('',*,*,#2217,.T.);
#2219=EDGE_LOOP('',(#2218));
#2220=FACE_BOUND('',#2219,.T.);
#2221=CARTESIAN_POINT('',(-5.08,-19.925,0.186691565));
#2222=VERTEX_POINT('',#2221);
#2223=CARTESIAN_POINT('',(-5.08,-19.05,0.186691565));
#2224=DIRECTION('',(-0.,-0.,-1.));
#2225=DIRECTION('',(1.,0.,-0.));
#2226=AXIS2_PLACEMENT_3D('',#2223,#2224,#2225);
#2227=CIRCLE('',#2226,0.875);
#2228=EDGE_CURVE('',#2222,#2222,#2227,.T.);
#2229=ORIENTED_EDGE('',*,*,#2228,.T.);
#2230=EDGE_LOOP('',(#2229));
#2231=FACE_BOUND('',#2230,.T.);
#2232=CARTESIAN_POINT('',(5.08,-38.975,0.186691565));
#2233=VERTEX_POINT('',#2232);
#2234=CARTESIAN_POINT('',(5.08,-38.1,0.186691565));
#2235=DIRECTION('',(-0.,-0.,-1.));
#2236=DIRECTION('',(1.,0.,-0.));
#2237=AXIS2_PLACEMENT_3D('',#2234,#2235,#2236);
#2238=CIRCLE('',#2237,0.875);
#2239=EDGE_CURVE('',#2233,#2233,#2238,.T.);
#2240=ORIENTED_EDGE('',*,*,#2239,.T.);
#2241=EDGE_LOOP('',(#2240));
#2242=FACE_BOUND('',#2241,.T.);
#2243=CARTESIAN_POINT('',(-5.08,18.175,0.186691565));
#2244=VERTEX_POINT('',#2243);
#2245=CARTESIAN_POINT('',(-5.08,19.05,0.186691565));
#2246=DIRECTION('',(-0.,-0.,-1.));
#2247=DIRECTION('',(1.,0.,-0.));
#2248=AXIS2_PLACEMENT_3D('',#2245,#2246,#2247);
#2249=CIRCLE('',#2248,0.875);
#2250=EDGE_CURVE('',#2244,#2244,#2249,.T.);
#2251=ORIENTED_EDGE('',*,*,#2250,.T.);
#2252=EDGE_LOOP('',(#2251));
#2253=FACE_BOUND('',#2252,.T.);
#2254=CARTESIAN_POINT('',(5.08,-0.875,0.186691565));
#2255=VERTEX_POINT('',#2254);
#2256=CARTESIAN_POINT('',(5.08,-0.,0.186691565));
#2257=DIRECTION('',(-0.,-0.,-1.));
#2258=DIRECTION('',(1.,0.,-0.));
#2259=AXIS2_PLACEMENT_3D('',#2256,#2257,#2258);
#2260=CIRCLE('',#2259,0.875);
#2261=EDGE_CURVE('',#2255,#2255,#2260,.T.);
#2262=ORIENTED_EDGE('',*,*,#2261,.T.);
#2263=EDGE_LOOP('',(#2262));
#2264=FACE_BOUND('',#2263,.T.);
#2265=CARTESIAN_POINT('',(13.97,-0.875,0.186691565));
#2266=VERTEX_POINT('',#2265);
#2267=CARTESIAN_POINT('',(13.97,-0.,0.186691565));
#2268=DIRECTION('',(-0.,-0.,-1.));
#2269=DIRECTION('',(1.,0.,-0.));
#2270=AXIS2_PLACEMENT_3D('',#2267,#2268,#2269);
#2271=CIRCLE('',#2270,0.875);
#2272=EDGE_CURVE('',#2266,#2266,#2271,.T.);
#2273=ORIENTED_EDGE('',*,*,#2272,.T.);
#2274=EDGE_LOOP('',(#2273));
#2275=FACE_BOUND('',#2274,.T.);
#2276=CARTESIAN_POINT('',(24.13,-0.875,0.186691565));
#2277=VERTEX_POINT('',#2276);
#2278=CARTESIAN_POINT('',(24.13,-0.,0.186691565));
#2279=DIRECTION('',(-0.,-0.,-1.));
#2280=DIRECTION('',(1.,0.,-0.));
#2281=AXIS2_PLACEMENT_3D('',#2278,#2279,#2280);
#2282=CIRCLE('',#2281,0.875);
#2283=EDGE_CURVE('',#2277,#2277,#2282,.T.);
#2284=ORIENTED_EDGE('',*,*,#2283,.T.);
#2285=EDGE_LOOP('',(#2284));
#2286=FACE_BOUND('',#2285,.T.);
#2287=CARTESIAN_POINT('',(33.02,-0.875,0.186691565));
#2288=VERTEX_POINT('',#2287);
#2289=CARTESIAN_POINT('',(33.02,-0.,0.186691565));
#2290=DIRECTION('',(-0.,-0.,-1.));
#2291=DIRECTION('',(1.,0.,-0.));
#2292=AXIS2_PLACEMENT_3D('',#2289,#2290,#2291);
#2293=CIRCLE('',#2292,0.875);
#2294=EDGE_CURVE('',#2288,#2288,#2293,.T.);
#2295=ORIENTED_EDGE('',*,*,#2294,.T.);
#2296=EDGE_LOOP('',(#2295));
#2297=FACE_BOUND('',#2296,.T.);
#2298=CARTESIAN_POINT('',(43.18,-0.875,0.186691565));
#2299=VERTEX_POINT('',#2298);
#2300=CARTESIAN_POINT('',(43.18,-0.,0.186691565));
#2301=DIRECTION('',(-0.,-0.,-1.));
#2302=DIRECTION('',(1.,0.,-0.));
#2303=AXIS2_PLACEMENT_3D('',#2300,#2301,#2302);
#2304=CIRCLE('',#2303,0.875);
#2305=EDGE_CURVE('',#2299,#2299,#2304,.T.);
#2306=ORIENTED_EDGE('',*,*,#2305,.T.);
#2307=EDGE_LOOP('',(#2306));
#2308=FACE_BOUND('',#2307,.T.);
#2309=CARTESIAN_POINT('',(5.08,18.175,0.186691565));
#2310=VERTEX_POINT('',#2309);
#2311=CARTESIAN_POINT('',(5.08,19.05,0.186691565));
#2312=DIRECTION('',(-0.,-0.,-1.));
#2313=DIRECTION('',(1.,0.,-0.));
#2314=AXIS2_PLACEMENT_3D('',#2311,#2312,#2313);
#2315=CIRCLE('',#2314,0.875);
#2316=EDGE_CURVE('',#2310,#2310,#2315,.T.);
#2317=ORIENTED_EDGE('',*,*,#2316,.T.);
#2318=EDGE_LOOP('',(#2317));
#2319=FACE_BOUND('',#2318,.T.);
#2320=CARTESIAN_POINT('',(13.97,18.175,0.186691565));
#2321=VERTEX_POINT('',#2320);
#2322=CARTESIAN_POINT('',(13.97,19.05,0.186691565));
#2323=DIRECTION('',(-0.,-0.,-1.));
#2324=DIRECTION('',(1.,0.,-0.));
#2325=AXIS2_PLACEMENT_3D('',#2322,#2323,#2324);
#2326=CIRCLE('',#2325,0.875);
#2327=EDGE_CURVE('',#2321,#2321,#2326,.T.);
#2328=ORIENTED_EDGE('',*,*,#2327,.T.);
#2329=EDGE_LOOP('',(#2328));
#2330=FACE_BOUND('',#2329,.T.);
#2331=CARTESIAN_POINT('',(-13.97,18.175,0.186691565));
#2332=VERTEX_POINT('',#2331);
#2333=CARTESIAN_POINT('',(-13.97,19.05,0.186691565));
#2334=DIRECTION('',(-0.,-0.,-1.));
#2335=DIRECTION('',(1.,0.,-0.));
#2336=AXIS2_PLACEMENT_3D('',#2333,#2334,#2335);
#2337=CIRCLE('',#2336,0.875);
#2338=EDGE_CURVE('',#2332,#2332,#2337,.T.);
#2339=ORIENTED_EDGE('',*,*,#2338,.T.);
#2340=EDGE_LOOP('',(#2339));
#2341=FACE_BOUND('',#2340,.T.);
#2342=CARTESIAN_POINT('',(-24.13,18.175,0.186691565));
#2343=VERTEX_POINT('',#2342);
#2344=CARTESIAN_POINT('',(-24.13,19.05,0.186691565));
#2345=DIRECTION('',(-0.,-0.,-1.));
#2346=DIRECTION('',(1.,0.,-0.));
#2347=AXIS2_PLACEMENT_3D('',#2344,#2345,#2346);
#2348=CIRCLE('',#2347,0.875);
#2349=EDGE_CURVE('',#2343,#2343,#2348,.T.);
#2350=ORIENTED_EDGE('',*,*,#2349,.T.);
#2351=EDGE_LOOP('',(#2350));
#2352=FACE_BOUND('',#2351,.T.);
#2353=CARTESIAN_POINT('',(-33.02,18.175,0.186691565));
#2354=VERTEX_POINT('',#2353);
#2355=CARTESIAN_POINT('',(-33.02,19.05,0.186691565));
#2356=DIRECTION('',(-0.,-0.,-1.));
#2357=DIRECTION('',(1.,0.,-0.));
#2358=AXIS2_PLACEMENT_3D('',#2355,#2356,#2357);
#2359=CIRCLE('',#2358,0.875);
#2360=EDGE_CURVE('',#2354,#2354,#2359,.T.);
#2361=ORIENTED_EDGE('',*,*,#2360,.T.);
#2362=EDGE_LOOP('',(#2361));
#2363=FACE_BOUND('',#2362,.T.);
#2364=CARTESIAN_POINT('',(-43.18,18.175,0.186691565));
#2365=VERTEX_POINT('',#2364);
#2366=CARTESIAN_POINT('',(-43.18,19.05,0.186691565));
#2367=DIRECTION('',(-0.,-0.,-1.));
#2368=DIRECTION('',(1.,0.,-0.));
#2369=AXIS2_PLACEMENT_3D('',#2366,#2367,#2368);
#2370=CIRCLE('',#2369,0.875);
#2371=EDGE_CURVE('',#2365,#2365,#2370,.T.);
#2372=ORIENTED_EDGE('',*,*,#2371,.T.);
#2373=EDGE_LOOP('',(#2372));
#2374=FACE_BOUND('',#2373,.T.);
#2375=CARTESIAN_POINT('',(-5.08,-0.875,0.186691565));
#2376=VERTEX_POINT('',#2375);
#2377=CARTESIAN_POINT('',(-5.08,-0.,0.186691565));
#2378=DIRECTION('',(-0.,-0.,-1.));
#2379=DIRECTION('',(1.,0.,-0.));
#2380=AXIS2_PLACEMENT_3D('',#2377,#2378,#2379);
#2381=CIRCLE('',#2380,0.875);
#2382=EDGE_CURVE('',#2376,#2376,#2381,.T.);
#2383=ORIENTED_EDGE('',*,*,#2382,.T.);
#2384=EDGE_LOOP('',(#2383));
#2385=FACE_BOUND('',#2384,.T.);
#2386=CARTESIAN_POINT('',(-13.97,-0.875,0.186691565));
#2387=VERTEX_POINT('',#2386);
#2388=CARTESIAN_POINT('',(-13.97,-0.,0.186691565));
#2389=DIRECTION('',(-0.,-0.,-1.));
#2390=DIRECTION('',(1.,0.,-0.));
#2391=AXIS2_PLACEMENT_3D('',#2388,#2389,#2390);
#2392=CIRCLE('',#2391,0.875);
#2393=EDGE_CURVE('',#2387,#2387,#2392,.T.);
#2394=ORIENTED_EDGE('',*,*,#2393,.T.);
#2395=EDGE_LOOP('',(#2394));
#2396=FACE_BOUND('',#2395,.T.);
#2397=CARTESIAN_POINT('',(-24.13,-0.875,0.186691565));
#2398=VERTEX_POINT('',#2397);
#2399=CARTESIAN_POINT('',(-24.13,-0.,0.186691565));
#2400=DIRECTION('',(-0.,-0.,-1.));
#2401=DIRECTION('',(1.,0.,-0.));
#2402=AXIS2_PLACEMENT_3D('',#2399,#2400,#2401);
#2403=CIRCLE('',#2402,0.875);
#2404=EDGE_CURVE('',#2398,#2398,#2403,.T.);
#2405=ORIENTED_EDGE('',*,*,#2404,.T.);
#2406=EDGE_LOOP('',(#2405));
#2407=FACE_BOUND('',#2406,.T.);
#2408=CARTESIAN_POINT('',(-33.02,-0.875,0.186691565));
#2409=VERTEX_POINT('',#2408);
#2410=CARTESIAN_POINT('',(-33.02,-0.,0.186691565));
#2411=DIRECTION('',(-0.,-0.,-1.));
#2412=DIRECTION('',(1.,0.,-0.));
#2413=AXIS2_PLACEMENT_3D('',#2410,#2411,#2412);
#2414=CIRCLE('',#2413,0.875);
#2415=EDGE_CURVE('',#2409,#2409,#2414,.T.);
#2416=ORIENTED_EDGE('',*,*,#2415,.T.);
#2417=EDGE_LOOP('',(#2416));
#2418=FACE_BOUND('',#2417,.T.);
#2419=ADVANCED_FACE('',(#952,#1002,#1052,#1090,#1128,#1166,#1204,#1274,#1308,#1342,#1376,#1410,#1444,#1478,#1512,#1546,#1580,#1614,#1648,#1682,#1716,#1750,#1784,#1818,#1852,#1886,
#1920,#1954,#1988,#2022,#2033,#2044,#2055,#2066,#2077,#2088,#2099,#2110,#2121,#2132,#2143,#2154,#2165,#2176,#2187,#2198,#2209,#2220,#2231,#2242,#2253,
#2264,#2275,#2286,#2297,#2308,#2319,#2330,#2341,#2352,#2363,#2374,#2385,#2396,#2407,#2418),#902,.T.);
#2420=CARTESIAN_POINT('',(-104.25,84.635901808,-14.61828116));
#2421=DIRECTION('',(-0.,0.087155743,0.996194698));
#2422=DIRECTION('',(1.,0.,-0.));
#2423=AXIS2_PLACEMENT_3D('',#2420,#2421,#2422);
#2424=PLANE('',#2423);
#2425=CARTESIAN_POINT('',(-47.895,-53.482155743,-2.534516896));
#2426=VERTEX_POINT('',#2425);
#2427=CARTESIAN_POINT('',(-53.395,-47.982155743,-3.015704546));
#2428=VERTEX_POINT('',#2427);
#2429=CARTESIAN_POINT('',(-47.895,-53.482155743,-2.534516896));
#2430=CARTESIAN_POINT('',(-48.973441313,-53.48652552,-2.53413459));
#2431=CARTESIAN_POINT('',(-49.997912017,-53.061236111,-2.571342592));
#2432=CARTESIAN_POINT('',(-51.016827626,-52.638252794,-2.608348838));
#2433=CARTESIAN_POINT('',(-51.784087297,-51.871243039,-2.675453496));
#2434=CARTESIAN_POINT('',(-52.550112084,-51.105467766,-2.742450151));
#2435=CARTESIAN_POINT('',(-52.974080368,-50.08506776,-2.831723584));
#2436=CARTESIAN_POINT('',(-53.399373352,-49.061479487,-2.921275954));
#2437=CARTESIAN_POINT('',(-53.395,-47.982155743,-3.015704546));
#2438=B_SPLINE_CURVE_WITH_KNOTS('',2,(#2429,#2430,#2431,#2432,#2433,#2434,#2435,#2436,#2437),.UNSPECIFIED.,.F.,.F.,(3,2,2,2,3),(0.,0.25,0.5,0.75,1.),.UNSPECIFIED.);
#2439=EDGE_CURVE('',#2426,#2428,#2438,.T.);
#2440=ORIENTED_EDGE('',*,*,#2439,.T.);
#2441=CARTESIAN_POINT('',(-53.395,47.807844257,-11.396243625));
#2442=VERTEX_POINT('',#2441);
#2443=CARTESIAN_POINT('',(-53.395,-47.982155743,-3.015704546));
#2444=DIRECTION('',(0.,0.996194698,-0.087155743));
#2445=VECTOR('',#2444,96.155902238);
#2446=LINE('',#2443,#2445);
#2447=EDGE_CURVE('',#2428,#2442,#2446,.T.);
#2448=ORIENTED_EDGE('',*,*,#2447,.T.);
#2449=CARTESIAN_POINT('',(-47.895,53.307844257,-11.877431274));
#2450=VERTEX_POINT('',#2449);
#2451=CARTESIAN_POINT('',(-53.395,47.807844257,-11.396243625));
#2452=CARTESIAN_POINT('',(-53.399369777,48.886285571,-11.490595014));
#2453=CARTESIAN_POINT('',(-52.974080368,49.910756274,-11.580224587));
#2454=CARTESIAN_POINT('',(-52.551097051,50.929671883,-11.669368152));
#2455=CARTESIAN_POINT('',(-51.784087297,51.696931554,-11.736494675));
#2456=CARTESIAN_POINT('',(-51.018312023,52.462956342,-11.80351316));
#2457=CARTESIAN_POINT('',(-49.997912017,52.886924625,-11.840605578));
#2458=CARTESIAN_POINT('',(-48.974323744,53.31221761,-11.877813893));
#2459=CARTESIAN_POINT('',(-47.895,53.307844257,-11.877431274));
#2460=B_SPLINE_CURVE_WITH_KNOTS('',2,(#2451,#2452,#2453,#2454,#2455,#2456,#2457,#2458,#2459),.UNSPECIFIED.,.F.,.F.,(3,2,2,2,3),(0.,0.25,0.5,0.75,1.),.UNSPECIFIED.);
#2461=EDGE_CURVE('',#2442,#2450,#2460,.T.);
#2462=ORIENTED_EDGE('',*,*,#2461,.T.);
#2463=CARTESIAN_POINT('',(47.895,53.307844257,-11.877431274));
#2464=VERTEX_POINT('',#2463);
#2465=CARTESIAN_POINT('',(-47.895,53.307844257,-11.877431274));
#2466=DIRECTION('',(1.,0.,0.));
#2467=VECTOR('',#2466,95.79);
#2468=LINE('',#2465,#2467);
#2469=EDGE_CURVE('',#2450,#2464,#2468,.T.);
#2470=ORIENTED_EDGE('',*,*,#2469,.T.);
#2471=CARTESIAN_POINT('',(53.395,47.807844257,-11.396243625));
#2472=VERTEX_POINT('',#2471);
#2473=CARTESIAN_POINT('',(47.895,53.307844257,-11.877431274));
#2474=CARTESIAN_POINT('',(48.973441313,53.312214034,-11.87781358));
#2475=CARTESIAN_POINT('',(49.997912017,52.886924625,-11.840605578));
#2476=CARTESIAN_POINT('',(51.016827626,52.463941308,-11.803599333));
#2477=CARTESIAN_POINT('',(51.784087297,51.696931554,-11.736494675));
#2478=CARTESIAN_POINT('',(52.550112084,50.93115628,-11.66949802));
#2479=CARTESIAN_POINT('',(52.974080368,49.910756274,-11.580224587));
#2480=CARTESIAN_POINT('',(53.399373352,48.887168001,-11.490672217));
#2481=CARTESIAN_POINT('',(53.395,47.807844257,-11.396243625));
#2482=B_SPLINE_CURVE_WITH_KNOTS('',2,(#2473,#2474,#2475,#2476,#2477,#2478,#2479,#2480,#2481),.UNSPECIFIED.,.F.,.F.,(3,2,2,2,3),(0.,0.25,0.5,0.75,1.),.UNSPECIFIED.);
#2483=EDGE_CURVE('',#2464,#2472,#2482,.T.);
#2484=ORIENTED_EDGE('',*,*,#2483,.T.);
#2485=CARTESIAN_POINT('',(53.395,-47.982155743,-3.015704546));
#2486=VERTEX_POINT('',#2485);
#2487=CARTESIAN_POINT('',(53.395,47.807844257,-11.396243625));
#2488=DIRECTION('',(0.,-0.996194698,0.087155743));
#2489=VECTOR('',#2488,96.155902238);
#2490=LINE('',#2487,#2489);
#2491=EDGE_CURVE('',#2472,#2486,#2490,.T.);
#2492=ORIENTED_EDGE('',*,*,#2491,.T.);
#2493=CARTESIAN_POINT('',(47.895,-53.482155743,-2.534516896));
#2494=VERTEX_POINT('',#2493);
#2495=CARTESIAN_POINT('',(53.395,-47.982155743,-3.015704546));
#2496=CARTESIAN_POINT('',(53.399369777,-49.060597056,-2.921353157));
#2497=CARTESIAN_POINT('',(52.974080368,-50.08506776,-2.831723584));
#2498=CARTESIAN_POINT('',(52.551097051,-51.103983369,-2.742580019));
#2499=CARTESIAN_POINT('',(51.784087297,-51.871243039,-2.675453496));
#2500=CARTESIAN_POINT('',(51.018312023,-52.637267827,-2.608435011));
#2501=CARTESIAN_POINT('',(49.997912017,-53.061236111,-2.571342592));
#2502=CARTESIAN_POINT('',(48.974323744,-53.486529095,-2.534134278));
#2503=CARTESIAN_POINT('',(47.895,-53.482155743,-2.534516896));
#2504=B_SPLINE_CURVE_WITH_KNOTS('',2,(#2495,#2496,#2497,#2498,#2499,#2500,#2501,#2502,#2503),.UNSPECIFIED.,.F.,.F.,(3,2,2,2,3),(0.,0.25,0.5,0.75,1.),.UNSPECIFIED.);
#2505=EDGE_CURVE('',#2486,#2494,#2504,.T.);
#2506=ORIENTED_EDGE('',*,*,#2505,.T.);
#2507=CARTESIAN_POINT('',(47.895,-53.482155743,-2.534516896));
#2508=DIRECTION('',(-1.,-0.,-0.));
#2509=VECTOR('',#2508,95.79);
#2510=LINE('',#2507,#2509);
#2511=EDGE_CURVE('',#2494,#2426,#2510,.T.);
#2512=ORIENTED_EDGE('',*,*,#2511,.T.);
#2513=EDGE_LOOP('',(#2440,#2448,#2462,#2470,#2484,#2492,#2506,#2512));
#2514=FACE_BOUND('',#2513,.T.);
#2515=CARTESIAN_POINT('',(-49.501385654,52.635069313,-11.818571094));
#2516=VERTEX_POINT('',#2515);
#2517=CARTESIAN_POINT('',(-49.501385654,50.135069313,-11.599849435));
#2518=DIRECTION('',(-0.,0.087155743,0.996194698));
#2519=DIRECTION('',(-0.,0.996194698,-0.087155743));
#2520=AXIS2_PLACEMENT_3D('',#2517,#2518,#2519);
#2521=ELLIPSE('',#2520,2.509549594,2.5);
#2522=EDGE_CURVE('',#2516,#2516,#2521,.T.);
#2523=ORIENTED_EDGE('',*,*,#2522,.T.);
#2524=EDGE_LOOP('',(#2523));
#2525=FACE_BOUND('',#2524,.T.);
#2526=CARTESIAN_POINT('',(49.826326971,-47.326326847,-3.073082139));
#2527=VERTEX_POINT('',#2526);
#2528=CARTESIAN_POINT('',(52.148956306,-48.901452277,-2.935276521));
#2529=VERTEX_POINT('',#2528);
#2530=CARTESIAN_POINT('',(49.826326971,-49.826326847,-2.854360481));
#2531=DIRECTION('',(-0.,0.087155743,0.996194698));
#2532=DIRECTION('',(-0.,0.996194698,-0.087155743));
#2533=AXIS2_PLACEMENT_3D('',#2530,#2531,#2532);
#2534=ELLIPSE('',#2533,2.509549594,2.5);
#2535=EDGE_CURVE('',#2527,#2529,#2534,.T.);
#2536=ORIENTED_EDGE('',*,*,#2535,.T.);
#2537=CARTESIAN_POINT('',(49.826326971,-49.826326847,-2.854360481));
#2538=DIRECTION('',(-0.,0.087155743,0.996194698));
#2539=DIRECTION('',(-0.,0.996194698,-0.087155743));
#2540=AXIS2_PLACEMENT_3D('',#2537,#2538,#2539);
#2541=ELLIPSE('',#2540,2.509549594,2.5);
#2542=EDGE_CURVE('',#2529,#2527,#2541,.T.);
#2543=ORIENTED_EDGE('',*,*,#2542,.T.);
#2544=EDGE_LOOP('',(#2536,#2543));
#2545=FACE_BOUND('',#2544,.T.);
#2546=CARTESIAN_POINT('',(49.826326909,52.326326909,-11.791559633));
#2547=VERTEX_POINT('',#2546);
#2548=CARTESIAN_POINT('',(49.826326909,49.826326909,-11.572837974));
#2549=DIRECTION('',(-0.,0.087155743,0.996194698));
#2550=DIRECTION('',(-0.,0.996194698,-0.087155743));
#2551=AXIS2_PLACEMENT_3D('',#2548,#2549,#2550);
#2552=ELLIPSE('',#2551,2.509549594,2.5);
#2553=EDGE_CURVE('',#2547,#2547,#2552,.T.);
#2554=ORIENTED_EDGE('',*,*,#2553,.T.);
#2555=EDGE_LOOP('',(#2554));
#2556=FACE_BOUND('',#2555,.T.);
#2557=CARTESIAN_POINT('',(-49.826327437,-47.32632638,-3.07308218));
#2558=VERTEX_POINT('',#2557);
#2559=CARTESIAN_POINT('',(-49.826327437,-49.82632638,-2.854360521));
#2560=DIRECTION('',(-0.,0.087155743,0.996194698));
#2561=DIRECTION('',(-0.,0.996194698,-0.087155743));
#2562=AXIS2_PLACEMENT_3D('',#2559,#2560,#2561);
#2563=ELLIPSE('',#2562,2.509549594,2.5);
#2564=EDGE_CURVE('',#2558,#2558,#2563,.T.);
#2565=ORIENTED_EDGE('',*,*,#2564,.T.);
#2566=EDGE_LOOP('',(#2565));
#2567=FACE_BOUND('',#2566,.T.);
#2568=CARTESIAN_POINT('',(-41.826327499,35.214803371,-10.294495308));
#2569=VERTEX_POINT('',#2568);
#2570=CARTESIAN_POINT('',(-41.826327499,48.165334446,-11.427519964));
#2571=VERTEX_POINT('',#2570);
#2572=CARTESIAN_POINT('',(-41.826327499,41.690068909,-10.861007636));
#2573=DIRECTION('',(-0.,0.087155743,0.996194698));
#2574=DIRECTION('',(-0.,-0.996194698,0.087155743));
#2575=AXIS2_PLACEMENT_3D('',#2572,#2573,#2574);
#2576=CIRCLE('',#2575,6.5);
#2577=EDGE_CURVE('',#2569,#2571,#2576,.T.);
#2578=ORIENTED_EDGE('',*,*,#2577,.T.);
#2579=CARTESIAN_POINT('',(-41.826327499,41.690068909,-10.861007636));
#2580=DIRECTION('',(-0.,0.087155743,0.996194698));
#2581=DIRECTION('',(-0.,-0.996194698,0.087155743));
#2582=AXIS2_PLACEMENT_3D('',#2579,#2580,#2581);
#2583=CIRCLE('',#2582,6.5);
#2584=EDGE_CURVE('',#2571,#2569,#2583,.T.);
#2585=ORIENTED_EDGE('',*,*,#2584,.T.);
#2586=EDGE_LOOP('',(#2578,#2585));
#2587=FACE_BOUND('',#2586,.T.);
#2588=CARTESIAN_POINT('',(41.826326909,35.214802905,-10.294495267));
#2589=VERTEX_POINT('',#2588);
#2590=CARTESIAN_POINT('',(41.826326909,48.16533398,-11.427519923));
#2591=VERTEX_POINT('',#2590);
#2592=CARTESIAN_POINT('',(41.826326909,41.690068442,-10.861007595));
#2593=DIRECTION('',(-0.,0.087155743,0.996194698));
#2594=DIRECTION('',(-0.,-0.996194698,0.087155743));
#2595=AXIS2_PLACEMENT_3D('',#2592,#2593,#2594);
#2596=CIRCLE('',#2595,6.5);
#2597=EDGE_CURVE('',#2589,#2591,#2596,.T.);
#2598=ORIENTED_EDGE('',*,*,#2597,.T.);
#2599=CARTESIAN_POINT('',(41.826326909,41.690068442,-10.861007595));
#2600=DIRECTION('',(-0.,0.087155743,0.996194698));
#2601=DIRECTION('',(-0.,-0.996194698,0.087155743));
#2602=AXIS2_PLACEMENT_3D('',#2599,#2600,#2601);
#2603=CIRCLE('',#2602,6.5);
#2604=EDGE_CURVE('',#2591,#2589,#2603,.T.);
#2605=ORIENTED_EDGE('',*,*,#2604,.T.);
#2606=EDGE_LOOP('',(#2598,#2605));
#2607=FACE_BOUND('',#2606,.T.);
#2608=CARTESIAN_POINT('',(-41.826327437,-48.513956423,-2.969178015));
#2609=VERTEX_POINT('',#2608);
#2610=CARTESIAN_POINT('',(-41.826327437,-35.563425347,-4.102202671));
#2611=VERTEX_POINT('',#2610);
#2612=CARTESIAN_POINT('',(-41.826327437,-42.038690885,-3.535690343));
#2613=DIRECTION('',(-0.,0.087155743,0.996194698));
#2614=DIRECTION('',(-0.,-0.996194698,0.087155743));
#2615=AXIS2_PLACEMENT_3D('',#2612,#2613,#2614);
#2616=CIRCLE('',#2615,6.5);
#2617=EDGE_CURVE('',#2609,#2611,#2616,.T.);
#2618=ORIENTED_EDGE('',*,*,#2617,.T.);
#2619=CARTESIAN_POINT('',(-41.826327437,-42.038690885,-3.535690343));
#2620=DIRECTION('',(-0.,0.087155743,0.996194698));
#2621=DIRECTION('',(-0.,-0.996194698,0.087155743));
#2622=AXIS2_PLACEMENT_3D('',#2619,#2620,#2621);
#2623=CIRCLE('',#2622,6.5);
#2624=EDGE_CURVE('',#2611,#2609,#2623,.T.);
#2625=ORIENTED_EDGE('',*,*,#2624,.T.);
#2626=EDGE_LOOP('',(#2618,#2625));
#2627=FACE_BOUND('',#2626,.T.);
#2628=CARTESIAN_POINT('',(41.826326971,-48.513956889,-2.969177974));
#2629=VERTEX_POINT('',#2628);
#2630=CARTESIAN_POINT('',(41.826326971,-35.563425814,-4.10220263));
#2631=VERTEX_POINT('',#2630);
#2632=CARTESIAN_POINT('',(41.826326971,-42.038691351,-3.535690302));
#2633=DIRECTION('',(-0.,0.087155743,0.996194698));
#2634=DIRECTION('',(-0.,-0.996194698,0.087155743));
#2635=AXIS2_PLACEMENT_3D('',#2632,#2633,#2634);
#2636=CIRCLE('',#2635,6.5);
#2637=EDGE_CURVE('',#2629,#2631,#2636,.T.);
#2638=ORIENTED_EDGE('',*,*,#2637,.T.);
#2639=CARTESIAN_POINT('',(41.826326971,-42.038691351,-3.535690302));
#2640=DIRECTION('',(-0.,0.087155743,0.996194698));
#2641=DIRECTION('',(-0.,-0.996194698,0.087155743));
#2642=AXIS2_PLACEMENT_3D('',#2639,#2640,#2641);
#2643=CIRCLE('',#2642,6.5);
#2644=EDGE_CURVE('',#2631,#2629,#2643,.T.);
#2645=ORIENTED_EDGE('',*,*,#2644,.T.);
#2646=EDGE_LOOP('',(#2638,#2645));
#2647=FACE_BOUND('',#2646,.T.);
#2648=ADVANCED_FACE('',(#2514,#2525,#2545,#2556,#2567,#2587,#2607,#2627,#2647),#2424,.F.);
#2649=CARTESIAN_POINT('',(54.395,32.3375,-1.313308435));
#2650=DIRECTION('',(1.,0.,0.));
#2651=DIRECTION('',(0.,-1.,0.));
#2652=AXIS2_PLACEMENT_3D('',#2649,#2650,#2651);
#2653=PLANE('',#2652);
#2654=CARTESIAN_POINT('',(54.395,-47.895,-2.019509848));
#2655=VERTEX_POINT('',#2654);
#2656=CARTESIAN_POINT('',(54.395,-47.895,4.886691565));
#2657=DIRECTION('',(-0.,-0.,-1.));
#2658=VECTOR('',#2657,6.906201413);
#2659=LINE('',#2656,#2658);
#2660=EDGE_CURVE('',#326,#2655,#2659,.T.);
#2661=ORIENTED_EDGE('',*,*,#2660,.T.);
#2662=CARTESIAN_POINT('',(54.395,47.895,-10.400048927));
#2663=VERTEX_POINT('',#2662);
#2664=CARTESIAN_POINT('',(54.395,-47.895,-2.019509848));
#2665=DIRECTION('',(0.,0.996194698,-0.087155743));
#2666=VECTOR('',#2665,96.155902238);
#2667=LINE('',#2664,#2666);
#2668=EDGE_CURVE('',#2655,#2663,#2667,.T.);
#2669=ORIENTED_EDGE('',*,*,#2668,.T.);
#2670=CARTESIAN_POINT('',(54.395,47.895,-10.400048927));
#2671=DIRECTION('',(0.,0.,1.));
#2672=VECTOR('',#2671,15.286740492);
#2673=LINE('',#2670,#2672);
#2674=EDGE_CURVE('',#2663,#335,#2673,.T.);
#2675=ORIENTED_EDGE('',*,*,#2674,.T.);
#2676=ORIENTED_EDGE('',*,*,#340,.T.);
#2677=EDGE_LOOP('',(#2661,#2669,#2675,#2676));
#2678=FACE_BOUND('',#2677,.T.);
#2679=ADVANCED_FACE('',(#2678),#2653,.T.);
#2680=CARTESIAN_POINT('',(45.625,-54.395,-1.313308435));
#2681=DIRECTION('',(0.,-1.,0.));
#2682=DIRECTION('',(-1.,0.,0.));
#2683=AXIS2_PLACEMENT_3D('',#2680,#2681,#2682);
#2684=PLANE('',#2683);
#2685=CARTESIAN_POINT('',(-47.895,-54.395,-1.538322198));
#2686=VERTEX_POINT('',#2685);
#2687=CARTESIAN_POINT('',(-47.895,-54.395,4.886691565));
#2688=DIRECTION('',(-0.,-0.,-1.));
#2689=VECTOR('',#2688,6.425013763);
#2690=LINE('',#2687,#2689);
#2691=EDGE_CURVE('',#318,#2686,#2690,.T.);
#2692=ORIENTED_EDGE('',*,*,#2691,.T.);
#2693=CARTESIAN_POINT('',(47.895,-54.395,-1.538322198));
#2694=VERTEX_POINT('',#2693);
#2695=CARTESIAN_POINT('',(-47.895,-54.395,-1.538322198));
#2696=DIRECTION('',(1.,0.,0.));
#2697=VECTOR('',#2696,95.79);
#2698=LINE('',#2695,#2697);
#2699=EDGE_CURVE('',#2686,#2694,#2698,.T.);
#2700=ORIENTED_EDGE('',*,*,#2699,.T.);
#2701=CARTESIAN_POINT('',(47.895,-54.395,-1.538322198));
#2702=DIRECTION('',(0.,0.,1.));
#2703=VECTOR('',#2702,6.425013763);
#2704=LINE('',#2701,#2703);
#2705=EDGE_CURVE('',#2694,#316,#2704,.T.);
#2706=ORIENTED_EDGE('',*,*,#2705,.T.);
#2707=ORIENTED_EDGE('',*,*,#323,.T.);
#2708=EDGE_LOOP('',(#2692,#2700,#2706,#2707));
#2709=FACE_BOUND('',#2708,.T.);
#2710=ADVANCED_FACE('',(#2709),#2684,.T.);
#2711=CARTESIAN_POINT('',(-45.625,54.395,-1.313308435));
#2712=DIRECTION('',(0.,1.,0.));
#2713=DIRECTION('',(1.,0.,0.));
#2714=AXIS2_PLACEMENT_3D('',#2711,#2712,#2713);
#2715=PLANE('',#2714);
#2716=CARTESIAN_POINT('',(47.895,54.395,-10.881236576));
#2717=VERTEX_POINT('',#2716);
#2718=CARTESIAN_POINT('',(47.895,54.395,4.886691565));
#2719=DIRECTION('',(-0.,-0.,-1.));
#2720=VECTOR('',#2719,15.767928141);
#2721=LINE('',#2718,#2720);
#2722=EDGE_CURVE('',#343,#2717,#2721,.T.);
#2723=ORIENTED_EDGE('',*,*,#2722,.T.);
#2724=CARTESIAN_POINT('',(-47.895,54.395,-10.881236576));
#2725=VERTEX_POINT('',#2724);
#2726=CARTESIAN_POINT('',(47.895,54.395,-10.881236576));
#2727=DIRECTION('',(-1.,0.,-0.));
#2728=VECTOR('',#2727,95.79);
#2729=LINE('',#2726,#2728);
#2730=EDGE_CURVE('',#2717,#2725,#2729,.T.);
#2731=ORIENTED_EDGE('',*,*,#2730,.T.);
#2732=CARTESIAN_POINT('',(-47.895,54.395,-10.881236576));
#2733=DIRECTION('',(0.,0.,1.));
#2734=VECTOR('',#2733,15.767928141);
#2735=LINE('',#2732,#2734);
#2736=EDGE_CURVE('',#2725,#139,#2735,.T.);
#2737=ORIENTED_EDGE('',*,*,#2736,.T.);
#2738=ORIENTED_EDGE('',*,*,#146,.T.);
#2739=CARTESIAN_POINT('',(-22.4,54.395,1.136691565));
#2740=DIRECTION('',(0.,0.,1.));
#2741=VECTOR('',#2740,3.75);
#2742=LINE('',#2739,#2741);
#2743=EDGE_CURVE('',#873,#141,#2742,.T.);
#2744=ORIENTED_EDGE('',*,*,#2743,.F.);
#2745=ORIENTED_EDGE('',*,*,#878,.F.);
#2746=CARTESIAN_POINT('',(-15.7,54.395,4.886691565));
#2747=DIRECTION('',(0.,0.,-1.));
#2748=VECTOR('',#2747,3.75);
#2749=LINE('',#2746,#2748);
#2750=EDGE_CURVE('',#352,#865,#2749,.T.);
#2751=ORIENTED_EDGE('',*,*,#2750,.F.);
#2752=ORIENTED_EDGE('',*,*,#357,.T.);
#2753=EDGE_LOOP('',(#2723,#2731,#2737,#2738,#2744,#2745,#2751,#2752));
#2754=FACE_BOUND('',#2753,.T.);
#2755=ADVANCED_FACE('',(#2754),#2715,.T.);
#2756=CARTESIAN_POINT('',(45.625001494,45.625001494,1.686691565));
#2757=DIRECTION('',(0.,0.,-1.));
#2758=DIRECTION('',(-1.,0.,0.));
#2759=AXIS2_PLACEMENT_3D('',#2756,#2757,#2758);
#2760=CYLINDRICAL_SURFACE('',#2759,2.749998506);
#2761=ORIENTED_EDGE('',*,*,#450,.T.);
#2762=ORIENTED_EDGE('',*,*,#681,.F.);
#2763=CARTESIAN_POINT('',(48.375,45.625,-5.698308435));
#2764=VERTEX_POINT('',#2763);
#2765=CARTESIAN_POINT('',(45.625001494,45.625001494,-5.698308435));
#2766=DIRECTION('',(-0.,-0.,-1.));
#2767=DIRECTION('',(1.,0.,-0.));
#2768=AXIS2_PLACEMENT_3D('',#2765,#2766,#2767);
#2769=CIRCLE('',#2768,2.749998506);
#2770=EDGE_CURVE('',#670,#2764,#2769,.T.);
#2771=ORIENTED_EDGE('',*,*,#2770,.T.);
#2772=CARTESIAN_POINT('',(48.375,45.625001494,-5.698308435));
#2773=DIRECTION('',(-0.,-0.,1.));
#2774=VECTOR('',#2773,10.585);
#2775=LINE('',#2772,#2774);
#2776=EDGE_CURVE('',#2764,#444,#2775,.T.);
#2777=ORIENTED_EDGE('',*,*,#2776,.T.);
#2778=EDGE_LOOP('',(#2761,#2762,#2771,#2777));
#2779=FACE_BOUND('',#2778,.T.);
#2780=ADVANCED_FACE('',(#2779),#2760,.F.);
#2781=CARTESIAN_POINT('',(48.375,32.3375,1.686691565));
#2782=DIRECTION('',(1.,0.,0.));
#2783=DIRECTION('',(0.,-1.,0.));
#2784=AXIS2_PLACEMENT_3D('',#2781,#2782,#2783);
#2785=PLANE('',#2784);
#2786=CARTESIAN_POINT('',(48.375,32.3375,-5.698308435));
#2787=VERTEX_POINT('',#2786);
#2788=CARTESIAN_POINT('',(48.375,27.625,-5.698308435));
#2789=VERTEX_POINT('',#2788);
#2790=CARTESIAN_POINT('',(48.375,32.3375,-5.698308435));
#2791=DIRECTION('',(0.,-1.,0.));
#2792=VECTOR('',#2791,4.7125);
#2793=LINE('',#2790,#2792);
#2794=EDGE_CURVE('',#2787,#2789,#2793,.T.);
#2795=ORIENTED_EDGE('',*,*,#2794,.T.);
#2796=CARTESIAN_POINT('',(48.375,27.625,-5.698308435));
#2797=DIRECTION('',(0.,0.,1.));
#2798=VECTOR('',#2797,5.885);
#2799=LINE('',#2796,#2798);
#2800=EDGE_CURVE('',#2789,#1259,#2799,.T.);
#2801=ORIENTED_EDGE('',*,*,#2800,.T.);
#2802=ORIENTED_EDGE('',*,*,#1264,.T.);
#2803=CARTESIAN_POINT('',(48.375,-45.625001494,0.186691565));
#2804=DIRECTION('',(-0.,-0.,1.));
#2805=VECTOR('',#2804,4.7);
#2806=LINE('',#2803,#2805);
#2807=EDGE_CURVE('',#1250,#453,#2806,.T.);
#2808=ORIENTED_EDGE('',*,*,#2807,.T.);
#2809=ORIENTED_EDGE('',*,*,#458,.T.);
#2810=ORIENTED_EDGE('',*,*,#2776,.F.);
#2811=CARTESIAN_POINT('',(48.375,43.8625,-5.698308435));
#2812=VERTEX_POINT('',#2811);
#2813=CARTESIAN_POINT('',(48.375,45.625,-5.698308435));
#2814=DIRECTION('',(0.,-1.,0.));
#2815=VECTOR('',#2814,1.7625);
#2816=LINE('',#2813,#2815);
#2817=EDGE_CURVE('',#2764,#2812,#2816,.T.);
#2818=ORIENTED_EDGE('',*,*,#2817,.T.);
#2819=CARTESIAN_POINT('',(48.375,41.8625,-5.698308435));
#2820=VERTEX_POINT('',#2819);
#2821=CARTESIAN_POINT('',(48.375,43.8625,-5.698308435));
#2822=DIRECTION('',(0.,-1.,0.));
#2823=VECTOR('',#2822,2.);
#2824=LINE('',#2821,#2823);
#2825=EDGE_CURVE('',#2812,#2820,#2824,.T.);
#2826=ORIENTED_EDGE('',*,*,#2825,.T.);
#2827=CARTESIAN_POINT('',(48.375,34.3375,-5.698308435));
#2828=VERTEX_POINT('',#2827);
#2829=CARTESIAN_POINT('',(48.375,41.8625,-5.698308435));
#2830=DIRECTION('',(0.,-1.,0.));
#2831=VECTOR('',#2830,7.525);
#2832=LINE('',#2829,#2831);
#2833=EDGE_CURVE('',#2820,#2828,#2832,.T.);
#2834=ORIENTED_EDGE('',*,*,#2833,.T.);
#2835=CARTESIAN_POINT('',(48.375,34.3375,-5.698308435));
#2836=DIRECTION('',(0.,-1.,0.));
#2837=VECTOR('',#2836,2.);
#2838=LINE('',#2835,#2837);
#2839=EDGE_CURVE('',#2828,#2787,#2838,.T.);
#2840=ORIENTED_EDGE('',*,*,#2839,.T.);
#2841=EDGE_LOOP('',(#2795,#2801,#2802,#2808,#2809,#2810,#2818,#2826,#2834,#2840));
#2842=FACE_BOUND('',#2841,.T.);
#2843=ADVANCED_FACE('',(#2842),#2785,.F.);
#2844=CARTESIAN_POINT('',(45.625001494,-45.625001494,1.686691565));
#2845=DIRECTION('',(0.,0.,-1.));
#2846=DIRECTION('',(1.,0.000000747,0.));
#2847=AXIS2_PLACEMENT_3D('',#2844,#2845,#2846);
#2848=CYLINDRICAL_SURFACE('',#2847,2.749998506);
#2849=ORIENTED_EDGE('',*,*,#467,.T.);
#2850=ORIENTED_EDGE('',*,*,#2807,.F.);
#2851=ORIENTED_EDGE('',*,*,#1256,.T.);
#2852=CARTESIAN_POINT('',(45.625001494,-48.375,0.186691565));
#2853=DIRECTION('',(-0.,-0.,1.));
#2854=VECTOR('',#2853,4.7);
#2855=LINE('',#2852,#2854);
#2856=EDGE_CURVE('',#1242,#461,#2855,.T.);
#2857=ORIENTED_EDGE('',*,*,#2856,.T.);
#2858=EDGE_LOOP('',(#2849,#2850,#2851,#2857));
#2859=FACE_BOUND('',#2858,.T.);
#2860=ADVANCED_FACE('',(#2859),#2848,.F.);
#2861=CARTESIAN_POINT('',(45.625,-48.375,1.686691565));
#2862=DIRECTION('',(0.,-1.,0.));
#2863=DIRECTION('',(-1.,0.,0.));
#2864=AXIS2_PLACEMENT_3D('',#2861,#2862,#2863);
#2865=PLANE('',#2864);
#2866=ORIENTED_EDGE('',*,*,#475,.T.);
#2867=ORIENTED_EDGE('',*,*,#2856,.F.);
#2868=ORIENTED_EDGE('',*,*,#1247,.T.);
#2869=CARTESIAN_POINT('',(-45.625001494,-48.375,0.186691565));
#2870=DIRECTION('',(-0.,-0.,1.));
#2871=VECTOR('',#2870,4.7);
#2872=LINE('',#2869,#2871);
#2873=EDGE_CURVE('',#1233,#470,#2872,.T.);
#2874=ORIENTED_EDGE('',*,*,#2873,.T.);
#2875=EDGE_LOOP('',(#2866,#2867,#2868,#2874));
#2876=FACE_BOUND('',#2875,.T.);
#2877=ADVANCED_FACE('',(#2876),#2865,.F.);
#2878=CARTESIAN_POINT('',(-45.625001494,-45.625001494,1.686691565));
#2879=DIRECTION('',(0.,0.,-1.));
#2880=DIRECTION('',(0.000000747,-1.,0.));
#2881=AXIS2_PLACEMENT_3D('',#2878,#2879,#2880);
#2882=CYLINDRICAL_SURFACE('',#2881,2.749998506);
#2883=ORIENTED_EDGE('',*,*,#484,.T.);
#2884=ORIENTED_EDGE('',*,*,#2873,.F.);
#2885=ORIENTED_EDGE('',*,*,#1239,.T.);
#2886=CARTESIAN_POINT('',(-48.375,-45.625001494,0.186691565));
#2887=DIRECTION('',(-0.,-0.,1.));
#2888=VECTOR('',#2887,4.7);
#2889=LINE('',#2886,#2888);
#2890=EDGE_CURVE('',#1225,#478,#2889,.T.);
#2891=ORIENTED_EDGE('',*,*,#2890,.T.);
#2892=EDGE_LOOP('',(#2883,#2884,#2885,#2891));
#2893=FACE_BOUND('',#2892,.T.);
#2894=ADVANCED_FACE('',(#2893),#2882,.F.);
#2895=CARTESIAN_POINT('',(-48.375,-45.625,1.686691565));
#2896=DIRECTION('',(-1.,0.,0.));
#2897=DIRECTION('',(0.,1.,0.));
#2898=AXIS2_PLACEMENT_3D('',#2895,#2896,#2897);
#2899=PLANE('',#2898);
#2900=ORIENTED_EDGE('',*,*,#203,.T.);
#2901=CARTESIAN_POINT('',(-48.375,41.315824008,4.651691565));
#2902=VERTEX_POINT('',#2901);
#2903=CARTESIAN_POINT('',(-48.375,42.191766358,4.886691565));
#2904=CARTESIAN_POINT('',(-48.375,42.059077874,4.809973768));
#2905=CARTESIAN_POINT('',(-48.375,41.918795323,4.751730305));
#2906=CARTESIAN_POINT('',(-48.375,41.77094061,4.711907887));
#2907=CARTESIAN_POINT('',(-48.375,41.623085897,4.672085469));
#2908=CARTESIAN_POINT('',(-48.375,41.469903028,4.651691565));
#2909=CARTESIAN_POINT('',(-48.375,41.315824008,4.651691565));
#2910=B_SPLINE_CURVE_WITH_KNOTS('',3,(#2903,#2904,#2905,#2906,#2907,#2908,#2909),.UNSPECIFIED.,.F.,.F.,(4,3,4),(0.001822426,0.002278102,0.002733779),.UNSPECIFIED.);
#2911=EDGE_CURVE('',#190,#2902,#2910,.T.);
#2912=ORIENTED_EDGE('',*,*,#2911,.T.);
#2913=CARTESIAN_POINT('',(-48.375,34.875824008,4.651691565));
#2914=VERTEX_POINT('',#2913);
#2915=CARTESIAN_POINT('',(-48.375,34.875824008,4.651691565));
#2916=DIRECTION('',(-0.,1.,-0.));
#2917=VECTOR('',#2916,6.44);
#2918=LINE('',#2915,#2917);
#2919=EDGE_CURVE('',#2914,#2902,#2918,.T.);
#2920=ORIENTED_EDGE('',*,*,#2919,.F.);
#2921=CARTESIAN_POINT('',(-48.375,34.875824008,4.651691565));
#2922=CARTESIAN_POINT('',(-48.375,34.722079718,4.651691565));
#2923=CARTESIAN_POINT('',(-48.375,34.571140643,4.671606902));
#2924=CARTESIAN_POINT('',(-48.375,34.422986788,4.71129562));
#2925=CARTESIAN_POINT('',(-48.375,34.348909861,4.731139979));
#2926=CARTESIAN_POINT('',(-48.375,34.275311804,4.756171666));
#2927=CARTESIAN_POINT('',(-48.375,34.204672213,4.785506159));
#2928=CARTESIAN_POINT('',(-48.375,34.134032621,4.814840652));
#2929=CARTESIAN_POINT('',(-48.375,34.065780489,4.848590175));
#2930=CARTESIAN_POINT('',(-48.375,33.999881659,4.886691565));
#2931=B_SPLINE_CURVE_WITH_KNOTS('',3,(#2921,#2922,#2923,#2924,#2925,#2926,#2927,#2928,#2929,#2930),.UNSPECIFIED.,.F.,.F.,(4,3,3,4),(0.007071068,0.007532301,0.007762917,0.007993534),.UNSPECIFIED.);
#2932=EDGE_CURVE('',#2914,#487,#2931,.T.);
#2933=ORIENTED_EDGE('',*,*,#2932,.T.);
#2934=ORIENTED_EDGE('',*,*,#492,.T.);
#2935=ORIENTED_EDGE('',*,*,#2890,.F.);
#2936=ORIENTED_EDGE('',*,*,#1230,.T.);
#2937=CARTESIAN_POINT('',(-48.375,27.625,-5.698308435));
#2938=VERTEX_POINT('',#2937);
#2939=CARTESIAN_POINT('',(-48.375,27.625,0.186691565));
#2940=DIRECTION('',(-0.,-0.,-1.));
#2941=VECTOR('',#2940,5.885);
#2942=LINE('',#2939,#2941);
#2943=EDGE_CURVE('',#1216,#2938,#2942,.T.);
#2944=ORIENTED_EDGE('',*,*,#2943,.T.);
#2945=CARTESIAN_POINT('',(-48.375,45.625,-5.698308435));
#2946=VERTEX_POINT('',#2945);
#2947=CARTESIAN_POINT('',(-48.375,27.625,-5.698308435));
#2948=DIRECTION('',(0.,1.,0.));
#2949=VECTOR('',#2948,18.);
#2950=LINE('',#2947,#2949);
#2951=EDGE_CURVE('',#2938,#2946,#2950,.T.);
#2952=ORIENTED_EDGE('',*,*,#2951,.T.);
#2953=CARTESIAN_POINT('',(-48.375,45.625001494,-5.698308435));
#2954=DIRECTION('',(-0.,-0.,1.));
#2955=VECTOR('',#2954,10.585);
#2956=LINE('',#2953,#2955);
#2957=EDGE_CURVE('',#2946,#198,#2956,.T.);
#2958=ORIENTED_EDGE('',*,*,#2957,.T.);
#2959=EDGE_LOOP('',(#2900,#2912,#2920,#2933,#2934,#2935,#2936,#2944,#2952,#2958));
#2960=FACE_BOUND('',#2959,.T.);
#2961=ADVANCED_FACE('',(#2960),#2899,.F.);
#2962=CARTESIAN_POINT('',(-45.625001494,45.625001494,1.686691565));
#2963=DIRECTION('',(0.,0.,-1.));
#2964=DIRECTION('',(-1.,0.,0.));
#2965=AXIS2_PLACEMENT_3D('',#2962,#2963,#2964);
#2966=CYLINDRICAL_SURFACE('',#2965,2.749998506);
#2967=ORIENTED_EDGE('',*,*,#212,.T.);
#2968=ORIENTED_EDGE('',*,*,#2957,.F.);
#2969=CARTESIAN_POINT('',(-45.625001494,45.625001494,-5.698308435));
#2970=DIRECTION('',(-0.,-0.,-1.));
#2971=DIRECTION('',(1.,0.,-0.));
#2972=AXIS2_PLACEMENT_3D('',#2969,#2970,#2971);
#2973=CIRCLE('',#2972,2.749998506);
#2974=EDGE_CURVE('',#2946,#662,#2973,.T.);
#2975=ORIENTED_EDGE('',*,*,#2974,.T.);
#2976=ORIENTED_EDGE('',*,*,#667,.T.);
#2977=EDGE_LOOP('',(#2967,#2968,#2975,#2976));
#2978=FACE_BOUND('',#2977,.T.);
#2979=ADVANCED_FACE('',(#2978),#2966,.F.);
#2980=CARTESIAN_POINT('',(-104.25,85.2,-5.698308435));
#2981=DIRECTION('',(0.,0.,1.));
#2982=DIRECTION('',(1.,0.,0.));
#2983=AXIS2_PLACEMENT_3D('',#2980,#2981,#2982);
#2984=PLANE('',#2983);
#2985=CARTESIAN_POINT('',(45.625,24.875,-5.698308435));
#2986=VERTEX_POINT('',#2985);
#2987=CARTESIAN_POINT('',(-45.625,24.875,-5.698308435));
#2988=VERTEX_POINT('',#2987);
#2989=CARTESIAN_POINT('',(45.625,24.875,-5.698308435));
#2990=DIRECTION('',(-1.,0.,0.));
#2991=VECTOR('',#2990,91.25);
#2992=LINE('',#2989,#2991);
#2993=EDGE_CURVE('',#2986,#2988,#2992,.T.);
#2994=ORIENTED_EDGE('',*,*,#2993,.F.);
#2995=CARTESIAN_POINT('',(45.625,27.625,-5.698308435));
#2996=DIRECTION('',(0.,0.,1.));
#2997=DIRECTION('',(1.,0.,-0.));
#2998=AXIS2_PLACEMENT_3D('',#2995,#2996,#2997);
#2999=CIRCLE('',#2998,2.75);
#3000=EDGE_CURVE('',#2986,#2789,#2999,.T.);
#3001=ORIENTED_EDGE('',*,*,#3000,.T.);
#3002=ORIENTED_EDGE('',*,*,#2794,.F.);
#3003=ORIENTED_EDGE('',*,*,#2839,.F.);
#3004=ORIENTED_EDGE('',*,*,#2833,.F.);
#3005=ORIENTED_EDGE('',*,*,#2825,.F.);
#3006=ORIENTED_EDGE('',*,*,#2817,.F.);
#3007=ORIENTED_EDGE('',*,*,#2770,.F.);
#3008=ORIENTED_EDGE('',*,*,#675,.F.);
#3009=ORIENTED_EDGE('',*,*,#2974,.F.);
#3010=ORIENTED_EDGE('',*,*,#2951,.F.);
#3011=CARTESIAN_POINT('',(-45.625,27.625,-5.698308435));
#3012=DIRECTION('',(0.,0.,1.));
#3013=DIRECTION('',(1.,0.,-0.));
#3014=AXIS2_PLACEMENT_3D('',#3011,#3012,#3013);
#3015=CIRCLE('',#3014,2.75);
#3016=EDGE_CURVE('',#2938,#2988,#3015,.T.);
#3017=ORIENTED_EDGE('',*,*,#3016,.T.);
#3018=EDGE_LOOP('',(#2994,#3001,#3002,#3003,#3004,#3005,#3006,#3007,#3008,#3009,#3010,#3017));
#3019=FACE_BOUND('',#3018,.T.);
#3020=ADVANCED_FACE('',(#3019),#2984,.T.);
#3021=CARTESIAN_POINT('',(45.625,24.875,-1.323308435));
#3022=DIRECTION('',(0.,-1.,0.));
#3023=DIRECTION('',(-1.,0.,0.));
#3024=AXIS2_PLACEMENT_3D('',#3021,#3022,#3023);
#3025=PLANE('',#3024);
#3026=ORIENTED_EDGE('',*,*,#1213,.T.);
#3027=CARTESIAN_POINT('',(45.625,24.875,0.186691565));
#3028=DIRECTION('',(-0.,-0.,-1.));
#3029=VECTOR('',#3028,5.885);
#3030=LINE('',#3027,#3029);
#3031=EDGE_CURVE('',#1208,#2986,#3030,.T.);
#3032=ORIENTED_EDGE('',*,*,#3031,.T.);
#3033=ORIENTED_EDGE('',*,*,#2993,.T.);
#3034=CARTESIAN_POINT('',(-45.625,24.875,-5.698308435));
#3035=DIRECTION('',(0.,0.,1.));
#3036=VECTOR('',#3035,5.885);
#3037=LINE('',#3034,#3036);
#3038=EDGE_CURVE('',#2988,#1206,#3037,.T.);
#3039=ORIENTED_EDGE('',*,*,#3038,.T.);
#3040=EDGE_LOOP('',(#3026,#3032,#3033,#3039));
#3041=FACE_BOUND('',#3040,.T.);
#3042=ADVANCED_FACE('',(#3041),#3025,.F.);
#3043=CARTESIAN_POINT('',(0.258998794,-9.645248495,-1.813308435));
#3044=DIRECTION('',(0.,0.,-1.));
#3045=DIRECTION('',(-1.,0.,0.));
#3046=AXIS2_PLACEMENT_3D('',#3043,#3044,#3045);
#3047=PLANE('',#3046);
#3048=CARTESIAN_POINT('',(33.3375,-37.284635818,-1.815808435));
#3049=VERTEX_POINT('',#3048);
#3050=CARTESIAN_POINT('',(33.655,-38.975,-1.815808435));
#3051=VERTEX_POINT('',#3050);
#3052=CARTESIAN_POINT('',(33.655,-38.1,-1.813308435));
#3053=DIRECTION('',(-0.,-0.,-1.));
#3054=DIRECTION('',(1.,0.,-0.));
#3055=AXIS2_PLACEMENT_3D('',#3052,#3053,#3054);
#3056=CIRCLE('',#3055,0.875);
#3057=EDGE_CURVE('',#3049,#3051,#3056,.T.);
#3058=ORIENTED_EDGE('',*,*,#3057,.F.);
#3059=CARTESIAN_POINT('',(33.02,-38.975,-1.815808435));
#3060=VERTEX_POINT('',#3059);
#3061=CARTESIAN_POINT('',(33.02,-38.1,-1.813308435));
#3062=DIRECTION('',(-0.,-0.,-1.));
#3063=DIRECTION('',(1.,0.,-0.));
#3064=AXIS2_PLACEMENT_3D('',#3061,#3062,#3063);
#3065=CIRCLE('',#3064,0.875);
#3066=EDGE_CURVE('',#3060,#3049,#3065,.T.);
#3067=ORIENTED_EDGE('',*,*,#3066,.F.);
#3068=CARTESIAN_POINT('',(33.3375,-38.915364182,-1.815808435));
#3069=VERTEX_POINT('',#3068);
#3070=CARTESIAN_POINT('',(33.02,-38.1,-1.813308435));
#3071=DIRECTION('',(-0.,-0.,-1.));
#3072=DIRECTION('',(1.,0.,-0.));
#3073=AXIS2_PLACEMENT_3D('',#3070,#3071,#3072);
#3074=CIRCLE('',#3073,0.875);
#3075=EDGE_CURVE('',#3069,#3060,#3074,.T.);
#3076=ORIENTED_EDGE('',*,*,#3075,.F.);
#3077=CARTESIAN_POINT('',(33.655,-38.1,-1.813308435));
#3078=DIRECTION('',(-0.,-0.,-1.));
#3079=DIRECTION('',(1.,0.,-0.));
#3080=AXIS2_PLACEMENT_3D('',#3077,#3078,#3079);
#3081=CIRCLE('',#3080,0.875);
#3082=EDGE_CURVE('',#3051,#3069,#3081,.T.);
#3083=ORIENTED_EDGE('',*,*,#3082,.F.);
#3084=EDGE_LOOP('',(#3058,#3067,#3076,#3083));
#3085=FACE_BOUND('',#3084,.T.);
#3086=ADVANCED_FACE('',(#3085),#3047,.F.);
#3087=CARTESIAN_POINT('',(33.02,-38.1,-1.869308435));
#3088=DIRECTION('',(0.,0.,-1.));
#3089=DIRECTION('',(0.,-1.,0.));
#3090=AXIS2_PLACEMENT_3D('',#3087,#3088,#3089);
#3091=CYLINDRICAL_SURFACE('',#3090,0.875);
#3092=CARTESIAN_POINT('',(33.02,-38.975,-1.823308435));
#3093=DIRECTION('',(-0.,-0.,1.));
#3094=VECTOR('',#3093,2.01);
#3095=LINE('',#3092,#3094);
#3096=EDGE_CURVE('',#3060,#1168,#3095,.T.);
#3097=ORIENTED_EDGE('',*,*,#3096,.F.);
#3098=ORIENTED_EDGE('',*,*,#3066,.T.);
#3099=CARTESIAN_POINT('',(33.3375,-37.284635818,0.186691565));
#3100=DIRECTION('',(0.,0.,-1.));
#3101=VECTOR('',#3100,2.01);
#3102=LINE('',#3099,#3101);
#3103=EDGE_CURVE('',#1170,#3049,#3102,.T.);
#3104=ORIENTED_EDGE('',*,*,#3103,.F.);
#3105=ORIENTED_EDGE('',*,*,#1176,.F.);
#3106=EDGE_LOOP('',(#3097,#3098,#3104,#3105));
#3107=FACE_BOUND('',#3106,.T.);
#3108=ADVANCED_FACE('',(#3107),#3091,.F.);
#3109=CARTESIAN_POINT('',(33.655,-38.1,-1.869308435));
#3110=DIRECTION('',(0.,0.,-1.));
#3111=DIRECTION('',(0.,-1.,0.));
#3112=AXIS2_PLACEMENT_3D('',#3109,#3110,#3111);
#3113=CYLINDRICAL_SURFACE('',#3112,0.875);
#3114=ORIENTED_EDGE('',*,*,#3057,.T.);
#3115=CARTESIAN_POINT('',(33.655,-38.975,-1.823308435));
#3116=DIRECTION('',(-0.,-0.,1.));
#3117=VECTOR('',#3116,2.01);
#3118=LINE('',#3115,#3117);
#3119=EDGE_CURVE('',#3051,#1179,#3118,.T.);
#3120=ORIENTED_EDGE('',*,*,#3119,.T.);
#3121=ORIENTED_EDGE('',*,*,#1185,.F.);
#3122=ORIENTED_EDGE('',*,*,#3103,.T.);
#3123=EDGE_LOOP('',(#3114,#3120,#3121,#3122));
#3124=FACE_BOUND('',#3123,.T.);
#3125=ADVANCED_FACE('',(#3124),#3113,.F.);
#3126=CARTESIAN_POINT('',(33.02,-38.1,-1.869308435));
#3127=DIRECTION('',(0.,0.,-1.));
#3128=DIRECTION('',(0.,-1.,0.));
#3129=AXIS2_PLACEMENT_3D('',#3126,#3127,#3128);
#3130=CYLINDRICAL_SURFACE('',#3129,0.875);
#3131=ORIENTED_EDGE('',*,*,#3075,.T.);
#3132=ORIENTED_EDGE('',*,*,#3096,.T.);
#3133=ORIENTED_EDGE('',*,*,#1201,.F.);
#3134=CARTESIAN_POINT('',(33.3375,-38.915364182,0.186691565));
#3135=DIRECTION('',(0.,0.,-1.));
#3136=VECTOR('',#3135,2.01);
#3137=LINE('',#3134,#3136);
#3138=EDGE_CURVE('',#1188,#3069,#3137,.T.);
#3139=ORIENTED_EDGE('',*,*,#3138,.T.);
#3140=EDGE_LOOP('',(#3131,#3132,#3133,#3139));
#3141=FACE_BOUND('',#3140,.T.);
#3142=ADVANCED_FACE('',(#3141),#3130,.F.);
#3143=CARTESIAN_POINT('',(33.655,-38.1,-1.869308435));
#3144=DIRECTION('',(0.,0.,-1.));
#3145=DIRECTION('',(0.,-1.,0.));
#3146=AXIS2_PLACEMENT_3D('',#3143,#3144,#3145);
#3147=CYLINDRICAL_SURFACE('',#3146,0.875);
#3148=ORIENTED_EDGE('',*,*,#3119,.F.);
#3149=ORIENTED_EDGE('',*,*,#3082,.T.);
#3150=ORIENTED_EDGE('',*,*,#3138,.F.);
#3151=ORIENTED_EDGE('',*,*,#1194,.F.);
#3152=EDGE_LOOP('',(#3148,#3149,#3150,#3151));
#3153=FACE_BOUND('',#3152,.T.);
#3154=ADVANCED_FACE('',(#3153),#3147,.F.);
#3155=CARTESIAN_POINT('',(0.258998794,-9.645248495,-1.813308435));
#3156=DIRECTION('',(0.,0.,-1.));
#3157=DIRECTION('',(-1.,0.,0.));
#3158=AXIS2_PLACEMENT_3D('',#3155,#3156,#3157);
#3159=PLANE('',#3158);
#3160=CARTESIAN_POINT('',(25.075,-40.6,-1.815808435));
#3161=VERTEX_POINT('',#3160);
#3162=CARTESIAN_POINT('',(32.075,-40.6,-1.815808435));
#3163=VERTEX_POINT('',#3162);
#3164=CARTESIAN_POINT('',(25.075,-40.6,-1.813308435));
#3165=DIRECTION('',(1.,0.,-0.));
#3166=VECTOR('',#3165,7.);
#3167=LINE('',#3164,#3166);
#3168=EDGE_CURVE('',#3161,#3163,#3167,.T.);
#3169=ORIENTED_EDGE('',*,*,#3168,.T.);
#3170=CARTESIAN_POINT('',(32.075,-35.6,-1.815808435));
#3171=VERTEX_POINT('',#3170);
#3172=CARTESIAN_POINT('',(32.075,-40.6,-1.813308435));
#3173=DIRECTION('',(0.,1.,0.));
#3174=VECTOR('',#3173,5.);
#3175=LINE('',#3172,#3174);
#3176=EDGE_CURVE('',#3163,#3171,#3175,.T.);
#3177=ORIENTED_EDGE('',*,*,#3176,.T.);
#3178=CARTESIAN_POINT('',(25.075,-35.6,-1.815808435));
#3179=VERTEX_POINT('',#3178);
#3180=CARTESIAN_POINT('',(32.075,-35.6,-1.813308435));
#3181=DIRECTION('',(-1.,0.,0.));
#3182=VECTOR('',#3181,7.);
#3183=LINE('',#3180,#3182);
#3184=EDGE_CURVE('',#3171,#3179,#3183,.T.);
#3185=ORIENTED_EDGE('',*,*,#3184,.T.);
#3186=CARTESIAN_POINT('',(25.075,-35.6,-1.813308435));
#3187=DIRECTION('',(0.,-1.,0.));
#3188=VECTOR('',#3187,5.);
#3189=LINE('',#3186,#3188);
#3190=EDGE_CURVE('',#3179,#3161,#3189,.T.);
#3191=ORIENTED_EDGE('',*,*,#3190,.T.);
#3192=EDGE_LOOP('',(#3169,#3177,#3185,#3191));
#3193=FACE_BOUND('',#3192,.T.);
#3194=ADVANCED_FACE('',(#3193),#3159,.F.);
#3195=CARTESIAN_POINT('',(32.075,-35.6,-1.823308435));
#3196=DIRECTION('',(0.,-1.,0.));
#3197=DIRECTION('',(-1.,0.,0.));
#3198=AXIS2_PLACEMENT_3D('',#3195,#3196,#3197);
#3199=PLANE('',#3198);
#3200=CARTESIAN_POINT('',(32.075,-35.6,-1.823308435));
#3201=DIRECTION('',(-0.,-0.,1.));
#3202=VECTOR('',#3201,2.01);
#3203=LINE('',#3200,#3202);
#3204=EDGE_CURVE('',#3171,#1286,#3203,.T.);
#3205=ORIENTED_EDGE('',*,*,#3204,.T.);
#3206=ORIENTED_EDGE('',*,*,#1291,.T.);
#3207=CARTESIAN_POINT('',(25.075,-35.6,-1.823308435));
#3208=DIRECTION('',(-0.,-0.,1.));
#3209=VECTOR('',#3208,2.01);
#3210=LINE('',#3207,#3209);
#3211=EDGE_CURVE('',#3179,#1276,#3210,.T.);
#3212=ORIENTED_EDGE('',*,*,#3211,.F.);
#3213=ORIENTED_EDGE('',*,*,#3184,.F.);
#3214=EDGE_LOOP('',(#3205,#3206,#3212,#3213));
#3215=FACE_BOUND('',#3214,.T.);
#3216=ADVANCED_FACE('',(#3215),#3199,.T.);
#3217=CARTESIAN_POINT('',(32.075,-40.6,-1.823308435));
#3218=DIRECTION('',(-1.,0.,0.));
#3219=DIRECTION('',(0.,1.,0.));
#3220=AXIS2_PLACEMENT_3D('',#3217,#3218,#3219);
#3221=PLANE('',#3220);
#3222=CARTESIAN_POINT('',(32.075,-40.6,-1.823308435));
#3223=DIRECTION('',(-0.,-0.,1.));
#3224=VECTOR('',#3223,2.01);
#3225=LINE('',#3222,#3224);
#3226=EDGE_CURVE('',#3163,#1294,#3225,.T.);
#3227=ORIENTED_EDGE('',*,*,#3226,.T.);
#3228=ORIENTED_EDGE('',*,*,#1299,.T.);
#3229=ORIENTED_EDGE('',*,*,#3204,.F.);
#3230=ORIENTED_EDGE('',*,*,#3176,.F.);
#3231=EDGE_LOOP('',(#3227,#3228,#3229,#3230));
#3232=FACE_BOUND('',#3231,.T.);
#3233=ADVANCED_FACE('',(#3232),#3221,.T.);
#3234=CARTESIAN_POINT('',(25.075,-35.6,-1.823308435));
#3235=DIRECTION('',(1.,0.,0.));
#3236=DIRECTION('',(0.,-1.,0.));
#3237=AXIS2_PLACEMENT_3D('',#3234,#3235,#3236);
#3238=PLANE('',#3237);
#3239=ORIENTED_EDGE('',*,*,#3211,.T.);
#3240=ORIENTED_EDGE('',*,*,#1283,.T.);
#3241=CARTESIAN_POINT('',(25.075,-40.6,-1.823308435));
#3242=DIRECTION('',(-0.,-0.,1.));
#3243=VECTOR('',#3242,2.01);
#3244=LINE('',#3241,#3243);
#3245=EDGE_CURVE('',#3161,#1278,#3244,.T.);
#3246=ORIENTED_EDGE('',*,*,#3245,.F.);
#3247=ORIENTED_EDGE('',*,*,#3190,.F.);
#3248=EDGE_LOOP('',(#3239,#3240,#3246,#3247));
#3249=FACE_BOUND('',#3248,.T.);
#3250=ADVANCED_FACE('',(#3249),#3238,.T.);
#3251=CARTESIAN_POINT('',(25.075,-40.6,-1.823308435));
#3252=DIRECTION('',(0.,1.,0.));
#3253=DIRECTION('',(1.,0.,0.));
#3254=AXIS2_PLACEMENT_3D('',#3251,#3252,#3253);
#3255=PLANE('',#3254);
#3256=ORIENTED_EDGE('',*,*,#3245,.T.);
#3257=ORIENTED_EDGE('',*,*,#1305,.T.);
#3258=ORIENTED_EDGE('',*,*,#3226,.F.);
#3259=ORIENTED_EDGE('',*,*,#3168,.F.);
#3260=EDGE_LOOP('',(#3256,#3257,#3258,#3259));
#3261=FACE_BOUND('',#3260,.T.);
#3262=ADVANCED_FACE('',(#3261),#3255,.T.);
#3263=CARTESIAN_POINT('',(0.258998794,-9.645248495,-1.813308435));
#3264=DIRECTION('',(0.,0.,-1.));
#3265=DIRECTION('',(-1.,0.,0.));
#3266=AXIS2_PLACEMENT_3D('',#3263,#3264,#3265);
#3267=PLANE('',#3266);
#3268=CARTESIAN_POINT('',(23.8125,-37.284635818,-1.815808435));
#3269=VERTEX_POINT('',#3268);
#3270=CARTESIAN_POINT('',(24.13,-38.975,-1.815808435));
#3271=VERTEX_POINT('',#3270);
#3272=CARTESIAN_POINT('',(24.13,-38.1,-1.813308435));
#3273=DIRECTION('',(-0.,-0.,-1.));
#3274=DIRECTION('',(1.,0.,-0.));
#3275=AXIS2_PLACEMENT_3D('',#3272,#3273,#3274);
#3276=CIRCLE('',#3275,0.875);
#3277=EDGE_CURVE('',#3269,#3271,#3276,.T.);
#3278=ORIENTED_EDGE('',*,*,#3277,.F.);
#3279=CARTESIAN_POINT('',(23.495,-38.975,-1.815808435));
#3280=VERTEX_POINT('',#3279);
#3281=CARTESIAN_POINT('',(23.495,-38.1,-1.813308435));
#3282=DIRECTION('',(-0.,-0.,-1.));
#3283=DIRECTION('',(1.,0.,-0.));
#3284=AXIS2_PLACEMENT_3D('',#3281,#3282,#3283);
#3285=CIRCLE('',#3284,0.875);
#3286=EDGE_CURVE('',#3280,#3269,#3285,.T.);
#3287=ORIENTED_EDGE('',*,*,#3286,.F.);
#3288=CARTESIAN_POINT('',(23.8125,-38.915364182,-1.815808435));
#3289=VERTEX_POINT('',#3288);
#3290=CARTESIAN_POINT('',(23.495,-38.1,-1.813308435));
#3291=DIRECTION('',(-0.,-0.,-1.));
#3292=DIRECTION('',(1.,0.,-0.));
#3293=AXIS2_PLACEMENT_3D('',#3290,#3291,#3292);
#3294=CIRCLE('',#3293,0.875);
#3295=EDGE_CURVE('',#3289,#3280,#3294,.T.);
#3296=ORIENTED_EDGE('',*,*,#3295,.F.);
#3297=CARTESIAN_POINT('',(24.13,-38.1,-1.813308435));
#3298=DIRECTION('',(-0.,-0.,-1.));
#3299=DIRECTION('',(1.,0.,-0.));
#3300=AXIS2_PLACEMENT_3D('',#3297,#3298,#3299);
#3301=CIRCLE('',#3300,0.875);
#3302=EDGE_CURVE('',#3271,#3289,#3301,.T.);
#3303=ORIENTED_EDGE('',*,*,#3302,.F.);
#3304=EDGE_LOOP('',(#3278,#3287,#3296,#3303));
#3305=FACE_BOUND('',#3304,.T.);
#3306=ADVANCED_FACE('',(#3305),#3267,.F.);
#3307=CARTESIAN_POINT('',(23.495,-38.1,-1.869308435));
#3308=DIRECTION('',(0.,0.,-1.));
#3309=DIRECTION('',(0.,-1.,0.));
#3310=AXIS2_PLACEMENT_3D('',#3307,#3308,#3309);
#3311=CYLINDRICAL_SURFACE('',#3310,0.875);
#3312=CARTESIAN_POINT('',(23.495,-38.975,-1.823308435));
#3313=DIRECTION('',(-0.,-0.,1.));
#3314=VECTOR('',#3313,2.01);
#3315=LINE('',#3312,#3314);
#3316=EDGE_CURVE('',#3280,#1130,#3315,.T.);
#3317=ORIENTED_EDGE('',*,*,#3316,.F.);
#3318=ORIENTED_EDGE('',*,*,#3286,.T.);
#3319=CARTESIAN_POINT('',(23.8125,-37.284635818,0.186691565));
#3320=DIRECTION('',(0.,0.,-1.));
#3321=VECTOR('',#3320,2.01);
#3322=LINE('',#3319,#3321);
#3323=EDGE_CURVE('',#1132,#3269,#3322,.T.);
#3324=ORIENTED_EDGE('',*,*,#3323,.F.);
#3325=ORIENTED_EDGE('',*,*,#1138,.F.);
#3326=EDGE_LOOP('',(#3317,#3318,#3324,#3325));
#3327=FACE_BOUND('',#3326,.T.);
#3328=ADVANCED_FACE('',(#3327),#3311,.F.);
#3329=CARTESIAN_POINT('',(24.13,-38.1,-1.869308435));
#3330=DIRECTION('',(0.,0.,-1.));
#3331=DIRECTION('',(0.,-1.,0.));
#3332=AXIS2_PLACEMENT_3D('',#3329,#3330,#3331);
#3333=CYLINDRICAL_SURFACE('',#3332,0.875);
#3334=ORIENTED_EDGE('',*,*,#3277,.T.);
#3335=CARTESIAN_POINT('',(24.13,-38.975,-1.823308435));
#3336=DIRECTION('',(-0.,-0.,1.));
#3337=VECTOR('',#3336,2.01);
#3338=LINE('',#3335,#3337);
#3339=EDGE_CURVE('',#3271,#1141,#3338,.T.);
#3340=ORIENTED_EDGE('',*,*,#3339,.T.);
#3341=ORIENTED_EDGE('',*,*,#1147,.F.);
#3342=ORIENTED_EDGE('',*,*,#3323,.T.);
#3343=EDGE_LOOP('',(#3334,#3340,#3341,#3342));
#3344=FACE_BOUND('',#3343,.T.);
#3345=ADVANCED_FACE('',(#3344),#3333,.F.);
#3346=CARTESIAN_POINT('',(24.13,-38.1,-1.869308435));
#3347=DIRECTION('',(0.,0.,-1.));
#3348=DIRECTION('',(0.,-1.,0.));
#3349=AXIS2_PLACEMENT_3D('',#3346,#3347,#3348);
#3350=CYLINDRICAL_SURFACE('',#3349,0.875);
#3351=ORIENTED_EDGE('',*,*,#3339,.F.);
#3352=ORIENTED_EDGE('',*,*,#3302,.T.);
#3353=CARTESIAN_POINT('',(23.8125,-38.915364182,0.186691565));
#3354=DIRECTION('',(0.,0.,-1.));
#3355=VECTOR('',#3354,2.01);
#3356=LINE('',#3353,#3355);
#3357=EDGE_CURVE('',#1150,#3289,#3356,.T.);
#3358=ORIENTED_EDGE('',*,*,#3357,.F.);
#3359=ORIENTED_EDGE('',*,*,#1156,.F.);
#3360=EDGE_LOOP('',(#3351,#3352,#3358,#3359));
#3361=FACE_BOUND('',#3360,.T.);
#3362=ADVANCED_FACE('',(#3361),#3350,.F.);
#3363=CARTESIAN_POINT('',(23.495,-38.1,-1.869308435));
#3364=DIRECTION('',(0.,0.,-1.));
#3365=DIRECTION('',(0.,-1.,0.));
#3366=AXIS2_PLACEMENT_3D('',#3363,#3364,#3365);
#3367=CYLINDRICAL_SURFACE('',#3366,0.875);
#3368=ORIENTED_EDGE('',*,*,#3295,.T.);
#3369=ORIENTED_EDGE('',*,*,#3316,.T.);
#3370=ORIENTED_EDGE('',*,*,#1163,.F.);
#3371=ORIENTED_EDGE('',*,*,#3357,.T.);
#3372=EDGE_LOOP('',(#3368,#3369,#3370,#3371));
#3373=FACE_BOUND('',#3372,.T.);
#3374=ADVANCED_FACE('',(#3373),#3367,.F.);
#3375=CARTESIAN_POINT('',(0.258998794,-9.645248495,-1.813308435));
#3376=DIRECTION('',(0.,0.,-1.));
#3377=DIRECTION('',(-1.,0.,0.));
#3378=AXIS2_PLACEMENT_3D('',#3375,#3376,#3377);
#3379=PLANE('',#3378);
#3380=CARTESIAN_POINT('',(15.55,-40.6,-1.815808435));
#3381=VERTEX_POINT('',#3380);
#3382=CARTESIAN_POINT('',(22.55,-40.6,-1.815808435));
#3383=VERTEX_POINT('',#3382);
#3384=CARTESIAN_POINT('',(15.55,-40.6,-1.813308435));
#3385=DIRECTION('',(1.,0.,-0.));
#3386=VECTOR('',#3385,7.);
#3387=LINE('',#3384,#3386);
#3388=EDGE_CURVE('',#3381,#3383,#3387,.T.);
#3389=ORIENTED_EDGE('',*,*,#3388,.T.);
#3390=CARTESIAN_POINT('',(22.55,-35.6,-1.815808435));
#3391=VERTEX_POINT('',#3390);
#3392=CARTESIAN_POINT('',(22.55,-40.6,-1.813308435));
#3393=DIRECTION('',(0.,1.,0.));
#3394=VECTOR('',#3393,5.);
#3395=LINE('',#3392,#3394);
#3396=EDGE_CURVE('',#3383,#3391,#3395,.T.);
#3397=ORIENTED_EDGE('',*,*,#3396,.T.);
#3398=CARTESIAN_POINT('',(15.55,-35.6,-1.815808435));
#3399=VERTEX_POINT('',#3398);
#3400=CARTESIAN_POINT('',(22.55,-35.6,-1.813308435));
#3401=DIRECTION('',(-1.,0.,0.));
#3402=VECTOR('',#3401,7.);
#3403=LINE('',#3400,#3402);
#3404=EDGE_CURVE('',#3391,#3399,#3403,.T.);
#3405=ORIENTED_EDGE('',*,*,#3404,.T.);
#3406=CARTESIAN_POINT('',(15.55,-35.6,-1.813308435));
#3407=DIRECTION('',(0.,-1.,0.));
#3408=VECTOR('',#3407,5.);
#3409=LINE('',#3406,#3408);
#3410=EDGE_CURVE('',#3399,#3381,#3409,.T.);
#3411=ORIENTED_EDGE('',*,*,#3410,.T.);
#3412=EDGE_LOOP('',(#3389,#3397,#3405,#3411));
#3413=FACE_BOUND('',#3412,.T.);
#3414=ADVANCED_FACE('',(#3413),#3379,.F.);
#3415=CARTESIAN_POINT('',(22.55,-35.6,-1.823308435));
#3416=DIRECTION('',(0.,-1.,0.));
#3417=DIRECTION('',(-1.,0.,0.));
#3418=AXIS2_PLACEMENT_3D('',#3415,#3416,#3417);
#3419=PLANE('',#3418);
#3420=CARTESIAN_POINT('',(22.55,-35.6,-1.823308435));
#3421=DIRECTION('',(-0.,-0.,1.));
#3422=VECTOR('',#3421,2.01);
#3423=LINE('',#3420,#3422);
#3424=EDGE_CURVE('',#3391,#1320,#3423,.T.);
#3425=ORIENTED_EDGE('',*,*,#3424,.T.);
#3426=ORIENTED_EDGE('',*,*,#1325,.T.);
#3427=CARTESIAN_POINT('',(15.55,-35.6,-1.823308435));
#3428=DIRECTION('',(-0.,-0.,1.));
#3429=VECTOR('',#3428,2.01);
#3430=LINE('',#3427,#3429);
#3431=EDGE_CURVE('',#3399,#1310,#3430,.T.);
#3432=ORIENTED_EDGE('',*,*,#3431,.F.);
#3433=ORIENTED_EDGE('',*,*,#3404,.F.);
#3434=EDGE_LOOP('',(#3425,#3426,#3432,#3433));
#3435=FACE_BOUND('',#3434,.T.);
#3436=ADVANCED_FACE('',(#3435),#3419,.T.);
#3437=CARTESIAN_POINT('',(22.55,-40.6,-1.823308435));
#3438=DIRECTION('',(-1.,0.,0.));
#3439=DIRECTION('',(0.,1.,0.));
#3440=AXIS2_PLACEMENT_3D('',#3437,#3438,#3439);
#3441=PLANE('',#3440);
#3442=CARTESIAN_POINT('',(22.55,-40.6,-1.823308435));
#3443=DIRECTION('',(-0.,-0.,1.));
#3444=VECTOR('',#3443,2.01);
#3445=LINE('',#3442,#3444);
#3446=EDGE_CURVE('',#3383,#1328,#3445,.T.);
#3447=ORIENTED_EDGE('',*,*,#3446,.T.);
#3448=ORIENTED_EDGE('',*,*,#1333,.T.);
#3449=ORIENTED_EDGE('',*,*,#3424,.F.);
#3450=ORIENTED_EDGE('',*,*,#3396,.F.);
#3451=EDGE_LOOP('',(#3447,#3448,#3449,#3450));
#3452=FACE_BOUND('',#3451,.T.);
#3453=ADVANCED_FACE('',(#3452),#3441,.T.);
#3454=CARTESIAN_POINT('',(15.55,-35.6,-1.823308435));
#3455=DIRECTION('',(1.,0.,0.));
#3456=DIRECTION('',(0.,-1.,0.));
#3457=AXIS2_PLACEMENT_3D('',#3454,#3455,#3456);
#3458=PLANE('',#3457);
#3459=ORIENTED_EDGE('',*,*,#3431,.T.);
#3460=ORIENTED_EDGE('',*,*,#1317,.T.);
#3461=CARTESIAN_POINT('',(15.55,-40.6,-1.823308435));
#3462=DIRECTION('',(-0.,-0.,1.));
#3463=VECTOR('',#3462,2.01);
#3464=LINE('',#3461,#3463);
#3465=EDGE_CURVE('',#3381,#1312,#3464,.T.);
#3466=ORIENTED_EDGE('',*,*,#3465,.F.);
#3467=ORIENTED_EDGE('',*,*,#3410,.F.);
#3468=EDGE_LOOP('',(#3459,#3460,#3466,#3467));
#3469=FACE_BOUND('',#3468,.T.);
#3470=ADVANCED_FACE('',(#3469),#3458,.T.);
#3471=CARTESIAN_POINT('',(15.55,-40.6,-1.823308435));
#3472=DIRECTION('',(0.,1.,0.));
#3473=DIRECTION('',(1.,0.,0.));
#3474=AXIS2_PLACEMENT_3D('',#3471,#3472,#3473);
#3475=PLANE('',#3474);
#3476=ORIENTED_EDGE('',*,*,#3465,.T.);
#3477=ORIENTED_EDGE('',*,*,#1339,.T.);
#3478=ORIENTED_EDGE('',*,*,#3446,.F.);
#3479=ORIENTED_EDGE('',*,*,#3388,.F.);
#3480=EDGE_LOOP('',(#3476,#3477,#3478,#3479));
#3481=FACE_BOUND('',#3480,.T.);
#3482=ADVANCED_FACE('',(#3481),#3475,.T.);
#3483=CARTESIAN_POINT('',(0.258998794,-9.645248495,-1.813308435));
#3484=DIRECTION('',(0.,0.,-1.));
#3485=DIRECTION('',(-1.,0.,0.));
#3486=AXIS2_PLACEMENT_3D('',#3483,#3484,#3485);
#3487=PLANE('',#3486);
#3488=CARTESIAN_POINT('',(-3.5,-40.6,-1.815808435));
#3489=VERTEX_POINT('',#3488);
#3490=CARTESIAN_POINT('',(3.5,-40.6,-1.815808435));
#3491=VERTEX_POINT('',#3490);
#3492=CARTESIAN_POINT('',(-3.5,-40.6,-1.813308435));
#3493=DIRECTION('',(1.,0.,-0.));
#3494=VECTOR('',#3493,7.);
#3495=LINE('',#3492,#3494);
#3496=EDGE_CURVE('',#3489,#3491,#3495,.T.);
#3497=ORIENTED_EDGE('',*,*,#3496,.T.);
#3498=CARTESIAN_POINT('',(3.5,-35.6,-1.815808435));
#3499=VERTEX_POINT('',#3498);
#3500=CARTESIAN_POINT('',(3.5,-40.6,-1.813308435));
#3501=DIRECTION('',(0.,1.,0.));
#3502=VECTOR('',#3501,5.);
#3503=LINE('',#3500,#3502);
#3504=EDGE_CURVE('',#3491,#3499,#3503,.T.);
#3505=ORIENTED_EDGE('',*,*,#3504,.T.);
#3506=CARTESIAN_POINT('',(-3.5,-35.6,-1.815808435));
#3507=VERTEX_POINT('',#3506);
#3508=CARTESIAN_POINT('',(3.5,-35.6,-1.813308435));
#3509=DIRECTION('',(-1.,0.,0.));
#3510=VECTOR('',#3509,7.);
#3511=LINE('',#3508,#3510);
#3512=EDGE_CURVE('',#3499,#3507,#3511,.T.);
#3513=ORIENTED_EDGE('',*,*,#3512,.T.);
#3514=CARTESIAN_POINT('',(-3.5,-35.6,-1.813308435));
#3515=DIRECTION('',(0.,-1.,0.));
#3516=VECTOR('',#3515,5.);
#3517=LINE('',#3514,#3516);
#3518=EDGE_CURVE('',#3507,#3489,#3517,.T.);
#3519=ORIENTED_EDGE('',*,*,#3518,.T.);
#3520=EDGE_LOOP('',(#3497,#3505,#3513,#3519));
#3521=FACE_BOUND('',#3520,.T.);
#3522=ADVANCED_FACE('',(#3521),#3487,.F.);
#3523=CARTESIAN_POINT('',(3.5,-35.6,-1.823308435));
#3524=DIRECTION('',(0.,-1.,0.));
#3525=DIRECTION('',(-1.,0.,0.));
#3526=AXIS2_PLACEMENT_3D('',#3523,#3524,#3525);
#3527=PLANE('',#3526);
#3528=CARTESIAN_POINT('',(3.5,-35.6,-1.823308435));
#3529=DIRECTION('',(-0.,-0.,1.));
#3530=VECTOR('',#3529,2.01);
#3531=LINE('',#3528,#3530);
#3532=EDGE_CURVE('',#3499,#1354,#3531,.T.);
#3533=ORIENTED_EDGE('',*,*,#3532,.T.);
#3534=ORIENTED_EDGE('',*,*,#1359,.T.);
#3535=CARTESIAN_POINT('',(-3.5,-35.6,-1.823308435));
#3536=DIRECTION('',(-0.,-0.,1.));
#3537=VECTOR('',#3536,2.01);
#3538=LINE('',#3535,#3537);
#3539=EDGE_CURVE('',#3507,#1344,#3538,.T.);
#3540=ORIENTED_EDGE('',*,*,#3539,.F.);
#3541=ORIENTED_EDGE('',*,*,#3512,.F.);
#3542=EDGE_LOOP('',(#3533,#3534,#3540,#3541));
#3543=FACE_BOUND('',#3542,.T.);
#3544=ADVANCED_FACE('',(#3543),#3527,.T.);
#3545=CARTESIAN_POINT('',(3.5,-40.6,-1.823308435));
#3546=DIRECTION('',(-1.,0.,0.));
#3547=DIRECTION('',(0.,1.,0.));
#3548=AXIS2_PLACEMENT_3D('',#3545,#3546,#3547);
#3549=PLANE('',#3548);
#3550=CARTESIAN_POINT('',(3.5,-40.6,-1.823308435));
#3551=DIRECTION('',(-0.,-0.,1.));
#3552=VECTOR('',#3551,2.01);
#3553=LINE('',#3550,#3552);
#3554=EDGE_CURVE('',#3491,#1362,#3553,.T.);
#3555=ORIENTED_EDGE('',*,*,#3554,.T.);
#3556=ORIENTED_EDGE('',*,*,#1367,.T.);
#3557=ORIENTED_EDGE('',*,*,#3532,.F.);
#3558=ORIENTED_EDGE('',*,*,#3504,.F.);
#3559=EDGE_LOOP('',(#3555,#3556,#3557,#3558));
#3560=FACE_BOUND('',#3559,.T.);
#3561=ADVANCED_FACE('',(#3560),#3549,.T.);
#3562=CARTESIAN_POINT('',(-3.5,-35.6,-1.823308435));
#3563=DIRECTION('',(1.,0.,0.));
#3564=DIRECTION('',(0.,-1.,0.));
#3565=AXIS2_PLACEMENT_3D('',#3562,#3563,#3564);
#3566=PLANE('',#3565);
#3567=ORIENTED_EDGE('',*,*,#3539,.T.);
#3568=ORIENTED_EDGE('',*,*,#1351,.T.);
#3569=CARTESIAN_POINT('',(-3.5,-40.6,-1.823308435));
#3570=DIRECTION('',(-0.,-0.,1.));
#3571=VECTOR('',#3570,2.01);
#3572=LINE('',#3569,#3571);
#3573=EDGE_CURVE('',#3489,#1346,#3572,.T.);
#3574=ORIENTED_EDGE('',*,*,#3573,.F.);
#3575=ORIENTED_EDGE('',*,*,#3518,.F.);
#3576=EDGE_LOOP('',(#3567,#3568,#3574,#3575));
#3577=FACE_BOUND('',#3576,.T.);
#3578=ADVANCED_FACE('',(#3577),#3566,.T.);
#3579=CARTESIAN_POINT('',(-3.5,-40.6,-1.823308435));
#3580=DIRECTION('',(0.,1.,0.));
#3581=DIRECTION('',(1.,0.,0.));
#3582=AXIS2_PLACEMENT_3D('',#3579,#3580,#3581);
#3583=PLANE('',#3582);
#3584=ORIENTED_EDGE('',*,*,#3573,.T.);
#3585=ORIENTED_EDGE('',*,*,#1373,.T.);
#3586=ORIENTED_EDGE('',*,*,#3554,.F.);
#3587=ORIENTED_EDGE('',*,*,#3496,.F.);
#3588=EDGE_LOOP('',(#3584,#3585,#3586,#3587));
#3589=FACE_BOUND('',#3588,.T.);
#3590=ADVANCED_FACE('',(#3589),#3583,.T.);
#3591=CARTESIAN_POINT('',(0.258998794,-9.645248495,-1.813308435));
#3592=DIRECTION('',(0.,0.,-1.));
#3593=DIRECTION('',(-1.,0.,0.));
#3594=AXIS2_PLACEMENT_3D('',#3591,#3592,#3593);
#3595=PLANE('',#3594);
#3596=CARTESIAN_POINT('',(-41.6,-21.55,-1.815808435));
#3597=VERTEX_POINT('',#3596);
#3598=CARTESIAN_POINT('',(-34.6,-21.55,-1.815808435));
#3599=VERTEX_POINT('',#3598);
#3600=CARTESIAN_POINT('',(-41.6,-21.55,-1.813308435));
#3601=DIRECTION('',(1.,0.,-0.));
#3602=VECTOR('',#3601,7.);
#3603=LINE('',#3600,#3602);
#3604=EDGE_CURVE('',#3597,#3599,#3603,.T.);
#3605=ORIENTED_EDGE('',*,*,#3604,.T.);
#3606=CARTESIAN_POINT('',(-34.6,-16.55,-1.815808435));
#3607=VERTEX_POINT('',#3606);
#3608=CARTESIAN_POINT('',(-34.6,-21.55,-1.813308435));
#3609=DIRECTION('',(0.,1.,0.));
#3610=VECTOR('',#3609,5.);
#3611=LINE('',#3608,#3610);
#3612=EDGE_CURVE('',#3599,#3607,#3611,.T.);
#3613=ORIENTED_EDGE('',*,*,#3612,.T.);
#3614=CARTESIAN_POINT('',(-41.6,-16.55,-1.815808435));
#3615=VERTEX_POINT('',#3614);
#3616=CARTESIAN_POINT('',(-34.6,-16.55,-1.813308435));
#3617=DIRECTION('',(-1.,0.,0.));
#3618=VECTOR('',#3617,7.);
#3619=LINE('',#3616,#3618);
#3620=EDGE_CURVE('',#3607,#3615,#3619,.T.);
#3621=ORIENTED_EDGE('',*,*,#3620,.T.);
#3622=CARTESIAN_POINT('',(-41.6,-16.55,-1.813308435));
#3623=DIRECTION('',(0.,-1.,0.));
#3624=VECTOR('',#3623,5.);
#3625=LINE('',#3622,#3624);
#3626=EDGE_CURVE('',#3615,#3597,#3625,.T.);
#3627=ORIENTED_EDGE('',*,*,#3626,.T.);
#3628=EDGE_LOOP('',(#3605,#3613,#3621,#3627));
#3629=FACE_BOUND('',#3628,.T.);
#3630=ADVANCED_FACE('',(#3629),#3595,.F.);
#3631=CARTESIAN_POINT('',(-34.6,-16.55,-1.823308435));
#3632=DIRECTION('',(0.,-1.,0.));
#3633=DIRECTION('',(-1.,0.,0.));
#3634=AXIS2_PLACEMENT_3D('',#3631,#3632,#3633);
#3635=PLANE('',#3634);
#3636=CARTESIAN_POINT('',(-34.6,-16.55,-1.823308435));
#3637=DIRECTION('',(-0.,-0.,1.));
#3638=VECTOR('',#3637,2.01);
#3639=LINE('',#3636,#3638);
#3640=EDGE_CURVE('',#3607,#1388,#3639,.T.);
#3641=ORIENTED_EDGE('',*,*,#3640,.T.);
#3642=ORIENTED_EDGE('',*,*,#1393,.T.);
#3643=CARTESIAN_POINT('',(-41.6,-16.55,-1.823308435));
#3644=DIRECTION('',(-0.,-0.,1.));
#3645=VECTOR('',#3644,2.01);
#3646=LINE('',#3643,#3645);
#3647=EDGE_CURVE('',#3615,#1378,#3646,.T.);
#3648=ORIENTED_EDGE('',*,*,#3647,.F.);
#3649=ORIENTED_EDGE('',*,*,#3620,.F.);
#3650=EDGE_LOOP('',(#3641,#3642,#3648,#3649));
#3651=FACE_BOUND('',#3650,.T.);
#3652=ADVANCED_FACE('',(#3651),#3635,.T.);
#3653=CARTESIAN_POINT('',(-34.6,-21.55,-1.823308435));
#3654=DIRECTION('',(-1.,0.,0.));
#3655=DIRECTION('',(0.,1.,0.));
#3656=AXIS2_PLACEMENT_3D('',#3653,#3654,#3655);
#3657=PLANE('',#3656);
#3658=CARTESIAN_POINT('',(-34.6,-21.55,-1.823308435));
#3659=DIRECTION('',(-0.,-0.,1.));
#3660=VECTOR('',#3659,2.01);
#3661=LINE('',#3658,#3660);
#3662=EDGE_CURVE('',#3599,#1396,#3661,.T.);
#3663=ORIENTED_EDGE('',*,*,#3662,.T.);
#3664=ORIENTED_EDGE('',*,*,#1401,.T.);
#3665=ORIENTED_EDGE('',*,*,#3640,.F.);
#3666=ORIENTED_EDGE('',*,*,#3612,.F.);
#3667=EDGE_LOOP('',(#3663,#3664,#3665,#3666));
#3668=FACE_BOUND('',#3667,.T.);
#3669=ADVANCED_FACE('',(#3668),#3657,.T.);
#3670=CARTESIAN_POINT('',(-41.6,-16.55,-1.823308435));
#3671=DIRECTION('',(1.,0.,0.));
#3672=DIRECTION('',(0.,-1.,0.));
#3673=AXIS2_PLACEMENT_3D('',#3670,#3671,#3672);
#3674=PLANE('',#3673);
#3675=ORIENTED_EDGE('',*,*,#3647,.T.);
#3676=ORIENTED_EDGE('',*,*,#1385,.T.);
#3677=CARTESIAN_POINT('',(-41.6,-21.55,-1.823308435));
#3678=DIRECTION('',(-0.,-0.,1.));
#3679=VECTOR('',#3678,2.01);
#3680=LINE('',#3677,#3679);
#3681=EDGE_CURVE('',#3597,#1380,#3680,.T.);
#3682=ORIENTED_EDGE('',*,*,#3681,.F.);
#3683=ORIENTED_EDGE('',*,*,#3626,.F.);
#3684=EDGE_LOOP('',(#3675,#3676,#3682,#3683));
#3685=FACE_BOUND('',#3684,.T.);
#3686=ADVANCED_FACE('',(#3685),#3674,.T.);
#3687=CARTESIAN_POINT('',(-41.6,-21.55,-1.823308435));
#3688=DIRECTION('',(0.,1.,0.));
#3689=DIRECTION('',(1.,0.,0.));
#3690=AXIS2_PLACEMENT_3D('',#3687,#3688,#3689);
#3691=PLANE('',#3690);
#3692=ORIENTED_EDGE('',*,*,#3681,.T.);
#3693=ORIENTED_EDGE('',*,*,#1407,.T.);
#3694=ORIENTED_EDGE('',*,*,#3662,.F.);
#3695=ORIENTED_EDGE('',*,*,#3604,.F.);
#3696=EDGE_LOOP('',(#3692,#3693,#3694,#3695));
#3697=FACE_BOUND('',#3696,.T.);
#3698=ADVANCED_FACE('',(#3697),#3691,.T.);
#3699=CARTESIAN_POINT('',(0.258998794,-9.645248495,-1.813308435));
#3700=DIRECTION('',(0.,0.,-1.));
#3701=DIRECTION('',(-1.,0.,0.));
#3702=AXIS2_PLACEMENT_3D('',#3699,#3700,#3701);
#3703=PLANE('',#3702);
#3704=CARTESIAN_POINT('',(-22.55,-21.55,-1.815808435));
#3705=VERTEX_POINT('',#3704);
#3706=CARTESIAN_POINT('',(-15.55,-21.55,-1.815808435));
#3707=VERTEX_POINT('',#3706);
#3708=CARTESIAN_POINT('',(-22.55,-21.55,-1.813308435));
#3709=DIRECTION('',(1.,0.,-0.));
#3710=VECTOR('',#3709,7.);
#3711=LINE('',#3708,#3710);
#3712=EDGE_CURVE('',#3705,#3707,#3711,.T.);
#3713=ORIENTED_EDGE('',*,*,#3712,.T.);
#3714=CARTESIAN_POINT('',(-15.55,-16.55,-1.815808435));
#3715=VERTEX_POINT('',#3714);
#3716=CARTESIAN_POINT('',(-15.55,-21.55,-1.813308435));
#3717=DIRECTION('',(0.,1.,0.));
#3718=VECTOR('',#3717,5.);
#3719=LINE('',#3716,#3718);
#3720=EDGE_CURVE('',#3707,#3715,#3719,.T.);
#3721=ORIENTED_EDGE('',*,*,#3720,.T.);
#3722=CARTESIAN_POINT('',(-22.55,-16.55,-1.815808435));
#3723=VERTEX_POINT('',#3722);
#3724=CARTESIAN_POINT('',(-15.55,-16.55,-1.813308435));
#3725=DIRECTION('',(-1.,0.,0.));
#3726=VECTOR('',#3725,7.);
#3727=LINE('',#3724,#3726);
#3728=EDGE_CURVE('',#3715,#3723,#3727,.T.);
#3729=ORIENTED_EDGE('',*,*,#3728,.T.);
#3730=CARTESIAN_POINT('',(-22.55,-16.55,-1.813308435));
#3731=DIRECTION('',(0.,-1.,0.));
#3732=VECTOR('',#3731,5.);
#3733=LINE('',#3730,#3732);
#3734=EDGE_CURVE('',#3723,#3705,#3733,.T.);
#3735=ORIENTED_EDGE('',*,*,#3734,.T.);
#3736=EDGE_LOOP('',(#3713,#3721,#3729,#3735));
#3737=FACE_BOUND('',#3736,.T.);
#3738=ADVANCED_FACE('',(#3737),#3703,.F.);
#3739=CARTESIAN_POINT('',(-15.55,-16.55,-1.823308435));
#3740=DIRECTION('',(0.,-1.,0.));
#3741=DIRECTION('',(-1.,0.,0.));
#3742=AXIS2_PLACEMENT_3D('',#3739,#3740,#3741);
#3743=PLANE('',#3742);
#3744=CARTESIAN_POINT('',(-15.55,-16.55,-1.823308435));
#3745=DIRECTION('',(-0.,-0.,1.));
#3746=VECTOR('',#3745,2.01);
#3747=LINE('',#3744,#3746);
#3748=EDGE_CURVE('',#3715,#1422,#3747,.T.);
#3749=ORIENTED_EDGE('',*,*,#3748,.T.);
#3750=ORIENTED_EDGE('',*,*,#1427,.T.);
#3751=CARTESIAN_POINT('',(-22.55,-16.55,-1.823308435));
#3752=DIRECTION('',(-0.,-0.,1.));
#3753=VECTOR('',#3752,2.01);
#3754=LINE('',#3751,#3753);
#3755=EDGE_CURVE('',#3723,#1412,#3754,.T.);
#3756=ORIENTED_EDGE('',*,*,#3755,.F.);
#3757=ORIENTED_EDGE('',*,*,#3728,.F.);
#3758=EDGE_LOOP('',(#3749,#3750,#3756,#3757));
#3759=FACE_BOUND('',#3758,.T.);
#3760=ADVANCED_FACE('',(#3759),#3743,.T.);
#3761=CARTESIAN_POINT('',(-15.55,-21.55,-1.823308435));
#3762=DIRECTION('',(-1.,0.,0.));
#3763=DIRECTION('',(0.,1.,0.));
#3764=AXIS2_PLACEMENT_3D('',#3761,#3762,#3763);
#3765=PLANE('',#3764);
#3766=CARTESIAN_POINT('',(-15.55,-21.55,-1.823308435));
#3767=DIRECTION('',(-0.,-0.,1.));
#3768=VECTOR('',#3767,2.01);
#3769=LINE('',#3766,#3768);
#3770=EDGE_CURVE('',#3707,#1430,#3769,.T.);
#3771=ORIENTED_EDGE('',*,*,#3770,.T.);
#3772=ORIENTED_EDGE('',*,*,#1435,.T.);
#3773=ORIENTED_EDGE('',*,*,#3748,.F.);
#3774=ORIENTED_EDGE('',*,*,#3720,.F.);
#3775=EDGE_LOOP('',(#3771,#3772,#3773,#3774));
#3776=FACE_BOUND('',#3775,.T.);
#3777=ADVANCED_FACE('',(#3776),#3765,.T.);
#3778=CARTESIAN_POINT('',(-22.55,-16.55,-1.823308435));
#3779=DIRECTION('',(1.,0.,0.));
#3780=DIRECTION('',(0.,-1.,0.));
#3781=AXIS2_PLACEMENT_3D('',#3778,#3779,#3780);
#3782=PLANE('',#3781);
#3783=ORIENTED_EDGE('',*,*,#3755,.T.);
#3784=ORIENTED_EDGE('',*,*,#1419,.T.);
#3785=CARTESIAN_POINT('',(-22.55,-21.55,-1.823308435));
#3786=DIRECTION('',(-0.,-0.,1.));
#3787=VECTOR('',#3786,2.01);
#3788=LINE('',#3785,#3787);
#3789=EDGE_CURVE('',#3705,#1414,#3788,.T.);
#3790=ORIENTED_EDGE('',*,*,#3789,.F.);
#3791=ORIENTED_EDGE('',*,*,#3734,.F.);
#3792=EDGE_LOOP('',(#3783,#3784,#3790,#3791));
#3793=FACE_BOUND('',#3792,.T.);
#3794=ADVANCED_FACE('',(#3793),#3782,.T.);
#3795=CARTESIAN_POINT('',(-22.55,-21.55,-1.823308435));
#3796=DIRECTION('',(0.,1.,0.));
#3797=DIRECTION('',(1.,0.,0.));
#3798=AXIS2_PLACEMENT_3D('',#3795,#3796,#3797);
#3799=PLANE('',#3798);
#3800=ORIENTED_EDGE('',*,*,#3789,.T.);
#3801=ORIENTED_EDGE('',*,*,#1441,.T.);
#3802=ORIENTED_EDGE('',*,*,#3770,.F.);
#3803=ORIENTED_EDGE('',*,*,#3712,.F.);
#3804=EDGE_LOOP('',(#3800,#3801,#3802,#3803));
#3805=FACE_BOUND('',#3804,.T.);
#3806=ADVANCED_FACE('',(#3805),#3799,.T.);
#3807=CARTESIAN_POINT('',(0.258998794,-9.645248495,-1.813308435));
#3808=DIRECTION('',(0.,0.,-1.));
#3809=DIRECTION('',(-1.,0.,0.));
#3810=AXIS2_PLACEMENT_3D('',#3807,#3808,#3809);
#3811=PLANE('',#3810);
#3812=CARTESIAN_POINT('',(-3.5,-21.55,-1.815808435));
#3813=VERTEX_POINT('',#3812);
#3814=CARTESIAN_POINT('',(3.5,-21.55,-1.815808435));
#3815=VERTEX_POINT('',#3814);
#3816=CARTESIAN_POINT('',(-3.5,-21.55,-1.813308435));
#3817=DIRECTION('',(1.,0.,-0.));
#3818=VECTOR('',#3817,7.);
#3819=LINE('',#3816,#3818);
#3820=EDGE_CURVE('',#3813,#3815,#3819,.T.);
#3821=ORIENTED_EDGE('',*,*,#3820,.T.);
#3822=CARTESIAN_POINT('',(3.5,-16.55,-1.815808435));
#3823=VERTEX_POINT('',#3822);
#3824=CARTESIAN_POINT('',(3.5,-21.55,-1.813308435));
#3825=DIRECTION('',(0.,1.,0.));
#3826=VECTOR('',#3825,5.);
#3827=LINE('',#3824,#3826);
#3828=EDGE_CURVE('',#3815,#3823,#3827,.T.);
#3829=ORIENTED_EDGE('',*,*,#3828,.T.);
#3830=CARTESIAN_POINT('',(-3.5,-16.55,-1.815808435));
#3831=VERTEX_POINT('',#3830);
#3832=CARTESIAN_POINT('',(3.5,-16.55,-1.813308435));
#3833=DIRECTION('',(-1.,0.,0.));
#3834=VECTOR('',#3833,7.);
#3835=LINE('',#3832,#3834);
#3836=EDGE_CURVE('',#3823,#3831,#3835,.T.);
#3837=ORIENTED_EDGE('',*,*,#3836,.T.);
#3838=CARTESIAN_POINT('',(-3.5,-16.55,-1.813308435));
#3839=DIRECTION('',(0.,-1.,0.));
#3840=VECTOR('',#3839,5.);
#3841=LINE('',#3838,#3840);
#3842=EDGE_CURVE('',#3831,#3813,#3841,.T.);
#3843=ORIENTED_EDGE('',*,*,#3842,.T.);
#3844=EDGE_LOOP('',(#3821,#3829,#3837,#3843));
#3845=FACE_BOUND('',#3844,.T.);
#3846=ADVANCED_FACE('',(#3845),#3811,.F.);
#3847=CARTESIAN_POINT('',(3.5,-16.55,-1.823308435));
#3848=DIRECTION('',(0.,-1.,0.));
#3849=DIRECTION('',(-1.,0.,0.));
#3850=AXIS2_PLACEMENT_3D('',#3847,#3848,#3849);
#3851=PLANE('',#3850);
#3852=CARTESIAN_POINT('',(3.5,-16.55,-1.823308435));
#3853=DIRECTION('',(-0.,-0.,1.));
#3854=VECTOR('',#3853,2.01);
#3855=LINE('',#3852,#3854);
#3856=EDGE_CURVE('',#3823,#1456,#3855,.T.);
#3857=ORIENTED_EDGE('',*,*,#3856,.T.);
#3858=ORIENTED_EDGE('',*,*,#1461,.T.);
#3859=CARTESIAN_POINT('',(-3.5,-16.55,-1.823308435));
#3860=DIRECTION('',(-0.,-0.,1.));
#3861=VECTOR('',#3860,2.01);
#3862=LINE('',#3859,#3861);
#3863=EDGE_CURVE('',#3831,#1446,#3862,.T.);
#3864=ORIENTED_EDGE('',*,*,#3863,.F.);
#3865=ORIENTED_EDGE('',*,*,#3836,.F.);
#3866=EDGE_LOOP('',(#3857,#3858,#3864,#3865));
#3867=FACE_BOUND('',#3866,.T.);
#3868=ADVANCED_FACE('',(#3867),#3851,.T.);
#3869=CARTESIAN_POINT('',(3.5,-21.55,-1.823308435));
#3870=DIRECTION('',(-1.,0.,0.));
#3871=DIRECTION('',(0.,1.,0.));
#3872=AXIS2_PLACEMENT_3D('',#3869,#3870,#3871);
#3873=PLANE('',#3872);
#3874=CARTESIAN_POINT('',(3.5,-21.55,-1.823308435));
#3875=DIRECTION('',(-0.,-0.,1.));
#3876=VECTOR('',#3875,2.01);
#3877=LINE('',#3874,#3876);
#3878=EDGE_CURVE('',#3815,#1464,#3877,.T.);
#3879=ORIENTED_EDGE('',*,*,#3878,.T.);
#3880=ORIENTED_EDGE('',*,*,#1469,.T.);
#3881=ORIENTED_EDGE('',*,*,#3856,.F.);
#3882=ORIENTED_EDGE('',*,*,#3828,.F.);
#3883=EDGE_LOOP('',(#3879,#3880,#3881,#3882));
#3884=FACE_BOUND('',#3883,.T.);
#3885=ADVANCED_FACE('',(#3884),#3873,.T.);
#3886=CARTESIAN_POINT('',(-3.5,-16.55,-1.823308435));
#3887=DIRECTION('',(1.,0.,0.));
#3888=DIRECTION('',(0.,-1.,0.));
#3889=AXIS2_PLACEMENT_3D('',#3886,#3887,#3888);
#3890=PLANE('',#3889);
#3891=ORIENTED_EDGE('',*,*,#3863,.T.);
#3892=ORIENTED_EDGE('',*,*,#1453,.T.);
#3893=CARTESIAN_POINT('',(-3.5,-21.55,-1.823308435));
#3894=DIRECTION('',(-0.,-0.,1.));
#3895=VECTOR('',#3894,2.01);
#3896=LINE('',#3893,#3895);
#3897=EDGE_CURVE('',#3813,#1448,#3896,.T.);
#3898=ORIENTED_EDGE('',*,*,#3897,.F.);
#3899=ORIENTED_EDGE('',*,*,#3842,.F.);
#3900=EDGE_LOOP('',(#3891,#3892,#3898,#3899));
#3901=FACE_BOUND('',#3900,.T.);
#3902=ADVANCED_FACE('',(#3901),#3890,.T.);
#3903=CARTESIAN_POINT('',(-3.5,-21.55,-1.823308435));
#3904=DIRECTION('',(0.,1.,0.));
#3905=DIRECTION('',(1.,0.,0.));
#3906=AXIS2_PLACEMENT_3D('',#3903,#3904,#3905);
#3907=PLANE('',#3906);
#3908=ORIENTED_EDGE('',*,*,#3897,.T.);
#3909=ORIENTED_EDGE('',*,*,#1475,.T.);
#3910=ORIENTED_EDGE('',*,*,#3878,.F.);
#3911=ORIENTED_EDGE('',*,*,#3820,.F.);
#3912=EDGE_LOOP('',(#3908,#3909,#3910,#3911));
#3913=FACE_BOUND('',#3912,.T.);
#3914=ADVANCED_FACE('',(#3913),#3907,.T.);
#3915=CARTESIAN_POINT('',(0.258998794,-9.645248495,-1.813308435));
#3916=DIRECTION('',(0.,0.,-1.));
#3917=DIRECTION('',(-1.,0.,0.));
#3918=AXIS2_PLACEMENT_3D('',#3915,#3916,#3917);
#3919=PLANE('',#3918);
#3920=CARTESIAN_POINT('',(-41.6,-40.6,-1.815808435));
#3921=VERTEX_POINT('',#3920);
#3922=CARTESIAN_POINT('',(-34.6,-40.6,-1.815808435));
#3923=VERTEX_POINT('',#3922);
#3924=CARTESIAN_POINT('',(-41.6,-40.6,-1.813308435));
#3925=DIRECTION('',(1.,0.,-0.));
#3926=VECTOR('',#3925,7.);
#3927=LINE('',#3924,#3926);
#3928=EDGE_CURVE('',#3921,#3923,#3927,.T.);
#3929=ORIENTED_EDGE('',*,*,#3928,.T.);
#3930=CARTESIAN_POINT('',(-34.6,-35.6,-1.815808435));
#3931=VERTEX_POINT('',#3930);
#3932=CARTESIAN_POINT('',(-34.6,-40.6,-1.813308435));
#3933=DIRECTION('',(0.,1.,0.));
#3934=VECTOR('',#3933,5.);
#3935=LINE('',#3932,#3934);
#3936=EDGE_CURVE('',#3923,#3931,#3935,.T.);
#3937=ORIENTED_EDGE('',*,*,#3936,.T.);
#3938=CARTESIAN_POINT('',(-41.6,-35.6,-1.815808435));
#3939=VERTEX_POINT('',#3938);
#3940=CARTESIAN_POINT('',(-34.6,-35.6,-1.813308435));
#3941=DIRECTION('',(-1.,0.,0.));
#3942=VECTOR('',#3941,7.);
#3943=LINE('',#3940,#3942);
#3944=EDGE_CURVE('',#3931,#3939,#3943,.T.);
#3945=ORIENTED_EDGE('',*,*,#3944,.T.);
#3946=CARTESIAN_POINT('',(-41.6,-35.6,-1.813308435));
#3947=DIRECTION('',(0.,-1.,0.));
#3948=VECTOR('',#3947,5.);
#3949=LINE('',#3946,#3948);
#3950=EDGE_CURVE('',#3939,#3921,#3949,.T.);
#3951=ORIENTED_EDGE('',*,*,#3950,.T.);
#3952=EDGE_LOOP('',(#3929,#3937,#3945,#3951));
#3953=FACE_BOUND('',#3952,.T.);
#3954=ADVANCED_FACE('',(#3953),#3919,.F.);
#3955=CARTESIAN_POINT('',(-34.6,-35.6,-1.823308435));
#3956=DIRECTION('',(0.,-1.,0.));
#3957=DIRECTION('',(-1.,0.,0.));
#3958=AXIS2_PLACEMENT_3D('',#3955,#3956,#3957);
#3959=PLANE('',#3958);
#3960=CARTESIAN_POINT('',(-34.6,-35.6,-1.823308435));
#3961=DIRECTION('',(-0.,-0.,1.));
#3962=VECTOR('',#3961,2.01);
#3963=LINE('',#3960,#3962);
#3964=EDGE_CURVE('',#3931,#1490,#3963,.T.);
#3965=ORIENTED_EDGE('',*,*,#3964,.T.);
#3966=ORIENTED_EDGE('',*,*,#1495,.T.);
#3967=CARTESIAN_POINT('',(-41.6,-35.6,-1.823308435));
#3968=DIRECTION('',(-0.,-0.,1.));
#3969=VECTOR('',#3968,2.01);
#3970=LINE('',#3967,#3969);
#3971=EDGE_CURVE('',#3939,#1480,#3970,.T.);
#3972=ORIENTED_EDGE('',*,*,#3971,.F.);
#3973=ORIENTED_EDGE('',*,*,#3944,.F.);
#3974=EDGE_LOOP('',(#3965,#3966,#3972,#3973));
#3975=FACE_BOUND('',#3974,.T.);
#3976=ADVANCED_FACE('',(#3975),#3959,.T.);
#3977=CARTESIAN_POINT('',(-34.6,-40.6,-1.823308435));
#3978=DIRECTION('',(-1.,0.,0.));
#3979=DIRECTION('',(0.,1.,0.));
#3980=AXIS2_PLACEMENT_3D('',#3977,#3978,#3979);
#3981=PLANE('',#3980);
#3982=CARTESIAN_POINT('',(-34.6,-40.6,-1.823308435));
#3983=DIRECTION('',(-0.,-0.,1.));
#3984=VECTOR('',#3983,2.01);
#3985=LINE('',#3982,#3984);
#3986=EDGE_CURVE('',#3923,#1498,#3985,.T.);
#3987=ORIENTED_EDGE('',*,*,#3986,.T.);
#3988=ORIENTED_EDGE('',*,*,#1503,.T.);
#3989=ORIENTED_EDGE('',*,*,#3964,.F.);
#3990=ORIENTED_EDGE('',*,*,#3936,.F.);
#3991=EDGE_LOOP('',(#3987,#3988,#3989,#3990));
#3992=FACE_BOUND('',#3991,.T.);
#3993=ADVANCED_FACE('',(#3992),#3981,.T.);
#3994=CARTESIAN_POINT('',(-41.6,-35.6,-1.823308435));
#3995=DIRECTION('',(1.,0.,0.));
#3996=DIRECTION('',(0.,-1.,0.));
#3997=AXIS2_PLACEMENT_3D('',#3994,#3995,#3996);
#3998=PLANE('',#3997);
#3999=ORIENTED_EDGE('',*,*,#3971,.T.);
#4000=ORIENTED_EDGE('',*,*,#1487,.T.);
#4001=CARTESIAN_POINT('',(-41.6,-40.6,-1.823308435));
#4002=DIRECTION('',(-0.,-0.,1.));
#4003=VECTOR('',#4002,2.01);
#4004=LINE('',#4001,#4003);
#4005=EDGE_CURVE('',#3921,#1482,#4004,.T.);
#4006=ORIENTED_EDGE('',*,*,#4005,.F.);
#4007=ORIENTED_EDGE('',*,*,#3950,.F.);
#4008=EDGE_LOOP('',(#3999,#4000,#4006,#4007));
#4009=FACE_BOUND('',#4008,.T.);
#4010=ADVANCED_FACE('',(#4009),#3998,.T.);
#4011=CARTESIAN_POINT('',(-41.6,-40.6,-1.823308435));
#4012=DIRECTION('',(0.,1.,0.));
#4013=DIRECTION('',(1.,0.,0.));
#4014=AXIS2_PLACEMENT_3D('',#4011,#4012,#4013);
#4015=PLANE('',#4014);
#4016=ORIENTED_EDGE('',*,*,#4005,.T.);
#4017=ORIENTED_EDGE('',*,*,#1509,.T.);
#4018=ORIENTED_EDGE('',*,*,#3986,.F.);
#4019=ORIENTED_EDGE('',*,*,#3928,.F.);
#4020=EDGE_LOOP('',(#4016,#4017,#4018,#4019));
#4021=FACE_BOUND('',#4020,.T.);
#4022=ADVANCED_FACE('',(#4021),#4015,.T.);
#4023=CARTESIAN_POINT('',(0.258998794,-9.645248495,-1.813308435));
#4024=DIRECTION('',(0.,0.,-1.));
#4025=DIRECTION('',(-1.,0.,0.));
#4026=AXIS2_PLACEMENT_3D('',#4023,#4024,#4025);
#4027=PLANE('',#4026);
#4028=CARTESIAN_POINT('',(-33.3375,-37.284635818,-1.815808435));
#4029=VERTEX_POINT('',#4028);
#4030=CARTESIAN_POINT('',(-33.02,-38.975,-1.815808435));
#4031=VERTEX_POINT('',#4030);
#4032=CARTESIAN_POINT('',(-33.02,-38.1,-1.813308435));
#4033=DIRECTION('',(-0.,-0.,-1.));
#4034=DIRECTION('',(1.,0.,-0.));
#4035=AXIS2_PLACEMENT_3D('',#4032,#4033,#4034);
#4036=CIRCLE('',#4035,0.875);
#4037=EDGE_CURVE('',#4029,#4031,#4036,.T.);
#4038=ORIENTED_EDGE('',*,*,#4037,.F.);
#4039=CARTESIAN_POINT('',(-33.655,-38.975,-1.815808435));
#4040=VERTEX_POINT('',#4039);
#4041=CARTESIAN_POINT('',(-33.655,-38.1,-1.813308435));
#4042=DIRECTION('',(-0.,-0.,-1.));
#4043=DIRECTION('',(1.,0.,-0.));
#4044=AXIS2_PLACEMENT_3D('',#4041,#4042,#4043);
#4045=CIRCLE('',#4044,0.875);
#4046=EDGE_CURVE('',#4040,#4029,#4045,.T.);
#4047=ORIENTED_EDGE('',*,*,#4046,.F.);
#4048=CARTESIAN_POINT('',(-33.3375,-38.915364182,-1.815808435));
#4049=VERTEX_POINT('',#4048);
#4050=CARTESIAN_POINT('',(-33.655,-38.1,-1.813308435));
#4051=DIRECTION('',(-0.,-0.,-1.));
#4052=DIRECTION('',(1.,0.,-0.));
#4053=AXIS2_PLACEMENT_3D('',#4050,#4051,#4052);
#4054=CIRCLE('',#4053,0.875);
#4055=EDGE_CURVE('',#4049,#4040,#4054,.T.);
#4056=ORIENTED_EDGE('',*,*,#4055,.F.);
#4057=CARTESIAN_POINT('',(-33.02,-38.1,-1.813308435));
#4058=DIRECTION('',(-0.,-0.,-1.));
#4059=DIRECTION('',(1.,0.,-0.));
#4060=AXIS2_PLACEMENT_3D('',#4057,#4058,#4059);
#4061=CIRCLE('',#4060,0.875);
#4062=EDGE_CURVE('',#4031,#4049,#4061,.T.);
#4063=ORIENTED_EDGE('',*,*,#4062,.F.);
#4064=EDGE_LOOP('',(#4038,#4047,#4056,#4063));
#4065=FACE_BOUND('',#4064,.T.);
#4066=ADVANCED_FACE('',(#4065),#4027,.F.);
#4067=CARTESIAN_POINT('',(-33.655,-38.1,-1.869308435));
#4068=DIRECTION('',(0.,0.,-1.));
#4069=DIRECTION('',(0.,-1.,0.));
#4070=AXIS2_PLACEMENT_3D('',#4067,#4068,#4069);
#4071=CYLINDRICAL_SURFACE('',#4070,0.875);
#4072=CARTESIAN_POINT('',(-33.655,-38.975,-1.823308435));
#4073=DIRECTION('',(-0.,-0.,1.));
#4074=VECTOR('',#4073,2.01);
#4075=LINE('',#4072,#4074);
#4076=EDGE_CURVE('',#4040,#1092,#4075,.T.);
#4077=ORIENTED_EDGE('',*,*,#4076,.F.);
#4078=ORIENTED_EDGE('',*,*,#4046,.T.);
#4079=CARTESIAN_POINT('',(-33.3375,-37.284635818,0.186691565));
#4080=DIRECTION('',(0.,0.,-1.));
#4081=VECTOR('',#4080,2.01);
#4082=LINE('',#4079,#4081);
#4083=EDGE_CURVE('',#1094,#4029,#4082,.T.);
#4084=ORIENTED_EDGE('',*,*,#4083,.F.);
#4085=ORIENTED_EDGE('',*,*,#1100,.F.);
#4086=EDGE_LOOP('',(#4077,#4078,#4084,#4085));
#4087=FACE_BOUND('',#4086,.T.);
#4088=ADVANCED_FACE('',(#4087),#4071,.F.);
#4089=CARTESIAN_POINT('',(-33.02,-38.1,-1.869308435));
#4090=DIRECTION('',(0.,0.,-1.));
#4091=DIRECTION('',(0.,-1.,0.));
#4092=AXIS2_PLACEMENT_3D('',#4089,#4090,#4091);
#4093=CYLINDRICAL_SURFACE('',#4092,0.875);
#4094=ORIENTED_EDGE('',*,*,#4037,.T.);
#4095=CARTESIAN_POINT('',(-33.02,-38.975,-1.823308435));
#4096=DIRECTION('',(-0.,-0.,1.));
#4097=VECTOR('',#4096,2.01);
#4098=LINE('',#4095,#4097);
#4099=EDGE_CURVE('',#4031,#1103,#4098,.T.);
#4100=ORIENTED_EDGE('',*,*,#4099,.T.);
#4101=ORIENTED_EDGE('',*,*,#1109,.F.);
#4102=ORIENTED_EDGE('',*,*,#4083,.T.);
#4103=EDGE_LOOP('',(#4094,#4100,#4101,#4102));
#4104=FACE_BOUND('',#4103,.T.);
#4105=ADVANCED_FACE('',(#4104),#4093,.F.);
#4106=CARTESIAN_POINT('',(-33.02,-38.1,-1.869308435));
#4107=DIRECTION('',(0.,0.,-1.));
#4108=DIRECTION('',(0.,-1.,0.));
#4109=AXIS2_PLACEMENT_3D('',#4106,#4107,#4108);
#4110=CYLINDRICAL_SURFACE('',#4109,0.875);
#4111=ORIENTED_EDGE('',*,*,#4099,.F.);
#4112=ORIENTED_EDGE('',*,*,#4062,.T.);
#4113=CARTESIAN_POINT('',(-33.3375,-38.915364182,0.186691565));
#4114=DIRECTION('',(0.,0.,-1.));
#4115=VECTOR('',#4114,2.01);
#4116=LINE('',#4113,#4115);
#4117=EDGE_CURVE('',#1112,#4049,#4116,.T.);
#4118=ORIENTED_EDGE('',*,*,#4117,.F.);
#4119=ORIENTED_EDGE('',*,*,#1118,.F.);
#4120=EDGE_LOOP('',(#4111,#4112,#4118,#4119));
#4121=FACE_BOUND('',#4120,.T.);
#4122=ADVANCED_FACE('',(#4121),#4110,.F.);
#4123=CARTESIAN_POINT('',(-33.655,-38.1,-1.869308435));
#4124=DIRECTION('',(0.,0.,-1.));
#4125=DIRECTION('',(0.,-1.,0.));
#4126=AXIS2_PLACEMENT_3D('',#4123,#4124,#4125);
#4127=CYLINDRICAL_SURFACE('',#4126,0.875);
#4128=ORIENTED_EDGE('',*,*,#4055,.T.);
#4129=ORIENTED_EDGE('',*,*,#4076,.T.);
#4130=ORIENTED_EDGE('',*,*,#1125,.F.);
#4131=ORIENTED_EDGE('',*,*,#4117,.T.);
#4132=EDGE_LOOP('',(#4128,#4129,#4130,#4131));
#4133=FACE_BOUND('',#4132,.T.);
#4134=ADVANCED_FACE('',(#4133),#4127,.F.);
#4135=CARTESIAN_POINT('',(0.258998794,-9.645248495,-1.813308435));
#4136=DIRECTION('',(0.,0.,-1.));
#4137=DIRECTION('',(-1.,0.,0.));
#4138=AXIS2_PLACEMENT_3D('',#4135,#4136,#4137);
#4139=PLANE('',#4138);
#4140=CARTESIAN_POINT('',(-32.075,-40.6,-1.815808435));
#4141=VERTEX_POINT('',#4140);
#4142=CARTESIAN_POINT('',(-25.075,-40.6,-1.815808435));
#4143=VERTEX_POINT('',#4142);
#4144=CARTESIAN_POINT('',(-32.075,-40.6,-1.813308435));
#4145=DIRECTION('',(1.,0.,-0.));
#4146=VECTOR('',#4145,7.);
#4147=LINE('',#4144,#4146);
#4148=EDGE_CURVE('',#4141,#4143,#4147,.T.);
#4149=ORIENTED_EDGE('',*,*,#4148,.T.);
#4150=CARTESIAN_POINT('',(-25.075,-35.6,-1.815808435));
#4151=VERTEX_POINT('',#4150);
#4152=CARTESIAN_POINT('',(-25.075,-40.6,-1.813308435));
#4153=DIRECTION('',(0.,1.,0.));
#4154=VECTOR('',#4153,5.);
#4155=LINE('',#4152,#4154);
#4156=EDGE_CURVE('',#4143,#4151,#4155,.T.);
#4157=ORIENTED_EDGE('',*,*,#4156,.T.);
#4158=CARTESIAN_POINT('',(-32.075,-35.6,-1.815808435));
#4159=VERTEX_POINT('',#4158);
#4160=CARTESIAN_POINT('',(-25.075,-35.6,-1.813308435));
#4161=DIRECTION('',(-1.,0.,0.));
#4162=VECTOR('',#4161,7.);
#4163=LINE('',#4160,#4162);
#4164=EDGE_CURVE('',#4151,#4159,#4163,.T.);
#4165=ORIENTED_EDGE('',*,*,#4164,.T.);
#4166=CARTESIAN_POINT('',(-32.075,-35.6,-1.813308435));
#4167=DIRECTION('',(0.,-1.,0.));
#4168=VECTOR('',#4167,5.);
#4169=LINE('',#4166,#4168);
#4170=EDGE_CURVE('',#4159,#4141,#4169,.T.);
#4171=ORIENTED_EDGE('',*,*,#4170,.T.);
#4172=EDGE_LOOP('',(#4149,#4157,#4165,#4171));
#4173=FACE_BOUND('',#4172,.T.);
#4174=ADVANCED_FACE('',(#4173),#4139,.F.);
#4175=CARTESIAN_POINT('',(-25.075,-35.6,-1.823308435));
#4176=DIRECTION('',(0.,-1.,0.));
#4177=DIRECTION('',(-1.,0.,0.));
#4178=AXIS2_PLACEMENT_3D('',#4175,#4176,#4177);
#4179=PLANE('',#4178);
#4180=CARTESIAN_POINT('',(-25.075,-35.6,-1.823308435));
#4181=DIRECTION('',(-0.,-0.,1.));
#4182=VECTOR('',#4181,2.01);
#4183=LINE('',#4180,#4182);
#4184=EDGE_CURVE('',#4151,#1524,#4183,.T.);
#4185=ORIENTED_EDGE('',*,*,#4184,.T.);
#4186=ORIENTED_EDGE('',*,*,#1529,.T.);
#4187=CARTESIAN_POINT('',(-32.075,-35.6,-1.823308435));
#4188=DIRECTION('',(-0.,-0.,1.));
#4189=VECTOR('',#4188,2.01);
#4190=LINE('',#4187,#4189);
#4191=EDGE_CURVE('',#4159,#1514,#4190,.T.);
#4192=ORIENTED_EDGE('',*,*,#4191,.F.);
#4193=ORIENTED_EDGE('',*,*,#4164,.F.);
#4194=EDGE_LOOP('',(#4185,#4186,#4192,#4193));
#4195=FACE_BOUND('',#4194,.T.);
#4196=ADVANCED_FACE('',(#4195),#4179,.T.);
#4197=CARTESIAN_POINT('',(-25.075,-40.6,-1.823308435));
#4198=DIRECTION('',(-1.,0.,0.));
#4199=DIRECTION('',(0.,1.,0.));
#4200=AXIS2_PLACEMENT_3D('',#4197,#4198,#4199);
#4201=PLANE('',#4200);
#4202=CARTESIAN_POINT('',(-25.075,-40.6,-1.823308435));
#4203=DIRECTION('',(-0.,-0.,1.));
#4204=VECTOR('',#4203,2.01);
#4205=LINE('',#4202,#4204);
#4206=EDGE_CURVE('',#4143,#1532,#4205,.T.);
#4207=ORIENTED_EDGE('',*,*,#4206,.T.);
#4208=ORIENTED_EDGE('',*,*,#1537,.T.);
#4209=ORIENTED_EDGE('',*,*,#4184,.F.);
#4210=ORIENTED_EDGE('',*,*,#4156,.F.);
#4211=EDGE_LOOP('',(#4207,#4208,#4209,#4210));
#4212=FACE_BOUND('',#4211,.T.);
#4213=ADVANCED_FACE('',(#4212),#4201,.T.);
#4214=CARTESIAN_POINT('',(-32.075,-35.6,-1.823308435));
#4215=DIRECTION('',(1.,0.,0.));
#4216=DIRECTION('',(0.,-1.,0.));
#4217=AXIS2_PLACEMENT_3D('',#4214,#4215,#4216);
#4218=PLANE('',#4217);
#4219=ORIENTED_EDGE('',*,*,#4191,.T.);
#4220=ORIENTED_EDGE('',*,*,#1521,.T.);
#4221=CARTESIAN_POINT('',(-32.075,-40.6,-1.823308435));
#4222=DIRECTION('',(-0.,-0.,1.));
#4223=VECTOR('',#4222,2.01);
#4224=LINE('',#4221,#4223);
#4225=EDGE_CURVE('',#4141,#1516,#4224,.T.);
#4226=ORIENTED_EDGE('',*,*,#4225,.F.);
#4227=ORIENTED_EDGE('',*,*,#4170,.F.);
#4228=EDGE_LOOP('',(#4219,#4220,#4226,#4227));
#4229=FACE_BOUND('',#4228,.T.);
#4230=ADVANCED_FACE('',(#4229),#4218,.T.);
#4231=CARTESIAN_POINT('',(-32.075,-40.6,-1.823308435));
#4232=DIRECTION('',(0.,1.,0.));
#4233=DIRECTION('',(1.,0.,0.));
#4234=AXIS2_PLACEMENT_3D('',#4231,#4232,#4233);
#4235=PLANE('',#4234);
#4236=ORIENTED_EDGE('',*,*,#4225,.T.);
#4237=ORIENTED_EDGE('',*,*,#1543,.T.);
#4238=ORIENTED_EDGE('',*,*,#4206,.F.);
#4239=ORIENTED_EDGE('',*,*,#4148,.F.);
#4240=EDGE_LOOP('',(#4236,#4237,#4238,#4239));
#4241=FACE_BOUND('',#4240,.T.);
#4242=ADVANCED_FACE('',(#4241),#4235,.T.);
#4243=CARTESIAN_POINT('',(0.258998794,-9.645248495,-1.813308435));
#4244=DIRECTION('',(0.,0.,-1.));
#4245=DIRECTION('',(-1.,0.,0.));
#4246=AXIS2_PLACEMENT_3D('',#4243,#4244,#4245);
#4247=PLANE('',#4246);
#4248=CARTESIAN_POINT('',(-23.8125,-37.284635818,-1.815808435));
#4249=VERTEX_POINT('',#4248);
#4250=CARTESIAN_POINT('',(-23.495,-38.975,-1.815808435));
#4251=VERTEX_POINT('',#4250);
#4252=CARTESIAN_POINT('',(-23.495,-38.1,-1.813308435));
#4253=DIRECTION('',(-0.,-0.,-1.));
#4254=DIRECTION('',(1.,0.,-0.));
#4255=AXIS2_PLACEMENT_3D('',#4252,#4253,#4254);
#4256=CIRCLE('',#4255,0.875);
#4257=EDGE_CURVE('',#4249,#4251,#4256,.T.);
#4258=ORIENTED_EDGE('',*,*,#4257,.F.);
#4259=CARTESIAN_POINT('',(-24.13,-38.975,-1.815808435));
#4260=VERTEX_POINT('',#4259);
#4261=CARTESIAN_POINT('',(-24.13,-38.1,-1.813308435));
#4262=DIRECTION('',(-0.,-0.,-1.));
#4263=DIRECTION('',(1.,0.,-0.));
#4264=AXIS2_PLACEMENT_3D('',#4261,#4262,#4263);
#4265=CIRCLE('',#4264,0.875);
#4266=EDGE_CURVE('',#4260,#4249,#4265,.T.);
#4267=ORIENTED_EDGE('',*,*,#4266,.F.);
#4268=CARTESIAN_POINT('',(-23.8125,-38.915364182,-1.815808435));
#4269=VERTEX_POINT('',#4268);
#4270=CARTESIAN_POINT('',(-24.13,-38.1,-1.813308435));
#4271=DIRECTION('',(-0.,-0.,-1.));
#4272=DIRECTION('',(1.,0.,-0.));
#4273=AXIS2_PLACEMENT_3D('',#4270,#4271,#4272);
#4274=CIRCLE('',#4273,0.875);
#4275=EDGE_CURVE('',#4269,#4260,#4274,.T.);
#4276=ORIENTED_EDGE('',*,*,#4275,.F.);
#4277=CARTESIAN_POINT('',(-23.495,-38.1,-1.813308435));
#4278=DIRECTION('',(-0.,-0.,-1.));
#4279=DIRECTION('',(1.,0.,-0.));
#4280=AXIS2_PLACEMENT_3D('',#4277,#4278,#4279);
#4281=CIRCLE('',#4280,0.875);
#4282=EDGE_CURVE('',#4251,#4269,#4281,.T.);
#4283=ORIENTED_EDGE('',*,*,#4282,.F.);
#4284=EDGE_LOOP('',(#4258,#4267,#4276,#4283));
#4285=FACE_BOUND('',#4284,.T.);
#4286=ADVANCED_FACE('',(#4285),#4247,.F.);
#4287=CARTESIAN_POINT('',(-24.13,-38.1,-1.869308435));
#4288=DIRECTION('',(0.,0.,-1.));
#4289=DIRECTION('',(0.,-1.,0.));
#4290=AXIS2_PLACEMENT_3D('',#4287,#4288,#4289);
#4291=CYLINDRICAL_SURFACE('',#4290,0.875);
#4292=CARTESIAN_POINT('',(-24.13,-38.975,-1.823308435));
#4293=DIRECTION('',(-0.,-0.,1.));
#4294=VECTOR('',#4293,2.01);
#4295=LINE('',#4292,#4294);
#4296=EDGE_CURVE('',#4260,#1054,#4295,.T.);
#4297=ORIENTED_EDGE('',*,*,#4296,.F.);
#4298=ORIENTED_EDGE('',*,*,#4266,.T.);
#4299=CARTESIAN_POINT('',(-23.8125,-37.284635818,0.186691565));
#4300=DIRECTION('',(0.,0.,-1.));
#4301=VECTOR('',#4300,2.01);
#4302=LINE('',#4299,#4301);
#4303=EDGE_CURVE('',#1056,#4249,#4302,.T.);
#4304=ORIENTED_EDGE('',*,*,#4303,.F.);
#4305=ORIENTED_EDGE('',*,*,#1062,.F.);
#4306=EDGE_LOOP('',(#4297,#4298,#4304,#4305));
#4307=FACE_BOUND('',#4306,.T.);
#4308=ADVANCED_FACE('',(#4307),#4291,.F.);
#4309=CARTESIAN_POINT('',(-23.495,-38.1,-1.869308435));
#4310=DIRECTION('',(0.,0.,-1.));
#4311=DIRECTION('',(0.,-1.,0.));
#4312=AXIS2_PLACEMENT_3D('',#4309,#4310,#4311);
#4313=CYLINDRICAL_SURFACE('',#4312,0.875);
#4314=ORIENTED_EDGE('',*,*,#4257,.T.);
#4315=CARTESIAN_POINT('',(-23.495,-38.975,-1.823308435));
#4316=DIRECTION('',(-0.,-0.,1.));
#4317=VECTOR('',#4316,2.01);
#4318=LINE('',#4315,#4317);
#4319=EDGE_CURVE('',#4251,#1065,#4318,.T.);
#4320=ORIENTED_EDGE('',*,*,#4319,.T.);
#4321=ORIENTED_EDGE('',*,*,#1071,.F.);
#4322=ORIENTED_EDGE('',*,*,#4303,.T.);
#4323=EDGE_LOOP('',(#4314,#4320,#4321,#4322));
#4324=FACE_BOUND('',#4323,.T.);
#4325=ADVANCED_FACE('',(#4324),#4313,.F.);
#4326=CARTESIAN_POINT('',(-24.13,-38.1,-1.869308435));
#4327=DIRECTION('',(0.,0.,-1.));
#4328=DIRECTION('',(0.,-1.,0.));
#4329=AXIS2_PLACEMENT_3D('',#4326,#4327,#4328);
#4330=CYLINDRICAL_SURFACE('',#4329,0.875);
#4331=ORIENTED_EDGE('',*,*,#4275,.T.);
#4332=ORIENTED_EDGE('',*,*,#4296,.T.);
#4333=ORIENTED_EDGE('',*,*,#1087,.F.);
#4334=CARTESIAN_POINT('',(-23.8125,-38.915364182,0.186691565));
#4335=DIRECTION('',(0.,0.,-1.));
#4336=VECTOR('',#4335,2.01);
#4337=LINE('',#4334,#4336);
#4338=EDGE_CURVE('',#1074,#4269,#4337,.T.);
#4339=ORIENTED_EDGE('',*,*,#4338,.T.);
#4340=EDGE_LOOP('',(#4331,#4332,#4333,#4339));
#4341=FACE_BOUND('',#4340,.T.);
#4342=ADVANCED_FACE('',(#4341),#4330,.F.);
#4343=CARTESIAN_POINT('',(-23.495,-38.1,-1.869308435));
#4344=DIRECTION('',(0.,0.,-1.));
#4345=DIRECTION('',(0.,-1.,0.));
#4346=AXIS2_PLACEMENT_3D('',#4343,#4344,#4345);
#4347=CYLINDRICAL_SURFACE('',#4346,0.875);
#4348=ORIENTED_EDGE('',*,*,#4319,.F.);
#4349=ORIENTED_EDGE('',*,*,#4282,.T.);
#4350=ORIENTED_EDGE('',*,*,#4338,.F.);
#4351=ORIENTED_EDGE('',*,*,#1080,.F.);
#4352=EDGE_LOOP('',(#4348,#4349,#4350,#4351));
#4353=FACE_BOUND('',#4352,.T.);
#4354=ADVANCED_FACE('',(#4353),#4347,.F.);
#4355=CARTESIAN_POINT('',(0.258998794,-9.645248495,-1.813308435));
#4356=DIRECTION('',(0.,0.,-1.));
#4357=DIRECTION('',(-1.,0.,0.));
#4358=AXIS2_PLACEMENT_3D('',#4355,#4356,#4357);
#4359=PLANE('',#4358);
#4360=CARTESIAN_POINT('',(-22.55,-40.6,-1.815808435));
#4361=VERTEX_POINT('',#4360);
#4362=CARTESIAN_POINT('',(-15.55,-40.6,-1.815808435));
#4363=VERTEX_POINT('',#4362);
#4364=CARTESIAN_POINT('',(-22.55,-40.6,-1.813308435));
#4365=DIRECTION('',(1.,0.,-0.));
#4366=VECTOR('',#4365,7.);
#4367=LINE('',#4364,#4366);
#4368=EDGE_CURVE('',#4361,#4363,#4367,.T.);
#4369=ORIENTED_EDGE('',*,*,#4368,.T.);
#4370=CARTESIAN_POINT('',(-15.55,-35.6,-1.815808435));
#4371=VERTEX_POINT('',#4370);
#4372=CARTESIAN_POINT('',(-15.55,-40.6,-1.813308435));
#4373=DIRECTION('',(0.,1.,0.));
#4374=VECTOR('',#4373,5.);
#4375=LINE('',#4372,#4374);
#4376=EDGE_CURVE('',#4363,#4371,#4375,.T.);
#4377=ORIENTED_EDGE('',*,*,#4376,.T.);
#4378=CARTESIAN_POINT('',(-22.55,-35.6,-1.815808435));
#4379=VERTEX_POINT('',#4378);
#4380=CARTESIAN_POINT('',(-15.55,-35.6,-1.813308435));
#4381=DIRECTION('',(-1.,0.,0.));
#4382=VECTOR('',#4381,7.);
#4383=LINE('',#4380,#4382);
#4384=EDGE_CURVE('',#4371,#4379,#4383,.T.);
#4385=ORIENTED_EDGE('',*,*,#4384,.T.);
#4386=CARTESIAN_POINT('',(-22.55,-35.6,-1.813308435));
#4387=DIRECTION('',(0.,-1.,0.));
#4388=VECTOR('',#4387,5.);
#4389=LINE('',#4386,#4388);
#4390=EDGE_CURVE('',#4379,#4361,#4389,.T.);
#4391=ORIENTED_EDGE('',*,*,#4390,.T.);
#4392=EDGE_LOOP('',(#4369,#4377,#4385,#4391));
#4393=FACE_BOUND('',#4392,.T.);
#4394=ADVANCED_FACE('',(#4393),#4359,.F.);
#4395=CARTESIAN_POINT('',(-15.55,-35.6,-1.823308435));
#4396=DIRECTION('',(0.,-1.,0.));
#4397=DIRECTION('',(-1.,0.,0.));
#4398=AXIS2_PLACEMENT_3D('',#4395,#4396,#4397);
#4399=PLANE('',#4398);
#4400=CARTESIAN_POINT('',(-15.55,-35.6,-1.823308435));
#4401=DIRECTION('',(-0.,-0.,1.));
#4402=VECTOR('',#4401,2.01);
#4403=LINE('',#4400,#4402);
#4404=EDGE_CURVE('',#4371,#1558,#4403,.T.);
#4405=ORIENTED_EDGE('',*,*,#4404,.T.);
#4406=ORIENTED_EDGE('',*,*,#1563,.T.);
#4407=CARTESIAN_POINT('',(-22.55,-35.6,-1.823308435));
#4408=DIRECTION('',(-0.,-0.,1.));
#4409=VECTOR('',#4408,2.01);
#4410=LINE('',#4407,#4409);
#4411=EDGE_CURVE('',#4379,#1548,#4410,.T.);
#4412=ORIENTED_EDGE('',*,*,#4411,.F.);
#4413=ORIENTED_EDGE('',*,*,#4384,.F.);
#4414=EDGE_LOOP('',(#4405,#4406,#4412,#4413));
#4415=FACE_BOUND('',#4414,.T.);
#4416=ADVANCED_FACE('',(#4415),#4399,.T.);
#4417=CARTESIAN_POINT('',(-15.55,-40.6,-1.823308435));
#4418=DIRECTION('',(-1.,0.,0.));
#4419=DIRECTION('',(0.,1.,0.));
#4420=AXIS2_PLACEMENT_3D('',#4417,#4418,#4419);
#4421=PLANE('',#4420);
#4422=CARTESIAN_POINT('',(-15.55,-40.6,-1.823308435));
#4423=DIRECTION('',(-0.,-0.,1.));
#4424=VECTOR('',#4423,2.01);
#4425=LINE('',#4422,#4424);
#4426=EDGE_CURVE('',#4363,#1566,#4425,.T.);
#4427=ORIENTED_EDGE('',*,*,#4426,.T.);
#4428=ORIENTED_EDGE('',*,*,#1571,.T.);
#4429=ORIENTED_EDGE('',*,*,#4404,.F.);
#4430=ORIENTED_EDGE('',*,*,#4376,.F.);
#4431=EDGE_LOOP('',(#4427,#4428,#4429,#4430));
#4432=FACE_BOUND('',#4431,.T.);
#4433=ADVANCED_FACE('',(#4432),#4421,.T.);
#4434=CARTESIAN_POINT('',(-22.55,-35.6,-1.823308435));
#4435=DIRECTION('',(1.,0.,0.));
#4436=DIRECTION('',(0.,-1.,0.));
#4437=AXIS2_PLACEMENT_3D('',#4434,#4435,#4436);
#4438=PLANE('',#4437);
#4439=ORIENTED_EDGE('',*,*,#4411,.T.);
#4440=ORIENTED_EDGE('',*,*,#1555,.T.);
#4441=CARTESIAN_POINT('',(-22.55,-40.6,-1.823308435));
#4442=DIRECTION('',(-0.,-0.,1.));
#4443=VECTOR('',#4442,2.01);
#4444=LINE('',#4441,#4443);
#4445=EDGE_CURVE('',#4361,#1550,#4444,.T.);
#4446=ORIENTED_EDGE('',*,*,#4445,.F.);
#4447=ORIENTED_EDGE('',*,*,#4390,.F.);
#4448=EDGE_LOOP('',(#4439,#4440,#4446,#4447));
#4449=FACE_BOUND('',#4448,.T.);
#4450=ADVANCED_FACE('',(#4449),#4438,.T.);
#4451=CARTESIAN_POINT('',(-22.55,-40.6,-1.823308435));
#4452=DIRECTION('',(0.,1.,0.));
#4453=DIRECTION('',(1.,0.,0.));
#4454=AXIS2_PLACEMENT_3D('',#4451,#4452,#4453);
#4455=PLANE('',#4454);
#4456=ORIENTED_EDGE('',*,*,#4445,.T.);
#4457=ORIENTED_EDGE('',*,*,#1577,.T.);
#4458=ORIENTED_EDGE('',*,*,#4426,.F.);
#4459=ORIENTED_EDGE('',*,*,#4368,.F.);
#4460=EDGE_LOOP('',(#4456,#4457,#4458,#4459));
#4461=FACE_BOUND('',#4460,.T.);
#4462=ADVANCED_FACE('',(#4461),#4455,.T.);
#4463=CARTESIAN_POINT('',(0.258998794,-9.645248495,-1.813308435));
#4464=DIRECTION('',(0.,0.,-1.));
#4465=DIRECTION('',(-1.,0.,0.));
#4466=AXIS2_PLACEMENT_3D('',#4463,#4464,#4465);
#4467=PLANE('',#4466);
#4468=CARTESIAN_POINT('',(15.55,16.55,-1.815808435));
#4469=VERTEX_POINT('',#4468);
#4470=CARTESIAN_POINT('',(22.55,16.55,-1.815808435));
#4471=VERTEX_POINT('',#4470);
#4472=CARTESIAN_POINT('',(15.55,16.55,-1.813308435));
#4473=DIRECTION('',(1.,0.,-0.));
#4474=VECTOR('',#4473,7.);
#4475=LINE('',#4472,#4474);
#4476=EDGE_CURVE('',#4469,#4471,#4475,.T.);
#4477=ORIENTED_EDGE('',*,*,#4476,.T.);
#4478=CARTESIAN_POINT('',(22.55,21.55,-1.815808435));
#4479=VERTEX_POINT('',#4478);
#4480=CARTESIAN_POINT('',(22.55,16.55,-1.813308435));
#4481=DIRECTION('',(0.,1.,0.));
#4482=VECTOR('',#4481,5.);
#4483=LINE('',#4480,#4482);
#4484=EDGE_CURVE('',#4471,#4479,#4483,.T.);
#4485=ORIENTED_EDGE('',*,*,#4484,.T.);
#4486=CARTESIAN_POINT('',(15.55,21.55,-1.815808435));
#4487=VERTEX_POINT('',#4486);
#4488=CARTESIAN_POINT('',(22.55,21.55,-1.813308435));
#4489=DIRECTION('',(-1.,0.,0.));
#4490=VECTOR('',#4489,7.);
#4491=LINE('',#4488,#4490);
#4492=EDGE_CURVE('',#4479,#4487,#4491,.T.);
#4493=ORIENTED_EDGE('',*,*,#4492,.T.);
#4494=CARTESIAN_POINT('',(15.55,21.55,-1.813308435));
#4495=DIRECTION('',(0.,-1.,0.));
#4496=VECTOR('',#4495,5.);
#4497=LINE('',#4494,#4496);
#4498=EDGE_CURVE('',#4487,#4469,#4497,.T.);
#4499=ORIENTED_EDGE('',*,*,#4498,.T.);
#4500=EDGE_LOOP('',(#4477,#4485,#4493,#4499));
#4501=FACE_BOUND('',#4500,.T.);
#4502=ADVANCED_FACE('',(#4501),#4467,.F.);
#4503=CARTESIAN_POINT('',(22.55,21.55,-1.823308435));
#4504=DIRECTION('',(0.,-1.,0.));
#4505=DIRECTION('',(-1.,0.,0.));
#4506=AXIS2_PLACEMENT_3D('',#4503,#4504,#4505);
#4507=PLANE('',#4506);
#4508=CARTESIAN_POINT('',(22.55,21.55,-1.823308435));
#4509=DIRECTION('',(-0.,-0.,1.));
#4510=VECTOR('',#4509,2.01);
#4511=LINE('',#4508,#4510);
#4512=EDGE_CURVE('',#4479,#1592,#4511,.T.);
#4513=ORIENTED_EDGE('',*,*,#4512,.T.);
#4514=ORIENTED_EDGE('',*,*,#1597,.T.);
#4515=CARTESIAN_POINT('',(15.55,21.55,-1.823308435));
#4516=DIRECTION('',(-0.,-0.,1.));
#4517=VECTOR('',#4516,2.01);
#4518=LINE('',#4515,#4517);
#4519=EDGE_CURVE('',#4487,#1582,#4518,.T.);
#4520=ORIENTED_EDGE('',*,*,#4519,.F.);
#4521=ORIENTED_EDGE('',*,*,#4492,.F.);
#4522=EDGE_LOOP('',(#4513,#4514,#4520,#4521));
#4523=FACE_BOUND('',#4522,.T.);
#4524=ADVANCED_FACE('',(#4523),#4507,.T.);
#4525=CARTESIAN_POINT('',(22.55,16.55,-1.823308435));
#4526=DIRECTION('',(-1.,0.,0.));
#4527=DIRECTION('',(0.,1.,0.));
#4528=AXIS2_PLACEMENT_3D('',#4525,#4526,#4527);
#4529=PLANE('',#4528);
#4530=CARTESIAN_POINT('',(22.55,16.55,-1.823308435));
#4531=DIRECTION('',(-0.,-0.,1.));
#4532=VECTOR('',#4531,2.01);
#4533=LINE('',#4530,#4532);
#4534=EDGE_CURVE('',#4471,#1600,#4533,.T.);
#4535=ORIENTED_EDGE('',*,*,#4534,.T.);
#4536=ORIENTED_EDGE('',*,*,#1605,.T.);
#4537=ORIENTED_EDGE('',*,*,#4512,.F.);
#4538=ORIENTED_EDGE('',*,*,#4484,.F.);
#4539=EDGE_LOOP('',(#4535,#4536,#4537,#4538));
#4540=FACE_BOUND('',#4539,.T.);
#4541=ADVANCED_FACE('',(#4540),#4529,.T.);
#4542=CARTESIAN_POINT('',(15.55,21.55,-1.823308435));
#4543=DIRECTION('',(1.,0.,0.));
#4544=DIRECTION('',(0.,-1.,0.));
#4545=AXIS2_PLACEMENT_3D('',#4542,#4543,#4544);
#4546=PLANE('',#4545);
#4547=ORIENTED_EDGE('',*,*,#4519,.T.);
#4548=ORIENTED_EDGE('',*,*,#1589,.T.);
#4549=CARTESIAN_POINT('',(15.55,16.55,-1.823308435));
#4550=DIRECTION('',(-0.,-0.,1.));
#4551=VECTOR('',#4550,2.01);
#4552=LINE('',#4549,#4551);
#4553=EDGE_CURVE('',#4469,#1584,#4552,.T.);
#4554=ORIENTED_EDGE('',*,*,#4553,.F.);
#4555=ORIENTED_EDGE('',*,*,#4498,.F.);
#4556=EDGE_LOOP('',(#4547,#4548,#4554,#4555));
#4557=FACE_BOUND('',#4556,.T.);
#4558=ADVANCED_FACE('',(#4557),#4546,.T.);
#4559=CARTESIAN_POINT('',(15.55,16.55,-1.823308435));
#4560=DIRECTION('',(0.,1.,0.));
#4561=DIRECTION('',(1.,0.,0.));
#4562=AXIS2_PLACEMENT_3D('',#4559,#4560,#4561);
#4563=PLANE('',#4562);
#4564=ORIENTED_EDGE('',*,*,#4553,.T.);
#4565=ORIENTED_EDGE('',*,*,#1611,.T.);
#4566=ORIENTED_EDGE('',*,*,#4534,.F.);
#4567=ORIENTED_EDGE('',*,*,#4476,.F.);
#4568=EDGE_LOOP('',(#4564,#4565,#4566,#4567));
#4569=FACE_BOUND('',#4568,.T.);
#4570=ADVANCED_FACE('',(#4569),#4563,.T.);
#4571=CARTESIAN_POINT('',(0.258998794,-9.645248495,-1.813308435));
#4572=DIRECTION('',(0.,0.,-1.));
#4573=DIRECTION('',(-1.,0.,0.));
#4574=AXIS2_PLACEMENT_3D('',#4571,#4572,#4573);
#4575=PLANE('',#4574);
#4576=CARTESIAN_POINT('',(34.6,-2.5,-1.815808435));
#4577=VERTEX_POINT('',#4576);
#4578=CARTESIAN_POINT('',(41.6,-2.5,-1.815808435));
#4579=VERTEX_POINT('',#4578);
#4580=CARTESIAN_POINT('',(34.6,-2.5,-1.813308435));
#4581=DIRECTION('',(1.,0.,-0.));
#4582=VECTOR('',#4581,7.);
#4583=LINE('',#4580,#4582);
#4584=EDGE_CURVE('',#4577,#4579,#4583,.T.);
#4585=ORIENTED_EDGE('',*,*,#4584,.T.);
#4586=CARTESIAN_POINT('',(41.6,2.5,-1.815808435));
#4587=VERTEX_POINT('',#4586);
#4588=CARTESIAN_POINT('',(41.6,-2.5,-1.813308435));
#4589=DIRECTION('',(0.,1.,0.));
#4590=VECTOR('',#4589,5.);
#4591=LINE('',#4588,#4590);
#4592=EDGE_CURVE('',#4579,#4587,#4591,.T.);
#4593=ORIENTED_EDGE('',*,*,#4592,.T.);
#4594=CARTESIAN_POINT('',(34.6,2.5,-1.815808435));
#4595=VERTEX_POINT('',#4594);
#4596=CARTESIAN_POINT('',(41.6,2.5,-1.813308435));
#4597=DIRECTION('',(-1.,0.,0.));
#4598=VECTOR('',#4597,7.);
#4599=LINE('',#4596,#4598);
#4600=EDGE_CURVE('',#4587,#4595,#4599,.T.);
#4601=ORIENTED_EDGE('',*,*,#4600,.T.);
#4602=CARTESIAN_POINT('',(34.6,2.5,-1.813308435));
#4603=DIRECTION('',(0.,-1.,0.));
#4604=VECTOR('',#4603,5.);
#4605=LINE('',#4602,#4604);
#4606=EDGE_CURVE('',#4595,#4577,#4605,.T.);
#4607=ORIENTED_EDGE('',*,*,#4606,.T.);
#4608=EDGE_LOOP('',(#4585,#4593,#4601,#4607));
#4609=FACE_BOUND('',#4608,.T.);
#4610=ADVANCED_FACE('',(#4609),#4575,.F.);
#4611=CARTESIAN_POINT('',(41.6,2.5,-1.823308435));
#4612=DIRECTION('',(0.,-1.,0.));
#4613=DIRECTION('',(-1.,0.,0.));
#4614=AXIS2_PLACEMENT_3D('',#4611,#4612,#4613);
#4615=PLANE('',#4614);
#4616=CARTESIAN_POINT('',(41.6,2.5,-1.823308435));
#4617=DIRECTION('',(-0.,-0.,1.));
#4618=VECTOR('',#4617,2.01);
#4619=LINE('',#4616,#4618);
#4620=EDGE_CURVE('',#4587,#1626,#4619,.T.);
#4621=ORIENTED_EDGE('',*,*,#4620,.T.);
#4622=ORIENTED_EDGE('',*,*,#1631,.T.);
#4623=CARTESIAN_POINT('',(34.6,2.5,-1.823308435));
#4624=DIRECTION('',(-0.,-0.,1.));
#4625=VECTOR('',#4624,2.01);
#4626=LINE('',#4623,#4625);
#4627=EDGE_CURVE('',#4595,#1616,#4626,.T.);
#4628=ORIENTED_EDGE('',*,*,#4627,.F.);
#4629=ORIENTED_EDGE('',*,*,#4600,.F.);
#4630=EDGE_LOOP('',(#4621,#4622,#4628,#4629));
#4631=FACE_BOUND('',#4630,.T.);
#4632=ADVANCED_FACE('',(#4631),#4615,.T.);
#4633=CARTESIAN_POINT('',(41.6,-2.5,-1.823308435));
#4634=DIRECTION('',(-1.,0.,0.));
#4635=DIRECTION('',(0.,1.,0.));
#4636=AXIS2_PLACEMENT_3D('',#4633,#4634,#4635);
#4637=PLANE('',#4636);
#4638=CARTESIAN_POINT('',(41.6,-2.5,-1.823308435));
#4639=DIRECTION('',(-0.,-0.,1.));
#4640=VECTOR('',#4639,2.01);
#4641=LINE('',#4638,#4640);
#4642=EDGE_CURVE('',#4579,#1634,#4641,.T.);
#4643=ORIENTED_EDGE('',*,*,#4642,.T.);
#4644=ORIENTED_EDGE('',*,*,#1639,.T.);
#4645=ORIENTED_EDGE('',*,*,#4620,.F.);
#4646=ORIENTED_EDGE('',*,*,#4592,.F.);
#4647=EDGE_LOOP('',(#4643,#4644,#4645,#4646));
#4648=FACE_BOUND('',#4647,.T.);
#4649=ADVANCED_FACE('',(#4648),#4637,.T.);
#4650=CARTESIAN_POINT('',(34.6,2.5,-1.823308435));
#4651=DIRECTION('',(1.,0.,0.));
#4652=DIRECTION('',(0.,-1.,0.));
#4653=AXIS2_PLACEMENT_3D('',#4650,#4651,#4652);
#4654=PLANE('',#4653);
#4655=ORIENTED_EDGE('',*,*,#4627,.T.);
#4656=ORIENTED_EDGE('',*,*,#1623,.T.);
#4657=CARTESIAN_POINT('',(34.6,-2.5,-1.823308435));
#4658=DIRECTION('',(-0.,-0.,1.));
#4659=VECTOR('',#4658,2.01);
#4660=LINE('',#4657,#4659);
#4661=EDGE_CURVE('',#4577,#1618,#4660,.T.);
#4662=ORIENTED_EDGE('',*,*,#4661,.F.);
#4663=ORIENTED_EDGE('',*,*,#4606,.F.);
#4664=EDGE_LOOP('',(#4655,#4656,#4662,#4663));
#4665=FACE_BOUND('',#4664,.T.);
#4666=ADVANCED_FACE('',(#4665),#4654,.T.);
#4667=CARTESIAN_POINT('',(34.6,-2.5,-1.823308435));
#4668=DIRECTION('',(0.,1.,0.));
#4669=DIRECTION('',(1.,0.,0.));
#4670=AXIS2_PLACEMENT_3D('',#4667,#4668,#4669);
#4671=PLANE('',#4670);
#4672=ORIENTED_EDGE('',*,*,#4661,.T.);
#4673=ORIENTED_EDGE('',*,*,#1645,.T.);
#4674=ORIENTED_EDGE('',*,*,#4642,.F.);
#4675=ORIENTED_EDGE('',*,*,#4584,.F.);
#4676=EDGE_LOOP('',(#4672,#4673,#4674,#4675));
#4677=FACE_BOUND('',#4676,.T.);
#4678=ADVANCED_FACE('',(#4677),#4671,.T.);
#4679=CARTESIAN_POINT('',(0.258998794,-9.645248495,-1.813308435));
#4680=DIRECTION('',(0.,0.,-1.));
#4681=DIRECTION('',(-1.,0.,0.));
#4682=AXIS2_PLACEMENT_3D('',#4679,#4680,#4681);
#4683=PLANE('',#4682);
#4684=CARTESIAN_POINT('',(15.55,-2.5,-1.815808435));
#4685=VERTEX_POINT('',#4684);
#4686=CARTESIAN_POINT('',(22.55,-2.5,-1.815808435));
#4687=VERTEX_POINT('',#4686);
#4688=CARTESIAN_POINT('',(15.55,-2.5,-1.813308435));
#4689=DIRECTION('',(1.,0.,-0.));
#4690=VECTOR('',#4689,7.);
#4691=LINE('',#4688,#4690);
#4692=EDGE_CURVE('',#4685,#4687,#4691,.T.);
#4693=ORIENTED_EDGE('',*,*,#4692,.T.);
#4694=CARTESIAN_POINT('',(22.55,2.5,-1.815808435));
#4695=VERTEX_POINT('',#4694);
#4696=CARTESIAN_POINT('',(22.55,-2.5,-1.813308435));
#4697=DIRECTION('',(0.,1.,0.));
#4698=VECTOR('',#4697,5.);
#4699=LINE('',#4696,#4698);
#4700=EDGE_CURVE('',#4687,#4695,#4699,.T.);
#4701=ORIENTED_EDGE('',*,*,#4700,.T.);
#4702=CARTESIAN_POINT('',(15.55,2.5,-1.815808435));
#4703=VERTEX_POINT('',#4702);
#4704=CARTESIAN_POINT('',(22.55,2.5,-1.813308435));
#4705=DIRECTION('',(-1.,0.,0.));
#4706=VECTOR('',#4705,7.);
#4707=LINE('',#4704,#4706);
#4708=EDGE_CURVE('',#4695,#4703,#4707,.T.);
#4709=ORIENTED_EDGE('',*,*,#4708,.T.);
#4710=CARTESIAN_POINT('',(15.55,2.5,-1.813308435));
#4711=DIRECTION('',(0.,-1.,0.));
#4712=VECTOR('',#4711,5.);
#4713=LINE('',#4710,#4712);
#4714=EDGE_CURVE('',#4703,#4685,#4713,.T.);
#4715=ORIENTED_EDGE('',*,*,#4714,.T.);
#4716=EDGE_LOOP('',(#4693,#4701,#4709,#4715));
#4717=FACE_BOUND('',#4716,.T.);
#4718=ADVANCED_FACE('',(#4717),#4683,.F.);
#4719=CARTESIAN_POINT('',(22.55,2.5,-1.823308435));
#4720=DIRECTION('',(0.,-1.,0.));
#4721=DIRECTION('',(-1.,0.,0.));
#4722=AXIS2_PLACEMENT_3D('',#4719,#4720,#4721);
#4723=PLANE('',#4722);
#4724=CARTESIAN_POINT('',(22.55,2.5,-1.823308435));
#4725=DIRECTION('',(-0.,-0.,1.));
#4726=VECTOR('',#4725,2.01);
#4727=LINE('',#4724,#4726);
#4728=EDGE_CURVE('',#4695,#1660,#4727,.T.);
#4729=ORIENTED_EDGE('',*,*,#4728,.T.);
#4730=ORIENTED_EDGE('',*,*,#1665,.T.);
#4731=CARTESIAN_POINT('',(15.55,2.5,-1.823308435));
#4732=DIRECTION('',(-0.,-0.,1.));
#4733=VECTOR('',#4732,2.01);
#4734=LINE('',#4731,#4733);
#4735=EDGE_CURVE('',#4703,#1650,#4734,.T.);
#4736=ORIENTED_EDGE('',*,*,#4735,.F.);
#4737=ORIENTED_EDGE('',*,*,#4708,.F.);
#4738=EDGE_LOOP('',(#4729,#4730,#4736,#4737));
#4739=FACE_BOUND('',#4738,.T.);
#4740=ADVANCED_FACE('',(#4739),#4723,.T.);
#4741=CARTESIAN_POINT('',(22.55,-2.5,-1.823308435));
#4742=DIRECTION('',(-1.,0.,0.));
#4743=DIRECTION('',(0.,1.,0.));
#4744=AXIS2_PLACEMENT_3D('',#4741,#4742,#4743);
#4745=PLANE('',#4744);
#4746=CARTESIAN_POINT('',(22.55,-2.5,-1.823308435));
#4747=DIRECTION('',(-0.,-0.,1.));
#4748=VECTOR('',#4747,2.01);
#4749=LINE('',#4746,#4748);
#4750=EDGE_CURVE('',#4687,#1668,#4749,.T.);
#4751=ORIENTED_EDGE('',*,*,#4750,.T.);
#4752=ORIENTED_EDGE('',*,*,#1673,.T.);
#4753=ORIENTED_EDGE('',*,*,#4728,.F.);
#4754=ORIENTED_EDGE('',*,*,#4700,.F.);
#4755=EDGE_LOOP('',(#4751,#4752,#4753,#4754));
#4756=FACE_BOUND('',#4755,.T.);
#4757=ADVANCED_FACE('',(#4756),#4745,.T.);
#4758=CARTESIAN_POINT('',(15.55,2.5,-1.823308435));
#4759=DIRECTION('',(1.,0.,0.));
#4760=DIRECTION('',(0.,-1.,0.));
#4761=AXIS2_PLACEMENT_3D('',#4758,#4759,#4760);
#4762=PLANE('',#4761);
#4763=ORIENTED_EDGE('',*,*,#4735,.T.);
#4764=ORIENTED_EDGE('',*,*,#1657,.T.);
#4765=CARTESIAN_POINT('',(15.55,-2.5,-1.823308435));
#4766=DIRECTION('',(-0.,-0.,1.));
#4767=VECTOR('',#4766,2.01);
#4768=LINE('',#4765,#4767);
#4769=EDGE_CURVE('',#4685,#1652,#4768,.T.);
#4770=ORIENTED_EDGE('',*,*,#4769,.F.);
#4771=ORIENTED_EDGE('',*,*,#4714,.F.);
#4772=EDGE_LOOP('',(#4763,#4764,#4770,#4771));
#4773=FACE_BOUND('',#4772,.T.);
#4774=ADVANCED_FACE('',(#4773),#4762,.T.);
#4775=CARTESIAN_POINT('',(15.55,-2.5,-1.823308435));
#4776=DIRECTION('',(0.,1.,0.));
#4777=DIRECTION('',(1.,0.,0.));
#4778=AXIS2_PLACEMENT_3D('',#4775,#4776,#4777);
#4779=PLANE('',#4778);
#4780=ORIENTED_EDGE('',*,*,#4769,.T.);
#4781=ORIENTED_EDGE('',*,*,#1679,.T.);
#4782=ORIENTED_EDGE('',*,*,#4750,.F.);
#4783=ORIENTED_EDGE('',*,*,#4692,.F.);
#4784=EDGE_LOOP('',(#4780,#4781,#4782,#4783));
#4785=FACE_BOUND('',#4784,.T.);
#4786=ADVANCED_FACE('',(#4785),#4779,.T.);
#4787=CARTESIAN_POINT('',(0.258998794,-9.645248495,-1.813308435));
#4788=DIRECTION('',(0.,0.,-1.));
#4789=DIRECTION('',(-1.,0.,0.));
#4790=AXIS2_PLACEMENT_3D('',#4787,#4788,#4789);
#4791=PLANE('',#4790);
#4792=CARTESIAN_POINT('',(-3.5,16.55,-1.815808435));
#4793=VERTEX_POINT('',#4792);
#4794=CARTESIAN_POINT('',(3.5,16.55,-1.815808435));
#4795=VERTEX_POINT('',#4794);
#4796=CARTESIAN_POINT('',(-3.5,16.55,-1.813308435));
#4797=DIRECTION('',(1.,0.,-0.));
#4798=VECTOR('',#4797,7.);
#4799=LINE('',#4796,#4798);
#4800=EDGE_CURVE('',#4793,#4795,#4799,.T.);
#4801=ORIENTED_EDGE('',*,*,#4800,.T.);
#4802=CARTESIAN_POINT('',(3.5,21.55,-1.815808435));
#4803=VERTEX_POINT('',#4802);
#4804=CARTESIAN_POINT('',(3.5,16.55,-1.813308435));
#4805=DIRECTION('',(0.,1.,0.));
#4806=VECTOR('',#4805,5.);
#4807=LINE('',#4804,#4806);
#4808=EDGE_CURVE('',#4795,#4803,#4807,.T.);
#4809=ORIENTED_EDGE('',*,*,#4808,.T.);
#4810=CARTESIAN_POINT('',(-3.5,21.55,-1.815808435));
#4811=VERTEX_POINT('',#4810);
#4812=CARTESIAN_POINT('',(3.5,21.55,-1.813308435));
#4813=DIRECTION('',(-1.,0.,0.));
#4814=VECTOR('',#4813,7.);
#4815=LINE('',#4812,#4814);
#4816=EDGE_CURVE('',#4803,#4811,#4815,.T.);
#4817=ORIENTED_EDGE('',*,*,#4816,.T.);
#4818=CARTESIAN_POINT('',(-3.5,21.55,-1.813308435));
#4819=DIRECTION('',(0.,-1.,0.));
#4820=VECTOR('',#4819,5.);
#4821=LINE('',#4818,#4820);
#4822=EDGE_CURVE('',#4811,#4793,#4821,.T.);
#4823=ORIENTED_EDGE('',*,*,#4822,.T.);
#4824=EDGE_LOOP('',(#4801,#4809,#4817,#4823));
#4825=FACE_BOUND('',#4824,.T.);
#4826=ADVANCED_FACE('',(#4825),#4791,.F.);
#4827=CARTESIAN_POINT('',(3.5,21.55,-1.823308435));
#4828=DIRECTION('',(0.,-1.,0.));
#4829=DIRECTION('',(-1.,0.,0.));
#4830=AXIS2_PLACEMENT_3D('',#4827,#4828,#4829);
#4831=PLANE('',#4830);
#4832=CARTESIAN_POINT('',(3.5,21.55,-1.823308435));
#4833=DIRECTION('',(-0.,-0.,1.));
#4834=VECTOR('',#4833,2.01);
#4835=LINE('',#4832,#4834);
#4836=EDGE_CURVE('',#4803,#1694,#4835,.T.);
#4837=ORIENTED_EDGE('',*,*,#4836,.T.);
#4838=ORIENTED_EDGE('',*,*,#1699,.T.);
#4839=CARTESIAN_POINT('',(-3.5,21.55,-1.823308435));
#4840=DIRECTION('',(-0.,-0.,1.));
#4841=VECTOR('',#4840,2.01);
#4842=LINE('',#4839,#4841);
#4843=EDGE_CURVE('',#4811,#1684,#4842,.T.);
#4844=ORIENTED_EDGE('',*,*,#4843,.F.);
#4845=ORIENTED_EDGE('',*,*,#4816,.F.);
#4846=EDGE_LOOP('',(#4837,#4838,#4844,#4845));
#4847=FACE_BOUND('',#4846,.T.);
#4848=ADVANCED_FACE('',(#4847),#4831,.T.);
#4849=CARTESIAN_POINT('',(3.5,16.55,-1.823308435));
#4850=DIRECTION('',(-1.,0.,0.));
#4851=DIRECTION('',(0.,1.,0.));
#4852=AXIS2_PLACEMENT_3D('',#4849,#4850,#4851);
#4853=PLANE('',#4852);
#4854=CARTESIAN_POINT('',(3.5,16.55,-1.823308435));
#4855=DIRECTION('',(-0.,-0.,1.));
#4856=VECTOR('',#4855,2.01);
#4857=LINE('',#4854,#4856);
#4858=EDGE_CURVE('',#4795,#1702,#4857,.T.);
#4859=ORIENTED_EDGE('',*,*,#4858,.T.);
#4860=ORIENTED_EDGE('',*,*,#1707,.T.);
#4861=ORIENTED_EDGE('',*,*,#4836,.F.);
#4862=ORIENTED_EDGE('',*,*,#4808,.F.);
#4863=EDGE_LOOP('',(#4859,#4860,#4861,#4862));
#4864=FACE_BOUND('',#4863,.T.);
#4865=ADVANCED_FACE('',(#4864),#4853,.T.);
#4866=CARTESIAN_POINT('',(-3.5,21.55,-1.823308435));
#4867=DIRECTION('',(1.,0.,0.));
#4868=DIRECTION('',(0.,-1.,0.));
#4869=AXIS2_PLACEMENT_3D('',#4866,#4867,#4868);
#4870=PLANE('',#4869);
#4871=ORIENTED_EDGE('',*,*,#4843,.T.);
#4872=ORIENTED_EDGE('',*,*,#1691,.T.);
#4873=CARTESIAN_POINT('',(-3.5,16.55,-1.823308435));
#4874=DIRECTION('',(-0.,-0.,1.));
#4875=VECTOR('',#4874,2.01);
#4876=LINE('',#4873,#4875);
#4877=EDGE_CURVE('',#4793,#1686,#4876,.T.);
#4878=ORIENTED_EDGE('',*,*,#4877,.F.);
#4879=ORIENTED_EDGE('',*,*,#4822,.F.);
#4880=EDGE_LOOP('',(#4871,#4872,#4878,#4879));
#4881=FACE_BOUND('',#4880,.T.);
#4882=ADVANCED_FACE('',(#4881),#4870,.T.);
#4883=CARTESIAN_POINT('',(-3.5,16.55,-1.823308435));
#4884=DIRECTION('',(0.,1.,0.));
#4885=DIRECTION('',(1.,0.,0.));
#4886=AXIS2_PLACEMENT_3D('',#4883,#4884,#4885);
#4887=PLANE('',#4886);
#4888=ORIENTED_EDGE('',*,*,#4877,.T.);
#4889=ORIENTED_EDGE('',*,*,#1713,.T.);
#4890=ORIENTED_EDGE('',*,*,#4858,.F.);
#4891=ORIENTED_EDGE('',*,*,#4800,.F.);
#4892=EDGE_LOOP('',(#4888,#4889,#4890,#4891));
#4893=FACE_BOUND('',#4892,.T.);
#4894=ADVANCED_FACE('',(#4893),#4887,.T.);
#4895=CARTESIAN_POINT('',(0.258998794,-9.645248495,-1.813308435));
#4896=DIRECTION('',(0.,0.,-1.));
#4897=DIRECTION('',(-1.,0.,0.));
#4898=AXIS2_PLACEMENT_3D('',#4895,#4896,#4897);
#4899=PLANE('',#4898);
#4900=CARTESIAN_POINT('',(34.6,16.55,-1.815808435));
#4901=VERTEX_POINT('',#4900);
#4902=CARTESIAN_POINT('',(41.6,16.55,-1.815808435));
#4903=VERTEX_POINT('',#4902);
#4904=CARTESIAN_POINT('',(34.6,16.55,-1.813308435));
#4905=DIRECTION('',(1.,0.,-0.));
#4906=VECTOR('',#4905,7.);
#4907=LINE('',#4904,#4906);
#4908=EDGE_CURVE('',#4901,#4903,#4907,.T.);
#4909=ORIENTED_EDGE('',*,*,#4908,.T.);
#4910=CARTESIAN_POINT('',(41.6,21.55,-1.815808435));
#4911=VERTEX_POINT('',#4910);
#4912=CARTESIAN_POINT('',(41.6,16.55,-1.813308435));
#4913=DIRECTION('',(0.,1.,0.));
#4914=VECTOR('',#4913,5.);
#4915=LINE('',#4912,#4914);
#4916=EDGE_CURVE('',#4903,#4911,#4915,.T.);
#4917=ORIENTED_EDGE('',*,*,#4916,.T.);
#4918=CARTESIAN_POINT('',(34.6,21.55,-1.815808435));
#4919=VERTEX_POINT('',#4918);
#4920=CARTESIAN_POINT('',(41.6,21.55,-1.813308435));
#4921=DIRECTION('',(-1.,0.,0.));
#4922=VECTOR('',#4921,7.);
#4923=LINE('',#4920,#4922);
#4924=EDGE_CURVE('',#4911,#4919,#4923,.T.);
#4925=ORIENTED_EDGE('',*,*,#4924,.T.);
#4926=CARTESIAN_POINT('',(34.6,21.55,-1.813308435));
#4927=DIRECTION('',(0.,-1.,0.));
#4928=VECTOR('',#4927,5.);
#4929=LINE('',#4926,#4928);
#4930=EDGE_CURVE('',#4919,#4901,#4929,.T.);
#4931=ORIENTED_EDGE('',*,*,#4930,.T.);
#4932=EDGE_LOOP('',(#4909,#4917,#4925,#4931));
#4933=FACE_BOUND('',#4932,.T.);
#4934=ADVANCED_FACE('',(#4933),#4899,.F.);
#4935=CARTESIAN_POINT('',(41.6,21.55,-1.823308435));
#4936=DIRECTION('',(0.,-1.,0.));
#4937=DIRECTION('',(-1.,0.,0.));
#4938=AXIS2_PLACEMENT_3D('',#4935,#4936,#4937);
#4939=PLANE('',#4938);
#4940=CARTESIAN_POINT('',(41.6,21.55,-1.823308435));
#4941=DIRECTION('',(-0.,-0.,1.));
#4942=VECTOR('',#4941,2.01);
#4943=LINE('',#4940,#4942);
#4944=EDGE_CURVE('',#4911,#1728,#4943,.T.);
#4945=ORIENTED_EDGE('',*,*,#4944,.T.);
#4946=ORIENTED_EDGE('',*,*,#1733,.T.);
#4947=CARTESIAN_POINT('',(34.6,21.55,-1.823308435));
#4948=DIRECTION('',(-0.,-0.,1.));
#4949=VECTOR('',#4948,2.01);
#4950=LINE('',#4947,#4949);
#4951=EDGE_CURVE('',#4919,#1718,#4950,.T.);
#4952=ORIENTED_EDGE('',*,*,#4951,.F.);
#4953=ORIENTED_EDGE('',*,*,#4924,.F.);
#4954=EDGE_LOOP('',(#4945,#4946,#4952,#4953));
#4955=FACE_BOUND('',#4954,.T.);
#4956=ADVANCED_FACE('',(#4955),#4939,.T.);
#4957=CARTESIAN_POINT('',(41.6,16.55,-1.823308435));
#4958=DIRECTION('',(-1.,0.,0.));
#4959=DIRECTION('',(0.,1.,0.));
#4960=AXIS2_PLACEMENT_3D('',#4957,#4958,#4959);
#4961=PLANE('',#4960);
#4962=CARTESIAN_POINT('',(41.6,16.55,-1.823308435));
#4963=DIRECTION('',(-0.,-0.,1.));
#4964=VECTOR('',#4963,2.01);
#4965=LINE('',#4962,#4964);
#4966=EDGE_CURVE('',#4903,#1736,#4965,.T.);
#4967=ORIENTED_EDGE('',*,*,#4966,.T.);
#4968=ORIENTED_EDGE('',*,*,#1741,.T.);
#4969=ORIENTED_EDGE('',*,*,#4944,.F.);
#4970=ORIENTED_EDGE('',*,*,#4916,.F.);
#4971=EDGE_LOOP('',(#4967,#4968,#4969,#4970));
#4972=FACE_BOUND('',#4971,.T.);
#4973=ADVANCED_FACE('',(#4972),#4961,.T.);
#4974=CARTESIAN_POINT('',(34.6,21.55,-1.823308435));
#4975=DIRECTION('',(1.,0.,0.));
#4976=DIRECTION('',(0.,-1.,0.));
#4977=AXIS2_PLACEMENT_3D('',#4974,#4975,#4976);
#4978=PLANE('',#4977);
#4979=ORIENTED_EDGE('',*,*,#4951,.T.);
#4980=ORIENTED_EDGE('',*,*,#1725,.T.);
#4981=CARTESIAN_POINT('',(34.6,16.55,-1.823308435));
#4982=DIRECTION('',(-0.,-0.,1.));
#4983=VECTOR('',#4982,2.01);
#4984=LINE('',#4981,#4983);
#4985=EDGE_CURVE('',#4901,#1720,#4984,.T.);
#4986=ORIENTED_EDGE('',*,*,#4985,.F.);
#4987=ORIENTED_EDGE('',*,*,#4930,.F.);
#4988=EDGE_LOOP('',(#4979,#4980,#4986,#4987));
#4989=FACE_BOUND('',#4988,.T.);
#4990=ADVANCED_FACE('',(#4989),#4978,.T.);
#4991=CARTESIAN_POINT('',(34.6,16.55,-1.823308435));
#4992=DIRECTION('',(0.,1.,0.));
#4993=DIRECTION('',(1.,0.,0.));
#4994=AXIS2_PLACEMENT_3D('',#4991,#4992,#4993);
#4995=PLANE('',#4994);
#4996=ORIENTED_EDGE('',*,*,#4985,.T.);
#4997=ORIENTED_EDGE('',*,*,#1747,.T.);
#4998=ORIENTED_EDGE('',*,*,#4966,.F.);
#4999=ORIENTED_EDGE('',*,*,#4908,.F.);
#5000=EDGE_LOOP('',(#4996,#4997,#4998,#4999));
#5001=FACE_BOUND('',#5000,.T.);
#5002=ADVANCED_FACE('',(#5001),#4995,.T.);
#5003=CARTESIAN_POINT('',(0.258998794,-9.645248495,-1.813308435));
#5004=DIRECTION('',(0.,0.,-1.));
#5005=DIRECTION('',(-1.,0.,0.));
#5006=AXIS2_PLACEMENT_3D('',#5003,#5004,#5005);
#5007=PLANE('',#5006);
#5008=CARTESIAN_POINT('',(-41.6,-2.5,-1.815808435));
#5009=VERTEX_POINT('',#5008);
#5010=CARTESIAN_POINT('',(-34.6,-2.5,-1.815808435));
#5011=VERTEX_POINT('',#5010);
#5012=CARTESIAN_POINT('',(-41.6,-2.5,-1.813308435));
#5013=DIRECTION('',(1.,0.,-0.));
#5014=VECTOR('',#5013,7.);
#5015=LINE('',#5012,#5014);
#5016=EDGE_CURVE('',#5009,#5011,#5015,.T.);
#5017=ORIENTED_EDGE('',*,*,#5016,.T.);
#5018=CARTESIAN_POINT('',(-34.6,2.5,-1.815808435));
#5019=VERTEX_POINT('',#5018);
#5020=CARTESIAN_POINT('',(-34.6,-2.5,-1.813308435));
#5021=DIRECTION('',(0.,1.,0.));
#5022=VECTOR('',#5021,5.);
#5023=LINE('',#5020,#5022);
#5024=EDGE_CURVE('',#5011,#5019,#5023,.T.);
#5025=ORIENTED_EDGE('',*,*,#5024,.T.);
#5026=CARTESIAN_POINT('',(-41.6,2.5,-1.815808435));
#5027=VERTEX_POINT('',#5026);
#5028=CARTESIAN_POINT('',(-34.6,2.5,-1.813308435));
#5029=DIRECTION('',(-1.,0.,0.));
#5030=VECTOR('',#5029,7.);
#5031=LINE('',#5028,#5030);
#5032=EDGE_CURVE('',#5019,#5027,#5031,.T.);
#5033=ORIENTED_EDGE('',*,*,#5032,.T.);
#5034=CARTESIAN_POINT('',(-41.6,2.5,-1.813308435));
#5035=DIRECTION('',(0.,-1.,0.));
#5036=VECTOR('',#5035,5.);
#5037=LINE('',#5034,#5036);
#5038=EDGE_CURVE('',#5027,#5009,#5037,.T.);
#5039=ORIENTED_EDGE('',*,*,#5038,.T.);
#5040=EDGE_LOOP('',(#5017,#5025,#5033,#5039));
#5041=FACE_BOUND('',#5040,.T.);
#5042=ADVANCED_FACE('',(#5041),#5007,.F.);
#5043=CARTESIAN_POINT('',(-34.6,2.5,-1.823308435));
#5044=DIRECTION('',(0.,-1.,0.));
#5045=DIRECTION('',(-1.,0.,0.));
#5046=AXIS2_PLACEMENT_3D('',#5043,#5044,#5045);
#5047=PLANE('',#5046);
#5048=CARTESIAN_POINT('',(-34.6,2.5,-1.823308435));
#5049=DIRECTION('',(-0.,-0.,1.));
#5050=VECTOR('',#5049,2.01);
#5051=LINE('',#5048,#5050);
#5052=EDGE_CURVE('',#5019,#1762,#5051,.T.);
#5053=ORIENTED_EDGE('',*,*,#5052,.T.);
#5054=ORIENTED_EDGE('',*,*,#1767,.T.);
#5055=CARTESIAN_POINT('',(-41.6,2.5,-1.823308435));
#5056=DIRECTION('',(-0.,-0.,1.));
#5057=VECTOR('',#5056,2.01);
#5058=LINE('',#5055,#5057);
#5059=EDGE_CURVE('',#5027,#1752,#5058,.T.);
#5060=ORIENTED_EDGE('',*,*,#5059,.F.);
#5061=ORIENTED_EDGE('',*,*,#5032,.F.);
#5062=EDGE_LOOP('',(#5053,#5054,#5060,#5061));
#5063=FACE_BOUND('',#5062,.T.);
#5064=ADVANCED_FACE('',(#5063),#5047,.T.);
#5065=CARTESIAN_POINT('',(-34.6,-2.5,-1.823308435));
#5066=DIRECTION('',(-1.,0.,0.));
#5067=DIRECTION('',(0.,1.,0.));
#5068=AXIS2_PLACEMENT_3D('',#5065,#5066,#5067);
#5069=PLANE('',#5068);
#5070=CARTESIAN_POINT('',(-34.6,-2.5,-1.823308435));
#5071=DIRECTION('',(-0.,-0.,1.));
#5072=VECTOR('',#5071,2.01);
#5073=LINE('',#5070,#5072);
#5074=EDGE_CURVE('',#5011,#1770,#5073,.T.);
#5075=ORIENTED_EDGE('',*,*,#5074,.T.);
#5076=ORIENTED_EDGE('',*,*,#1775,.T.);
#5077=ORIENTED_EDGE('',*,*,#5052,.F.);
#5078=ORIENTED_EDGE('',*,*,#5024,.F.);
#5079=EDGE_LOOP('',(#5075,#5076,#5077,#5078));
#5080=FACE_BOUND('',#5079,.T.);
#5081=ADVANCED_FACE('',(#5080),#5069,.T.);
#5082=CARTESIAN_POINT('',(-41.6,2.5,-1.823308435));
#5083=DIRECTION('',(1.,0.,0.));
#5084=DIRECTION('',(0.,-1.,0.));
#5085=AXIS2_PLACEMENT_3D('',#5082,#5083,#5084);
#5086=PLANE('',#5085);
#5087=ORIENTED_EDGE('',*,*,#5059,.T.);
#5088=ORIENTED_EDGE('',*,*,#1759,.T.);
#5089=CARTESIAN_POINT('',(-41.6,-2.5,-1.823308435));
#5090=DIRECTION('',(-0.,-0.,1.));
#5091=VECTOR('',#5090,2.01);
#5092=LINE('',#5089,#5091);
#5093=EDGE_CURVE('',#5009,#1754,#5092,.T.);
#5094=ORIENTED_EDGE('',*,*,#5093,.F.);
#5095=ORIENTED_EDGE('',*,*,#5038,.F.);
#5096=EDGE_LOOP('',(#5087,#5088,#5094,#5095));
#5097=FACE_BOUND('',#5096,.T.);
#5098=ADVANCED_FACE('',(#5097),#5086,.T.);
#5099=CARTESIAN_POINT('',(-41.6,-2.5,-1.823308435));
#5100=DIRECTION('',(0.,1.,0.));
#5101=DIRECTION('',(1.,0.,0.));
#5102=AXIS2_PLACEMENT_3D('',#5099,#5100,#5101);
#5103=PLANE('',#5102);
#5104=ORIENTED_EDGE('',*,*,#5093,.T.);
#5105=ORIENTED_EDGE('',*,*,#1781,.T.);
#5106=ORIENTED_EDGE('',*,*,#5074,.F.);
#5107=ORIENTED_EDGE('',*,*,#5016,.F.);
#5108=EDGE_LOOP('',(#5104,#5105,#5106,#5107));
#5109=FACE_BOUND('',#5108,.T.);
#5110=ADVANCED_FACE('',(#5109),#5103,.T.);
#5111=CARTESIAN_POINT('',(0.258998794,-9.645248495,-1.813308435));
#5112=DIRECTION('',(0.,0.,-1.));
#5113=DIRECTION('',(-1.,0.,0.));
#5114=AXIS2_PLACEMENT_3D('',#5111,#5112,#5113);
#5115=PLANE('',#5114);
#5116=CARTESIAN_POINT('',(34.6,-21.55,-1.815808435));
#5117=VERTEX_POINT('',#5116);
#5118=CARTESIAN_POINT('',(41.6,-21.55,-1.815808435));
#5119=VERTEX_POINT('',#5118);
#5120=CARTESIAN_POINT('',(34.6,-21.55,-1.813308435));
#5121=DIRECTION('',(1.,0.,-0.));
#5122=VECTOR('',#5121,7.);
#5123=LINE('',#5120,#5122);
#5124=EDGE_CURVE('',#5117,#5119,#5123,.T.);
#5125=ORIENTED_EDGE('',*,*,#5124,.T.);
#5126=CARTESIAN_POINT('',(41.6,-16.55,-1.815808435));
#5127=VERTEX_POINT('',#5126);
#5128=CARTESIAN_POINT('',(41.6,-21.55,-1.813308435));
#5129=DIRECTION('',(0.,1.,0.));
#5130=VECTOR('',#5129,5.);
#5131=LINE('',#5128,#5130);
#5132=EDGE_CURVE('',#5119,#5127,#5131,.T.);
#5133=ORIENTED_EDGE('',*,*,#5132,.T.);
#5134=CARTESIAN_POINT('',(34.6,-16.55,-1.815808435));
#5135=VERTEX_POINT('',#5134);
#5136=CARTESIAN_POINT('',(41.6,-16.55,-1.813308435));
#5137=DIRECTION('',(-1.,0.,0.));
#5138=VECTOR('',#5137,7.);
#5139=LINE('',#5136,#5138);
#5140=EDGE_CURVE('',#5127,#5135,#5139,.T.);
#5141=ORIENTED_EDGE('',*,*,#5140,.T.);
#5142=CARTESIAN_POINT('',(34.6,-16.55,-1.813308435));
#5143=DIRECTION('',(0.,-1.,0.));
#5144=VECTOR('',#5143,5.);
#5145=LINE('',#5142,#5144);
#5146=EDGE_CURVE('',#5135,#5117,#5145,.T.);
#5147=ORIENTED_EDGE('',*,*,#5146,.T.);
#5148=EDGE_LOOP('',(#5125,#5133,#5141,#5147));
#5149=FACE_BOUND('',#5148,.T.);
#5150=ADVANCED_FACE('',(#5149),#5115,.F.);
#5151=CARTESIAN_POINT('',(41.6,-16.55,-1.823308435));
#5152=DIRECTION('',(0.,-1.,0.));
#5153=DIRECTION('',(-1.,0.,0.));
#5154=AXIS2_PLACEMENT_3D('',#5151,#5152,#5153);
#5155=PLANE('',#5154);
#5156=CARTESIAN_POINT('',(41.6,-16.55,-1.823308435));
#5157=DIRECTION('',(-0.,-0.,1.));
#5158=VECTOR('',#5157,2.01);
#5159=LINE('',#5156,#5158);
#5160=EDGE_CURVE('',#5127,#1796,#5159,.T.);
#5161=ORIENTED_EDGE('',*,*,#5160,.T.);
#5162=ORIENTED_EDGE('',*,*,#1801,.T.);
#5163=CARTESIAN_POINT('',(34.6,-16.55,-1.823308435));
#5164=DIRECTION('',(-0.,-0.,1.));
#5165=VECTOR('',#5164,2.01);
#5166=LINE('',#5163,#5165);
#5167=EDGE_CURVE('',#5135,#1786,#5166,.T.);
#5168=ORIENTED_EDGE('',*,*,#5167,.F.);
#5169=ORIENTED_EDGE('',*,*,#5140,.F.);
#5170=EDGE_LOOP('',(#5161,#5162,#5168,#5169));
#5171=FACE_BOUND('',#5170,.T.);
#5172=ADVANCED_FACE('',(#5171),#5155,.T.);
#5173=CARTESIAN_POINT('',(41.6,-21.55,-1.823308435));
#5174=DIRECTION('',(-1.,0.,0.));
#5175=DIRECTION('',(0.,1.,0.));
#5176=AXIS2_PLACEMENT_3D('',#5173,#5174,#5175);
#5177=PLANE('',#5176);
#5178=CARTESIAN_POINT('',(41.6,-21.55,-1.823308435));
#5179=DIRECTION('',(-0.,-0.,1.));
#5180=VECTOR('',#5179,2.01);
#5181=LINE('',#5178,#5180);
#5182=EDGE_CURVE('',#5119,#1804,#5181,.T.);
#5183=ORIENTED_EDGE('',*,*,#5182,.T.);
#5184=ORIENTED_EDGE('',*,*,#1809,.T.);
#5185=ORIENTED_EDGE('',*,*,#5160,.F.);
#5186=ORIENTED_EDGE('',*,*,#5132,.F.);
#5187=EDGE_LOOP('',(#5183,#5184,#5185,#5186));
#5188=FACE_BOUND('',#5187,.T.);
#5189=ADVANCED_FACE('',(#5188),#5177,.T.);
#5190=CARTESIAN_POINT('',(34.6,-16.55,-1.823308435));
#5191=DIRECTION('',(1.,0.,0.));
#5192=DIRECTION('',(0.,-1.,0.));
#5193=AXIS2_PLACEMENT_3D('',#5190,#5191,#5192);
#5194=PLANE('',#5193);
#5195=ORIENTED_EDGE('',*,*,#5167,.T.);
#5196=ORIENTED_EDGE('',*,*,#1793,.T.);
#5197=CARTESIAN_POINT('',(34.6,-21.55,-1.823308435));
#5198=DIRECTION('',(-0.,-0.,1.));
#5199=VECTOR('',#5198,2.01);
#5200=LINE('',#5197,#5199);
#5201=EDGE_CURVE('',#5117,#1788,#5200,.T.);
#5202=ORIENTED_EDGE('',*,*,#5201,.F.);
#5203=ORIENTED_EDGE('',*,*,#5146,.F.);
#5204=EDGE_LOOP('',(#5195,#5196,#5202,#5203));
#5205=FACE_BOUND('',#5204,.T.);
#5206=ADVANCED_FACE('',(#5205),#5194,.T.);
#5207=CARTESIAN_POINT('',(34.6,-21.55,-1.823308435));
#5208=DIRECTION('',(0.,1.,0.));
#5209=DIRECTION('',(1.,0.,0.));
#5210=AXIS2_PLACEMENT_3D('',#5207,#5208,#5209);
#5211=PLANE('',#5210);
#5212=ORIENTED_EDGE('',*,*,#5201,.T.);
#5213=ORIENTED_EDGE('',*,*,#1815,.T.);
#5214=ORIENTED_EDGE('',*,*,#5182,.F.);
#5215=ORIENTED_EDGE('',*,*,#5124,.F.);
#5216=EDGE_LOOP('',(#5212,#5213,#5214,#5215));
#5217=FACE_BOUND('',#5216,.T.);
#5218=ADVANCED_FACE('',(#5217),#5211,.T.);
#5219=CARTESIAN_POINT('',(0.258998794,-9.645248495,-1.813308435));
#5220=DIRECTION('',(0.,0.,-1.));
#5221=DIRECTION('',(-1.,0.,0.));
#5222=AXIS2_PLACEMENT_3D('',#5219,#5220,#5221);
#5223=PLANE('',#5222);
#5224=CARTESIAN_POINT('',(15.55,-21.55,-1.815808435));
#5225=VERTEX_POINT('',#5224);
#5226=CARTESIAN_POINT('',(22.55,-21.55,-1.815808435));
#5227=VERTEX_POINT('',#5226);
#5228=CARTESIAN_POINT('',(15.55,-21.55,-1.813308435));
#5229=DIRECTION('',(1.,0.,-0.));
#5230=VECTOR('',#5229,7.);
#5231=LINE('',#5228,#5230);
#5232=EDGE_CURVE('',#5225,#5227,#5231,.T.);
#5233=ORIENTED_EDGE('',*,*,#5232,.T.);
#5234=CARTESIAN_POINT('',(22.55,-16.55,-1.815808435));
#5235=VERTEX_POINT('',#5234);
#5236=CARTESIAN_POINT('',(22.55,-21.55,-1.813308435));
#5237=DIRECTION('',(0.,1.,0.));
#5238=VECTOR('',#5237,5.);
#5239=LINE('',#5236,#5238);
#5240=EDGE_CURVE('',#5227,#5235,#5239,.T.);
#5241=ORIENTED_EDGE('',*,*,#5240,.T.);
#5242=CARTESIAN_POINT('',(15.55,-16.55,-1.815808435));
#5243=VERTEX_POINT('',#5242);
#5244=CARTESIAN_POINT('',(22.55,-16.55,-1.813308435));
#5245=DIRECTION('',(-1.,0.,0.));
#5246=VECTOR('',#5245,7.);
#5247=LINE('',#5244,#5246);
#5248=EDGE_CURVE('',#5235,#5243,#5247,.T.);
#5249=ORIENTED_EDGE('',*,*,#5248,.T.);
#5250=CARTESIAN_POINT('',(15.55,-16.55,-1.813308435));
#5251=DIRECTION('',(0.,-1.,0.));
#5252=VECTOR('',#5251,5.);
#5253=LINE('',#5250,#5252);
#5254=EDGE_CURVE('',#5243,#5225,#5253,.T.);
#5255=ORIENTED_EDGE('',*,*,#5254,.T.);
#5256=EDGE_LOOP('',(#5233,#5241,#5249,#5255));
#5257=FACE_BOUND('',#5256,.T.);
#5258=ADVANCED_FACE('',(#5257),#5223,.F.);
#5259=CARTESIAN_POINT('',(22.55,-16.55,-1.823308435));
#5260=DIRECTION('',(0.,-1.,0.));
#5261=DIRECTION('',(-1.,0.,0.));
#5262=AXIS2_PLACEMENT_3D('',#5259,#5260,#5261);
#5263=PLANE('',#5262);
#5264=CARTESIAN_POINT('',(22.55,-16.55,-1.823308435));
#5265=DIRECTION('',(-0.,-0.,1.));
#5266=VECTOR('',#5265,2.01);
#5267=LINE('',#5264,#5266);
#5268=EDGE_CURVE('',#5235,#1830,#5267,.T.);
#5269=ORIENTED_EDGE('',*,*,#5268,.T.);
#5270=ORIENTED_EDGE('',*,*,#1835,.T.);
#5271=CARTESIAN_POINT('',(15.55,-16.55,-1.823308435));
#5272=DIRECTION('',(-0.,-0.,1.));
#5273=VECTOR('',#5272,2.01);
#5274=LINE('',#5271,#5273);
#5275=EDGE_CURVE('',#5243,#1820,#5274,.T.);
#5276=ORIENTED_EDGE('',*,*,#5275,.F.);
#5277=ORIENTED_EDGE('',*,*,#5248,.F.);
#5278=EDGE_LOOP('',(#5269,#5270,#5276,#5277));
#5279=FACE_BOUND('',#5278,.T.);
#5280=ADVANCED_FACE('',(#5279),#5263,.T.);
#5281=CARTESIAN_POINT('',(22.55,-21.55,-1.823308435));
#5282=DIRECTION('',(-1.,0.,0.));
#5283=DIRECTION('',(0.,1.,0.));
#5284=AXIS2_PLACEMENT_3D('',#5281,#5282,#5283);
#5285=PLANE('',#5284);
#5286=CARTESIAN_POINT('',(22.55,-21.55,-1.823308435));
#5287=DIRECTION('',(-0.,-0.,1.));
#5288=VECTOR('',#5287,2.01);
#5289=LINE('',#5286,#5288);
#5290=EDGE_CURVE('',#5227,#1838,#5289,.T.);
#5291=ORIENTED_EDGE('',*,*,#5290,.T.);
#5292=ORIENTED_EDGE('',*,*,#1843,.T.);
#5293=ORIENTED_EDGE('',*,*,#5268,.F.);
#5294=ORIENTED_EDGE('',*,*,#5240,.F.);
#5295=EDGE_LOOP('',(#5291,#5292,#5293,#5294));
#5296=FACE_BOUND('',#5295,.T.);
#5297=ADVANCED_FACE('',(#5296),#5285,.T.);
#5298=CARTESIAN_POINT('',(15.55,-16.55,-1.823308435));
#5299=DIRECTION('',(1.,0.,0.));
#5300=DIRECTION('',(0.,-1.,0.));
#5301=AXIS2_PLACEMENT_3D('',#5298,#5299,#5300);
#5302=PLANE('',#5301);
#5303=ORIENTED_EDGE('',*,*,#5275,.T.);
#5304=ORIENTED_EDGE('',*,*,#1827,.T.);
#5305=CARTESIAN_POINT('',(15.55,-21.55,-1.823308435));
#5306=DIRECTION('',(-0.,-0.,1.));
#5307=VECTOR('',#5306,2.01);
#5308=LINE('',#5305,#5307);
#5309=EDGE_CURVE('',#5225,#1822,#5308,.T.);
#5310=ORIENTED_EDGE('',*,*,#5309,.F.);
#5311=ORIENTED_EDGE('',*,*,#5254,.F.);
#5312=EDGE_LOOP('',(#5303,#5304,#5310,#5311));
#5313=FACE_BOUND('',#5312,.T.);
#5314=ADVANCED_FACE('',(#5313),#5302,.T.);
#5315=CARTESIAN_POINT('',(15.55,-21.55,-1.823308435));
#5316=DIRECTION('',(0.,1.,0.));
#5317=DIRECTION('',(1.,0.,0.));
#5318=AXIS2_PLACEMENT_3D('',#5315,#5316,#5317);
#5319=PLANE('',#5318);
#5320=ORIENTED_EDGE('',*,*,#5309,.T.);
#5321=ORIENTED_EDGE('',*,*,#1849,.T.);
#5322=ORIENTED_EDGE('',*,*,#5290,.F.);
#5323=ORIENTED_EDGE('',*,*,#5232,.F.);
#5324=EDGE_LOOP('',(#5320,#5321,#5322,#5323));
#5325=FACE_BOUND('',#5324,.T.);
#5326=ADVANCED_FACE('',(#5325),#5319,.T.);
#5327=CARTESIAN_POINT('',(0.258998794,-9.645248495,-1.813308435));
#5328=DIRECTION('',(0.,0.,-1.));
#5329=DIRECTION('',(-1.,0.,0.));
#5330=AXIS2_PLACEMENT_3D('',#5327,#5328,#5329);
#5331=PLANE('',#5330);
#5332=CARTESIAN_POINT('',(34.6,-40.6,-1.815808435));
#5333=VERTEX_POINT('',#5332);
#5334=CARTESIAN_POINT('',(41.6,-40.6,-1.815808435));
#5335=VERTEX_POINT('',#5334);
#5336=CARTESIAN_POINT('',(34.6,-40.6,-1.813308435));
#5337=DIRECTION('',(1.,0.,-0.));
#5338=VECTOR('',#5337,7.);
#5339=LINE('',#5336,#5338);
#5340=EDGE_CURVE('',#5333,#5335,#5339,.T.);
#5341=ORIENTED_EDGE('',*,*,#5340,.T.);
#5342=CARTESIAN_POINT('',(41.6,-35.6,-1.815808435));
#5343=VERTEX_POINT('',#5342);
#5344=CARTESIAN_POINT('',(41.6,-40.6,-1.813308435));
#5345=DIRECTION('',(0.,1.,0.));
#5346=VECTOR('',#5345,5.);
#5347=LINE('',#5344,#5346);
#5348=EDGE_CURVE('',#5335,#5343,#5347,.T.);
#5349=ORIENTED_EDGE('',*,*,#5348,.T.);
#5350=CARTESIAN_POINT('',(34.6,-35.6,-1.815808435));
#5351=VERTEX_POINT('',#5350);
#5352=CARTESIAN_POINT('',(41.6,-35.6,-1.813308435));
#5353=DIRECTION('',(-1.,0.,0.));
#5354=VECTOR('',#5353,7.);
#5355=LINE('',#5352,#5354);
#5356=EDGE_CURVE('',#5343,#5351,#5355,.T.);
#5357=ORIENTED_EDGE('',*,*,#5356,.T.);
#5358=CARTESIAN_POINT('',(34.6,-35.6,-1.813308435));
#5359=DIRECTION('',(0.,-1.,0.));
#5360=VECTOR('',#5359,5.);
#5361=LINE('',#5358,#5360);
#5362=EDGE_CURVE('',#5351,#5333,#5361,.T.);
#5363=ORIENTED_EDGE('',*,*,#5362,.T.);
#5364=EDGE_LOOP('',(#5341,#5349,#5357,#5363));
#5365=FACE_BOUND('',#5364,.T.);
#5366=ADVANCED_FACE('',(#5365),#5331,.F.);
#5367=CARTESIAN_POINT('',(41.6,-35.6,-1.823308435));
#5368=DIRECTION('',(0.,-1.,0.));
#5369=DIRECTION('',(-1.,0.,0.));
#5370=AXIS2_PLACEMENT_3D('',#5367,#5368,#5369);
#5371=PLANE('',#5370);
#5372=CARTESIAN_POINT('',(41.6,-35.6,-1.823308435));
#5373=DIRECTION('',(-0.,-0.,1.));
#5374=VECTOR('',#5373,2.01);
#5375=LINE('',#5372,#5374);
#5376=EDGE_CURVE('',#5343,#1864,#5375,.T.);
#5377=ORIENTED_EDGE('',*,*,#5376,.T.);
#5378=ORIENTED_EDGE('',*,*,#1869,.T.);
#5379=CARTESIAN_POINT('',(34.6,-35.6,-1.823308435));
#5380=DIRECTION('',(-0.,-0.,1.));
#5381=VECTOR('',#5380,2.01);
#5382=LINE('',#5379,#5381);
#5383=EDGE_CURVE('',#5351,#1854,#5382,.T.);
#5384=ORIENTED_EDGE('',*,*,#5383,.F.);
#5385=ORIENTED_EDGE('',*,*,#5356,.F.);
#5386=EDGE_LOOP('',(#5377,#5378,#5384,#5385));
#5387=FACE_BOUND('',#5386,.T.);
#5388=ADVANCED_FACE('',(#5387),#5371,.T.);
#5389=CARTESIAN_POINT('',(41.6,-40.6,-1.823308435));
#5390=DIRECTION('',(-1.,0.,0.));
#5391=DIRECTION('',(0.,1.,0.));
#5392=AXIS2_PLACEMENT_3D('',#5389,#5390,#5391);
#5393=PLANE('',#5392);
#5394=CARTESIAN_POINT('',(41.6,-40.6,-1.823308435));
#5395=DIRECTION('',(-0.,-0.,1.));
#5396=VECTOR('',#5395,2.01);
#5397=LINE('',#5394,#5396);
#5398=EDGE_CURVE('',#5335,#1872,#5397,.T.);
#5399=ORIENTED_EDGE('',*,*,#5398,.T.);
#5400=ORIENTED_EDGE('',*,*,#1877,.T.);
#5401=ORIENTED_EDGE('',*,*,#5376,.F.);
#5402=ORIENTED_EDGE('',*,*,#5348,.F.);
#5403=EDGE_LOOP('',(#5399,#5400,#5401,#5402));
#5404=FACE_BOUND('',#5403,.T.);
#5405=ADVANCED_FACE('',(#5404),#5393,.T.);
#5406=CARTESIAN_POINT('',(34.6,-35.6,-1.823308435));
#5407=DIRECTION('',(1.,0.,0.));
#5408=DIRECTION('',(0.,-1.,0.));
#5409=AXIS2_PLACEMENT_3D('',#5406,#5407,#5408);
#5410=PLANE('',#5409);
#5411=ORIENTED_EDGE('',*,*,#5383,.T.);
#5412=ORIENTED_EDGE('',*,*,#1861,.T.);
#5413=CARTESIAN_POINT('',(34.6,-40.6,-1.823308435));
#5414=DIRECTION('',(-0.,-0.,1.));
#5415=VECTOR('',#5414,2.01);
#5416=LINE('',#5413,#5415);
#5417=EDGE_CURVE('',#5333,#1856,#5416,.T.);
#5418=ORIENTED_EDGE('',*,*,#5417,.F.);
#5419=ORIENTED_EDGE('',*,*,#5362,.F.);
#5420=EDGE_LOOP('',(#5411,#5412,#5418,#5419));
#5421=FACE_BOUND('',#5420,.T.);
#5422=ADVANCED_FACE('',(#5421),#5410,.T.);
#5423=CARTESIAN_POINT('',(34.6,-40.6,-1.823308435));
#5424=DIRECTION('',(0.,1.,0.));
#5425=DIRECTION('',(1.,0.,0.));
#5426=AXIS2_PLACEMENT_3D('',#5423,#5424,#5425);
#5427=PLANE('',#5426);
#5428=ORIENTED_EDGE('',*,*,#5417,.T.);
#5429=ORIENTED_EDGE('',*,*,#1883,.T.);
#5430=ORIENTED_EDGE('',*,*,#5398,.F.);
#5431=ORIENTED_EDGE('',*,*,#5340,.F.);
#5432=EDGE_LOOP('',(#5428,#5429,#5430,#5431));
#5433=FACE_BOUND('',#5432,.T.);
#5434=ADVANCED_FACE('',(#5433),#5427,.T.);
#5435=CARTESIAN_POINT('',(0.258998794,-9.645248495,-1.813308435));
#5436=DIRECTION('',(0.,0.,-1.));
#5437=DIRECTION('',(-1.,0.,0.));
#5438=AXIS2_PLACEMENT_3D('',#5435,#5436,#5437);
#5439=PLANE('',#5438);
#5440=CARTESIAN_POINT('',(-22.55,-2.5,-1.815808435));
#5441=VERTEX_POINT('',#5440);
#5442=CARTESIAN_POINT('',(-15.55,-2.5,-1.815808435));
#5443=VERTEX_POINT('',#5442);
#5444=CARTESIAN_POINT('',(-22.55,-2.5,-1.813308435));
#5445=DIRECTION('',(1.,0.,-0.));
#5446=VECTOR('',#5445,7.);
#5447=LINE('',#5444,#5446);
#5448=EDGE_CURVE('',#5441,#5443,#5447,.T.);
#5449=ORIENTED_EDGE('',*,*,#5448,.T.);
#5450=CARTESIAN_POINT('',(-15.55,2.5,-1.815808435));
#5451=VERTEX_POINT('',#5450);
#5452=CARTESIAN_POINT('',(-15.55,-2.5,-1.813308435));
#5453=DIRECTION('',(0.,1.,0.));
#5454=VECTOR('',#5453,5.);
#5455=LINE('',#5452,#5454);
#5456=EDGE_CURVE('',#5443,#5451,#5455,.T.);
#5457=ORIENTED_EDGE('',*,*,#5456,.T.);
#5458=CARTESIAN_POINT('',(-22.55,2.5,-1.815808435));
#5459=VERTEX_POINT('',#5458);
#5460=CARTESIAN_POINT('',(-15.55,2.5,-1.813308435));
#5461=DIRECTION('',(-1.,0.,0.));
#5462=VECTOR('',#5461,7.);
#5463=LINE('',#5460,#5462);
#5464=EDGE_CURVE('',#5451,#5459,#5463,.T.);
#5465=ORIENTED_EDGE('',*,*,#5464,.T.);
#5466=CARTESIAN_POINT('',(-22.55,2.5,-1.813308435));
#5467=DIRECTION('',(0.,-1.,0.));
#5468=VECTOR('',#5467,5.);
#5469=LINE('',#5466,#5468);
#5470=EDGE_CURVE('',#5459,#5441,#5469,.T.);
#5471=ORIENTED_EDGE('',*,*,#5470,.T.);
#5472=EDGE_LOOP('',(#5449,#5457,#5465,#5471));
#5473=FACE_BOUND('',#5472,.T.);
#5474=ADVANCED_FACE('',(#5473),#5439,.F.);
#5475=CARTESIAN_POINT('',(-15.55,2.5,-1.823308435));
#5476=DIRECTION('',(0.,-1.,0.));
#5477=DIRECTION('',(-1.,0.,0.));
#5478=AXIS2_PLACEMENT_3D('',#5475,#5476,#5477);
#5479=PLANE('',#5478);
#5480=CARTESIAN_POINT('',(-15.55,2.5,-1.823308435));
#5481=DIRECTION('',(-0.,-0.,1.));
#5482=VECTOR('',#5481,2.01);
#5483=LINE('',#5480,#5482);
#5484=EDGE_CURVE('',#5451,#1898,#5483,.T.);
#5485=ORIENTED_EDGE('',*,*,#5484,.T.);
#5486=ORIENTED_EDGE('',*,*,#1903,.T.);
#5487=CARTESIAN_POINT('',(-22.55,2.5,-1.823308435));
#5488=DIRECTION('',(-0.,-0.,1.));
#5489=VECTOR('',#5488,2.01);
#5490=LINE('',#5487,#5489);
#5491=EDGE_CURVE('',#5459,#1888,#5490,.T.);
#5492=ORIENTED_EDGE('',*,*,#5491,.F.);
#5493=ORIENTED_EDGE('',*,*,#5464,.F.);
#5494=EDGE_LOOP('',(#5485,#5486,#5492,#5493));
#5495=FACE_BOUND('',#5494,.T.);
#5496=ADVANCED_FACE('',(#5495),#5479,.T.);
#5497=CARTESIAN_POINT('',(-15.55,-2.5,-1.823308435));
#5498=DIRECTION('',(-1.,0.,0.));
#5499=DIRECTION('',(0.,1.,0.));
#5500=AXIS2_PLACEMENT_3D('',#5497,#5498,#5499);
#5501=PLANE('',#5500);
#5502=CARTESIAN_POINT('',(-15.55,-2.5,-1.823308435));
#5503=DIRECTION('',(-0.,-0.,1.));
#5504=VECTOR('',#5503,2.01);
#5505=LINE('',#5502,#5504);
#5506=EDGE_CURVE('',#5443,#1906,#5505,.T.);
#5507=ORIENTED_EDGE('',*,*,#5506,.T.);
#5508=ORIENTED_EDGE('',*,*,#1911,.T.);
#5509=ORIENTED_EDGE('',*,*,#5484,.F.);
#5510=ORIENTED_EDGE('',*,*,#5456,.F.);
#5511=EDGE_LOOP('',(#5507,#5508,#5509,#5510));
#5512=FACE_BOUND('',#5511,.T.);
#5513=ADVANCED_FACE('',(#5512),#5501,.T.);
#5514=CARTESIAN_POINT('',(-22.55,2.5,-1.823308435));
#5515=DIRECTION('',(1.,0.,0.));
#5516=DIRECTION('',(0.,-1.,0.));
#5517=AXIS2_PLACEMENT_3D('',#5514,#5515,#5516);
#5518=PLANE('',#5517);
#5519=ORIENTED_EDGE('',*,*,#5491,.T.);
#5520=ORIENTED_EDGE('',*,*,#1895,.T.);
#5521=CARTESIAN_POINT('',(-22.55,-2.5,-1.823308435));
#5522=DIRECTION('',(-0.,-0.,1.));
#5523=VECTOR('',#5522,2.01);
#5524=LINE('',#5521,#5523);
#5525=EDGE_CURVE('',#5441,#1890,#5524,.T.);
#5526=ORIENTED_EDGE('',*,*,#5525,.F.);
#5527=ORIENTED_EDGE('',*,*,#5470,.F.);
#5528=EDGE_LOOP('',(#5519,#5520,#5526,#5527));
#5529=FACE_BOUND('',#5528,.T.);
#5530=ADVANCED_FACE('',(#5529),#5518,.T.);
#5531=CARTESIAN_POINT('',(-22.55,-2.5,-1.823308435));
#5532=DIRECTION('',(0.,1.,0.));
#5533=DIRECTION('',(1.,0.,0.));
#5534=AXIS2_PLACEMENT_3D('',#5531,#5532,#5533);
#5535=PLANE('',#5534);
#5536=ORIENTED_EDGE('',*,*,#5525,.T.);
#5537=ORIENTED_EDGE('',*,*,#1917,.T.);
#5538=ORIENTED_EDGE('',*,*,#5506,.F.);
#5539=ORIENTED_EDGE('',*,*,#5448,.F.);
#5540=EDGE_LOOP('',(#5536,#5537,#5538,#5539));
#5541=FACE_BOUND('',#5540,.T.);
#5542=ADVANCED_FACE('',(#5541),#5535,.T.);
#5543=CARTESIAN_POINT('',(0.258998794,-9.645248495,-1.813308435));
#5544=DIRECTION('',(0.,0.,-1.));
#5545=DIRECTION('',(-1.,0.,0.));
#5546=AXIS2_PLACEMENT_3D('',#5543,#5544,#5545);
#5547=PLANE('',#5546);
#5548=CARTESIAN_POINT('',(-3.5,-2.5,-1.815808435));
#5549=VERTEX_POINT('',#5548);
#5550=CARTESIAN_POINT('',(3.5,-2.5,-1.815808435));
#5551=VERTEX_POINT('',#5550);
#5552=CARTESIAN_POINT('',(-3.5,-2.5,-1.813308435));
#5553=DIRECTION('',(1.,0.,-0.));
#5554=VECTOR('',#5553,7.);
#5555=LINE('',#5552,#5554);
#5556=EDGE_CURVE('',#5549,#5551,#5555,.T.);
#5557=ORIENTED_EDGE('',*,*,#5556,.T.);
#5558=CARTESIAN_POINT('',(3.5,2.5,-1.815808435));
#5559=VERTEX_POINT('',#5558);
#5560=CARTESIAN_POINT('',(3.5,-2.5,-1.813308435));
#5561=DIRECTION('',(0.,1.,0.));
#5562=VECTOR('',#5561,5.);
#5563=LINE('',#5560,#5562);
#5564=EDGE_CURVE('',#5551,#5559,#5563,.T.);
#5565=ORIENTED_EDGE('',*,*,#5564,.T.);
#5566=CARTESIAN_POINT('',(-3.5,2.5,-1.815808435));
#5567=VERTEX_POINT('',#5566);
#5568=CARTESIAN_POINT('',(3.5,2.5,-1.813308435));
#5569=DIRECTION('',(-1.,0.,0.));
#5570=VECTOR('',#5569,7.);
#5571=LINE('',#5568,#5570);
#5572=EDGE_CURVE('',#5559,#5567,#5571,.T.);
#5573=ORIENTED_EDGE('',*,*,#5572,.T.);
#5574=CARTESIAN_POINT('',(-3.5,2.5,-1.813308435));
#5575=DIRECTION('',(0.,-1.,0.));
#5576=VECTOR('',#5575,5.);
#5577=LINE('',#5574,#5576);
#5578=EDGE_CURVE('',#5567,#5549,#5577,.T.);
#5579=ORIENTED_EDGE('',*,*,#5578,.T.);
#5580=EDGE_LOOP('',(#5557,#5565,#5573,#5579));
#5581=FACE_BOUND('',#5580,.T.);
#5582=ADVANCED_FACE('',(#5581),#5547,.F.);
#5583=CARTESIAN_POINT('',(3.5,2.5,-1.823308435));
#5584=DIRECTION('',(0.,-1.,0.));
#5585=DIRECTION('',(-1.,0.,0.));
#5586=AXIS2_PLACEMENT_3D('',#5583,#5584,#5585);
#5587=PLANE('',#5586);
#5588=CARTESIAN_POINT('',(3.5,2.5,-1.823308435));
#5589=DIRECTION('',(-0.,-0.,1.));
#5590=VECTOR('',#5589,2.01);
#5591=LINE('',#5588,#5590);
#5592=EDGE_CURVE('',#5559,#1932,#5591,.T.);
#5593=ORIENTED_EDGE('',*,*,#5592,.T.);
#5594=ORIENTED_EDGE('',*,*,#1937,.T.);
#5595=CARTESIAN_POINT('',(-3.5,2.5,-1.823308435));
#5596=DIRECTION('',(-0.,-0.,1.));
#5597=VECTOR('',#5596,2.01);
#5598=LINE('',#5595,#5597);
#5599=EDGE_CURVE('',#5567,#1922,#5598,.T.);
#5600=ORIENTED_EDGE('',*,*,#5599,.F.);
#5601=ORIENTED_EDGE('',*,*,#5572,.F.);
#5602=EDGE_LOOP('',(#5593,#5594,#5600,#5601));
#5603=FACE_BOUND('',#5602,.T.);
#5604=ADVANCED_FACE('',(#5603),#5587,.T.);
#5605=CARTESIAN_POINT('',(3.5,-2.5,-1.823308435));
#5606=DIRECTION('',(-1.,0.,0.));
#5607=DIRECTION('',(0.,1.,0.));
#5608=AXIS2_PLACEMENT_3D('',#5605,#5606,#5607);
#5609=PLANE('',#5608);
#5610=CARTESIAN_POINT('',(3.5,-2.5,-1.823308435));
#5611=DIRECTION('',(-0.,-0.,1.));
#5612=VECTOR('',#5611,2.01);
#5613=LINE('',#5610,#5612);
#5614=EDGE_CURVE('',#5551,#1940,#5613,.T.);
#5615=ORIENTED_EDGE('',*,*,#5614,.T.);
#5616=ORIENTED_EDGE('',*,*,#1945,.T.);
#5617=ORIENTED_EDGE('',*,*,#5592,.F.);
#5618=ORIENTED_EDGE('',*,*,#5564,.F.);
#5619=EDGE_LOOP('',(#5615,#5616,#5617,#5618));
#5620=FACE_BOUND('',#5619,.T.);
#5621=ADVANCED_FACE('',(#5620),#5609,.T.);
#5622=CARTESIAN_POINT('',(-3.5,2.5,-1.823308435));
#5623=DIRECTION('',(1.,0.,0.));
#5624=DIRECTION('',(0.,-1.,0.));
#5625=AXIS2_PLACEMENT_3D('',#5622,#5623,#5624);
#5626=PLANE('',#5625);
#5627=ORIENTED_EDGE('',*,*,#5599,.T.);
#5628=ORIENTED_EDGE('',*,*,#1929,.T.);
#5629=CARTESIAN_POINT('',(-3.5,-2.5,-1.823308435));
#5630=DIRECTION('',(-0.,-0.,1.));
#5631=VECTOR('',#5630,2.01);
#5632=LINE('',#5629,#5631);
#5633=EDGE_CURVE('',#5549,#1924,#5632,.T.);
#5634=ORIENTED_EDGE('',*,*,#5633,.F.);
#5635=ORIENTED_EDGE('',*,*,#5578,.F.);
#5636=EDGE_LOOP('',(#5627,#5628,#5634,#5635));
#5637=FACE_BOUND('',#5636,.T.);
#5638=ADVANCED_FACE('',(#5637),#5626,.T.);
#5639=CARTESIAN_POINT('',(-3.5,-2.5,-1.823308435));
#5640=DIRECTION('',(0.,1.,0.));
#5641=DIRECTION('',(1.,0.,0.));
#5642=AXIS2_PLACEMENT_3D('',#5639,#5640,#5641);
#5643=PLANE('',#5642);
#5644=ORIENTED_EDGE('',*,*,#5633,.T.);
#5645=ORIENTED_EDGE('',*,*,#1951,.T.);
#5646=ORIENTED_EDGE('',*,*,#5614,.F.);
#5647=ORIENTED_EDGE('',*,*,#5556,.F.);
#5648=EDGE_LOOP('',(#5644,#5645,#5646,#5647));
#5649=FACE_BOUND('',#5648,.T.);
#5650=ADVANCED_FACE('',(#5649),#5643,.T.);
#5651=CARTESIAN_POINT('',(0.258998794,-9.645248495,-1.813308435));
#5652=DIRECTION('',(0.,0.,-1.));
#5653=DIRECTION('',(-1.,0.,0.));
#5654=AXIS2_PLACEMENT_3D('',#5651,#5652,#5653);
#5655=PLANE('',#5654);
#5656=CARTESIAN_POINT('',(-41.6,16.55,-1.815808435));
#5657=VERTEX_POINT('',#5656);
#5658=CARTESIAN_POINT('',(-34.6,16.55,-1.815808435));
#5659=VERTEX_POINT('',#5658);
#5660=CARTESIAN_POINT('',(-41.6,16.55,-1.813308435));
#5661=DIRECTION('',(1.,0.,-0.));
#5662=VECTOR('',#5661,7.);
#5663=LINE('',#5660,#5662);
#5664=EDGE_CURVE('',#5657,#5659,#5663,.T.);
#5665=ORIENTED_EDGE('',*,*,#5664,.T.);
#5666=CARTESIAN_POINT('',(-34.6,21.55,-1.815808435));
#5667=VERTEX_POINT('',#5666);
#5668=CARTESIAN_POINT('',(-34.6,16.55,-1.813308435));
#5669=DIRECTION('',(0.,1.,0.));
#5670=VECTOR('',#5669,5.);
#5671=LINE('',#5668,#5670);
#5672=EDGE_CURVE('',#5659,#5667,#5671,.T.);
#5673=ORIENTED_EDGE('',*,*,#5672,.T.);
#5674=CARTESIAN_POINT('',(-41.6,21.55,-1.815808435));
#5675=VERTEX_POINT('',#5674);
#5676=CARTESIAN_POINT('',(-34.6,21.55,-1.813308435));
#5677=DIRECTION('',(-1.,0.,0.));
#5678=VECTOR('',#5677,7.);
#5679=LINE('',#5676,#5678);
#5680=EDGE_CURVE('',#5667,#5675,#5679,.T.);
#5681=ORIENTED_EDGE('',*,*,#5680,.T.);
#5682=CARTESIAN_POINT('',(-41.6,21.55,-1.813308435));
#5683=DIRECTION('',(0.,-1.,0.));
#5684=VECTOR('',#5683,5.);
#5685=LINE('',#5682,#5684);
#5686=EDGE_CURVE('',#5675,#5657,#5685,.T.);
#5687=ORIENTED_EDGE('',*,*,#5686,.T.);
#5688=EDGE_LOOP('',(#5665,#5673,#5681,#5687));
#5689=FACE_BOUND('',#5688,.T.);
#5690=ADVANCED_FACE('',(#5689),#5655,.F.);
#5691=CARTESIAN_POINT('',(-34.6,21.55,-1.823308435));
#5692=DIRECTION('',(0.,-1.,0.));
#5693=DIRECTION('',(-1.,0.,0.));
#5694=AXIS2_PLACEMENT_3D('',#5691,#5692,#5693);
#5695=PLANE('',#5694);
#5696=CARTESIAN_POINT('',(-34.6,21.55,-1.823308435));
#5697=DIRECTION('',(-0.,-0.,1.));
#5698=VECTOR('',#5697,2.01);
#5699=LINE('',#5696,#5698);
#5700=EDGE_CURVE('',#5667,#1966,#5699,.T.);
#5701=ORIENTED_EDGE('',*,*,#5700,.T.);
#5702=ORIENTED_EDGE('',*,*,#1971,.T.);
#5703=CARTESIAN_POINT('',(-41.6,21.55,-1.823308435));
#5704=DIRECTION('',(-0.,-0.,1.));
#5705=VECTOR('',#5704,2.01);
#5706=LINE('',#5703,#5705);
#5707=EDGE_CURVE('',#5675,#1956,#5706,.T.);
#5708=ORIENTED_EDGE('',*,*,#5707,.F.);
#5709=ORIENTED_EDGE('',*,*,#5680,.F.);
#5710=EDGE_LOOP('',(#5701,#5702,#5708,#5709));
#5711=FACE_BOUND('',#5710,.T.);
#5712=ADVANCED_FACE('',(#5711),#5695,.T.);
#5713=CARTESIAN_POINT('',(-34.6,16.55,-1.823308435));
#5714=DIRECTION('',(-1.,0.,0.));
#5715=DIRECTION('',(0.,1.,0.));
#5716=AXIS2_PLACEMENT_3D('',#5713,#5714,#5715);
#5717=PLANE('',#5716);
#5718=CARTESIAN_POINT('',(-34.6,16.55,-1.823308435));
#5719=DIRECTION('',(-0.,-0.,1.));
#5720=VECTOR('',#5719,2.01);
#5721=LINE('',#5718,#5720);
#5722=EDGE_CURVE('',#5659,#1974,#5721,.T.);
#5723=ORIENTED_EDGE('',*,*,#5722,.T.);
#5724=ORIENTED_EDGE('',*,*,#1979,.T.);
#5725=ORIENTED_EDGE('',*,*,#5700,.F.);
#5726=ORIENTED_EDGE('',*,*,#5672,.F.);
#5727=EDGE_LOOP('',(#5723,#5724,#5725,#5726));
#5728=FACE_BOUND('',#5727,.T.);
#5729=ADVANCED_FACE('',(#5728),#5717,.T.);
#5730=CARTESIAN_POINT('',(-41.6,21.55,-1.823308435));
#5731=DIRECTION('',(1.,0.,0.));
#5732=DIRECTION('',(0.,-1.,0.));
#5733=AXIS2_PLACEMENT_3D('',#5730,#5731,#5732);
#5734=PLANE('',#5733);
#5735=ORIENTED_EDGE('',*,*,#5707,.T.);
#5736=ORIENTED_EDGE('',*,*,#1963,.T.);
#5737=CARTESIAN_POINT('',(-41.6,16.55,-1.823308435));
#5738=DIRECTION('',(-0.,-0.,1.));
#5739=VECTOR('',#5738,2.01);
#5740=LINE('',#5737,#5739);
#5741=EDGE_CURVE('',#5657,#1958,#5740,.T.);
#5742=ORIENTED_EDGE('',*,*,#5741,.F.);
#5743=ORIENTED_EDGE('',*,*,#5686,.F.);
#5744=EDGE_LOOP('',(#5735,#5736,#5742,#5743));
#5745=FACE_BOUND('',#5744,.T.);
#5746=ADVANCED_FACE('',(#5745),#5734,.T.);
#5747=CARTESIAN_POINT('',(-41.6,16.55,-1.823308435));
#5748=DIRECTION('',(0.,1.,0.));
#5749=DIRECTION('',(1.,0.,0.));
#5750=AXIS2_PLACEMENT_3D('',#5747,#5748,#5749);
#5751=PLANE('',#5750);
#5752=ORIENTED_EDGE('',*,*,#5741,.T.);
#5753=ORIENTED_EDGE('',*,*,#1985,.T.);
#5754=ORIENTED_EDGE('',*,*,#5722,.F.);
#5755=ORIENTED_EDGE('',*,*,#5664,.F.);
#5756=EDGE_LOOP('',(#5752,#5753,#5754,#5755));
#5757=FACE_BOUND('',#5756,.T.);
#5758=ADVANCED_FACE('',(#5757),#5751,.T.);
#5759=CARTESIAN_POINT('',(0.258998794,-9.645248495,-1.813308435));
#5760=DIRECTION('',(0.,0.,-1.));
#5761=DIRECTION('',(-1.,0.,0.));
#5762=AXIS2_PLACEMENT_3D('',#5759,#5760,#5761);
#5763=PLANE('',#5762);
#5764=CARTESIAN_POINT('',(-22.55,16.55,-1.815808435));
#5765=VERTEX_POINT('',#5764);
#5766=CARTESIAN_POINT('',(-15.55,16.55,-1.815808435));
#5767=VERTEX_POINT('',#5766);
#5768=CARTESIAN_POINT('',(-22.55,16.55,-1.813308435));
#5769=DIRECTION('',(1.,0.,-0.));
#5770=VECTOR('',#5769,7.);
#5771=LINE('',#5768,#5770);
#5772=EDGE_CURVE('',#5765,#5767,#5771,.T.);
#5773=ORIENTED_EDGE('',*,*,#5772,.T.);
#5774=CARTESIAN_POINT('',(-15.55,21.55,-1.815808435));
#5775=VERTEX_POINT('',#5774);
#5776=CARTESIAN_POINT('',(-15.55,16.55,-1.813308435));
#5777=DIRECTION('',(0.,1.,0.));
#5778=VECTOR('',#5777,5.);
#5779=LINE('',#5776,#5778);
#5780=EDGE_CURVE('',#5767,#5775,#5779,.T.);
#5781=ORIENTED_EDGE('',*,*,#5780,.T.);
#5782=CARTESIAN_POINT('',(-22.55,21.55,-1.815808435));
#5783=VERTEX_POINT('',#5782);
#5784=CARTESIAN_POINT('',(-15.55,21.55,-1.813308435));
#5785=DIRECTION('',(-1.,0.,0.));
#5786=VECTOR('',#5785,7.);
#5787=LINE('',#5784,#5786);
#5788=EDGE_CURVE('',#5775,#5783,#5787,.T.);
#5789=ORIENTED_EDGE('',*,*,#5788,.T.);
#5790=CARTESIAN_POINT('',(-22.55,21.55,-1.813308435));
#5791=DIRECTION('',(0.,-1.,0.));
#5792=VECTOR('',#5791,5.);
#5793=LINE('',#5790,#5792);
#5794=EDGE_CURVE('',#5783,#5765,#5793,.T.);
#5795=ORIENTED_EDGE('',*,*,#5794,.T.);
#5796=EDGE_LOOP('',(#5773,#5781,#5789,#5795));
#5797=FACE_BOUND('',#5796,.T.);
#5798=ADVANCED_FACE('',(#5797),#5763,.F.);
#5799=CARTESIAN_POINT('',(-15.55,21.55,-1.823308435));
#5800=DIRECTION('',(0.,-1.,0.));
#5801=DIRECTION('',(-1.,0.,0.));
#5802=AXIS2_PLACEMENT_3D('',#5799,#5800,#5801);
#5803=PLANE('',#5802);
#5804=CARTESIAN_POINT('',(-15.55,21.55,-1.823308435));
#5805=DIRECTION('',(-0.,-0.,1.));
#5806=VECTOR('',#5805,2.01);
#5807=LINE('',#5804,#5806);
#5808=EDGE_CURVE('',#5775,#2000,#5807,.T.);
#5809=ORIENTED_EDGE('',*,*,#5808,.T.);
#5810=ORIENTED_EDGE('',*,*,#2005,.T.);
#5811=CARTESIAN_POINT('',(-22.55,21.55,-1.823308435));
#5812=DIRECTION('',(-0.,-0.,1.));
#5813=VECTOR('',#5812,2.01);
#5814=LINE('',#5811,#5813);
#5815=EDGE_CURVE('',#5783,#1990,#5814,.T.);
#5816=ORIENTED_EDGE('',*,*,#5815,.F.);
#5817=ORIENTED_EDGE('',*,*,#5788,.F.);
#5818=EDGE_LOOP('',(#5809,#5810,#5816,#5817));
#5819=FACE_BOUND('',#5818,.T.);
#5820=ADVANCED_FACE('',(#5819),#5803,.T.);
#5821=CARTESIAN_POINT('',(-15.55,16.55,-1.823308435));
#5822=DIRECTION('',(-1.,0.,0.));
#5823=DIRECTION('',(0.,1.,0.));
#5824=AXIS2_PLACEMENT_3D('',#5821,#5822,#5823);
#5825=PLANE('',#5824);
#5826=CARTESIAN_POINT('',(-15.55,16.55,-1.823308435));
#5827=DIRECTION('',(-0.,-0.,1.));
#5828=VECTOR('',#5827,2.01);
#5829=LINE('',#5826,#5828);
#5830=EDGE_CURVE('',#5767,#2008,#5829,.T.);
#5831=ORIENTED_EDGE('',*,*,#5830,.T.);
#5832=ORIENTED_EDGE('',*,*,#2013,.T.);
#5833=ORIENTED_EDGE('',*,*,#5808,.F.);
#5834=ORIENTED_EDGE('',*,*,#5780,.F.);
#5835=EDGE_LOOP('',(#5831,#5832,#5833,#5834));
#5836=FACE_BOUND('',#5835,.T.);
#5837=ADVANCED_FACE('',(#5836),#5825,.T.);
#5838=CARTESIAN_POINT('',(-22.55,21.55,-1.823308435));
#5839=DIRECTION('',(1.,0.,0.));
#5840=DIRECTION('',(0.,-1.,0.));
#5841=AXIS2_PLACEMENT_3D('',#5838,#5839,#5840);
#5842=PLANE('',#5841);
#5843=ORIENTED_EDGE('',*,*,#5815,.T.);
#5844=ORIENTED_EDGE('',*,*,#1997,.T.);
#5845=CARTESIAN_POINT('',(-22.55,16.55,-1.823308435));
#5846=DIRECTION('',(-0.,-0.,1.));
#5847=VECTOR('',#5846,2.01);
#5848=LINE('',#5845,#5847);
#5849=EDGE_CURVE('',#5765,#1992,#5848,.T.);
#5850=ORIENTED_EDGE('',*,*,#5849,.F.);
#5851=ORIENTED_EDGE('',*,*,#5794,.F.);
#5852=EDGE_LOOP('',(#5843,#5844,#5850,#5851));
#5853=FACE_BOUND('',#5852,.T.);
#5854=ADVANCED_FACE('',(#5853),#5842,.T.);
#5855=CARTESIAN_POINT('',(-22.55,16.55,-1.823308435));
#5856=DIRECTION('',(0.,1.,0.));
#5857=DIRECTION('',(1.,0.,0.));
#5858=AXIS2_PLACEMENT_3D('',#5855,#5856,#5857);
#5859=PLANE('',#5858);
#5860=ORIENTED_EDGE('',*,*,#5849,.T.);
#5861=ORIENTED_EDGE('',*,*,#2019,.T.);
#5862=ORIENTED_EDGE('',*,*,#5830,.F.);
#5863=ORIENTED_EDGE('',*,*,#5772,.F.);
#5864=EDGE_LOOP('',(#5860,#5861,#5862,#5863));
#5865=FACE_BOUND('',#5864,.T.);
#5866=ADVANCED_FACE('',(#5865),#5859,.T.);
#5867=CARTESIAN_POINT('',(-43.18,-38.1,-1.869308435));
#5868=DIRECTION('',(0.,0.,-1.));
#5869=DIRECTION('',(0.,-1.,0.));
#5870=AXIS2_PLACEMENT_3D('',#5867,#5868,#5869);
#5871=CYLINDRICAL_SURFACE('',#5870,0.875);
#5872=CARTESIAN_POINT('',(-43.18,-38.975,-1.815808435));
#5873=VERTEX_POINT('',#5872);
#5874=CARTESIAN_POINT('',(-43.18,-38.1,-1.813308435));
#5875=DIRECTION('',(-0.,-0.,-1.));
#5876=DIRECTION('',(1.,0.,-0.));
#5877=AXIS2_PLACEMENT_3D('',#5874,#5875,#5876);
#5878=CIRCLE('',#5877,0.875);
#5879=EDGE_CURVE('',#5873,#5873,#5878,.T.);
#5880=ORIENTED_EDGE('',*,*,#5879,.T.);
#5881=CARTESIAN_POINT('',(-43.18,-38.975,-1.823308435));
#5882=DIRECTION('',(-0.,-0.,1.));
#5883=VECTOR('',#5882,2.01);
#5884=LINE('',#5881,#5883);
#5885=EDGE_CURVE('',#5873,#2024,#5884,.T.);
#5886=ORIENTED_EDGE('',*,*,#5885,.T.);
#5887=ORIENTED_EDGE('',*,*,#2030,.F.);
#5888=ORIENTED_EDGE('',*,*,#5885,.F.);
#5889=EDGE_LOOP('',(#5880,#5886,#5887,#5888));
#5890=FACE_BOUND('',#5889,.T.);
#5891=ADVANCED_FACE('',(#5890),#5871,.F.);
#5892=CARTESIAN_POINT('',(0.258998794,-9.645248495,-1.813308435));
#5893=DIRECTION('',(0.,0.,-1.));
#5894=DIRECTION('',(-1.,0.,0.));
#5895=AXIS2_PLACEMENT_3D('',#5892,#5893,#5894);
#5896=PLANE('',#5895);
#5897=ORIENTED_EDGE('',*,*,#5879,.F.);
#5898=EDGE_LOOP('',(#5897));
#5899=FACE_BOUND('',#5898,.T.);
#5900=ADVANCED_FACE('',(#5899),#5896,.F.);
#5901=CARTESIAN_POINT('',(43.18,19.05,-1.869308435));
#5902=DIRECTION('',(0.,0.,-1.));
#5903=DIRECTION('',(0.,-1.,0.));
#5904=AXIS2_PLACEMENT_3D('',#5901,#5902,#5903);
#5905=CYLINDRICAL_SURFACE('',#5904,0.875);
#5906=CARTESIAN_POINT('',(43.18,18.175,-1.815808435));
#5907=VERTEX_POINT('',#5906);
#5908=CARTESIAN_POINT('',(43.18,19.05,-1.813308435));
#5909=DIRECTION('',(-0.,-0.,-1.));
#5910=DIRECTION('',(1.,0.,-0.));
#5911=AXIS2_PLACEMENT_3D('',#5908,#5909,#5910);
#5912=CIRCLE('',#5911,0.875);
#5913=EDGE_CURVE('',#5907,#5907,#5912,.T.);
#5914=ORIENTED_EDGE('',*,*,#5913,.T.);
#5915=CARTESIAN_POINT('',(43.18,18.175,-1.823308435));
#5916=DIRECTION('',(-0.,-0.,1.));
#5917=VECTOR('',#5916,2.01);
#5918=LINE('',#5915,#5917);
#5919=EDGE_CURVE('',#5907,#2035,#5918,.T.);
#5920=ORIENTED_EDGE('',*,*,#5919,.T.);
#5921=ORIENTED_EDGE('',*,*,#2041,.F.);
#5922=ORIENTED_EDGE('',*,*,#5919,.F.);
#5923=EDGE_LOOP('',(#5914,#5920,#5921,#5922));
#5924=FACE_BOUND('',#5923,.T.);
#5925=ADVANCED_FACE('',(#5924),#5905,.F.);
#5926=CARTESIAN_POINT('',(0.258998794,-9.645248495,-1.813308435));
#5927=DIRECTION('',(0.,0.,-1.));
#5928=DIRECTION('',(-1.,0.,0.));
#5929=AXIS2_PLACEMENT_3D('',#5926,#5927,#5928);
#5930=PLANE('',#5929);
#5931=ORIENTED_EDGE('',*,*,#5913,.F.);
#5932=EDGE_LOOP('',(#5931));
#5933=FACE_BOUND('',#5932,.T.);
#5934=ADVANCED_FACE('',(#5933),#5930,.F.);
#5935=CARTESIAN_POINT('',(33.02,19.05,-1.869308435));
#5936=DIRECTION('',(0.,0.,-1.));
#5937=DIRECTION('',(0.,-1.,0.));
#5938=AXIS2_PLACEMENT_3D('',#5935,#5936,#5937);
#5939=CYLINDRICAL_SURFACE('',#5938,0.875);
#5940=CARTESIAN_POINT('',(33.02,18.175,-1.815808435));
#5941=VERTEX_POINT('',#5940);
#5942=CARTESIAN_POINT('',(33.02,19.05,-1.813308435));
#5943=DIRECTION('',(-0.,-0.,-1.));
#5944=DIRECTION('',(1.,0.,-0.));
#5945=AXIS2_PLACEMENT_3D('',#5942,#5943,#5944);
#5946=CIRCLE('',#5945,0.875);
#5947=EDGE_CURVE('',#5941,#5941,#5946,.T.);
#5948=ORIENTED_EDGE('',*,*,#5947,.T.);
#5949=CARTESIAN_POINT('',(33.02,18.175,-1.823308435));
#5950=DIRECTION('',(-0.,-0.,1.));
#5951=VECTOR('',#5950,2.01);
#5952=LINE('',#5949,#5951);
#5953=EDGE_CURVE('',#5941,#2046,#5952,.T.);
#5954=ORIENTED_EDGE('',*,*,#5953,.T.);
#5955=ORIENTED_EDGE('',*,*,#2052,.F.);
#5956=ORIENTED_EDGE('',*,*,#5953,.F.);
#5957=EDGE_LOOP('',(#5948,#5954,#5955,#5956));
#5958=FACE_BOUND('',#5957,.T.);
#5959=ADVANCED_FACE('',(#5958),#5939,.F.);
#5960=CARTESIAN_POINT('',(0.258998794,-9.645248495,-1.813308435));
#5961=DIRECTION('',(0.,0.,-1.));
#5962=DIRECTION('',(-1.,0.,0.));
#5963=AXIS2_PLACEMENT_3D('',#5960,#5961,#5962);
#5964=PLANE('',#5963);
#5965=ORIENTED_EDGE('',*,*,#5947,.F.);
#5966=EDGE_LOOP('',(#5965));
#5967=FACE_BOUND('',#5966,.T.);
#5968=ADVANCED_FACE('',(#5967),#5964,.F.);
#5969=CARTESIAN_POINT('',(24.13,19.05,-1.869308435));
#5970=DIRECTION('',(0.,0.,-1.));
#5971=DIRECTION('',(0.,-1.,0.));
#5972=AXIS2_PLACEMENT_3D('',#5969,#5970,#5971);
#5973=CYLINDRICAL_SURFACE('',#5972,0.875);
#5974=CARTESIAN_POINT('',(24.13,18.175,-1.815808435));
#5975=VERTEX_POINT('',#5974);
#5976=CARTESIAN_POINT('',(24.13,19.05,-1.813308435));
#5977=DIRECTION('',(-0.,-0.,-1.));
#5978=DIRECTION('',(1.,0.,-0.));
#5979=AXIS2_PLACEMENT_3D('',#5976,#5977,#5978);
#5980=CIRCLE('',#5979,0.875);
#5981=EDGE_CURVE('',#5975,#5975,#5980,.T.);
#5982=ORIENTED_EDGE('',*,*,#5981,.T.);
#5983=CARTESIAN_POINT('',(24.13,18.175,-1.823308435));
#5984=DIRECTION('',(-0.,-0.,1.));
#5985=VECTOR('',#5984,2.01);
#5986=LINE('',#5983,#5985);
#5987=EDGE_CURVE('',#5975,#2057,#5986,.T.);
#5988=ORIENTED_EDGE('',*,*,#5987,.T.);
#5989=ORIENTED_EDGE('',*,*,#2063,.F.);
#5990=ORIENTED_EDGE('',*,*,#5987,.F.);
#5991=EDGE_LOOP('',(#5982,#5988,#5989,#5990));
#5992=FACE_BOUND('',#5991,.T.);
#5993=ADVANCED_FACE('',(#5992),#5973,.F.);
#5994=CARTESIAN_POINT('',(0.258998794,-9.645248495,-1.813308435));
#5995=DIRECTION('',(0.,0.,-1.));
#5996=DIRECTION('',(-1.,0.,0.));
#5997=AXIS2_PLACEMENT_3D('',#5994,#5995,#5996);
#5998=PLANE('',#5997);
#5999=ORIENTED_EDGE('',*,*,#5981,.F.);
#6000=EDGE_LOOP('',(#5999));
#6001=FACE_BOUND('',#6000,.T.);
#6002=ADVANCED_FACE('',(#6001),#5998,.F.);
#6003=CARTESIAN_POINT('',(13.97,-38.1,-1.869308435));
#6004=DIRECTION('',(0.,0.,-1.));
#6005=DIRECTION('',(0.,-1.,0.));
#6006=AXIS2_PLACEMENT_3D('',#6003,#6004,#6005);
#6007=CYLINDRICAL_SURFACE('',#6006,0.875);
#6008=CARTESIAN_POINT('',(13.97,-38.975,-1.815808435));
#6009=VERTEX_POINT('',#6008);
#6010=CARTESIAN_POINT('',(13.97,-38.1,-1.813308435));
#6011=DIRECTION('',(-0.,-0.,-1.));
#6012=DIRECTION('',(1.,0.,-0.));
#6013=AXIS2_PLACEMENT_3D('',#6010,#6011,#6012);
#6014=CIRCLE('',#6013,0.875);
#6015=EDGE_CURVE('',#6009,#6009,#6014,.T.);
#6016=ORIENTED_EDGE('',*,*,#6015,.T.);
#6017=CARTESIAN_POINT('',(13.97,-38.975,-1.823308435));
#6018=DIRECTION('',(-0.,-0.,1.));
#6019=VECTOR('',#6018,2.01);
#6020=LINE('',#6017,#6019);
#6021=EDGE_CURVE('',#6009,#2068,#6020,.T.);
#6022=ORIENTED_EDGE('',*,*,#6021,.T.);
#6023=ORIENTED_EDGE('',*,*,#2074,.F.);
#6024=ORIENTED_EDGE('',*,*,#6021,.F.);
#6025=EDGE_LOOP('',(#6016,#6022,#6023,#6024));
#6026=FACE_BOUND('',#6025,.T.);
#6027=ADVANCED_FACE('',(#6026),#6007,.F.);
#6028=CARTESIAN_POINT('',(0.258998794,-9.645248495,-1.813308435));
#6029=DIRECTION('',(0.,0.,-1.));
#6030=DIRECTION('',(-1.,0.,0.));
#6031=AXIS2_PLACEMENT_3D('',#6028,#6029,#6030);
#6032=PLANE('',#6031);
#6033=ORIENTED_EDGE('',*,*,#6015,.F.);
#6034=EDGE_LOOP('',(#6033));
#6035=FACE_BOUND('',#6034,.T.);
#6036=ADVANCED_FACE('',(#6035),#6032,.F.);
#6037=CARTESIAN_POINT('',(43.18,-38.1,-1.869308435));
#6038=DIRECTION('',(0.,0.,-1.));
#6039=DIRECTION('',(0.,-1.,0.));
#6040=AXIS2_PLACEMENT_3D('',#6037,#6038,#6039);
#6041=CYLINDRICAL_SURFACE('',#6040,0.875);
#6042=CARTESIAN_POINT('',(43.18,-38.975,-1.815808435));
#6043=VERTEX_POINT('',#6042);
#6044=CARTESIAN_POINT('',(43.18,-38.1,-1.813308435));
#6045=DIRECTION('',(-0.,-0.,-1.));
#6046=DIRECTION('',(1.,0.,-0.));
#6047=AXIS2_PLACEMENT_3D('',#6044,#6045,#6046);
#6048=CIRCLE('',#6047,0.875);
#6049=EDGE_CURVE('',#6043,#6043,#6048,.T.);
#6050=ORIENTED_EDGE('',*,*,#6049,.T.);
#6051=CARTESIAN_POINT('',(43.18,-38.975,-1.823308435));
#6052=DIRECTION('',(-0.,-0.,1.));
#6053=VECTOR('',#6052,2.01);
#6054=LINE('',#6051,#6053);
#6055=EDGE_CURVE('',#6043,#2079,#6054,.T.);
#6056=ORIENTED_EDGE('',*,*,#6055,.T.);
#6057=ORIENTED_EDGE('',*,*,#2085,.F.);
#6058=ORIENTED_EDGE('',*,*,#6055,.F.);
#6059=EDGE_LOOP('',(#6050,#6056,#6057,#6058));
#6060=FACE_BOUND('',#6059,.T.);
#6061=ADVANCED_FACE('',(#6060),#6041,.F.);
#6062=CARTESIAN_POINT('',(0.258998794,-9.645248495,-1.813308435));
#6063=DIRECTION('',(0.,0.,-1.));
#6064=DIRECTION('',(-1.,0.,0.));
#6065=AXIS2_PLACEMENT_3D('',#6062,#6063,#6064);
#6066=PLANE('',#6065);
#6067=ORIENTED_EDGE('',*,*,#6049,.F.);
#6068=EDGE_LOOP('',(#6067));
#6069=FACE_BOUND('',#6068,.T.);
#6070=ADVANCED_FACE('',(#6069),#6066,.F.);
#6071=CARTESIAN_POINT('',(5.08,-19.05,-1.869308435));
#6072=DIRECTION('',(0.,0.,-1.));
#6073=DIRECTION('',(0.,-1.,0.));
#6074=AXIS2_PLACEMENT_3D('',#6071,#6072,#6073);
#6075=CYLINDRICAL_SURFACE('',#6074,0.875);
#6076=CARTESIAN_POINT('',(5.08,-19.925,-1.815808435));
#6077=VERTEX_POINT('',#6076);
#6078=CARTESIAN_POINT('',(5.08,-19.05,-1.813308435));
#6079=DIRECTION('',(-0.,-0.,-1.));
#6080=DIRECTION('',(1.,0.,-0.));
#6081=AXIS2_PLACEMENT_3D('',#6078,#6079,#6080);
#6082=CIRCLE('',#6081,0.875);
#6083=EDGE_CURVE('',#6077,#6077,#6082,.T.);
#6084=ORIENTED_EDGE('',*,*,#6083,.T.);
#6085=CARTESIAN_POINT('',(5.08,-19.925,-1.823308435));
#6086=DIRECTION('',(-0.,-0.,1.));
#6087=VECTOR('',#6086,2.01);
#6088=LINE('',#6085,#6087);
#6089=EDGE_CURVE('',#6077,#2090,#6088,.T.);
#6090=ORIENTED_EDGE('',*,*,#6089,.T.);
#6091=ORIENTED_EDGE('',*,*,#2096,.F.);
#6092=ORIENTED_EDGE('',*,*,#6089,.F.);
#6093=EDGE_LOOP('',(#6084,#6090,#6091,#6092));
#6094=FACE_BOUND('',#6093,.T.);
#6095=ADVANCED_FACE('',(#6094),#6075,.F.);
#6096=CARTESIAN_POINT('',(0.258998794,-9.645248495,-1.813308435));
#6097=DIRECTION('',(0.,0.,-1.));
#6098=DIRECTION('',(-1.,0.,0.));
#6099=AXIS2_PLACEMENT_3D('',#6096,#6097,#6098);
#6100=PLANE('',#6099);
#6101=ORIENTED_EDGE('',*,*,#6083,.F.);
#6102=EDGE_LOOP('',(#6101));
#6103=FACE_BOUND('',#6102,.T.);
#6104=ADVANCED_FACE('',(#6103),#6100,.F.);
#6105=CARTESIAN_POINT('',(13.97,-19.05,-1.869308435));
#6106=DIRECTION('',(0.,0.,-1.));
#6107=DIRECTION('',(0.,-1.,0.));
#6108=AXIS2_PLACEMENT_3D('',#6105,#6106,#6107);
#6109=CYLINDRICAL_SURFACE('',#6108,0.875);
#6110=CARTESIAN_POINT('',(13.97,-19.925,-1.815808435));
#6111=VERTEX_POINT('',#6110);
#6112=CARTESIAN_POINT('',(13.97,-19.05,-1.813308435));
#6113=DIRECTION('',(-0.,-0.,-1.));
#6114=DIRECTION('',(1.,0.,-0.));
#6115=AXIS2_PLACEMENT_3D('',#6112,#6113,#6114);
#6116=CIRCLE('',#6115,0.875);
#6117=EDGE_CURVE('',#6111,#6111,#6116,.T.);
#6118=ORIENTED_EDGE('',*,*,#6117,.T.);
#6119=CARTESIAN_POINT('',(13.97,-19.925,-1.823308435));
#6120=DIRECTION('',(-0.,-0.,1.));
#6121=VECTOR('',#6120,2.01);
#6122=LINE('',#6119,#6121);
#6123=EDGE_CURVE('',#6111,#2101,#6122,.T.);
#6124=ORIENTED_EDGE('',*,*,#6123,.T.);
#6125=ORIENTED_EDGE('',*,*,#2107,.F.);
#6126=ORIENTED_EDGE('',*,*,#6123,.F.);
#6127=EDGE_LOOP('',(#6118,#6124,#6125,#6126));
#6128=FACE_BOUND('',#6127,.T.);
#6129=ADVANCED_FACE('',(#6128),#6109,.F.);
#6130=CARTESIAN_POINT('',(0.258998794,-9.645248495,-1.813308435));
#6131=DIRECTION('',(0.,0.,-1.));
#6132=DIRECTION('',(-1.,0.,0.));
#6133=AXIS2_PLACEMENT_3D('',#6130,#6131,#6132);
#6134=PLANE('',#6133);
#6135=ORIENTED_EDGE('',*,*,#6117,.F.);
#6136=EDGE_LOOP('',(#6135));
#6137=FACE_BOUND('',#6136,.T.);
#6138=ADVANCED_FACE('',(#6137),#6134,.F.);
#6139=CARTESIAN_POINT('',(-43.18,-0.,-1.869308435));
#6140=DIRECTION('',(0.,0.,-1.));
#6141=DIRECTION('',(0.,-1.,0.));
#6142=AXIS2_PLACEMENT_3D('',#6139,#6140,#6141);
#6143=CYLINDRICAL_SURFACE('',#6142,0.875);
#6144=CARTESIAN_POINT('',(-43.18,-0.875,-1.815808435));
#6145=VERTEX_POINT('',#6144);
#6146=CARTESIAN_POINT('',(-43.18,-0.,-1.813308435));
#6147=DIRECTION('',(-0.,-0.,-1.));
#6148=DIRECTION('',(1.,0.,-0.));
#6149=AXIS2_PLACEMENT_3D('',#6146,#6147,#6148);
#6150=CIRCLE('',#6149,0.875);
#6151=EDGE_CURVE('',#6145,#6145,#6150,.T.);
#6152=ORIENTED_EDGE('',*,*,#6151,.T.);
#6153=CARTESIAN_POINT('',(-43.18,-0.875,-1.823308435));
#6154=DIRECTION('',(-0.,-0.,1.));
#6155=VECTOR('',#6154,2.01);
#6156=LINE('',#6153,#6155);
#6157=EDGE_CURVE('',#6145,#2112,#6156,.T.);
#6158=ORIENTED_EDGE('',*,*,#6157,.T.);
#6159=ORIENTED_EDGE('',*,*,#2118,.F.);
#6160=ORIENTED_EDGE('',*,*,#6157,.F.);
#6161=EDGE_LOOP('',(#6152,#6158,#6159,#6160));
#6162=FACE_BOUND('',#6161,.T.);
#6163=ADVANCED_FACE('',(#6162),#6143,.F.);
#6164=CARTESIAN_POINT('',(0.258998794,-9.645248495,-1.813308435));
#6165=DIRECTION('',(0.,0.,-1.));
#6166=DIRECTION('',(-1.,0.,0.));
#6167=AXIS2_PLACEMENT_3D('',#6164,#6165,#6166);
#6168=PLANE('',#6167);
#6169=ORIENTED_EDGE('',*,*,#6151,.F.);
#6170=EDGE_LOOP('',(#6169));
#6171=FACE_BOUND('',#6170,.T.);
#6172=ADVANCED_FACE('',(#6171),#6168,.F.);
#6173=CARTESIAN_POINT('',(43.18,-19.05,-1.869308435));
#6174=DIRECTION('',(0.,0.,-1.));
#6175=DIRECTION('',(0.,-1.,0.));
#6176=AXIS2_PLACEMENT_3D('',#6173,#6174,#6175);
#6177=CYLINDRICAL_SURFACE('',#6176,0.875);
#6178=CARTESIAN_POINT('',(43.18,-19.925,-1.815808435));
#6179=VERTEX_POINT('',#6178);
#6180=CARTESIAN_POINT('',(43.18,-19.05,-1.813308435));
#6181=DIRECTION('',(-0.,-0.,-1.));
#6182=DIRECTION('',(1.,0.,-0.));
#6183=AXIS2_PLACEMENT_3D('',#6180,#6181,#6182);
#6184=CIRCLE('',#6183,0.875);
#6185=EDGE_CURVE('',#6179,#6179,#6184,.T.);
#6186=ORIENTED_EDGE('',*,*,#6185,.T.);
#6187=CARTESIAN_POINT('',(43.18,-19.925,-1.823308435));
#6188=DIRECTION('',(-0.,-0.,1.));
#6189=VECTOR('',#6188,2.01);
#6190=LINE('',#6187,#6189);
#6191=EDGE_CURVE('',#6179,#2123,#6190,.T.);
#6192=ORIENTED_EDGE('',*,*,#6191,.T.);
#6193=ORIENTED_EDGE('',*,*,#2129,.F.);
#6194=ORIENTED_EDGE('',*,*,#6191,.F.);
#6195=EDGE_LOOP('',(#6186,#6192,#6193,#6194));
#6196=FACE_BOUND('',#6195,.T.);
#6197=ADVANCED_FACE('',(#6196),#6177,.F.);
#6198=CARTESIAN_POINT('',(0.258998794,-9.645248495,-1.813308435));
#6199=DIRECTION('',(0.,0.,-1.));
#6200=DIRECTION('',(-1.,0.,0.));
#6201=AXIS2_PLACEMENT_3D('',#6198,#6199,#6200);
#6202=PLANE('',#6201);
#6203=ORIENTED_EDGE('',*,*,#6185,.F.);
#6204=EDGE_LOOP('',(#6203));
#6205=FACE_BOUND('',#6204,.T.);
#6206=ADVANCED_FACE('',(#6205),#6202,.F.);
#6207=CARTESIAN_POINT('',(33.02,-19.05,-1.869308435));
#6208=DIRECTION('',(0.,0.,-1.));
#6209=DIRECTION('',(0.,-1.,0.));
#6210=AXIS2_PLACEMENT_3D('',#6207,#6208,#6209);
#6211=CYLINDRICAL_SURFACE('',#6210,0.875);
#6212=CARTESIAN_POINT('',(33.02,-19.925,-1.815808435));
#6213=VERTEX_POINT('',#6212);
#6214=CARTESIAN_POINT('',(33.02,-19.05,-1.813308435));
#6215=DIRECTION('',(-0.,-0.,-1.));
#6216=DIRECTION('',(1.,0.,-0.));
#6217=AXIS2_PLACEMENT_3D('',#6214,#6215,#6216);
#6218=CIRCLE('',#6217,0.875);
#6219=EDGE_CURVE('',#6213,#6213,#6218,.T.);
#6220=ORIENTED_EDGE('',*,*,#6219,.T.);
#6221=CARTESIAN_POINT('',(33.02,-19.925,-1.823308435));
#6222=DIRECTION('',(-0.,-0.,1.));
#6223=VECTOR('',#6222,2.01);
#6224=LINE('',#6221,#6223);
#6225=EDGE_CURVE('',#6213,#2134,#6224,.T.);
#6226=ORIENTED_EDGE('',*,*,#6225,.T.);
#6227=ORIENTED_EDGE('',*,*,#2140,.F.);
#6228=ORIENTED_EDGE('',*,*,#6225,.F.);
#6229=EDGE_LOOP('',(#6220,#6226,#6227,#6228));
#6230=FACE_BOUND('',#6229,.T.);
#6231=ADVANCED_FACE('',(#6230),#6211,.F.);
#6232=CARTESIAN_POINT('',(0.258998794,-9.645248495,-1.813308435));
#6233=DIRECTION('',(0.,0.,-1.));
#6234=DIRECTION('',(-1.,0.,0.));
#6235=AXIS2_PLACEMENT_3D('',#6232,#6233,#6234);
#6236=PLANE('',#6235);
#6237=ORIENTED_EDGE('',*,*,#6219,.F.);
#6238=EDGE_LOOP('',(#6237));
#6239=FACE_BOUND('',#6238,.T.);
#6240=ADVANCED_FACE('',(#6239),#6236,.F.);
#6241=CARTESIAN_POINT('',(24.13,-19.05,-1.869308435));
#6242=DIRECTION('',(0.,0.,-1.));
#6243=DIRECTION('',(0.,-1.,0.));
#6244=AXIS2_PLACEMENT_3D('',#6241,#6242,#6243);
#6245=CYLINDRICAL_SURFACE('',#6244,0.875);
#6246=CARTESIAN_POINT('',(24.13,-19.925,-1.815808435));
#6247=VERTEX_POINT('',#6246);
#6248=CARTESIAN_POINT('',(24.13,-19.05,-1.813308435));
#6249=DIRECTION('',(-0.,-0.,-1.));
#6250=DIRECTION('',(1.,0.,-0.));
#6251=AXIS2_PLACEMENT_3D('',#6248,#6249,#6250);
#6252=CIRCLE('',#6251,0.875);
#6253=EDGE_CURVE('',#6247,#6247,#6252,.T.);
#6254=ORIENTED_EDGE('',*,*,#6253,.T.);
#6255=CARTESIAN_POINT('',(24.13,-19.925,-1.823308435));
#6256=DIRECTION('',(-0.,-0.,1.));
#6257=VECTOR('',#6256,2.01);
#6258=LINE('',#6255,#6257);
#6259=EDGE_CURVE('',#6247,#2145,#6258,.T.);
#6260=ORIENTED_EDGE('',*,*,#6259,.T.);
#6261=ORIENTED_EDGE('',*,*,#2151,.F.);
#6262=ORIENTED_EDGE('',*,*,#6259,.F.);
#6263=EDGE_LOOP('',(#6254,#6260,#6261,#6262));
#6264=FACE_BOUND('',#6263,.T.);
#6265=ADVANCED_FACE('',(#6264),#6245,.F.);
#6266=CARTESIAN_POINT('',(0.258998794,-9.645248495,-1.813308435));
#6267=DIRECTION('',(0.,0.,-1.));
#6268=DIRECTION('',(-1.,0.,0.));
#6269=AXIS2_PLACEMENT_3D('',#6266,#6267,#6268);
#6270=PLANE('',#6269);
#6271=ORIENTED_EDGE('',*,*,#6253,.F.);
#6272=EDGE_LOOP('',(#6271));
#6273=FACE_BOUND('',#6272,.T.);
#6274=ADVANCED_FACE('',(#6273),#6270,.F.);
#6275=CARTESIAN_POINT('',(-13.97,-38.1,-1.869308435));
#6276=DIRECTION('',(0.,0.,-1.));
#6277=DIRECTION('',(0.,-1.,0.));
#6278=AXIS2_PLACEMENT_3D('',#6275,#6276,#6277);
#6279=CYLINDRICAL_SURFACE('',#6278,0.875);
#6280=CARTESIAN_POINT('',(-13.97,-38.975,-1.815808435));
#6281=VERTEX_POINT('',#6280);
#6282=CARTESIAN_POINT('',(-13.97,-38.1,-1.813308435));
#6283=DIRECTION('',(-0.,-0.,-1.));
#6284=DIRECTION('',(1.,0.,-0.));
#6285=AXIS2_PLACEMENT_3D('',#6282,#6283,#6284);
#6286=CIRCLE('',#6285,0.875);
#6287=EDGE_CURVE('',#6281,#6281,#6286,.T.);
#6288=ORIENTED_EDGE('',*,*,#6287,.T.);
#6289=CARTESIAN_POINT('',(-13.97,-38.975,-1.823308435));
#6290=DIRECTION('',(-0.,-0.,1.));
#6291=VECTOR('',#6290,2.01);
#6292=LINE('',#6289,#6291);
#6293=EDGE_CURVE('',#6281,#2156,#6292,.T.);
#6294=ORIENTED_EDGE('',*,*,#6293,.T.);
#6295=ORIENTED_EDGE('',*,*,#2162,.F.);
#6296=ORIENTED_EDGE('',*,*,#6293,.F.);
#6297=EDGE_LOOP('',(#6288,#6294,#6295,#6296));
#6298=FACE_BOUND('',#6297,.T.);
#6299=ADVANCED_FACE('',(#6298),#6279,.F.);
#6300=CARTESIAN_POINT('',(0.258998794,-9.645248495,-1.813308435));
#6301=DIRECTION('',(0.,0.,-1.));
#6302=DIRECTION('',(-1.,0.,0.));
#6303=AXIS2_PLACEMENT_3D('',#6300,#6301,#6302);
#6304=PLANE('',#6303);
#6305=ORIENTED_EDGE('',*,*,#6287,.F.);
#6306=EDGE_LOOP('',(#6305));
#6307=FACE_BOUND('',#6306,.T.);
#6308=ADVANCED_FACE('',(#6307),#6304,.F.);
#6309=CARTESIAN_POINT('',(-5.08,-38.1,-1.869308435));
#6310=DIRECTION('',(0.,0.,-1.));
#6311=DIRECTION('',(0.,-1.,0.));
#6312=AXIS2_PLACEMENT_3D('',#6309,#6310,#6311);
#6313=CYLINDRICAL_SURFACE('',#6312,0.875);
#6314=CARTESIAN_POINT('',(-5.08,-38.975,-1.815808435));
#6315=VERTEX_POINT('',#6314);
#6316=CARTESIAN_POINT('',(-5.08,-38.1,-1.813308435));
#6317=DIRECTION('',(-0.,-0.,-1.));
#6318=DIRECTION('',(1.,0.,-0.));
#6319=AXIS2_PLACEMENT_3D('',#6316,#6317,#6318);
#6320=CIRCLE('',#6319,0.875);
#6321=EDGE_CURVE('',#6315,#6315,#6320,.T.);
#6322=ORIENTED_EDGE('',*,*,#6321,.T.);
#6323=CARTESIAN_POINT('',(-5.08,-38.975,-1.823308435));
#6324=DIRECTION('',(-0.,-0.,1.));
#6325=VECTOR('',#6324,2.01);
#6326=LINE('',#6323,#6325);
#6327=EDGE_CURVE('',#6315,#2167,#6326,.T.);
#6328=ORIENTED_EDGE('',*,*,#6327,.T.);
#6329=ORIENTED_EDGE('',*,*,#2173,.F.);
#6330=ORIENTED_EDGE('',*,*,#6327,.F.);
#6331=EDGE_LOOP('',(#6322,#6328,#6329,#6330));
#6332=FACE_BOUND('',#6331,.T.);
#6333=ADVANCED_FACE('',(#6332),#6313,.F.);
#6334=CARTESIAN_POINT('',(0.258998794,-9.645248495,-1.813308435));
#6335=DIRECTION('',(0.,0.,-1.));
#6336=DIRECTION('',(-1.,0.,0.));
#6337=AXIS2_PLACEMENT_3D('',#6334,#6335,#6336);
#6338=PLANE('',#6337);
#6339=ORIENTED_EDGE('',*,*,#6321,.F.);
#6340=EDGE_LOOP('',(#6339));
#6341=FACE_BOUND('',#6340,.T.);
#6342=ADVANCED_FACE('',(#6341),#6338,.F.);
#6343=CARTESIAN_POINT('',(-43.18,-19.05,-1.869308435));
#6344=DIRECTION('',(0.,0.,-1.));
#6345=DIRECTION('',(0.,-1.,0.));
#6346=AXIS2_PLACEMENT_3D('',#6343,#6344,#6345);
#6347=CYLINDRICAL_SURFACE('',#6346,0.875);
#6348=CARTESIAN_POINT('',(-43.18,-19.925,-1.815808435));
#6349=VERTEX_POINT('',#6348);
#6350=CARTESIAN_POINT('',(-43.18,-19.05,-1.813308435));
#6351=DIRECTION('',(-0.,-0.,-1.));
#6352=DIRECTION('',(1.,0.,-0.));
#6353=AXIS2_PLACEMENT_3D('',#6350,#6351,#6352);
#6354=CIRCLE('',#6353,0.875);
#6355=EDGE_CURVE('',#6349,#6349,#6354,.T.);
#6356=ORIENTED_EDGE('',*,*,#6355,.T.);
#6357=CARTESIAN_POINT('',(-43.18,-19.925,-1.823308435));
#6358=DIRECTION('',(-0.,-0.,1.));
#6359=VECTOR('',#6358,2.01);
#6360=LINE('',#6357,#6359);
#6361=EDGE_CURVE('',#6349,#2178,#6360,.T.);
#6362=ORIENTED_EDGE('',*,*,#6361,.T.);
#6363=ORIENTED_EDGE('',*,*,#2184,.F.);
#6364=ORIENTED_EDGE('',*,*,#6361,.F.);
#6365=EDGE_LOOP('',(#6356,#6362,#6363,#6364));
#6366=FACE_BOUND('',#6365,.T.);
#6367=ADVANCED_FACE('',(#6366),#6347,.F.);
#6368=CARTESIAN_POINT('',(0.258998794,-9.645248495,-1.813308435));
#6369=DIRECTION('',(0.,0.,-1.));
#6370=DIRECTION('',(-1.,0.,0.));
#6371=AXIS2_PLACEMENT_3D('',#6368,#6369,#6370);
#6372=PLANE('',#6371);
#6373=ORIENTED_EDGE('',*,*,#6355,.F.);
#6374=EDGE_LOOP('',(#6373));
#6375=FACE_BOUND('',#6374,.T.);
#6376=ADVANCED_FACE('',(#6375),#6372,.F.);
#6377=CARTESIAN_POINT('',(-33.02,-19.05,-1.869308435));
#6378=DIRECTION('',(0.,0.,-1.));
#6379=DIRECTION('',(0.,-1.,0.));
#6380=AXIS2_PLACEMENT_3D('',#6377,#6378,#6379);
#6381=CYLINDRICAL_SURFACE('',#6380,0.875);
#6382=CARTESIAN_POINT('',(-33.02,-19.925,-1.815808435));
#6383=VERTEX_POINT('',#6382);
#6384=CARTESIAN_POINT('',(-33.02,-19.05,-1.813308435));
#6385=DIRECTION('',(-0.,-0.,-1.));
#6386=DIRECTION('',(1.,0.,-0.));
#6387=AXIS2_PLACEMENT_3D('',#6384,#6385,#6386);
#6388=CIRCLE('',#6387,0.875);
#6389=EDGE_CURVE('',#6383,#6383,#6388,.T.);
#6390=ORIENTED_EDGE('',*,*,#6389,.T.);
#6391=CARTESIAN_POINT('',(-33.02,-19.925,-1.823308435));
#6392=DIRECTION('',(-0.,-0.,1.));
#6393=VECTOR('',#6392,2.01);
#6394=LINE('',#6391,#6393);
#6395=EDGE_CURVE('',#6383,#2189,#6394,.T.);
#6396=ORIENTED_EDGE('',*,*,#6395,.T.);
#6397=ORIENTED_EDGE('',*,*,#2195,.F.);
#6398=ORIENTED_EDGE('',*,*,#6395,.F.);
#6399=EDGE_LOOP('',(#6390,#6396,#6397,#6398));
#6400=FACE_BOUND('',#6399,.T.);
#6401=ADVANCED_FACE('',(#6400),#6381,.F.);
#6402=CARTESIAN_POINT('',(0.258998794,-9.645248495,-1.813308435));
#6403=DIRECTION('',(0.,0.,-1.));
#6404=DIRECTION('',(-1.,0.,0.));
#6405=AXIS2_PLACEMENT_3D('',#6402,#6403,#6404);
#6406=PLANE('',#6405);
#6407=ORIENTED_EDGE('',*,*,#6389,.F.);
#6408=EDGE_LOOP('',(#6407));
#6409=FACE_BOUND('',#6408,.T.);
#6410=ADVANCED_FACE('',(#6409),#6406,.F.);
#6411=CARTESIAN_POINT('',(-24.13,-19.05,-1.869308435));
#6412=DIRECTION('',(0.,0.,-1.));
#6413=DIRECTION('',(0.,-1.,0.));
#6414=AXIS2_PLACEMENT_3D('',#6411,#6412,#6413);
#6415=CYLINDRICAL_SURFACE('',#6414,0.875);
#6416=CARTESIAN_POINT('',(-24.13,-19.925,-1.815808435));
#6417=VERTEX_POINT('',#6416);
#6418=CARTESIAN_POINT('',(-24.13,-19.05,-1.813308435));
#6419=DIRECTION('',(-0.,-0.,-1.));
#6420=DIRECTION('',(1.,0.,-0.));
#6421=AXIS2_PLACEMENT_3D('',#6418,#6419,#6420);
#6422=CIRCLE('',#6421,0.875);
#6423=EDGE_CURVE('',#6417,#6417,#6422,.T.);
#6424=ORIENTED_EDGE('',*,*,#6423,.T.);
#6425=CARTESIAN_POINT('',(-24.13,-19.925,-1.823308435));
#6426=DIRECTION('',(-0.,-0.,1.));
#6427=VECTOR('',#6426,2.01);
#6428=LINE('',#6425,#6427);
#6429=EDGE_CURVE('',#6417,#2200,#6428,.T.);
#6430=ORIENTED_EDGE('',*,*,#6429,.T.);
#6431=ORIENTED_EDGE('',*,*,#2206,.F.);
#6432=ORIENTED_EDGE('',*,*,#6429,.F.);
#6433=EDGE_LOOP('',(#6424,#6430,#6431,#6432));
#6434=FACE_BOUND('',#6433,.T.);
#6435=ADVANCED_FACE('',(#6434),#6415,.F.);
#6436=CARTESIAN_POINT('',(0.258998794,-9.645248495,-1.813308435));
#6437=DIRECTION('',(0.,0.,-1.));
#6438=DIRECTION('',(-1.,0.,0.));
#6439=AXIS2_PLACEMENT_3D('',#6436,#6437,#6438);
#6440=PLANE('',#6439);
#6441=ORIENTED_EDGE('',*,*,#6423,.F.);
#6442=EDGE_LOOP('',(#6441));
#6443=FACE_BOUND('',#6442,.T.);
#6444=ADVANCED_FACE('',(#6443),#6440,.F.);
#6445=CARTESIAN_POINT('',(-13.97,-19.05,-1.869308435));
#6446=DIRECTION('',(0.,0.,-1.));
#6447=DIRECTION('',(0.,-1.,0.));
#6448=AXIS2_PLACEMENT_3D('',#6445,#6446,#6447);
#6449=CYLINDRICAL_SURFACE('',#6448,0.875);
#6450=CARTESIAN_POINT('',(-13.97,-19.925,-1.815808435));
#6451=VERTEX_POINT('',#6450);
#6452=CARTESIAN_POINT('',(-13.97,-19.05,-1.813308435));
#6453=DIRECTION('',(-0.,-0.,-1.));
#6454=DIRECTION('',(1.,0.,-0.));
#6455=AXIS2_PLACEMENT_3D('',#6452,#6453,#6454);
#6456=CIRCLE('',#6455,0.875);
#6457=EDGE_CURVE('',#6451,#6451,#6456,.T.);
#6458=ORIENTED_EDGE('',*,*,#6457,.T.);
#6459=CARTESIAN_POINT('',(-13.97,-19.925,-1.823308435));
#6460=DIRECTION('',(-0.,-0.,1.));
#6461=VECTOR('',#6460,2.01);
#6462=LINE('',#6459,#6461);
#6463=EDGE_CURVE('',#6451,#2211,#6462,.T.);
#6464=ORIENTED_EDGE('',*,*,#6463,.T.);
#6465=ORIENTED_EDGE('',*,*,#2217,.F.);
#6466=ORIENTED_EDGE('',*,*,#6463,.F.);
#6467=EDGE_LOOP('',(#6458,#6464,#6465,#6466));
#6468=FACE_BOUND('',#6467,.T.);
#6469=ADVANCED_FACE('',(#6468),#6449,.F.);
#6470=CARTESIAN_POINT('',(0.258998794,-9.645248495,-1.813308435));
#6471=DIRECTION('',(0.,0.,-1.));
#6472=DIRECTION('',(-1.,0.,0.));
#6473=AXIS2_PLACEMENT_3D('',#6470,#6471,#6472);
#6474=PLANE('',#6473);
#6475=ORIENTED_EDGE('',*,*,#6457,.F.);
#6476=EDGE_LOOP('',(#6475));
#6477=FACE_BOUND('',#6476,.T.);
#6478=ADVANCED_FACE('',(#6477),#6474,.F.);
#6479=CARTESIAN_POINT('',(-5.08,-19.05,-1.869308435));
#6480=DIRECTION('',(0.,0.,-1.));
#6481=DIRECTION('',(0.,-1.,0.));
#6482=AXIS2_PLACEMENT_3D('',#6479,#6480,#6481);
#6483=CYLINDRICAL_SURFACE('',#6482,0.875);
#6484=CARTESIAN_POINT('',(-5.08,-19.925,-1.815808435));
#6485=VERTEX_POINT('',#6484);
#6486=CARTESIAN_POINT('',(-5.08,-19.05,-1.813308435));
#6487=DIRECTION('',(-0.,-0.,-1.));
#6488=DIRECTION('',(1.,0.,-0.));
#6489=AXIS2_PLACEMENT_3D('',#6486,#6487,#6488);
#6490=CIRCLE('',#6489,0.875);
#6491=EDGE_CURVE('',#6485,#6485,#6490,.T.);
#6492=ORIENTED_EDGE('',*,*,#6491,.T.);
#6493=CARTESIAN_POINT('',(-5.08,-19.925,-1.823308435));
#6494=DIRECTION('',(-0.,-0.,1.));
#6495=VECTOR('',#6494,2.01);
#6496=LINE('',#6493,#6495);
#6497=EDGE_CURVE('',#6485,#2222,#6496,.T.);
#6498=ORIENTED_EDGE('',*,*,#6497,.T.);
#6499=ORIENTED_EDGE('',*,*,#2228,.F.);
#6500=ORIENTED_EDGE('',*,*,#6497,.F.);
#6501=EDGE_LOOP('',(#6492,#6498,#6499,#6500));
#6502=FACE_BOUND('',#6501,.T.);
#6503=ADVANCED_FACE('',(#6502),#6483,.F.);
#6504=CARTESIAN_POINT('',(0.258998794,-9.645248495,-1.813308435));
#6505=DIRECTION('',(0.,0.,-1.));
#6506=DIRECTION('',(-1.,0.,0.));
#6507=AXIS2_PLACEMENT_3D('',#6504,#6505,#6506);
#6508=PLANE('',#6507);
#6509=ORIENTED_EDGE('',*,*,#6491,.F.);
#6510=EDGE_LOOP('',(#6509));
#6511=FACE_BOUND('',#6510,.T.);
#6512=ADVANCED_FACE('',(#6511),#6508,.F.);
#6513=CARTESIAN_POINT('',(5.08,-38.1,-1.869308435));
#6514=DIRECTION('',(0.,0.,-1.));
#6515=DIRECTION('',(0.,-1.,0.));
#6516=AXIS2_PLACEMENT_3D('',#6513,#6514,#6515);
#6517=CYLINDRICAL_SURFACE('',#6516,0.875);
#6518=CARTESIAN_POINT('',(5.08,-38.975,-1.815808435));
#6519=VERTEX_POINT('',#6518);
#6520=CARTESIAN_POINT('',(5.08,-38.1,-1.813308435));
#6521=DIRECTION('',(-0.,-0.,-1.));
#6522=DIRECTION('',(1.,0.,-0.));
#6523=AXIS2_PLACEMENT_3D('',#6520,#6521,#6522);
#6524=CIRCLE('',#6523,0.875);
#6525=EDGE_CURVE('',#6519,#6519,#6524,.T.);
#6526=ORIENTED_EDGE('',*,*,#6525,.T.);
#6527=CARTESIAN_POINT('',(5.08,-38.975,-1.823308435));
#6528=DIRECTION('',(-0.,-0.,1.));
#6529=VECTOR('',#6528,2.01);
#6530=LINE('',#6527,#6529);
#6531=EDGE_CURVE('',#6519,#2233,#6530,.T.);
#6532=ORIENTED_EDGE('',*,*,#6531,.T.);
#6533=ORIENTED_EDGE('',*,*,#2239,.F.);
#6534=ORIENTED_EDGE('',*,*,#6531,.F.);
#6535=EDGE_LOOP('',(#6526,#6532,#6533,#6534));
#6536=FACE_BOUND('',#6535,.T.);
#6537=ADVANCED_FACE('',(#6536),#6517,.F.);
#6538=CARTESIAN_POINT('',(0.258998794,-9.645248495,-1.813308435));
#6539=DIRECTION('',(0.,0.,-1.));
#6540=DIRECTION('',(-1.,0.,0.));
#6541=AXIS2_PLACEMENT_3D('',#6538,#6539,#6540);
#6542=PLANE('',#6541);
#6543=ORIENTED_EDGE('',*,*,#6525,.F.);
#6544=EDGE_LOOP('',(#6543));
#6545=FACE_BOUND('',#6544,.T.);
#6546=ADVANCED_FACE('',(#6545),#6542,.F.);
#6547=CARTESIAN_POINT('',(-5.08,19.05,-1.869308435));
#6548=DIRECTION('',(0.,0.,-1.));
#6549=DIRECTION('',(0.,-1.,0.));
#6550=AXIS2_PLACEMENT_3D('',#6547,#6548,#6549);
#6551=CYLINDRICAL_SURFACE('',#6550,0.875);
#6552=CARTESIAN_POINT('',(-5.08,18.175,-1.815808435));
#6553=VERTEX_POINT('',#6552);
#6554=CARTESIAN_POINT('',(-5.08,19.05,-1.813308435));
#6555=DIRECTION('',(-0.,-0.,-1.));
#6556=DIRECTION('',(1.,0.,-0.));
#6557=AXIS2_PLACEMENT_3D('',#6554,#6555,#6556);
#6558=CIRCLE('',#6557,0.875);
#6559=EDGE_CURVE('',#6553,#6553,#6558,.T.);
#6560=ORIENTED_EDGE('',*,*,#6559,.T.);
#6561=CARTESIAN_POINT('',(-5.08,18.175,-1.823308435));
#6562=DIRECTION('',(-0.,-0.,1.));
#6563=VECTOR('',#6562,2.01);
#6564=LINE('',#6561,#6563);
#6565=EDGE_CURVE('',#6553,#2244,#6564,.T.);
#6566=ORIENTED_EDGE('',*,*,#6565,.T.);
#6567=ORIENTED_EDGE('',*,*,#2250,.F.);
#6568=ORIENTED_EDGE('',*,*,#6565,.F.);
#6569=EDGE_LOOP('',(#6560,#6566,#6567,#6568));
#6570=FACE_BOUND('',#6569,.T.);
#6571=ADVANCED_FACE('',(#6570),#6551,.F.);
#6572=CARTESIAN_POINT('',(0.258998794,-9.645248495,-1.813308435));
#6573=DIRECTION('',(0.,0.,-1.));
#6574=DIRECTION('',(-1.,0.,0.));
#6575=AXIS2_PLACEMENT_3D('',#6572,#6573,#6574);
#6576=PLANE('',#6575);
#6577=ORIENTED_EDGE('',*,*,#6559,.F.);
#6578=EDGE_LOOP('',(#6577));
#6579=FACE_BOUND('',#6578,.T.);
#6580=ADVANCED_FACE('',(#6579),#6576,.F.);
#6581=CARTESIAN_POINT('',(5.08,-0.,-1.869308435));
#6582=DIRECTION('',(0.,0.,-1.));
#6583=DIRECTION('',(0.,-1.,0.));
#6584=AXIS2_PLACEMENT_3D('',#6581,#6582,#6583);
#6585=CYLINDRICAL_SURFACE('',#6584,0.875);
#6586=CARTESIAN_POINT('',(5.08,-0.875,-1.815808435));
#6587=VERTEX_POINT('',#6586);
#6588=CARTESIAN_POINT('',(5.08,-0.,-1.813308435));
#6589=DIRECTION('',(-0.,-0.,-1.));
#6590=DIRECTION('',(1.,0.,-0.));
#6591=AXIS2_PLACEMENT_3D('',#6588,#6589,#6590);
#6592=CIRCLE('',#6591,0.875);
#6593=EDGE_CURVE('',#6587,#6587,#6592,.T.);
#6594=ORIENTED_EDGE('',*,*,#6593,.T.);
#6595=CARTESIAN_POINT('',(5.08,-0.875,-1.823308435));
#6596=DIRECTION('',(-0.,-0.,1.));
#6597=VECTOR('',#6596,2.01);
#6598=LINE('',#6595,#6597);
#6599=EDGE_CURVE('',#6587,#2255,#6598,.T.);
#6600=ORIENTED_EDGE('',*,*,#6599,.T.);
#6601=ORIENTED_EDGE('',*,*,#2261,.F.);
#6602=ORIENTED_EDGE('',*,*,#6599,.F.);
#6603=EDGE_LOOP('',(#6594,#6600,#6601,#6602));
#6604=FACE_BOUND('',#6603,.T.);
#6605=ADVANCED_FACE('',(#6604),#6585,.F.);
#6606=CARTESIAN_POINT('',(0.258998794,-9.645248495,-1.813308435));
#6607=DIRECTION('',(0.,0.,-1.));
#6608=DIRECTION('',(-1.,0.,0.));
#6609=AXIS2_PLACEMENT_3D('',#6606,#6607,#6608);
#6610=PLANE('',#6609);
#6611=ORIENTED_EDGE('',*,*,#6593,.F.);
#6612=EDGE_LOOP('',(#6611));
#6613=FACE_BOUND('',#6612,.T.);
#6614=ADVANCED_FACE('',(#6613),#6610,.F.);
#6615=CARTESIAN_POINT('',(13.97,-0.,-1.869308435));
#6616=DIRECTION('',(0.,0.,-1.));
#6617=DIRECTION('',(0.,-1.,0.));
#6618=AXIS2_PLACEMENT_3D('',#6615,#6616,#6617);
#6619=CYLINDRICAL_SURFACE('',#6618,0.875);
#6620=CARTESIAN_POINT('',(13.97,-0.875,-1.815808435));
#6621=VERTEX_POINT('',#6620);
#6622=CARTESIAN_POINT('',(13.97,-0.,-1.813308435));
#6623=DIRECTION('',(-0.,-0.,-1.));
#6624=DIRECTION('',(1.,0.,-0.));
#6625=AXIS2_PLACEMENT_3D('',#6622,#6623,#6624);
#6626=CIRCLE('',#6625,0.875);
#6627=EDGE_CURVE('',#6621,#6621,#6626,.T.);
#6628=ORIENTED_EDGE('',*,*,#6627,.T.);
#6629=CARTESIAN_POINT('',(13.97,-0.875,-1.823308435));
#6630=DIRECTION('',(-0.,-0.,1.));
#6631=VECTOR('',#6630,2.01);
#6632=LINE('',#6629,#6631);
#6633=EDGE_CURVE('',#6621,#2266,#6632,.T.);
#6634=ORIENTED_EDGE('',*,*,#6633,.T.);
#6635=ORIENTED_EDGE('',*,*,#2272,.F.);
#6636=ORIENTED_EDGE('',*,*,#6633,.F.);
#6637=EDGE_LOOP('',(#6628,#6634,#6635,#6636));
#6638=FACE_BOUND('',#6637,.T.);
#6639=ADVANCED_FACE('',(#6638),#6619,.F.);
#6640=CARTESIAN_POINT('',(0.258998794,-9.645248495,-1.813308435));
#6641=DIRECTION('',(0.,0.,-1.));
#6642=DIRECTION('',(-1.,0.,0.));
#6643=AXIS2_PLACEMENT_3D('',#6640,#6641,#6642);
#6644=PLANE('',#6643);
#6645=ORIENTED_EDGE('',*,*,#6627,.F.);
#6646=EDGE_LOOP('',(#6645));
#6647=FACE_BOUND('',#6646,.T.);
#6648=ADVANCED_FACE('',(#6647),#6644,.F.);
#6649=CARTESIAN_POINT('',(24.13,-0.,-1.869308435));
#6650=DIRECTION('',(0.,0.,-1.));
#6651=DIRECTION('',(0.,-1.,0.));
#6652=AXIS2_PLACEMENT_3D('',#6649,#6650,#6651);
#6653=CYLINDRICAL_SURFACE('',#6652,0.875);
#6654=CARTESIAN_POINT('',(24.13,-0.875,-1.815808435));
#6655=VERTEX_POINT('',#6654);
#6656=CARTESIAN_POINT('',(24.13,-0.,-1.813308435));
#6657=DIRECTION('',(-0.,-0.,-1.));
#6658=DIRECTION('',(1.,0.,-0.));
#6659=AXIS2_PLACEMENT_3D('',#6656,#6657,#6658);
#6660=CIRCLE('',#6659,0.875);
#6661=EDGE_CURVE('',#6655,#6655,#6660,.T.);
#6662=ORIENTED_EDGE('',*,*,#6661,.T.);
#6663=CARTESIAN_POINT('',(24.13,-0.875,-1.823308435));
#6664=DIRECTION('',(-0.,-0.,1.));
#6665=VECTOR('',#6664,2.01);
#6666=LINE('',#6663,#6665);
#6667=EDGE_CURVE('',#6655,#2277,#6666,.T.);
#6668=ORIENTED_EDGE('',*,*,#6667,.T.);
#6669=ORIENTED_EDGE('',*,*,#2283,.F.);
#6670=ORIENTED_EDGE('',*,*,#6667,.F.);
#6671=EDGE_LOOP('',(#6662,#6668,#6669,#6670));
#6672=FACE_BOUND('',#6671,.T.);
#6673=ADVANCED_FACE('',(#6672),#6653,.F.);
#6674=CARTESIAN_POINT('',(0.258998794,-9.645248495,-1.813308435));
#6675=DIRECTION('',(0.,0.,-1.));
#6676=DIRECTION('',(-1.,0.,0.));
#6677=AXIS2_PLACEMENT_3D('',#6674,#6675,#6676);
#6678=PLANE('',#6677);
#6679=ORIENTED_EDGE('',*,*,#6661,.F.);
#6680=EDGE_LOOP('',(#6679));
#6681=FACE_BOUND('',#6680,.T.);
#6682=ADVANCED_FACE('',(#6681),#6678,.F.);
#6683=CARTESIAN_POINT('',(33.02,-0.,-1.869308435));
#6684=DIRECTION('',(0.,0.,-1.));
#6685=DIRECTION('',(0.,-1.,0.));
#6686=AXIS2_PLACEMENT_3D('',#6683,#6684,#6685);
#6687=CYLINDRICAL_SURFACE('',#6686,0.875);
#6688=CARTESIAN_POINT('',(33.02,-0.875,-1.815808435));
#6689=VERTEX_POINT('',#6688);
#6690=CARTESIAN_POINT('',(33.02,-0.,-1.813308435));
#6691=DIRECTION('',(-0.,-0.,-1.));
#6692=DIRECTION('',(1.,0.,-0.));
#6693=AXIS2_PLACEMENT_3D('',#6690,#6691,#6692);
#6694=CIRCLE('',#6693,0.875);
#6695=EDGE_CURVE('',#6689,#6689,#6694,.T.);
#6696=ORIENTED_EDGE('',*,*,#6695,.T.);
#6697=CARTESIAN_POINT('',(33.02,-0.875,-1.823308435));
#6698=DIRECTION('',(-0.,-0.,1.));
#6699=VECTOR('',#6698,2.01);
#6700=LINE('',#6697,#6699);
#6701=EDGE_CURVE('',#6689,#2288,#6700,.T.);
#6702=ORIENTED_EDGE('',*,*,#6701,.T.);
#6703=ORIENTED_EDGE('',*,*,#2294,.F.);
#6704=ORIENTED_EDGE('',*,*,#6701,.F.);
#6705=EDGE_LOOP('',(#6696,#6702,#6703,#6704));
#6706=FACE_BOUND('',#6705,.T.);
#6707=ADVANCED_FACE('',(#6706),#6687,.F.);
#6708=CARTESIAN_POINT('',(0.258998794,-9.645248495,-1.813308435));
#6709=DIRECTION('',(0.,0.,-1.));
#6710=DIRECTION('',(-1.,0.,0.));
#6711=AXIS2_PLACEMENT_3D('',#6708,#6709,#6710);
#6712=PLANE('',#6711);
#6713=ORIENTED_EDGE('',*,*,#6695,.F.);
#6714=EDGE_LOOP('',(#6713));
#6715=FACE_BOUND('',#6714,.T.);
#6716=ADVANCED_FACE('',(#6715),#6712,.F.);
#6717=CARTESIAN_POINT('',(43.18,-0.,-1.869308435));
#6718=DIRECTION('',(0.,0.,-1.));
#6719=DIRECTION('',(0.,-1.,0.));
#6720=AXIS2_PLACEMENT_3D('',#6717,#6718,#6719);
#6721=CYLINDRICAL_SURFACE('',#6720,0.875);
#6722=CARTESIAN_POINT('',(43.18,-0.875,-1.815808435));
#6723=VERTEX_POINT('',#6722);
#6724=CARTESIAN_POINT('',(43.18,-0.,-1.813308435));
#6725=DIRECTION('',(-0.,-0.,-1.));
#6726=DIRECTION('',(1.,0.,-0.));
#6727=AXIS2_PLACEMENT_3D('',#6724,#6725,#6726);
#6728=CIRCLE('',#6727,0.875);
#6729=EDGE_CURVE('',#6723,#6723,#6728,.T.);
#6730=ORIENTED_EDGE('',*,*,#6729,.T.);
#6731=CARTESIAN_POINT('',(43.18,-0.875,-1.823308435));
#6732=DIRECTION('',(-0.,-0.,1.));
#6733=VECTOR('',#6732,2.01);
#6734=LINE('',#6731,#6733);
#6735=EDGE_CURVE('',#6723,#2299,#6734,.T.);
#6736=ORIENTED_EDGE('',*,*,#6735,.T.);
#6737=ORIENTED_EDGE('',*,*,#2305,.F.);
#6738=ORIENTED_EDGE('',*,*,#6735,.F.);
#6739=EDGE_LOOP('',(#6730,#6736,#6737,#6738));
#6740=FACE_BOUND('',#6739,.T.);
#6741=ADVANCED_FACE('',(#6740),#6721,.F.);
#6742=CARTESIAN_POINT('',(0.258998794,-9.645248495,-1.813308435));
#6743=DIRECTION('',(0.,0.,-1.));
#6744=DIRECTION('',(-1.,0.,0.));
#6745=AXIS2_PLACEMENT_3D('',#6742,#6743,#6744);
#6746=PLANE('',#6745);
#6747=ORIENTED_EDGE('',*,*,#6729,.F.);
#6748=EDGE_LOOP('',(#6747));
#6749=FACE_BOUND('',#6748,.T.);
#6750=ADVANCED_FACE('',(#6749),#6746,.F.);
#6751=CARTESIAN_POINT('',(5.08,19.05,-1.869308435));
#6752=DIRECTION('',(0.,0.,-1.));
#6753=DIRECTION('',(0.,-1.,0.));
#6754=AXIS2_PLACEMENT_3D('',#6751,#6752,#6753);
#6755=CYLINDRICAL_SURFACE('',#6754,0.875);
#6756=CARTESIAN_POINT('',(5.08,18.175,-1.815808435));
#6757=VERTEX_POINT('',#6756);
#6758=CARTESIAN_POINT('',(5.08,19.05,-1.813308435));
#6759=DIRECTION('',(-0.,-0.,-1.));
#6760=DIRECTION('',(1.,0.,-0.));
#6761=AXIS2_PLACEMENT_3D('',#6758,#6759,#6760);
#6762=CIRCLE('',#6761,0.875);
#6763=EDGE_CURVE('',#6757,#6757,#6762,.T.);
#6764=ORIENTED_EDGE('',*,*,#6763,.T.);
#6765=CARTESIAN_POINT('',(5.08,18.175,-1.823308435));
#6766=DIRECTION('',(-0.,-0.,1.));
#6767=VECTOR('',#6766,2.01);
#6768=LINE('',#6765,#6767);
#6769=EDGE_CURVE('',#6757,#2310,#6768,.T.);
#6770=ORIENTED_EDGE('',*,*,#6769,.T.);
#6771=ORIENTED_EDGE('',*,*,#2316,.F.);
#6772=ORIENTED_EDGE('',*,*,#6769,.F.);
#6773=EDGE_LOOP('',(#6764,#6770,#6771,#6772));
#6774=FACE_BOUND('',#6773,.T.);
#6775=ADVANCED_FACE('',(#6774),#6755,.F.);
#6776=CARTESIAN_POINT('',(0.258998794,-9.645248495,-1.813308435));
#6777=DIRECTION('',(0.,0.,-1.));
#6778=DIRECTION('',(-1.,0.,0.));
#6779=AXIS2_PLACEMENT_3D('',#6776,#6777,#6778);
#6780=PLANE('',#6779);
#6781=ORIENTED_EDGE('',*,*,#6763,.F.);
#6782=EDGE_LOOP('',(#6781));
#6783=FACE_BOUND('',#6782,.T.);
#6784=ADVANCED_FACE('',(#6783),#6780,.F.);
#6785=CARTESIAN_POINT('',(13.97,19.05,-1.869308435));
#6786=DIRECTION('',(0.,0.,-1.));
#6787=DIRECTION('',(0.,-1.,0.));
#6788=AXIS2_PLACEMENT_3D('',#6785,#6786,#6787);
#6789=CYLINDRICAL_SURFACE('',#6788,0.875);
#6790=CARTESIAN_POINT('',(13.97,18.175,-1.815808435));
#6791=VERTEX_POINT('',#6790);
#6792=CARTESIAN_POINT('',(13.97,19.05,-1.813308435));
#6793=DIRECTION('',(-0.,-0.,-1.));
#6794=DIRECTION('',(1.,0.,-0.));
#6795=AXIS2_PLACEMENT_3D('',#6792,#6793,#6794);
#6796=CIRCLE('',#6795,0.875);
#6797=EDGE_CURVE('',#6791,#6791,#6796,.T.);
#6798=ORIENTED_EDGE('',*,*,#6797,.T.);
#6799=CARTESIAN_POINT('',(13.97,18.175,-1.823308435));
#6800=DIRECTION('',(-0.,-0.,1.));
#6801=VECTOR('',#6800,2.01);
#6802=LINE('',#6799,#6801);
#6803=EDGE_CURVE('',#6791,#2321,#6802,.T.);
#6804=ORIENTED_EDGE('',*,*,#6803,.T.);
#6805=ORIENTED_EDGE('',*,*,#2327,.F.);
#6806=ORIENTED_EDGE('',*,*,#6803,.F.);
#6807=EDGE_LOOP('',(#6798,#6804,#6805,#6806));
#6808=FACE_BOUND('',#6807,.T.);
#6809=ADVANCED_FACE('',(#6808),#6789,.F.);
#6810=CARTESIAN_POINT('',(0.258998794,-9.645248495,-1.813308435));
#6811=DIRECTION('',(0.,0.,-1.));
#6812=DIRECTION('',(-1.,0.,0.));
#6813=AXIS2_PLACEMENT_3D('',#6810,#6811,#6812);
#6814=PLANE('',#6813);
#6815=ORIENTED_EDGE('',*,*,#6797,.F.);
#6816=EDGE_LOOP('',(#6815));
#6817=FACE_BOUND('',#6816,.T.);
#6818=ADVANCED_FACE('',(#6817),#6814,.F.);
#6819=CARTESIAN_POINT('',(-13.97,19.05,-1.869308435));
#6820=DIRECTION('',(0.,0.,-1.));
#6821=DIRECTION('',(0.,-1.,0.));
#6822=AXIS2_PLACEMENT_3D('',#6819,#6820,#6821);
#6823=CYLINDRICAL_SURFACE('',#6822,0.875);
#6824=CARTESIAN_POINT('',(-13.97,18.175,-1.815808435));
#6825=VERTEX_POINT('',#6824);
#6826=CARTESIAN_POINT('',(-13.97,19.05,-1.813308435));
#6827=DIRECTION('',(-0.,-0.,-1.));
#6828=DIRECTION('',(1.,0.,-0.));
#6829=AXIS2_PLACEMENT_3D('',#6826,#6827,#6828);
#6830=CIRCLE('',#6829,0.875);
#6831=EDGE_CURVE('',#6825,#6825,#6830,.T.);
#6832=ORIENTED_EDGE('',*,*,#6831,.T.);
#6833=CARTESIAN_POINT('',(-13.97,18.175,-1.823308435));
#6834=DIRECTION('',(-0.,-0.,1.));
#6835=VECTOR('',#6834,2.01);
#6836=LINE('',#6833,#6835);
#6837=EDGE_CURVE('',#6825,#2332,#6836,.T.);
#6838=ORIENTED_EDGE('',*,*,#6837,.T.);
#6839=ORIENTED_EDGE('',*,*,#2338,.F.);
#6840=ORIENTED_EDGE('',*,*,#6837,.F.);
#6841=EDGE_LOOP('',(#6832,#6838,#6839,#6840));
#6842=FACE_BOUND('',#6841,.T.);
#6843=ADVANCED_FACE('',(#6842),#6823,.F.);
#6844=CARTESIAN_POINT('',(0.258998794,-9.645248495,-1.813308435));
#6845=DIRECTION('',(0.,0.,-1.));
#6846=DIRECTION('',(-1.,0.,0.));
#6847=AXIS2_PLACEMENT_3D('',#6844,#6845,#6846);
#6848=PLANE('',#6847);
#6849=ORIENTED_EDGE('',*,*,#6831,.F.);
#6850=EDGE_LOOP('',(#6849));
#6851=FACE_BOUND('',#6850,.T.);
#6852=ADVANCED_FACE('',(#6851),#6848,.F.);
#6853=CARTESIAN_POINT('',(-24.13,19.05,-1.869308435));
#6854=DIRECTION('',(0.,0.,-1.));
#6855=DIRECTION('',(0.,-1.,0.));
#6856=AXIS2_PLACEMENT_3D('',#6853,#6854,#6855);
#6857=CYLINDRICAL_SURFACE('',#6856,0.875);
#6858=CARTESIAN_POINT('',(-24.13,18.175,-1.815808435));
#6859=VERTEX_POINT('',#6858);
#6860=CARTESIAN_POINT('',(-24.13,19.05,-1.813308435));
#6861=DIRECTION('',(-0.,-0.,-1.));
#6862=DIRECTION('',(1.,0.,-0.));
#6863=AXIS2_PLACEMENT_3D('',#6860,#6861,#6862);
#6864=CIRCLE('',#6863,0.875);
#6865=EDGE_CURVE('',#6859,#6859,#6864,.T.);
#6866=ORIENTED_EDGE('',*,*,#6865,.T.);
#6867=CARTESIAN_POINT('',(-24.13,18.175,-1.823308435));
#6868=DIRECTION('',(-0.,-0.,1.));
#6869=VECTOR('',#6868,2.01);
#6870=LINE('',#6867,#6869);
#6871=EDGE_CURVE('',#6859,#2343,#6870,.T.);
#6872=ORIENTED_EDGE('',*,*,#6871,.T.);
#6873=ORIENTED_EDGE('',*,*,#2349,.F.);
#6874=ORIENTED_EDGE('',*,*,#6871,.F.);
#6875=EDGE_LOOP('',(#6866,#6872,#6873,#6874));
#6876=FACE_BOUND('',#6875,.T.);
#6877=ADVANCED_FACE('',(#6876),#6857,.F.);
#6878=CARTESIAN_POINT('',(0.258998794,-9.645248495,-1.813308435));
#6879=DIRECTION('',(0.,0.,-1.));
#6880=DIRECTION('',(-1.,0.,0.));
#6881=AXIS2_PLACEMENT_3D('',#6878,#6879,#6880);
#6882=PLANE('',#6881);
#6883=ORIENTED_EDGE('',*,*,#6865,.F.);
#6884=EDGE_LOOP('',(#6883));
#6885=FACE_BOUND('',#6884,.T.);
#6886=ADVANCED_FACE('',(#6885),#6882,.F.);
#6887=CARTESIAN_POINT('',(-33.02,19.05,-1.869308435));
#6888=DIRECTION('',(0.,0.,-1.));
#6889=DIRECTION('',(0.,-1.,0.));
#6890=AXIS2_PLACEMENT_3D('',#6887,#6888,#6889);
#6891=CYLINDRICAL_SURFACE('',#6890,0.875);
#6892=CARTESIAN_POINT('',(-33.02,18.175,-1.815808435));
#6893=VERTEX_POINT('',#6892);
#6894=CARTESIAN_POINT('',(-33.02,19.05,-1.813308435));
#6895=DIRECTION('',(-0.,-0.,-1.));
#6896=DIRECTION('',(1.,0.,-0.));
#6897=AXIS2_PLACEMENT_3D('',#6894,#6895,#6896);
#6898=CIRCLE('',#6897,0.875);
#6899=EDGE_CURVE('',#6893,#6893,#6898,.T.);
#6900=ORIENTED_EDGE('',*,*,#6899,.T.);
#6901=CARTESIAN_POINT('',(-33.02,18.175,-1.823308435));
#6902=DIRECTION('',(-0.,-0.,1.));
#6903=VECTOR('',#6902,2.01);
#6904=LINE('',#6901,#6903);
#6905=EDGE_CURVE('',#6893,#2354,#6904,.T.);
#6906=ORIENTED_EDGE('',*,*,#6905,.T.);
#6907=ORIENTED_EDGE('',*,*,#2360,.F.);
#6908=ORIENTED_EDGE('',*,*,#6905,.F.);
#6909=EDGE_LOOP('',(#6900,#6906,#6907,#6908));
#6910=FACE_BOUND('',#6909,.T.);
#6911=ADVANCED_FACE('',(#6910),#6891,.F.);
#6912=CARTESIAN_POINT('',(0.258998794,-9.645248495,-1.813308435));
#6913=DIRECTION('',(0.,0.,-1.));
#6914=DIRECTION('',(-1.,0.,0.));
#6915=AXIS2_PLACEMENT_3D('',#6912,#6913,#6914);
#6916=PLANE('',#6915);
#6917=ORIENTED_EDGE('',*,*,#6899,.F.);
#6918=EDGE_LOOP('',(#6917));
#6919=FACE_BOUND('',#6918,.T.);
#6920=ADVANCED_FACE('',(#6919),#6916,.F.);
#6921=CARTESIAN_POINT('',(-43.18,19.05,-1.869308435));
#6922=DIRECTION('',(0.,0.,-1.));
#6923=DIRECTION('',(0.,-1.,0.));
#6924=AXIS2_PLACEMENT_3D('',#6921,#6922,#6923);
#6925=CYLINDRICAL_SURFACE('',#6924,0.875);
#6926=CARTESIAN_POINT('',(-43.18,18.175,-1.815808435));
#6927=VERTEX_POINT('',#6926);
#6928=CARTESIAN_POINT('',(-43.18,19.05,-1.813308435));
#6929=DIRECTION('',(-0.,-0.,-1.));
#6930=DIRECTION('',(1.,0.,-0.));
#6931=AXIS2_PLACEMENT_3D('',#6928,#6929,#6930);
#6932=CIRCLE('',#6931,0.875);
#6933=EDGE_CURVE('',#6927,#6927,#6932,.T.);
#6934=ORIENTED_EDGE('',*,*,#6933,.T.);
#6935=CARTESIAN_POINT('',(-43.18,18.175,-1.823308435));
#6936=DIRECTION('',(-0.,-0.,1.));
#6937=VECTOR('',#6936,2.01);
#6938=LINE('',#6935,#6937);
#6939=EDGE_CURVE('',#6927,#2365,#6938,.T.);
#6940=ORIENTED_EDGE('',*,*,#6939,.T.);
#6941=ORIENTED_EDGE('',*,*,#2371,.F.);
#6942=ORIENTED_EDGE('',*,*,#6939,.F.);
#6943=EDGE_LOOP('',(#6934,#6940,#6941,#6942));
#6944=FACE_BOUND('',#6943,.T.);
#6945=ADVANCED_FACE('',(#6944),#6925,.F.);
#6946=CARTESIAN_POINT('',(0.258998794,-9.645248495,-1.813308435));
#6947=DIRECTION('',(0.,0.,-1.));
#6948=DIRECTION('',(-1.,0.,0.));
#6949=AXIS2_PLACEMENT_3D('',#6946,#6947,#6948);
#6950=PLANE('',#6949);
#6951=ORIENTED_EDGE('',*,*,#6933,.F.);
#6952=EDGE_LOOP('',(#6951));
#6953=FACE_BOUND('',#6952,.T.);
#6954=ADVANCED_FACE('',(#6953),#6950,.F.);
#6955=CARTESIAN_POINT('',(-5.08,-0.,-1.869308435));
#6956=DIRECTION('',(0.,0.,-1.));
#6957=DIRECTION('',(0.,-1.,0.));
#6958=AXIS2_PLACEMENT_3D('',#6955,#6956,#6957);
#6959=CYLINDRICAL_SURFACE('',#6958,0.875);
#6960=CARTESIAN_POINT('',(-5.08,-0.875,-1.815808435));
#6961=VERTEX_POINT('',#6960);
#6962=CARTESIAN_POINT('',(-5.08,-0.,-1.813308435));
#6963=DIRECTION('',(-0.,-0.,-1.));
#6964=DIRECTION('',(1.,0.,-0.));
#6965=AXIS2_PLACEMENT_3D('',#6962,#6963,#6964);
#6966=CIRCLE('',#6965,0.875);
#6967=EDGE_CURVE('',#6961,#6961,#6966,.T.);
#6968=ORIENTED_EDGE('',*,*,#6967,.T.);
#6969=CARTESIAN_POINT('',(-5.08,-0.875,-1.823308435));
#6970=DIRECTION('',(-0.,-0.,1.));
#6971=VECTOR('',#6970,2.01);
#6972=LINE('',#6969,#6971);
#6973=EDGE_CURVE('',#6961,#2376,#6972,.T.);
#6974=ORIENTED_EDGE('',*,*,#6973,.T.);
#6975=ORIENTED_EDGE('',*,*,#2382,.F.);
#6976=ORIENTED_EDGE('',*,*,#6973,.F.);
#6977=EDGE_LOOP('',(#6968,#6974,#6975,#6976));
#6978=FACE_BOUND('',#6977,.T.);
#6979=ADVANCED_FACE('',(#6978),#6959,.F.);
#6980=CARTESIAN_POINT('',(0.258998794,-9.645248495,-1.813308435));
#6981=DIRECTION('',(0.,0.,-1.));
#6982=DIRECTION('',(-1.,0.,0.));
#6983=AXIS2_PLACEMENT_3D('',#6980,#6981,#6982);
#6984=PLANE('',#6983);
#6985=ORIENTED_EDGE('',*,*,#6967,.F.);
#6986=EDGE_LOOP('',(#6985));
#6987=FACE_BOUND('',#6986,.T.);
#6988=ADVANCED_FACE('',(#6987),#6984,.F.);
#6989=CARTESIAN_POINT('',(-13.97,-0.,-1.869308435));
#6990=DIRECTION('',(0.,0.,-1.));
#6991=DIRECTION('',(0.,-1.,0.));
#6992=AXIS2_PLACEMENT_3D('',#6989,#6990,#6991);
#6993=CYLINDRICAL_SURFACE('',#6992,0.875);
#6994=CARTESIAN_POINT('',(-13.97,-0.875,-1.815808435));
#6995=VERTEX_POINT('',#6994);
#6996=CARTESIAN_POINT('',(-13.97,-0.,-1.813308435));
#6997=DIRECTION('',(-0.,-0.,-1.));
#6998=DIRECTION('',(1.,0.,-0.));
#6999=AXIS2_PLACEMENT_3D('',#6996,#6997,#6998);
#7000=CIRCLE('',#6999,0.875);
#7001=EDGE_CURVE('',#6995,#6995,#7000,.T.);
#7002=ORIENTED_EDGE('',*,*,#7001,.T.);
#7003=CARTESIAN_POINT('',(-13.97,-0.875,-1.823308435));
#7004=DIRECTION('',(-0.,-0.,1.));
#7005=VECTOR('',#7004,2.01);
#7006=LINE('',#7003,#7005);
#7007=EDGE_CURVE('',#6995,#2387,#7006,.T.);
#7008=ORIENTED_EDGE('',*,*,#7007,.T.);
#7009=ORIENTED_EDGE('',*,*,#2393,.F.);
#7010=ORIENTED_EDGE('',*,*,#7007,.F.);
#7011=EDGE_LOOP('',(#7002,#7008,#7009,#7010));
#7012=FACE_BOUND('',#7011,.T.);
#7013=ADVANCED_FACE('',(#7012),#6993,.F.);
#7014=CARTESIAN_POINT('',(0.258998794,-9.645248495,-1.813308435));
#7015=DIRECTION('',(0.,0.,-1.));
#7016=DIRECTION('',(-1.,0.,0.));
#7017=AXIS2_PLACEMENT_3D('',#7014,#7015,#7016);
#7018=PLANE('',#7017);
#7019=ORIENTED_EDGE('',*,*,#7001,.F.);
#7020=EDGE_LOOP('',(#7019));
#7021=FACE_BOUND('',#7020,.T.);
#7022=ADVANCED_FACE('',(#7021),#7018,.F.);
#7023=CARTESIAN_POINT('',(-24.13,-0.,-1.869308435));
#7024=DIRECTION('',(0.,0.,-1.));
#7025=DIRECTION('',(0.,-1.,0.));
#7026=AXIS2_PLACEMENT_3D('',#7023,#7024,#7025);
#7027=CYLINDRICAL_SURFACE('',#7026,0.875);
#7028=CARTESIAN_POINT('',(-24.13,-0.875,-1.815808435));
#7029=VERTEX_POINT('',#7028);
#7030=CARTESIAN_POINT('',(-24.13,-0.,-1.813308435));
#7031=DIRECTION('',(-0.,-0.,-1.));
#7032=DIRECTION('',(1.,0.,-0.));
#7033=AXIS2_PLACEMENT_3D('',#7030,#7031,#7032);
#7034=CIRCLE('',#7033,0.875);
#7035=EDGE_CURVE('',#7029,#7029,#7034,.T.);
#7036=ORIENTED_EDGE('',*,*,#7035,.T.);
#7037=CARTESIAN_POINT('',(-24.13,-0.875,-1.823308435));
#7038=DIRECTION('',(-0.,-0.,1.));
#7039=VECTOR('',#7038,2.01);
#7040=LINE('',#7037,#7039);
#7041=EDGE_CURVE('',#7029,#2398,#7040,.T.);
#7042=ORIENTED_EDGE('',*,*,#7041,.T.);
#7043=ORIENTED_EDGE('',*,*,#2404,.F.);
#7044=ORIENTED_EDGE('',*,*,#7041,.F.);
#7045=EDGE_LOOP('',(#7036,#7042,#7043,#7044));
#7046=FACE_BOUND('',#7045,.T.);
#7047=ADVANCED_FACE('',(#7046),#7027,.F.);
#7048=CARTESIAN_POINT('',(0.258998794,-9.645248495,-1.813308435));
#7049=DIRECTION('',(0.,0.,-1.));
#7050=DIRECTION('',(-1.,0.,0.));
#7051=AXIS2_PLACEMENT_3D('',#7048,#7049,#7050);
#7052=PLANE('',#7051);
#7053=ORIENTED_EDGE('',*,*,#7035,.F.);
#7054=EDGE_LOOP('',(#7053));
#7055=FACE_BOUND('',#7054,.T.);
#7056=ADVANCED_FACE('',(#7055),#7052,.F.);
#7057=CARTESIAN_POINT('',(-33.02,-0.,-1.869308435));
#7058=DIRECTION('',(0.,0.,-1.));
#7059=DIRECTION('',(0.,-1.,0.));
#7060=AXIS2_PLACEMENT_3D('',#7057,#7058,#7059);
#7061=CYLINDRICAL_SURFACE('',#7060,0.875);
#7062=CARTESIAN_POINT('',(-33.02,-0.875,-1.815808435));
#7063=VERTEX_POINT('',#7062);
#7064=CARTESIAN_POINT('',(-33.02,-0.,-1.813308435));
#7065=DIRECTION('',(-0.,-0.,-1.));
#7066=DIRECTION('',(1.,0.,-0.));
#7067=AXIS2_PLACEMENT_3D('',#7064,#7065,#7066);
#7068=CIRCLE('',#7067,0.875);
#7069=EDGE_CURVE('',#7063,#7063,#7068,.T.);
#7070=ORIENTED_EDGE('',*,*,#7069,.T.);
#7071=CARTESIAN_POINT('',(-33.02,-0.875,-1.823308435));
#7072=DIRECTION('',(-0.,-0.,1.));
#7073=VECTOR('',#7072,2.01);
#7074=LINE('',#7071,#7073);
#7075=EDGE_CURVE('',#7063,#2409,#7074,.T.);
#7076=ORIENTED_EDGE('',*,*,#7075,.T.);
#7077=ORIENTED_EDGE('',*,*,#2415,.F.);
#7078=ORIENTED_EDGE('',*,*,#7075,.F.);
#7079=EDGE_LOOP('',(#7070,#7076,#7077,#7078));
#7080=FACE_BOUND('',#7079,.T.);
#7081=ADVANCED_FACE('',(#7080),#7061,.F.);
#7082=CARTESIAN_POINT('',(0.258998794,-9.645248495,-1.813308435));
#7083=DIRECTION('',(0.,0.,-1.));
#7084=DIRECTION('',(-1.,0.,0.));
#7085=AXIS2_PLACEMENT_3D('',#7082,#7083,#7084);
#7086=PLANE('',#7085);
#7087=ORIENTED_EDGE('',*,*,#7069,.F.);
#7088=EDGE_LOOP('',(#7087));
#7089=FACE_BOUND('',#7088,.T.);
#7090=ADVANCED_FACE('',(#7089),#7086,.F.);
#7091=CARTESIAN_POINT('',(45.625,27.625,1.686691565));
#7092=DIRECTION('',(0.,0.,-1.));
#7093=DIRECTION('',(-1.,0.,0.));
#7094=AXIS2_PLACEMENT_3D('',#7091,#7092,#7093);
#7095=CYLINDRICAL_SURFACE('',#7094,2.75);
#7096=ORIENTED_EDGE('',*,*,#3000,.F.);
#7097=ORIENTED_EDGE('',*,*,#3031,.F.);
#7098=ORIENTED_EDGE('',*,*,#1271,.F.);
#7099=ORIENTED_EDGE('',*,*,#2800,.F.);
#7100=EDGE_LOOP('',(#7096,#7097,#7098,#7099));
#7101=FACE_BOUND('',#7100,.T.);
#7102=ADVANCED_FACE('',(#7101),#7095,.F.);
#7103=CARTESIAN_POINT('',(-45.625,27.625,-1.323308435));
#7104=DIRECTION('',(0.,0.,-1.));
#7105=DIRECTION('',(-1.,0.,0.));
#7106=AXIS2_PLACEMENT_3D('',#7103,#7104,#7105);
#7107=CYLINDRICAL_SURFACE('',#7106,2.75);
#7108=ORIENTED_EDGE('',*,*,#3016,.F.);
#7109=ORIENTED_EDGE('',*,*,#2943,.F.);
#7110=ORIENTED_EDGE('',*,*,#1222,.F.);
#7111=ORIENTED_EDGE('',*,*,#3038,.F.);
#7112=EDGE_LOOP('',(#7108,#7109,#7110,#7111));
#7113=FACE_BOUND('',#7112,.T.);
#7114=ADVANCED_FACE('',(#7113),#7107,.F.);
#7115=CARTESIAN_POINT('',(-23.4,58.324281805,2.761691565));
#7116=DIRECTION('',(-1.,-0.,0.));
#7117=DIRECTION('',(0.,-1.,0.));
#7118=AXIS2_PLACEMENT_3D('',#7115,#7116,#7117);
#7119=PLANE('',#7118);
#7120=ORIENTED_EDGE('',*,*,#811,.F.);
#7121=CARTESIAN_POINT('',(-23.4,49.624281805,1.136691565));
#7122=DIRECTION('',(-0.,-0.,1.));
#7123=VECTOR('',#7122,3.75);
#7124=LINE('',#7121,#7123);
#7125=EDGE_CURVE('',#799,#223,#7124,.T.);
#7126=ORIENTED_EDGE('',*,*,#7125,.T.);
#7127=ORIENTED_EDGE('',*,*,#228,.T.);
#7128=ORIENTED_EDGE('',*,*,#658,.F.);
#7129=EDGE_LOOP('',(#7120,#7126,#7127,#7128));
#7130=FACE_BOUND('',#7129,.T.);
#7131=ADVANCED_FACE('',(#7130),#7119,.F.);
#7132=CARTESIAN_POINT('',(-18.55,50.124281805,2.761691565));
#7133=DIRECTION('',(-0.,1.,0.));
#7134=DIRECTION('',(0.,0.,-1.));
#7135=AXIS2_PLACEMENT_3D('',#7132,#7133,#7134);
#7136=PLANE('',#7135);
#7137=ORIENTED_EDGE('',*,*,#245,.T.);
#7138=CARTESIAN_POINT('',(-23.9,50.124281805,4.886691565));
#7139=DIRECTION('',(0.,0.,-1.));
#7140=VECTOR('',#7139,3.75);
#7141=LINE('',#7138,#7140);
#7142=EDGE_CURVE('',#231,#791,#7141,.T.);
#7143=ORIENTED_EDGE('',*,*,#7142,.T.);
#7144=ORIENTED_EDGE('',*,*,#796,.F.);
#7145=CARTESIAN_POINT('',(-27.9,50.124281805,1.136691565));
#7146=DIRECTION('',(-0.,-0.,1.));
#7147=VECTOR('',#7146,3.75);
#7148=LINE('',#7145,#7147);
#7149=EDGE_CURVE('',#782,#240,#7148,.T.);
#7150=ORIENTED_EDGE('',*,*,#7149,.T.);
#7151=EDGE_LOOP('',(#7137,#7143,#7144,#7150));
#7152=FACE_BOUND('',#7151,.T.);
#7153=ADVANCED_FACE('',(#7152),#7136,.T.);
#7154=CARTESIAN_POINT('',(-18.55,52.524281805,2.761691565));
#7155=DIRECTION('',(-0.,1.,0.));
#7156=DIRECTION('',(0.,0.,-1.));
#7157=AXIS2_PLACEMENT_3D('',#7154,#7155,#7156);
#7158=PLANE('',#7157);
#7159=ORIENTED_EDGE('',*,*,#762,.T.);
#7160=CARTESIAN_POINT('',(-22.9,52.524281805,1.136691565));
#7161=DIRECTION('',(-0.,-0.,1.));
#7162=VECTOR('',#7161,3.75);
#7163=LINE('',#7160,#7162);
#7164=EDGE_CURVE('',#757,#274,#7163,.T.);
#7165=ORIENTED_EDGE('',*,*,#7164,.T.);
#7166=ORIENTED_EDGE('',*,*,#279,.F.);
#7167=CARTESIAN_POINT('',(-27.9,52.524281805,4.886691565));
#7168=DIRECTION('',(0.,0.,-1.));
#7169=VECTOR('',#7168,3.75);
#7170=LINE('',#7167,#7169);
#7171=EDGE_CURVE('',#265,#755,#7170,.T.);
#7172=ORIENTED_EDGE('',*,*,#7171,.T.);
#7173=EDGE_LOOP('',(#7159,#7165,#7166,#7172));
#7174=FACE_BOUND('',#7173,.T.);
#7175=ADVANCED_FACE('',(#7174),#7158,.F.);
#7176=CARTESIAN_POINT('',(-28.4,52.324281805,2.761691565));
#7177=DIRECTION('',(-1.,0.,0.));
#7178=DIRECTION('',(0.,0.,1.));
#7179=AXIS2_PLACEMENT_3D('',#7176,#7177,#7178);
#7180=PLANE('',#7179);
#7181=ORIENTED_EDGE('',*,*,#779,.F.);
#7182=CARTESIAN_POINT('',(-28.4,52.024281805,1.136691565));
#7183=DIRECTION('',(-0.,-0.,1.));
#7184=VECTOR('',#7183,3.75);
#7185=LINE('',#7182,#7184);
#7186=EDGE_CURVE('',#765,#257,#7185,.T.);
#7187=ORIENTED_EDGE('',*,*,#7186,.T.);
#7188=ORIENTED_EDGE('',*,*,#262,.T.);
#7189=CARTESIAN_POINT('',(-28.4,50.624281805,4.886691565));
#7190=DIRECTION('',(0.,0.,-1.));
#7191=VECTOR('',#7190,3.75);
#7192=LINE('',#7189,#7191);
#7193=EDGE_CURVE('',#248,#774,#7192,.T.);
#7194=ORIENTED_EDGE('',*,*,#7193,.T.);
#7195=EDGE_LOOP('',(#7181,#7187,#7188,#7194));
#7196=FACE_BOUND('',#7195,.T.);
#7197=ADVANCED_FACE('',(#7196),#7180,.F.);
#7198=CARTESIAN_POINT('',(-22.4,57.324281805,2.761691565));
#7199=DIRECTION('',(-1.,-0.,0.));
#7200=DIRECTION('',(0.,-1.,0.));
#7201=AXIS2_PLACEMENT_3D('',#7198,#7199,#7200);
#7202=PLANE('',#7201);
#7203=ORIENTED_EDGE('',*,*,#294,.T.);
#7204=CARTESIAN_POINT('',(-22.4,53.024281805,4.886691565));
#7205=DIRECTION('',(0.,0.,-1.));
#7206=VECTOR('',#7205,3.75);
#7207=LINE('',#7204,#7206);
#7208=EDGE_CURVE('',#282,#881,#7207,.T.);
#7209=ORIENTED_EDGE('',*,*,#7208,.T.);
#7210=ORIENTED_EDGE('',*,*,#886,.F.);
#7211=ORIENTED_EDGE('',*,*,#2743,.T.);
#7212=EDGE_LOOP('',(#7203,#7209,#7210,#7211));
#7213=FACE_BOUND('',#7212,.T.);
#7214=ADVANCED_FACE('',(#7213),#7202,.F.);
#7215=CARTESIAN_POINT('',(-15.7,57.324281805,2.761691565));
#7216=DIRECTION('',(1.,0.,0.));
#7217=DIRECTION('',(-0.,1.,0.));
#7218=AXIS2_PLACEMENT_3D('',#7215,#7216,#7217);
#7219=PLANE('',#7218);
#7220=ORIENTED_EDGE('',*,*,#870,.T.);
#7221=CARTESIAN_POINT('',(-15.7,53.024281805,1.136691565));
#7222=DIRECTION('',(0.,0.,1.));
#7223=VECTOR('',#7222,3.75);
#7224=LINE('',#7221,#7223);
#7225=EDGE_CURVE('',#856,#360,#7224,.T.);
#7226=ORIENTED_EDGE('',*,*,#7225,.T.);
#7227=ORIENTED_EDGE('',*,*,#365,.F.);
#7228=ORIENTED_EDGE('',*,*,#2750,.T.);
#7229=EDGE_LOOP('',(#7220,#7226,#7227,#7228));
#7230=FACE_BOUND('',#7229,.T.);
#7231=ADVANCED_FACE('',(#7230),#7219,.F.);
#7232=CARTESIAN_POINT('',(-14.7,58.324281805,2.761691565));
#7233=DIRECTION('',(1.,0.,0.));
#7234=DIRECTION('',(-0.,1.,0.));
#7235=AXIS2_PLACEMENT_3D('',#7232,#7233,#7234);
#7236=PLANE('',#7235);
#7237=ORIENTED_EDGE('',*,*,#433,.F.);
#7238=CARTESIAN_POINT('',(-14.7,49.624281805,4.886691565));
#7239=DIRECTION('',(-0.,-0.,-1.));
#7240=VECTOR('',#7239,3.75);
#7241=LINE('',#7238,#7240);
#7242=EDGE_CURVE('',#419,#815,#7241,.T.);
#7243=ORIENTED_EDGE('',*,*,#7242,.T.);
#7244=ORIENTED_EDGE('',*,*,#820,.T.);
#7245=ORIENTED_EDGE('',*,*,#644,.F.);
#7246=EDGE_LOOP('',(#7237,#7243,#7244,#7245));
#7247=FACE_BOUND('',#7246,.T.);
#7248=ADVANCED_FACE('',(#7247),#7236,.F.);
#7249=CARTESIAN_POINT('',(-9.7,52.324281805,2.761691565));
#7250=DIRECTION('',(1.,0.,0.));
#7251=DIRECTION('',(0.,0.,-1.));
#7252=AXIS2_PLACEMENT_3D('',#7249,#7250,#7251);
#7253=PLANE('',#7252);
#7254=ORIENTED_EDGE('',*,*,#399,.F.);
#7255=CARTESIAN_POINT('',(-9.7,52.024281805,4.886691565));
#7256=DIRECTION('',(-0.,-0.,-1.));
#7257=VECTOR('',#7256,3.75);
#7258=LINE('',#7255,#7257);
#7259=EDGE_CURVE('',#385,#840,#7258,.T.);
#7260=ORIENTED_EDGE('',*,*,#7259,.T.);
#7261=ORIENTED_EDGE('',*,*,#845,.T.);
#7262=CARTESIAN_POINT('',(-9.7,50.624281805,1.136691565));
#7263=DIRECTION('',(0.,0.,1.));
#7264=VECTOR('',#7263,3.75);
#7265=LINE('',#7262,#7264);
#7266=EDGE_CURVE('',#831,#394,#7265,.T.);
#7267=ORIENTED_EDGE('',*,*,#7266,.T.);
#7268=EDGE_LOOP('',(#7254,#7260,#7261,#7267));
#7269=FACE_BOUND('',#7268,.T.);
#7270=ADVANCED_FACE('',(#7269),#7253,.F.);
#7271=CARTESIAN_POINT('',(-23.9,49.624281805,2.761691565));
#7272=DIRECTION('',(0.,0.,1.));
#7273=DIRECTION('',(1.,0.,-0.));
#7274=AXIS2_PLACEMENT_3D('',#7271,#7272,#7273);
#7275=CYLINDRICAL_SURFACE('',#7274,0.5);
#7276=ORIENTED_EDGE('',*,*,#237,.F.);
#7277=ORIENTED_EDGE('',*,*,#7125,.F.);
#7278=ORIENTED_EDGE('',*,*,#805,.F.);
#7279=ORIENTED_EDGE('',*,*,#7142,.F.);
#7280=EDGE_LOOP('',(#7276,#7277,#7278,#7279));
#7281=FACE_BOUND('',#7280,.T.);
#7282=ADVANCED_FACE('',(#7281),#7275,.T.);
#7283=CARTESIAN_POINT('',(-15.2,53.024281805,2.761691565));
#7284=DIRECTION('',(0.,0.,1.));
#7285=DIRECTION('',(1.,0.,-0.));
#7286=AXIS2_PLACEMENT_3D('',#7283,#7284,#7285);
#7287=CYLINDRICAL_SURFACE('',#7286,0.5);
#7288=ORIENTED_EDGE('',*,*,#862,.F.);
#7289=ORIENTED_EDGE('',*,*,#699,.F.);
#7290=ORIENTED_EDGE('',*,*,#374,.F.);
#7291=ORIENTED_EDGE('',*,*,#7225,.F.);
#7292=EDGE_LOOP('',(#7288,#7289,#7290,#7291));
#7293=FACE_BOUND('',#7292,.T.);
#7294=ADVANCED_FACE('',(#7293),#7287,.T.);
#7295=CARTESIAN_POINT('',(-22.9,53.024281805,2.761691565));
#7296=DIRECTION('',(0.,0.,-1.));
#7297=DIRECTION('',(-1.,0.,0.));
#7298=AXIS2_PLACEMENT_3D('',#7295,#7296,#7297);
#7299=CYLINDRICAL_SURFACE('',#7298,0.5);
#7300=ORIENTED_EDGE('',*,*,#288,.F.);
#7301=ORIENTED_EDGE('',*,*,#7164,.F.);
#7302=ORIENTED_EDGE('',*,*,#893,.F.);
#7303=ORIENTED_EDGE('',*,*,#7208,.F.);
#7304=EDGE_LOOP('',(#7300,#7301,#7302,#7303));
#7305=FACE_BOUND('',#7304,.T.);
#7306=ADVANCED_FACE('',(#7305),#7299,.T.);
#7307=CARTESIAN_POINT('',(-27.9,52.024281805,2.761691565));
#7308=DIRECTION('',(0.,0.,1.));
#7309=DIRECTION('',(1.,0.,-0.));
#7310=AXIS2_PLACEMENT_3D('',#7307,#7308,#7309);
#7311=CYLINDRICAL_SURFACE('',#7310,0.5);
#7312=ORIENTED_EDGE('',*,*,#271,.F.);
#7313=ORIENTED_EDGE('',*,*,#7186,.F.);
#7314=ORIENTED_EDGE('',*,*,#771,.F.);
#7315=ORIENTED_EDGE('',*,*,#7171,.F.);
#7316=EDGE_LOOP('',(#7312,#7313,#7314,#7315));
#7317=FACE_BOUND('',#7316,.T.);
#7318=ADVANCED_FACE('',(#7317),#7311,.F.);
#7319=CARTESIAN_POINT('',(-10.2,52.024281805,2.761691565));
#7320=DIRECTION('',(0.,0.,-1.));
#7321=DIRECTION('',(-1.,0.,0.));
#7322=AXIS2_PLACEMENT_3D('',#7319,#7320,#7321);
#7323=CYLINDRICAL_SURFACE('',#7322,0.5);
#7324=ORIENTED_EDGE('',*,*,#852,.F.);
#7325=ORIENTED_EDGE('',*,*,#7259,.F.);
#7326=ORIENTED_EDGE('',*,*,#391,.F.);
#7327=ORIENTED_EDGE('',*,*,#713,.F.);
#7328=EDGE_LOOP('',(#7324,#7325,#7326,#7327));
#7329=FACE_BOUND('',#7328,.T.);
#7330=ADVANCED_FACE('',(#7329),#7323,.F.);
#7331=CARTESIAN_POINT('',(-10.2,50.624281805,2.761691565));
#7332=DIRECTION('',(0.,0.,1.));
#7333=DIRECTION('',(1.,0.,-0.));
#7334=AXIS2_PLACEMENT_3D('',#7331,#7332,#7333);
#7335=CYLINDRICAL_SURFACE('',#7334,0.5);
#7336=ORIENTED_EDGE('',*,*,#837,.F.);
#7337=ORIENTED_EDGE('',*,*,#730,.F.);
#7338=ORIENTED_EDGE('',*,*,#408,.F.);
#7339=ORIENTED_EDGE('',*,*,#7266,.F.);
#7340=EDGE_LOOP('',(#7336,#7337,#7338,#7339));
#7341=FACE_BOUND('',#7340,.T.);
#7342=ADVANCED_FACE('',(#7341),#7335,.F.);
#7343=CARTESIAN_POINT('',(-14.2,49.624281805,2.761691565));
#7344=DIRECTION('',(0.,0.,-1.));
#7345=DIRECTION('',(-1.,0.,0.));
#7346=AXIS2_PLACEMENT_3D('',#7343,#7344,#7345);
#7347=CYLINDRICAL_SURFACE('',#7346,0.5);
#7348=ORIENTED_EDGE('',*,*,#827,.F.);
#7349=ORIENTED_EDGE('',*,*,#7242,.F.);
#7350=ORIENTED_EDGE('',*,*,#425,.F.);
#7351=ORIENTED_EDGE('',*,*,#744,.F.);
#7352=EDGE_LOOP('',(#7348,#7349,#7350,#7351));
#7353=FACE_BOUND('',#7352,.T.);
#7354=ADVANCED_FACE('',(#7353),#7347,.T.);
#7355=CARTESIAN_POINT('',(-27.9,50.624281805,2.761691565));
#7356=DIRECTION('',(0.,0.,-1.));
#7357=DIRECTION('',(-1.,0.,0.));
#7358=AXIS2_PLACEMENT_3D('',#7355,#7356,#7357);
#7359=CYLINDRICAL_SURFACE('',#7358,0.5);
#7360=ORIENTED_EDGE('',*,*,#254,.F.);
#7361=ORIENTED_EDGE('',*,*,#7149,.F.);
#7362=ORIENTED_EDGE('',*,*,#788,.F.);
#7363=ORIENTED_EDGE('',*,*,#7193,.F.);
#7364=EDGE_LOOP('',(#7360,#7361,#7362,#7363));
#7365=FACE_BOUND('',#7364,.T.);
#7366=ADVANCED_FACE('',(#7365),#7359,.F.);
#7367=CARTESIAN_POINT('',(-49.69298115,42.191686342,4.88701134));
#7368=CARTESIAN_POINT('',(-49.526314483,42.191686342,4.88701134));
#7369=CARTESIAN_POINT('',(-49.359647817,42.191686342,4.88701134));
#7370=CARTESIAN_POINT('',(-49.19298115,42.191686342,4.88701134));
#7371=CARTESIAN_POINT('',(-48.920320767,42.191686342,4.88701134));
#7372=CARTESIAN_POINT('',(-48.647660383,42.191686342,4.88701134));
#7373=CARTESIAN_POINT('',(-48.375,42.191686342,4.88701134));
#7374=CARTESIAN_POINT('',(-49.69298115,42.116486448,4.843425232));
#7375=CARTESIAN_POINT('',(-49.526314483,42.116486448,4.843425232));
#7376=CARTESIAN_POINT('',(-49.359647817,42.116486448,4.843425232));
#7377=CARTESIAN_POINT('',(-49.19298115,42.116486448,4.843425232));
#7378=CARTESIAN_POINT('',(-48.920320767,42.116486448,4.843425232));
#7379=CARTESIAN_POINT('',(-48.647660383,42.116486448,4.843425232));
#7380=CARTESIAN_POINT('',(-48.375,42.116486448,4.843425232));
#7381=CARTESIAN_POINT('',(-49.69298115,42.038801775,4.805763));
#7382=CARTESIAN_POINT('',(-49.526314483,42.038801775,4.805763));
#7383=CARTESIAN_POINT('',(-49.359647817,42.038801775,4.805763));
#7384=CARTESIAN_POINT('',(-49.19298115,42.038801775,4.805763));
#7385=CARTESIAN_POINT('',(-48.920320767,42.038801775,4.805763));
#7386=CARTESIAN_POINT('',(-48.647660383,42.038801775,4.805763));
#7387=CARTESIAN_POINT('',(-48.375,42.038801775,4.805763));
#7388=CARTESIAN_POINT('',(-49.69298115,41.95998975,4.774562038));
#7389=CARTESIAN_POINT('',(-49.526314483,41.95998975,4.774562038));
#7390=CARTESIAN_POINT('',(-49.359647817,41.95998975,4.774562038));
#7391=CARTESIAN_POINT('',(-49.19298115,41.95998975,4.774562038));
#7392=CARTESIAN_POINT('',(-48.920320767,41.95998975,4.774562038));
#7393=CARTESIAN_POINT('',(-48.647660383,41.95998975,4.774562038));
#7394=CARTESIAN_POINT('',(-48.375,41.95998975,4.774562038));
#7395=CARTESIAN_POINT('',(-49.69298115,41.744570087,4.689279358));
#7396=CARTESIAN_POINT('',(-49.526314483,41.744570087,4.689279358));
#7397=CARTESIAN_POINT('',(-49.359647817,41.744570087,4.689279358));
#7398=CARTESIAN_POINT('',(-49.19298115,41.744570087,4.689279358));
#7399=CARTESIAN_POINT('',(-48.920320767,41.744570087,4.689279358));
#7400=CARTESIAN_POINT('',(-48.647660383,41.744570087,4.689279358));
#7401=CARTESIAN_POINT('',(-48.375,41.744570087,4.689279358));
#7402=CARTESIAN_POINT('',(-49.69298115,41.522063486,4.651691565));
#7403=CARTESIAN_POINT('',(-49.526314483,41.522063486,4.651691565));
#7404=CARTESIAN_POINT('',(-49.359647817,41.522063486,4.651691565));
#7405=CARTESIAN_POINT('',(-49.19298115,41.522063486,4.651691565));
#7406=CARTESIAN_POINT('',(-48.920320767,41.522063486,4.651691565));
#7407=CARTESIAN_POINT('',(-48.647660383,41.522063486,4.651691565));
#7408=CARTESIAN_POINT('',(-48.375,41.522063486,4.651691565));
#7409=CARTESIAN_POINT('',(-49.69298115,41.315824008,4.651691565));
#7410=CARTESIAN_POINT('',(-49.526314483,41.315824008,4.651691565));
#7411=CARTESIAN_POINT('',(-49.359647817,41.315824008,4.651691565));
#7412=CARTESIAN_POINT('',(-49.19298115,41.315824008,4.651691565));
#7413=CARTESIAN_POINT('',(-48.920320767,41.315824008,4.651691565));
#7414=CARTESIAN_POINT('',(-48.647660383,41.315824008,4.651691565));
#7415=CARTESIAN_POINT('',(-48.375,41.315824008,4.651691565));
#7416=B_SPLINE_SURFACE_WITH_KNOTS('',3,3,((#7367,#7368,#7369,#7370,#7371,#7372,#7373),(#7374,#7375,#7376,#7377,#7378,#7379,#7380),(#7381,#7382,#7383,#7384,#7385,#7386,#7387),(#7388,#7389,#7390,#7391,#7392,#7393,#7394),(#7395,#7396,#7397,#7398,#7399,#7400,#7401),(#7402,#7403,#7404,#7405,#7406,#7407,#7408),(#7409,#7410,#7411,#7412,#7413,#7414,#7415)),.UNSPECIFIED.,.F.,.F.,.U.,(4,3,4),(4,3,4),(59.268297605,67.5,90.),(0.920293181,1.,1.130397351),.UNSPECIFIED.);
#7417=ORIENTED_EDGE('',*,*,#195,.F.);
#7418=CARTESIAN_POINT('',(-49.69298115,41.315824008,4.651691565));
#7419=VERTEX_POINT('',#7418);
#7420=CARTESIAN_POINT('',(-49.69298115,42.191686342,4.88701134));
#7421=CARTESIAN_POINT('',(-49.69298115,41.910939948,4.724289798));
#7422=CARTESIAN_POINT('',(-49.69298115,41.597516909,4.651691565));
#7423=CARTESIAN_POINT('',(-49.69298115,41.315824008,4.651691565));
#7424=B_SPLINE_CURVE_WITH_KNOTS('',3,(#7420,#7421,#7422,#7423),.UNSPECIFIED.,.F.,.F.,(4,4),(0.,1.),.UNSPECIFIED.);
#7425=EDGE_CURVE('',#182,#7419,#7424,.T.);
#7426=ORIENTED_EDGE('',*,*,#7425,.T.);
#7427=CARTESIAN_POINT('',(-49.69298115,41.315824008,4.651691565));
#7428=DIRECTION('',(1.,-0.,0.));
#7429=VECTOR('',#7428,1.31798115);
#7430=LINE('',#7427,#7429);
#7431=EDGE_CURVE('',#7419,#2902,#7430,.T.);
#7432=ORIENTED_EDGE('',*,*,#7431,.T.);
#7433=ORIENTED_EDGE('',*,*,#2911,.F.);
#7434=EDGE_LOOP('',(#7417,#7426,#7432,#7433));
#7435=FACE_BOUND('',#7434,.T.);
#7436=ADVANCED_FACE('',(#7435),#7416,.T.);
#7437=CARTESIAN_POINT('',(-55.465970165,38.095824008,4.651691565));
#7438=DIRECTION('',(0.,-0.,-1.));
#7439=DIRECTION('',(-1.,0.,-0.));
#7440=AXIS2_PLACEMENT_3D('',#7437,#7438,#7439);
#7441=PLANE('',#7440);
#7442=ORIENTED_EDGE('',*,*,#7431,.F.);
#7443=CARTESIAN_POINT('',(-49.69298115,34.875824008,4.651691565));
#7444=VERTEX_POINT('',#7443);
#7445=CARTESIAN_POINT('',(-49.69298115,41.315824008,4.651691565));
#7446=DIRECTION('',(0.,-1.,0.));
#7447=VECTOR('',#7446,6.44);
#7448=LINE('',#7445,#7447);
#7449=EDGE_CURVE('',#7419,#7444,#7448,.T.);
#7450=ORIENTED_EDGE('',*,*,#7449,.T.);
#7451=CARTESIAN_POINT('',(-49.69298115,34.875824008,4.651691565));
#7452=DIRECTION('',(1.,-0.,0.));
#7453=VECTOR('',#7452,1.31798115);
#7454=LINE('',#7451,#7453);
#7455=EDGE_CURVE('',#7444,#2914,#7454,.T.);
#7456=ORIENTED_EDGE('',*,*,#7455,.T.);
#7457=ORIENTED_EDGE('',*,*,#2919,.T.);
#7458=EDGE_LOOP('',(#7442,#7450,#7456,#7457));
#7459=FACE_BOUND('',#7458,.T.);
#7460=ADVANCED_FACE('',(#7459),#7441,.F.);
#7461=CARTESIAN_POINT('',(-49.69298115,34.875824008,4.651691565));
#7462=CARTESIAN_POINT('',(-49.526314483,34.875824008,4.651691565));
#7463=CARTESIAN_POINT('',(-49.359647817,34.875824008,4.651691565));
#7464=CARTESIAN_POINT('',(-49.19298115,34.875824008,4.651691565));
#7465=CARTESIAN_POINT('',(-48.920320767,34.875824008,4.651691565));
#7466=CARTESIAN_POINT('',(-48.647660383,34.875824008,4.651691565));
#7467=CARTESIAN_POINT('',(-48.375,34.875824008,4.651691565));
#7468=CARTESIAN_POINT('',(-49.69298115,34.66958453,4.651691565));
#7469=CARTESIAN_POINT('',(-49.526314483,34.66958453,4.651691565));
#7470=CARTESIAN_POINT('',(-49.359647817,34.66958453,4.651691565));
#7471=CARTESIAN_POINT('',(-49.19298115,34.66958453,4.651691565));
#7472=CARTESIAN_POINT('',(-48.920320767,34.66958453,4.651691565));
#7473=CARTESIAN_POINT('',(-48.647660383,34.66958453,4.651691565));
#7474=CARTESIAN_POINT('',(-48.375,34.66958453,4.651691565));
#7475=CARTESIAN_POINT('',(-49.69298115,34.44707793,4.689279358));
#7476=CARTESIAN_POINT('',(-49.526314483,34.44707793,4.689279358));
#7477=CARTESIAN_POINT('',(-49.359647817,34.44707793,4.689279358));
#7478=CARTESIAN_POINT('',(-49.19298115,34.44707793,4.689279358));
#7479=CARTESIAN_POINT('',(-48.920320767,34.44707793,4.689279358));
#7480=CARTESIAN_POINT('',(-48.647660383,34.44707793,4.689279358));
#7481=CARTESIAN_POINT('',(-48.375,34.44707793,4.689279358));
#7482=CARTESIAN_POINT('',(-49.69298115,34.231658267,4.774562038));
#7483=CARTESIAN_POINT('',(-49.526314483,34.231658267,4.774562038));
#7484=CARTESIAN_POINT('',(-49.359647817,34.231658267,4.774562038));
#7485=CARTESIAN_POINT('',(-49.19298115,34.231658267,4.774562038));
#7486=CARTESIAN_POINT('',(-48.920320767,34.231658267,4.774562038));
#7487=CARTESIAN_POINT('',(-48.647660383,34.231658267,4.774562038));
#7488=CARTESIAN_POINT('',(-48.375,34.231658267,4.774562038));
#7489=CARTESIAN_POINT('',(-49.69298115,34.152846242,4.805763));
#7490=CARTESIAN_POINT('',(-49.526314483,34.152846242,4.805763));
#7491=CARTESIAN_POINT('',(-49.359647817,34.152846242,4.805763));
#7492=CARTESIAN_POINT('',(-49.19298115,34.152846242,4.805763));
#7493=CARTESIAN_POINT('',(-48.920320767,34.152846242,4.805763));
#7494=CARTESIAN_POINT('',(-48.647660383,34.152846242,4.805763));
#7495=CARTESIAN_POINT('',(-48.375,34.152846242,4.805763));
#7496=CARTESIAN_POINT('',(-49.69298115,34.075161569,4.843425232));
#7497=CARTESIAN_POINT('',(-49.526314483,34.075161569,4.843425232));
#7498=CARTESIAN_POINT('',(-49.359647817,34.075161569,4.843425232));
#7499=CARTESIAN_POINT('',(-49.19298115,34.075161569,4.843425232));
#7500=CARTESIAN_POINT('',(-48.920320767,34.075161569,4.843425232));
#7501=CARTESIAN_POINT('',(-48.647660383,34.075161569,4.843425232));
#7502=CARTESIAN_POINT('',(-48.375,34.075161569,4.843425232));
#7503=CARTESIAN_POINT('',(-49.69298115,33.999961674,4.88701134));
#7504=CARTESIAN_POINT('',(-49.526314483,33.999961674,4.88701134));
#7505=CARTESIAN_POINT('',(-49.359647817,33.999961674,4.88701134));
#7506=CARTESIAN_POINT('',(-49.19298115,33.999961674,4.88701134));
#7507=CARTESIAN_POINT('',(-48.920320767,33.999961674,4.88701134));
#7508=CARTESIAN_POINT('',(-48.647660383,33.999961674,4.88701134));
#7509=CARTESIAN_POINT('',(-48.375,33.999961674,4.88701134));
#7510=B_SPLINE_SURFACE_WITH_KNOTS('',3,3,((#7461,#7462,#7463,#7464,#7465,#7466,#7467),(#7468,#7469,#7470,#7471,#7472,#7473,#7474),(#7475,#7476,#7477,#7478,#7479,#7480,#7481),(#7482,#7483,#7484,#7485,#7486,#7487,#7488),(#7489,#7490,#7491,#7492,#7493,#7494,#7495),(#7496,#7497,#7498,#7499,#7500,#7501,#7502),(#7503,#7504,#7505,#7506,#7507,#7508,#7509)),.UNSPECIFIED.,.F.,.F.,.U.,(4,3,4),(4,3,4),(0.,22.5,30.731702395),(0.920293181,1.,1.130397351),.UNSPECIFIED.);
#7511=ORIENTED_EDGE('',*,*,#7455,.F.);
#7512=CARTESIAN_POINT('',(-49.69298115,34.875824008,4.651691565));
#7513=CARTESIAN_POINT('',(-49.69298115,34.594131108,4.651691565));
#7514=CARTESIAN_POINT('',(-49.69298115,34.280708069,4.724289798));
#7515=CARTESIAN_POINT('',(-49.69298115,33.999961674,4.88701134));
#7516=B_SPLINE_CURVE_WITH_KNOTS('',3,(#7512,#7513,#7514,#7515),.UNSPECIFIED.,.F.,.F.,(4,4),(0.,1.),.UNSPECIFIED.);
#7517=EDGE_CURVE('',#7444,#495,#7516,.T.);
#7518=ORIENTED_EDGE('',*,*,#7517,.T.);
#7519=ORIENTED_EDGE('',*,*,#500,.F.);
#7520=ORIENTED_EDGE('',*,*,#2932,.F.);
#7521=EDGE_LOOP('',(#7511,#7518,#7519,#7520));
#7522=FACE_BOUND('',#7521,.T.);
#7523=ADVANCED_FACE('',(#7522),#7510,.T.);
#7524=CARTESIAN_POINT('',(-50.19298115,38.095824008,6.756691565));
#7525=DIRECTION('',(1.,0.,0.));
#7526=DIRECTION('',(-0.,0.,1.));
#7527=AXIS2_PLACEMENT_3D('',#7524,#7525,#7526);
#7528=PLANE('',#7527);
#7529=ORIENTED_EDGE('',*,*,#514,.T.);
#7530=CARTESIAN_POINT('',(-50.19298115,34.875824008,4.151691565));
#7531=VERTEX_POINT('',#7530);
#7532=CARTESIAN_POINT('',(-50.19298115,33.212022399,4.88643013));
#7533=CARTESIAN_POINT('',(-50.19298115,33.526620807,4.538950522));
#7534=CARTESIAN_POINT('',(-50.19298115,33.966526515,4.344146503));
#7535=CARTESIAN_POINT('',(-50.19298115,34.407358616,4.148932248));
#7536=CARTESIAN_POINT('',(-50.19298115,34.875824008,4.151691565));
#7537=B_SPLINE_CURVE_WITH_KNOTS('',2,(#7532,#7533,#7534,#7535,#7536),.UNSPECIFIED.,.F.,.F.,(3,2,3),(0.,0.5,1.),.UNSPECIFIED.);
#7538=EDGE_CURVE('',#503,#7531,#7537,.T.);
#7539=ORIENTED_EDGE('',*,*,#7538,.T.);
#7540=CARTESIAN_POINT('',(-50.19298115,41.315824008,4.151691565));
#7541=VERTEX_POINT('',#7540);
#7542=CARTESIAN_POINT('',(-50.19298115,34.875824008,4.151691565));
#7543=DIRECTION('',(-0.,1.,-0.));
#7544=VECTOR('',#7543,6.44);
#7545=LINE('',#7542,#7544);
#7546=EDGE_CURVE('',#7531,#7541,#7545,.T.);
#7547=ORIENTED_EDGE('',*,*,#7546,.T.);
#7548=CARTESIAN_POINT('',(-50.19298115,41.315824008,4.151691565));
#7549=CARTESIAN_POINT('',(-50.19298115,41.783683947,4.148935814));
#7550=CARTESIAN_POINT('',(-50.19298115,42.225121502,4.344146503));
#7551=CARTESIAN_POINT('',(-50.19298115,42.664618427,4.538499015));
#7552=CARTESIAN_POINT('',(-50.19298115,42.979625618,4.88643013));
#7553=B_SPLINE_CURVE_WITH_KNOTS('',2,(#7548,#7549,#7550,#7551,#7552),.UNSPECIFIED.,.F.,.F.,(3,2,3),(0.,0.5,1.),.UNSPECIFIED.);
#7554=EDGE_CURVE('',#7541,#174,#7553,.T.);
#7555=ORIENTED_EDGE('',*,*,#7554,.T.);
#7556=ORIENTED_EDGE('',*,*,#179,.T.);
#7557=ORIENTED_EDGE('',*,*,#64,.T.);
#7558=ORIENTED_EDGE('',*,*,#94,.F.);
#7559=ORIENTED_EDGE('',*,*,#128,.T.);
#7560=EDGE_LOOP('',(#7529,#7539,#7547,#7555,#7556,#7557,#7558,#7559));
#7561=FACE_BOUND('',#7560,.T.);
#7562=ADVANCED_FACE('',(#7561),#7528,.F.);
#7563=CARTESIAN_POINT('',(-55.395,43.815824008,4.901691565));
#7564=DIRECTION('',(-1.,-0.,-0.));
#7565=DIRECTION('',(0.,-1.,0.));
#7566=AXIS2_PLACEMENT_3D('',#7563,#7564,#7565);
#7567=CONICAL_SURFACE('',#7566,3.75,45.);
#7568=ORIENTED_EDGE('',*,*,#170,.T.);
#7569=ORIENTED_EDGE('',*,*,#627,.T.);
#7570=CARTESIAN_POINT('',(-54.395,43.815824008,2.151691565));
#7571=DIRECTION('',(0.707106781,0.,0.707106781));
#7572=VECTOR('',#7571,1.414213562);
#7573=LINE('',#7570,#7572);
#7574=EDGE_CURVE('',#615,#43,#7573,.T.);
#7575=ORIENTED_EDGE('',*,*,#7574,.T.);
#7576=ORIENTED_EDGE('',*,*,#49,.F.);
#7577=EDGE_LOOP('',(#7568,#7569,#7575,#7576));
#7578=FACE_BOUND('',#7577,.T.);
#7579=ADVANCED_FACE('',(#7578),#7567,.F.);
#7580=CARTESIAN_POINT('',(-53.395,38.095824008,3.151691565));
#7581=DIRECTION('',(-0.707106781,0.,0.707106781));
#7582=DIRECTION('',(-0.,1.,-0.));
#7583=AXIS2_PLACEMENT_3D('',#7580,#7581,#7582);
#7584=PLANE('',#7583);
#7585=ORIENTED_EDGE('',*,*,#620,.T.);
#7586=CARTESIAN_POINT('',(-54.395,32.375824008,2.151691565));
#7587=DIRECTION('',(0.707106781,0.,0.707106781));
#7588=VECTOR('',#7587,1.414213562);
#7589=LINE('',#7586,#7588);
#7590=EDGE_CURVE('',#606,#75,#7589,.T.);
#7591=ORIENTED_EDGE('',*,*,#7590,.T.);
#7592=ORIENTED_EDGE('',*,*,#80,.T.);
#7593=ORIENTED_EDGE('',*,*,#7574,.F.);
#7594=EDGE_LOOP('',(#7585,#7591,#7592,#7593));
#7595=FACE_BOUND('',#7594,.T.);
#7596=ADVANCED_FACE('',(#7595),#7584,.T.);
#7597=CARTESIAN_POINT('',(-55.395,32.375824008,4.901691565));
#7598=DIRECTION('',(-1.,-0.,-0.));
#7599=DIRECTION('',(0.,-1.,0.));
#7600=AXIS2_PLACEMENT_3D('',#7597,#7598,#7599);
#7601=CONICAL_SURFACE('',#7600,3.75,45.);
#7602=ORIENTED_EDGE('',*,*,#524,.T.);
#7603=ORIENTED_EDGE('',*,*,#113,.F.);
#7604=ORIENTED_EDGE('',*,*,#7590,.F.);
#7605=ORIENTED_EDGE('',*,*,#612,.T.);
#7606=EDGE_LOOP('',(#7602,#7603,#7604,#7605));
#7607=FACE_BOUND('',#7606,.T.);
#7608=ADVANCED_FACE('',(#7607),#7601,.F.);
#7609=CARTESIAN_POINT('',(-49.69298115,42.610022498,5.223299128));
#7610=CARTESIAN_POINT('',(-49.69298115,42.284158667,4.863291754));
#7611=CARTESIAN_POINT('',(-49.69298115,41.802277418,4.648826296));
#7612=CARTESIAN_POINT('',(-49.69298115,41.315824008,4.651691565));
#7613=CARTESIAN_POINT('',(-50.19298115,42.979793495,4.886615575));
#7614=CARTESIAN_POINT('',(-50.19298115,42.560825712,4.423748951));
#7615=CARTESIAN_POINT('',(-50.19298115,41.941264107,4.148007648));
#7616=CARTESIAN_POINT('',(-50.19298115,41.315824008,4.151691565));
#7617=B_SPLINE_SURFACE_WITH_KNOTS('',1,3,((#7609,#7610,#7611,#7612),(#7613,#7614,#7615,#7616)),.UNSPECIFIED.,.F.,.F.,.U.,(2,2),(4,4),(0.,1.),(0.000092445,0.001956373),.UNSPECIFIED.);
#7618=ORIENTED_EDGE('',*,*,#187,.F.);
#7619=ORIENTED_EDGE('',*,*,#7554,.F.);
#7620=CARTESIAN_POINT('',(-49.69298115,41.315824008,4.651691565));
#7621=DIRECTION('',(-0.707106781,-0.,-0.707106781));
#7622=VECTOR('',#7621,0.707106781);
#7623=LINE('',#7620,#7622);
#7624=EDGE_CURVE('',#7419,#7541,#7623,.T.);
#7625=ORIENTED_EDGE('',*,*,#7624,.F.);
#7626=ORIENTED_EDGE('',*,*,#7425,.F.);
#7627=EDGE_LOOP('',(#7618,#7619,#7625,#7626));
#7628=FACE_BOUND('',#7627,.T.);
#7629=ADVANCED_FACE('',(#7628),#7617,.T.);
#7630=CARTESIAN_POINT('',(-50.19298115,38.095824008,4.151691565));
#7631=DIRECTION('',(0.707106781,-0.,-0.707106781));
#7632=DIRECTION('',(-0.,1.,-0.));
#7633=AXIS2_PLACEMENT_3D('',#7630,#7631,#7632);
#7634=PLANE('',#7633);
#7635=ORIENTED_EDGE('',*,*,#7624,.T.);
#7636=ORIENTED_EDGE('',*,*,#7546,.F.);
#7637=CARTESIAN_POINT('',(-49.69298115,34.875824008,4.651691565));
#7638=DIRECTION('',(-0.707106781,-0.,-0.707106781));
#7639=VECTOR('',#7638,0.707106781);
#7640=LINE('',#7637,#7639);
#7641=EDGE_CURVE('',#7444,#7531,#7640,.T.);
#7642=ORIENTED_EDGE('',*,*,#7641,.F.);
#7643=ORIENTED_EDGE('',*,*,#7449,.F.);
#7644=EDGE_LOOP('',(#7635,#7636,#7642,#7643));
#7645=FACE_BOUND('',#7644,.T.);
#7646=ADVANCED_FACE('',(#7645),#7634,.F.);
#7647=CARTESIAN_POINT('',(-49.69298115,34.875824008,4.651691565));
#7648=CARTESIAN_POINT('',(-49.69298115,34.389370685,4.648826297));
#7649=CARTESIAN_POINT('',(-49.69298115,33.907489521,4.863291678));
#7650=CARTESIAN_POINT('',(-49.69298115,33.581625693,5.223298936));
#7651=CARTESIAN_POINT('',(-50.19298115,34.875824008,4.151691565));
#7652=CARTESIAN_POINT('',(-50.19298115,34.250384021,4.148007649));
#7653=CARTESIAN_POINT('',(-50.19298115,33.630822525,4.423748853));
#7654=CARTESIAN_POINT('',(-50.19298115,33.211854745,4.886615328));
#7655=B_SPLINE_SURFACE_WITH_KNOTS('',1,3,((#7647,#7648,#7649,#7650),(#7651,#7652,#7653,#7654)),.UNSPECIFIED.,.F.,.F.,.U.,(2,2),(4,4),(0.,1.),(0.,0.001863927),.UNSPECIFIED.);
#7656=ORIENTED_EDGE('',*,*,#7641,.T.);
#7657=ORIENTED_EDGE('',*,*,#7538,.F.);
#7658=ORIENTED_EDGE('',*,*,#508,.F.);
#7659=ORIENTED_EDGE('',*,*,#7517,.F.);
#7660=EDGE_LOOP('',(#7656,#7657,#7658,#7659));
#7661=FACE_BOUND('',#7660,.T.);
#7662=ADVANCED_FACE('',(#7661),#7655,.T.);
#7663=CARTESIAN_POINT('',(41.826326971,-41.907957737,-2.041398255));
#7664=DIRECTION('',(0.,0.087155743,0.996194698));
#7665=DIRECTION('',(0.,-0.996194698,0.087155743));
#7666=AXIS2_PLACEMENT_3D('',#7663,#7664,#7665);
#7667=PLANE('',#7666);
#7668=CARTESIAN_POINT('',(41.826326971,-47.387028577,-1.56204167));
#7669=VERTEX_POINT('',#7668);
#7670=CARTESIAN_POINT('',(38.131253089,-37.849588547,-2.396459552));
#7671=VERTEX_POINT('',#7670);
#7672=CARTESIAN_POINT('',(41.826326971,-41.907957737,-2.041398255));
#7673=DIRECTION('',(-0.,-0.087155743,-0.996194698));
#7674=DIRECTION('',(0.,-0.996194698,0.087155743));
#7675=AXIS2_PLACEMENT_3D('',#7672,#7673,#7674);
#7676=CIRCLE('',#7675,5.5);
#7677=EDGE_CURVE('',#7669,#7671,#7676,.T.);
#7678=ORIENTED_EDGE('',*,*,#7677,.T.);
#7679=CARTESIAN_POINT('',(41.826326971,-41.907957737,-2.041398255));
#7680=DIRECTION('',(-0.,-0.087155743,-0.996194698));
#7681=DIRECTION('',(0.,-0.996194698,0.087155743));
#7682=AXIS2_PLACEMENT_3D('',#7679,#7680,#7681);
#7683=CIRCLE('',#7682,5.5);
#7684=EDGE_CURVE('',#7671,#7669,#7683,.T.);
#7685=ORIENTED_EDGE('',*,*,#7684,.T.);
#7686=EDGE_LOOP('',(#7678,#7685));
#7687=FACE_BOUND('',#7686,.T.);
#7688=ADVANCED_FACE('',(#7687),#7667,.F.);
#7689=CARTESIAN_POINT('',(41.826326971,-41.864379866,-1.543300906));
#7690=DIRECTION('',(-0.,0.087155743,0.996194698));
#7691=DIRECTION('',(-0.671831615,0.737885307,-0.064556599));
#7692=AXIS2_PLACEMENT_3D('',#7689,#7690,#7691);
#7693=CYLINDRICAL_SURFACE('',#7692,5.5);
#7694=CARTESIAN_POINT('',(38.131253089,-37.893166418,-2.894556901));
#7695=VERTEX_POINT('',#7694);
#7696=CARTESIAN_POINT('',(38.131253089,-37.849588547,-2.396459552));
#7697=DIRECTION('',(0.,-0.087155743,-0.996194698));
#7698=VECTOR('',#7697,0.5);
#7699=LINE('',#7696,#7698);
#7700=EDGE_CURVE('',#7671,#7695,#7699,.T.);
#7701=ORIENTED_EDGE('',*,*,#7700,.F.);
#7702=ORIENTED_EDGE('',*,*,#7677,.F.);
#7703=ORIENTED_EDGE('',*,*,#7684,.F.);
#7704=ORIENTED_EDGE('',*,*,#7700,.T.);
#7705=CARTESIAN_POINT('',(41.826326971,-36.472464769,-3.018852189));
#7706=VERTEX_POINT('',#7705);
#7707=CARTESIAN_POINT('',(41.826326971,-41.951535609,-2.539495604));
#7708=DIRECTION('',(-0.,-0.087155743,-0.996194698));
#7709=DIRECTION('',(0.,-0.996194698,0.087155743));
#7710=AXIS2_PLACEMENT_3D('',#7707,#7708,#7709);
#7711=CIRCLE('',#7710,5.5);
#7712=EDGE_CURVE('',#7695,#7706,#7711,.T.);
#7713=ORIENTED_EDGE('',*,*,#7712,.T.);
#7714=CARTESIAN_POINT('',(41.826326971,-47.430606448,-2.060139019));
#7715=VERTEX_POINT('',#7714);
#7716=CARTESIAN_POINT('',(41.826326971,-41.951535609,-2.539495604));
#7717=DIRECTION('',(-0.,-0.087155743,-0.996194698));
#7718=DIRECTION('',(0.,-0.996194698,0.087155743));
#7719=AXIS2_PLACEMENT_3D('',#7716,#7717,#7718);
#7720=CIRCLE('',#7719,5.5);
#7721=EDGE_CURVE('',#7706,#7715,#7720,.T.);
#7722=ORIENTED_EDGE('',*,*,#7721,.T.);
#7723=CARTESIAN_POINT('',(41.826326971,-41.951535609,-2.539495604));
#7724=DIRECTION('',(-0.,-0.087155743,-0.996194698));
#7725=DIRECTION('',(0.,-0.996194698,0.087155743));
#7726=AXIS2_PLACEMENT_3D('',#7723,#7724,#7725);
#7727=CIRCLE('',#7726,5.5);
#7728=EDGE_CURVE('',#7715,#7695,#7727,.T.);
#7729=ORIENTED_EDGE('',*,*,#7728,.T.);
#7730=EDGE_LOOP('',(#7701,#7702,#7703,#7704,#7713,#7722,#7729));
#7731=FACE_BOUND('',#7730,.T.);
#7732=ADVANCED_FACE('',(#7731),#7693,.F.);
#7733=CARTESIAN_POINT('',(41.826326909,41.820802056,-9.366715548));
#7734=DIRECTION('',(0.,0.087155743,0.996194698));
#7735=DIRECTION('',(0.,-0.996194698,0.087155743));
#7736=AXIS2_PLACEMENT_3D('',#7733,#7734,#7735);
#7737=PLANE('',#7736);
#7738=CARTESIAN_POINT('',(41.826326909,36.341731217,-8.887358963));
#7739=VERTEX_POINT('',#7738);
#7740=CARTESIAN_POINT('',(38.131253027,45.879171247,-9.721776845));
#7741=VERTEX_POINT('',#7740);
#7742=CARTESIAN_POINT('',(41.826326909,41.820802056,-9.366715548));
#7743=DIRECTION('',(-0.,-0.087155743,-0.996194698));
#7744=DIRECTION('',(0.,-0.996194698,0.087155743));
#7745=AXIS2_PLACEMENT_3D('',#7742,#7743,#7744);
#7746=CIRCLE('',#7745,5.5);
#7747=EDGE_CURVE('',#7739,#7741,#7746,.T.);
#7748=ORIENTED_EDGE('',*,*,#7747,.T.);
#7749=CARTESIAN_POINT('',(41.826326909,41.820802056,-9.366715548));
#7750=DIRECTION('',(-0.,-0.087155743,-0.996194698));
#7751=DIRECTION('',(0.,-0.996194698,0.087155743));
#7752=AXIS2_PLACEMENT_3D('',#7749,#7750,#7751);
#7753=CIRCLE('',#7752,5.5);
#7754=EDGE_CURVE('',#7741,#7739,#7753,.T.);
#7755=ORIENTED_EDGE('',*,*,#7754,.T.);
#7756=EDGE_LOOP('',(#7748,#7755));
#7757=FACE_BOUND('',#7756,.T.);
#7758=ADVANCED_FACE('',(#7757),#7737,.F.);
#7759=CARTESIAN_POINT('',(41.826326909,41.864379928,-8.868618199));
#7760=DIRECTION('',(-0.,0.087155743,0.996194698));
#7761=DIRECTION('',(-0.671831615,0.737885307,-0.064556599));
#7762=AXIS2_PLACEMENT_3D('',#7759,#7760,#7761);
#7763=CYLINDRICAL_SURFACE('',#7762,5.5);
#7764=CARTESIAN_POINT('',(38.131253027,45.835593375,-10.219874194));
#7765=VERTEX_POINT('',#7764);
#7766=CARTESIAN_POINT('',(38.131253027,45.879171247,-9.721776845));
#7767=DIRECTION('',(0.,-0.087155743,-0.996194698));
#7768=VECTOR('',#7767,0.5);
#7769=LINE('',#7766,#7768);
#7770=EDGE_CURVE('',#7741,#7765,#7769,.T.);
#7771=ORIENTED_EDGE('',*,*,#7770,.F.);
#7772=ORIENTED_EDGE('',*,*,#7747,.F.);
#7773=ORIENTED_EDGE('',*,*,#7754,.F.);
#7774=ORIENTED_EDGE('',*,*,#7770,.T.);
#7775=CARTESIAN_POINT('',(41.826326909,47.256295024,-10.344169482));
#7776=VERTEX_POINT('',#7775);
#7777=CARTESIAN_POINT('',(41.826326909,41.777224185,-9.864812897));
#7778=DIRECTION('',(-0.,-0.087155743,-0.996194698));
#7779=DIRECTION('',(0.,-0.996194698,0.087155743));
#7780=AXIS2_PLACEMENT_3D('',#7777,#7778,#7779);
#7781=CIRCLE('',#7780,5.5);
#7782=EDGE_CURVE('',#7765,#7776,#7781,.T.);
#7783=ORIENTED_EDGE('',*,*,#7782,.T.);
#7784=CARTESIAN_POINT('',(41.826326909,36.298153345,-9.385456312));
#7785=VERTEX_POINT('',#7784);
#7786=CARTESIAN_POINT('',(41.826326909,41.777224185,-9.864812897));
#7787=DIRECTION('',(-0.,-0.087155743,-0.996194698));
#7788=DIRECTION('',(0.,-0.996194698,0.087155743));
#7789=AXIS2_PLACEMENT_3D('',#7786,#7787,#7788);
#7790=CIRCLE('',#7789,5.5);
#7791=EDGE_CURVE('',#7776,#7785,#7790,.T.);
#7792=ORIENTED_EDGE('',*,*,#7791,.T.);
#7793=CARTESIAN_POINT('',(41.826326909,41.777224185,-9.864812897));
#7794=DIRECTION('',(-0.,-0.087155743,-0.996194698));
#7795=DIRECTION('',(0.,-0.996194698,0.087155743));
#7796=AXIS2_PLACEMENT_3D('',#7793,#7794,#7795);
#7797=CIRCLE('',#7796,5.5);
#7798=EDGE_CURVE('',#7785,#7765,#7797,.T.);
#7799=ORIENTED_EDGE('',*,*,#7798,.T.);
#7800=EDGE_LOOP('',(#7771,#7772,#7773,#7774,#7783,#7792,#7799));
#7801=FACE_BOUND('',#7800,.T.);
#7802=ADVANCED_FACE('',(#7801),#7763,.F.);
#7803=CARTESIAN_POINT('',(-41.826327499,41.820802523,-9.366715589));
#7804=DIRECTION('',(0.,0.087155743,0.996194698));
#7805=DIRECTION('',(0.,-0.996194698,0.087155743));
#7806=AXIS2_PLACEMENT_3D('',#7803,#7804,#7805);
#7807=PLANE('',#7806);
#7808=CARTESIAN_POINT('',(-41.826327499,36.341731683,-8.887359004));
#7809=VERTEX_POINT('',#7808);
#7810=CARTESIAN_POINT('',(-45.52140138,45.879171713,-9.721776885));
#7811=VERTEX_POINT('',#7810);
#7812=CARTESIAN_POINT('',(-41.826327499,41.820802523,-9.366715589));
#7813=DIRECTION('',(-0.,-0.087155743,-0.996194698));
#7814=DIRECTION('',(0.,-0.996194698,0.087155743));
#7815=AXIS2_PLACEMENT_3D('',#7812,#7813,#7814);
#7816=CIRCLE('',#7815,5.5);
#7817=EDGE_CURVE('',#7809,#7811,#7816,.T.);
#7818=ORIENTED_EDGE('',*,*,#7817,.T.);
#7819=CARTESIAN_POINT('',(-41.826327499,41.820802523,-9.366715589));
#7820=DIRECTION('',(-0.,-0.087155743,-0.996194698));
#7821=DIRECTION('',(0.,-0.996194698,0.087155743));
#7822=AXIS2_PLACEMENT_3D('',#7819,#7820,#7821);
#7823=CIRCLE('',#7822,5.5);
#7824=EDGE_CURVE('',#7811,#7809,#7823,.T.);
#7825=ORIENTED_EDGE('',*,*,#7824,.T.);
#7826=EDGE_LOOP('',(#7818,#7825));
#7827=FACE_BOUND('',#7826,.T.);
#7828=ADVANCED_FACE('',(#7827),#7807,.F.);
#7829=CARTESIAN_POINT('',(-41.826327499,41.864380394,-8.86861824));
#7830=DIRECTION('',(-0.,0.087155743,0.996194698));
#7831=DIRECTION('',(-0.671831615,0.737885307,-0.064556599));
#7832=AXIS2_PLACEMENT_3D('',#7829,#7830,#7831);
#7833=CYLINDRICAL_SURFACE('',#7832,5.5);
#7834=CARTESIAN_POINT('',(-45.52140138,45.835593842,-10.219874234));
#7835=VERTEX_POINT('',#7834);
#7836=CARTESIAN_POINT('',(-45.52140138,45.879171713,-9.721776885));
#7837=DIRECTION('',(0.,-0.087155743,-0.996194698));
#7838=VECTOR('',#7837,0.5);
#7839=LINE('',#7836,#7838);
#7840=EDGE_CURVE('',#7811,#7835,#7839,.T.);
#7841=ORIENTED_EDGE('',*,*,#7840,.F.);
#7842=ORIENTED_EDGE('',*,*,#7817,.F.);
#7843=ORIENTED_EDGE('',*,*,#7824,.F.);
#7844=ORIENTED_EDGE('',*,*,#7840,.T.);
#7845=CARTESIAN_POINT('',(-41.826327499,47.256295491,-10.344169523));
#7846=VERTEX_POINT('',#7845);
#7847=CARTESIAN_POINT('',(-41.826327499,41.777224651,-9.864812938));
#7848=DIRECTION('',(-0.,-0.087155743,-0.996194698));
#7849=DIRECTION('',(0.,-0.996194698,0.087155743));
#7850=AXIS2_PLACEMENT_3D('',#7847,#7848,#7849);
#7851=CIRCLE('',#7850,5.5);
#7852=EDGE_CURVE('',#7835,#7846,#7851,.T.);
#7853=ORIENTED_EDGE('',*,*,#7852,.T.);
#7854=CARTESIAN_POINT('',(-41.826327499,36.298153812,-9.385456353));
#7855=VERTEX_POINT('',#7854);
#7856=CARTESIAN_POINT('',(-41.826327499,41.777224651,-9.864812938));
#7857=DIRECTION('',(-0.,-0.087155743,-0.996194698));
#7858=DIRECTION('',(0.,-0.996194698,0.087155743));
#7859=AXIS2_PLACEMENT_3D('',#7856,#7857,#7858);
#7860=CIRCLE('',#7859,5.5);
#7861=EDGE_CURVE('',#7846,#7855,#7860,.T.);
#7862=ORIENTED_EDGE('',*,*,#7861,.T.);
#7863=CARTESIAN_POINT('',(-41.826327499,41.777224651,-9.864812938));
#7864=DIRECTION('',(-0.,-0.087155743,-0.996194698));
#7865=DIRECTION('',(0.,-0.996194698,0.087155743));
#7866=AXIS2_PLACEMENT_3D('',#7863,#7864,#7865);
#7867=CIRCLE('',#7866,5.5);
#7868=EDGE_CURVE('',#7855,#7835,#7867,.T.);
#7869=ORIENTED_EDGE('',*,*,#7868,.T.);
#7870=EDGE_LOOP('',(#7841,#7842,#7843,#7844,#7853,#7862,#7869));
#7871=FACE_BOUND('',#7870,.T.);
#7872=ADVANCED_FACE('',(#7871),#7833,.F.);
#7873=CARTESIAN_POINT('',(-41.826327437,-41.907957271,-2.041398296));
#7874=DIRECTION('',(0.,0.087155743,0.996194698));
#7875=DIRECTION('',(0.,-0.996194698,0.087155743));
#7876=AXIS2_PLACEMENT_3D('',#7873,#7874,#7875);
#7877=PLANE('',#7876);
#7878=CARTESIAN_POINT('',(-41.826327437,-47.38702811,-1.562041711));
#7879=VERTEX_POINT('',#7878);
#7880=CARTESIAN_POINT('',(-45.521401318,-37.84958808,-2.396459592));
#7881=VERTEX_POINT('',#7880);
#7882=CARTESIAN_POINT('',(-41.826327437,-41.907957271,-2.041398296));
#7883=DIRECTION('',(-0.,-0.087155743,-0.996194698));
#7884=DIRECTION('',(0.,-0.996194698,0.087155743));
#7885=AXIS2_PLACEMENT_3D('',#7882,#7883,#7884);
#7886=CIRCLE('',#7885,5.5);
#7887=EDGE_CURVE('',#7879,#7881,#7886,.T.);
#7888=ORIENTED_EDGE('',*,*,#7887,.T.);
#7889=CARTESIAN_POINT('',(-41.826327437,-41.907957271,-2.041398296));
#7890=DIRECTION('',(-0.,-0.087155743,-0.996194698));
#7891=DIRECTION('',(0.,-0.996194698,0.087155743));
#7892=AXIS2_PLACEMENT_3D('',#7889,#7890,#7891);
#7893=CIRCLE('',#7892,5.5);
#7894=EDGE_CURVE('',#7881,#7879,#7893,.T.);
#7895=ORIENTED_EDGE('',*,*,#7894,.T.);
#7896=EDGE_LOOP('',(#7888,#7895));
#7897=FACE_BOUND('',#7896,.T.);
#7898=ADVANCED_FACE('',(#7897),#7877,.F.);
#7899=CARTESIAN_POINT('',(-41.826327437,-41.864379399,-1.543300947));
#7900=DIRECTION('',(-0.,0.087155743,0.996194698));
#7901=DIRECTION('',(-0.671831615,0.737885307,-0.064556599));
#7902=AXIS2_PLACEMENT_3D('',#7899,#7900,#7901);
#7903=CYLINDRICAL_SURFACE('',#7902,5.5);
#7904=CARTESIAN_POINT('',(-45.521401318,-37.893165952,-2.894556941));
#7905=VERTEX_POINT('',#7904);
#7906=CARTESIAN_POINT('',(-45.521401318,-37.84958808,-2.396459592));
#7907=DIRECTION('',(0.,-0.087155743,-0.996194698));
#7908=VECTOR('',#7907,0.5);
#7909=LINE('',#7906,#7908);
#7910=EDGE_CURVE('',#7881,#7905,#7909,.T.);
#7911=ORIENTED_EDGE('',*,*,#7910,.F.);
#7912=ORIENTED_EDGE('',*,*,#7887,.F.);
#7913=ORIENTED_EDGE('',*,*,#7894,.F.);
#7914=ORIENTED_EDGE('',*,*,#7910,.T.);
#7915=CARTESIAN_POINT('',(-41.826327437,-36.472464303,-3.01885223));
#7916=VERTEX_POINT('',#7915);
#7917=CARTESIAN_POINT('',(-41.826327437,-41.951535142,-2.539495645));
#7918=DIRECTION('',(-0.,-0.087155743,-0.996194698));
#7919=DIRECTION('',(0.,-0.996194698,0.087155743));
#7920=AXIS2_PLACEMENT_3D('',#7917,#7918,#7919);
#7921=CIRCLE('',#7920,5.5);
#7922=EDGE_CURVE('',#7905,#7916,#7921,.T.);
#7923=ORIENTED_EDGE('',*,*,#7922,.T.);
#7924=CARTESIAN_POINT('',(-41.826327437,-47.430605982,-2.06013906));
#7925=VERTEX_POINT('',#7924);
#7926=CARTESIAN_POINT('',(-41.826327437,-41.951535142,-2.539495645));
#7927=DIRECTION('',(-0.,-0.087155743,-0.996194698));
#7928=DIRECTION('',(0.,-0.996194698,0.087155743));
#7929=AXIS2_PLACEMENT_3D('',#7926,#7927,#7928);
#7930=CIRCLE('',#7929,5.5);
#7931=EDGE_CURVE('',#7916,#7925,#7930,.T.);
#7932=ORIENTED_EDGE('',*,*,#7931,.T.);
#7933=CARTESIAN_POINT('',(-41.826327437,-41.951535142,-2.539495645));
#7934=DIRECTION('',(-0.,-0.087155743,-0.996194698));
#7935=DIRECTION('',(0.,-0.996194698,0.087155743));
#7936=AXIS2_PLACEMENT_3D('',#7933,#7934,#7935);
#7937=CIRCLE('',#7936,5.5);
#7938=EDGE_CURVE('',#7925,#7905,#7937,.T.);
#7939=ORIENTED_EDGE('',*,*,#7938,.T.);
#7940=EDGE_LOOP('',(#7911,#7912,#7913,#7914,#7923,#7932,#7939));
#7941=FACE_BOUND('',#7940,.T.);
#7942=ADVANCED_FACE('',(#7941),#7903,.F.);
#7943=CARTESIAN_POINT('',(-41.826327499,41.690068909,-10.861007636));
#7944=DIRECTION('',(0.,-0.087155743,-0.996194698));
#7945=DIRECTION('',(0.,0.996194698,-0.087155743));
#7946=AXIS2_PLACEMENT_3D('',#7943,#7944,#7945);
#7947=CONICAL_SURFACE('',#7946,6.5,45.);
#7948=CARTESIAN_POINT('',(-41.826327499,48.165334446,-11.427519964));
#7949=DIRECTION('',(-0.,-0.64278761,0.766044443));
#7950=VECTOR('',#7949,1.414213562);
#7951=LINE('',#7948,#7950);
#7952=EDGE_CURVE('',#2571,#7846,#7951,.T.);
#7953=ORIENTED_EDGE('',*,*,#7952,.F.);
#7954=ORIENTED_EDGE('',*,*,#2577,.F.);
#7955=ORIENTED_EDGE('',*,*,#2584,.F.);
#7956=ORIENTED_EDGE('',*,*,#7952,.T.);
#7957=ORIENTED_EDGE('',*,*,#7852,.F.);
#7958=ORIENTED_EDGE('',*,*,#7868,.F.);
#7959=ORIENTED_EDGE('',*,*,#7861,.F.);
#7960=EDGE_LOOP('',(#7953,#7954,#7955,#7956,#7957,#7958,#7959));
#7961=FACE_BOUND('',#7960,.T.);
#7962=ADVANCED_FACE('',(#7961),#7947,.F.);
#7963=CARTESIAN_POINT('',(41.826326909,41.690068442,-10.861007595));
#7964=DIRECTION('',(0.,-0.087155743,-0.996194698));
#7965=DIRECTION('',(0.,0.996194698,-0.087155743));
#7966=AXIS2_PLACEMENT_3D('',#7963,#7964,#7965);
#7967=CONICAL_SURFACE('',#7966,6.5,45.);
#7968=CARTESIAN_POINT('',(41.826326909,48.16533398,-11.427519923));
#7969=DIRECTION('',(-0.,-0.64278761,0.766044443));
#7970=VECTOR('',#7969,1.414213562);
#7971=LINE('',#7968,#7970);
#7972=EDGE_CURVE('',#2591,#7776,#7971,.T.);
#7973=ORIENTED_EDGE('',*,*,#7972,.F.);
#7974=ORIENTED_EDGE('',*,*,#2597,.F.);
#7975=ORIENTED_EDGE('',*,*,#2604,.F.);
#7976=ORIENTED_EDGE('',*,*,#7972,.T.);
#7977=ORIENTED_EDGE('',*,*,#7782,.F.);
#7978=ORIENTED_EDGE('',*,*,#7798,.F.);
#7979=ORIENTED_EDGE('',*,*,#7791,.F.);
#7980=EDGE_LOOP('',(#7973,#7974,#7975,#7976,#7977,#7978,#7979));
#7981=FACE_BOUND('',#7980,.T.);
#7982=ADVANCED_FACE('',(#7981),#7967,.F.);
#7983=CARTESIAN_POINT('',(-41.826327437,-42.038690885,-3.535690343));
#7984=DIRECTION('',(0.,-0.087155743,-0.996194698));
#7985=DIRECTION('',(0.,0.996194698,-0.087155743));
#7986=AXIS2_PLACEMENT_3D('',#7983,#7984,#7985);
#7987=CONICAL_SURFACE('',#7986,6.5,45.);
#7988=CARTESIAN_POINT('',(-41.826327437,-35.563425347,-4.102202671));
#7989=DIRECTION('',(-0.,-0.64278761,0.766044443));
#7990=VECTOR('',#7989,1.414213562);
#7991=LINE('',#7988,#7990);
#7992=EDGE_CURVE('',#2611,#7916,#7991,.T.);
#7993=ORIENTED_EDGE('',*,*,#7992,.F.);
#7994=ORIENTED_EDGE('',*,*,#2617,.F.);
#7995=ORIENTED_EDGE('',*,*,#2624,.F.);
#7996=ORIENTED_EDGE('',*,*,#7992,.T.);
#7997=ORIENTED_EDGE('',*,*,#7922,.F.);
#7998=ORIENTED_EDGE('',*,*,#7938,.F.);
#7999=ORIENTED_EDGE('',*,*,#7931,.F.);
#8000=EDGE_LOOP('',(#7993,#7994,#7995,#7996,#7997,#7998,#7999));
#8001=FACE_BOUND('',#8000,.T.);
#8002=ADVANCED_FACE('',(#8001),#7987,.F.);
#8003=CARTESIAN_POINT('',(41.826326971,-42.038691351,-3.535690302));
#8004=DIRECTION('',(0.,-0.087155743,-0.996194698));
#8005=DIRECTION('',(0.,0.996194698,-0.087155743));
#8006=AXIS2_PLACEMENT_3D('',#8003,#8004,#8005);
#8007=CONICAL_SURFACE('',#8006,6.5,45.);
#8008=CARTESIAN_POINT('',(41.826326971,-35.563425814,-4.10220263));
#8009=DIRECTION('',(-0.,-0.64278761,0.766044443));
#8010=VECTOR('',#8009,1.414213562);
#8011=LINE('',#8008,#8010);
#8012=EDGE_CURVE('',#2631,#7706,#8011,.T.);
#8013=ORIENTED_EDGE('',*,*,#8012,.F.);
#8014=ORIENTED_EDGE('',*,*,#2637,.F.);
#8015=ORIENTED_EDGE('',*,*,#2644,.F.);
#8016=ORIENTED_EDGE('',*,*,#8012,.T.);
#8017=ORIENTED_EDGE('',*,*,#7712,.F.);
#8018=ORIENTED_EDGE('',*,*,#7728,.F.);
#8019=ORIENTED_EDGE('',*,*,#7721,.F.);
#8020=EDGE_LOOP('',(#8013,#8014,#8015,#8016,#8017,#8018,#8019));
#8021=FACE_BOUND('',#8020,.T.);
#8022=ADVANCED_FACE('',(#8021),#8007,.F.);
#8023=CARTESIAN_POINT('',(-47.895,47.895,-1.313308435));
#8024=DIRECTION('',(0.,0.,1.));
#8025=DIRECTION('',(1.,0.,-0.));
#8026=AXIS2_PLACEMENT_3D('',#8023,#8024,#8025);
#8027=CYLINDRICAL_SURFACE('',#8026,6.5);
#8028=ORIENTED_EDGE('',*,*,#2736,.F.);
#8029=CARTESIAN_POINT('',(-47.895,54.395,-10.881236576));
#8030=CARTESIAN_POINT('',(-49.494169263,54.395,-10.881716264));
#8031=CARTESIAN_POINT('',(-51.215415916,53.766972239,-10.834737397));
#8032=CARTESIAN_POINT('',(-52.491194078,52.491194078,-10.740299977));
#8033=CARTESIAN_POINT('',(-52.531062145,52.45132601,-10.737348807));
#8034=CARTESIAN_POINT('',(-52.542537441,52.439423339,-10.736459778));
#8035=CARTESIAN_POINT('',(-52.568428777,52.412639147,-10.734462336));
#8036=CARTESIAN_POINT('',(-52.594320113,52.385854955,-10.732464895));
#8037=CARTESIAN_POINT('',(-52.620350239,52.358466489,-10.730415892));
#8038=CARTESIAN_POINT('',(-52.646495064,52.330458788,-10.728315328));
#8039=CARTESIAN_POINT('',(-52.698784713,52.274443385,-10.724114199));
#8040=CARTESIAN_POINT('',(-52.751534357,52.215950689,-10.719706825));
#8041=CARTESIAN_POINT('',(-52.80453711,52.154864478,-10.715093206));
#8042=CARTESIAN_POINT('',(-52.910542615,52.032692055,-10.705865968));
#8043=CARTESIAN_POINT('',(-53.017580717,51.900135951,-10.695813748));
#8044=CARTESIAN_POINT('',(-53.123760703,51.75635488,-10.684936547));
#8045=CARTESIAN_POINT('',(-53.336120677,51.468792737,-10.663182145));
#8046=CARTESIAN_POINT('',(-53.545375659,51.136024606,-10.638127816));
#8047=CARTESIAN_POINT('',(-53.732494252,50.7539615,-10.609773562));
#8048=CARTESIAN_POINT('',(-54.106731437,49.98983529,-10.553065054));
#8049=CARTESIAN_POINT('',(-54.395,49.017641967,-10.483156842));
#8050=CARTESIAN_POINT('',(-54.395,47.895,-10.400048927));
#8051=B_SPLINE_CURVE_WITH_KNOTS('',3,(#8029,#8030,#8031,#8032,#8033,#8034,#8035,#8036,#8037,#8038,#8039,#8040,#8041,#8042,#8043,#8044,#8045,#8046,#8047,#8048,#8049,#8050),.UNSPECIFIED.,.F.,.F.,(4,3,3,3,3,3,3,4),(0.,0.5,0.515625,0.53125,0.5625,0.625,0.75,1.),.UNSPECIFIED.);
#8052=EDGE_CURVE('',#2725,#583,#8051,.T.);
#8053=ORIENTED_EDGE('',*,*,#8052,.T.);
#8054=ORIENTED_EDGE('',*,*,#588,.F.);
#8055=ORIENTED_EDGE('',*,*,#155,.F.);
#8056=EDGE_LOOP('',(#8028,#8053,#8054,#8055));
#8057=FACE_BOUND('',#8056,.T.);
#8058=ADVANCED_FACE('',(#8057),#8027,.T.);
#8059=CARTESIAN_POINT('',(47.895,-47.895,-1.313308435));
#8060=DIRECTION('',(0.,0.,1.));
#8061=DIRECTION('',(1.,0.,-0.));
#8062=AXIS2_PLACEMENT_3D('',#8059,#8060,#8061);
#8063=CYLINDRICAL_SURFACE('',#8062,6.5);
#8064=ORIENTED_EDGE('',*,*,#2705,.F.);
#8065=CARTESIAN_POINT('',(47.895,-54.395,-1.538322198));
#8066=CARTESIAN_POINT('',(49.494169263,-54.395,-1.537842511));
#8067=CARTESIAN_POINT('',(51.215415916,-53.766972239,-1.584821377));
#8068=CARTESIAN_POINT('',(52.491194078,-52.491194078,-1.679258798));
#8069=CARTESIAN_POINT('',(52.531062145,-52.45132601,-1.682209967));
#8070=CARTESIAN_POINT('',(52.542537441,-52.43942334,-1.683098997));
#8071=CARTESIAN_POINT('',(52.568428777,-52.412639147,-1.685096438));
#8072=CARTESIAN_POINT('',(52.594320113,-52.385854955,-1.68709388));
#8073=CARTESIAN_POINT('',(52.620350239,-52.358466489,-1.689142883));
#8074=CARTESIAN_POINT('',(52.646495064,-52.330458788,-1.691243447));
#8075=CARTESIAN_POINT('',(52.698784713,-52.274443385,-1.695444575));
#8076=CARTESIAN_POINT('',(52.751534357,-52.215950689,-1.699851949));
#8077=CARTESIAN_POINT('',(52.80453711,-52.154864478,-1.704465568));
#8078=CARTESIAN_POINT('',(52.910542615,-52.032692055,-1.713692806));
#8079=CARTESIAN_POINT('',(53.017580717,-51.900135951,-1.723745026));
#8080=CARTESIAN_POINT('',(53.123760703,-51.75635488,-1.734622227));
#8081=CARTESIAN_POINT('',(53.336120677,-51.468792737,-1.75637663));
#8082=CARTESIAN_POINT('',(53.545375659,-51.136024606,-1.781430958));
#8083=CARTESIAN_POINT('',(53.732494252,-50.7539615,-1.809785212));
#8084=CARTESIAN_POINT('',(54.106731437,-49.98983529,-1.866493721));
#8085=CARTESIAN_POINT('',(54.395,-49.017641967,-1.936401932));
#8086=CARTESIAN_POINT('',(54.395,-47.895,-2.019509848));
#8087=B_SPLINE_CURVE_WITH_KNOTS('',3,(#8065,#8066,#8067,#8068,#8069,#8070,#8071,#8072,#8073,#8074,#8075,#8076,#8077,#8078,#8079,#8080,#8081,#8082,#8083,#8084,#8085,#8086),.UNSPECIFIED.,.F.,.F.,(4,3,3,3,3,3,3,4),(0.,0.5,0.515625,0.53125,0.5625,0.625,0.75,1.),.UNSPECIFIED.);
#8088=EDGE_CURVE('',#2694,#2655,#8087,.T.);
#8089=ORIENTED_EDGE('',*,*,#8088,.T.);
#8090=ORIENTED_EDGE('',*,*,#2660,.F.);
#8091=ORIENTED_EDGE('',*,*,#332,.F.);
#8092=EDGE_LOOP('',(#8064,#8089,#8090,#8091));
#8093=FACE_BOUND('',#8092,.T.);
#8094=ADVANCED_FACE('',(#8093),#8063,.T.);
#8095=CARTESIAN_POINT('',(47.895,47.895,-1.313308435));
#8096=DIRECTION('',(0.,0.,1.));
#8097=DIRECTION('',(1.,0.,-0.));
#8098=AXIS2_PLACEMENT_3D('',#8095,#8096,#8097);
#8099=CYLINDRICAL_SURFACE('',#8098,6.5);
#8100=ORIENTED_EDGE('',*,*,#2674,.F.);
#8101=CARTESIAN_POINT('',(54.395,47.895,-10.400048927));
#8102=CARTESIAN_POINT('',(54.395,49.017434886,-10.483141512));
#8103=CARTESIAN_POINT('',(54.106831538,49.989538441,-10.553042059));
#8104=CARTESIAN_POINT('',(53.732630869,50.753682535,-10.609750567));
#8105=CARTESIAN_POINT('',(53.358430201,51.517826628,-10.666459075));
#8106=CARTESIAN_POINT('',(52.900793554,52.081594601,-10.709975545));
#8107=CARTESIAN_POINT('',(52.491194078,52.491194078,-10.740299977));
#8108=CARTESIAN_POINT('',(52.46559411,52.516794045,-10.742195254));
#8109=CARTESIAN_POINT('',(52.411021716,52.570329226,-10.746155974));
#8110=CARTESIAN_POINT('',(52.370282607,52.609005259,-10.749014453));
#8111=CARTESIAN_POINT('',(52.329543499,52.647681292,-10.751872933));
#8112=CARTESIAN_POINT('',(52.288375448,52.685760408,-10.754685066));
#8113=CARTESIAN_POINT('',(52.246797504,52.723235545,-10.757450852));
#8114=CARTESIAN_POINT('',(52.163641617,52.79818582,-10.762982425));
#8115=CARTESIAN_POINT('',(52.078846175,52.870719586,-10.768328613));
#8116=CARTESIAN_POINT('',(51.992563603,52.940787602,-10.773489416));
#8117=CARTESIAN_POINT('',(51.819998459,53.080923634,-10.783811021));
#8118=CARTESIAN_POINT('',(51.64148589,53.21118752,-10.793391085));
#8119=CARTESIAN_POINT('',(51.458238057,53.331297872,-10.802229608));
#8120=CARTESIAN_POINT('',(51.091742391,53.571518576,-10.819906654));
#8121=CARTESIAN_POINT('',(50.7063472,53.770994597,-10.834617535));
#8122=CARTESIAN_POINT('',(50.311413107,53.929148465,-10.846362252));
#8123=CARTESIAN_POINT('',(49.52154492,54.245456201,-10.869851685));
#8124=CARTESIAN_POINT('',(48.694717468,54.395,-10.88147646));
#8125=CARTESIAN_POINT('',(47.895,54.395,-10.881236576));
#8126=B_SPLINE_CURVE_WITH_KNOTS('',3,(#8101,#8102,#8103,#8104,#8105,#8106,#8107,#8108,#8109,#8110,#8111,#8112,#8113,#8114,#8115,#8116,#8117,#8118,#8119,#8120,#8121,#8122,#8123,#8124,#8125),.UNSPECIFIED.,.F.,.F.,(4,3,3,3,3,3,3,3,4),(0.,0.25,0.5,0.515625,0.53125,0.5625,0.625,0.75,1.),.UNSPECIFIED.);
#8127=EDGE_CURVE('',#2663,#2717,#8126,.T.);
#8128=ORIENTED_EDGE('',*,*,#8127,.T.);
#8129=ORIENTED_EDGE('',*,*,#2722,.F.);
#8130=ORIENTED_EDGE('',*,*,#349,.F.);
#8131=EDGE_LOOP('',(#8100,#8128,#8129,#8130));
#8132=FACE_BOUND('',#8131,.T.);
#8133=ADVANCED_FACE('',(#8132),#8099,.T.);
#8134=CARTESIAN_POINT('',(-47.895,-47.895,-1.313308435));
#8135=DIRECTION('',(0.,0.,1.));
#8136=DIRECTION('',(1.,0.,-0.));
#8137=AXIS2_PLACEMENT_3D('',#8134,#8135,#8136);
#8138=CYLINDRICAL_SURFACE('',#8137,6.5);
#8139=ORIENTED_EDGE('',*,*,#602,.F.);
#8140=CARTESIAN_POINT('',(-54.395,-47.895,-2.019509848));
#8141=CARTESIAN_POINT('',(-54.395,-49.017434886,-1.936417262));
#8142=CARTESIAN_POINT('',(-54.106831538,-49.989538441,-1.866516716));
#8143=CARTESIAN_POINT('',(-53.732630869,-50.753682535,-1.809808207));
#8144=CARTESIAN_POINT('',(-53.3584302,-51.517826629,-1.753099699));
#8145=CARTESIAN_POINT('',(-52.900793554,-52.081594601,-1.709583229));
#8146=CARTESIAN_POINT('',(-52.491194078,-52.491194078,-1.679258798));
#8147=CARTESIAN_POINT('',(-52.46559411,-52.516794045,-1.677363521));
#8148=CARTESIAN_POINT('',(-52.411021716,-52.570329226,-1.6734028));
#8149=CARTESIAN_POINT('',(-52.370282607,-52.609005259,-1.670544321));
#8150=CARTESIAN_POINT('',(-52.329543499,-52.647681293,-1.667685842));
#8151=CARTESIAN_POINT('',(-52.288375448,-52.685760408,-1.664873709));
#8152=CARTESIAN_POINT('',(-52.246797504,-52.723235545,-1.662107922));
#8153=CARTESIAN_POINT('',(-52.163641617,-52.79818582,-1.656576349));
#8154=CARTESIAN_POINT('',(-52.078846174,-52.870719586,-1.651230161));
#8155=CARTESIAN_POINT('',(-51.992563603,-52.940787602,-1.646069359));
#8156=CARTESIAN_POINT('',(-51.819998459,-53.080923634,-1.635747753));
#8157=CARTESIAN_POINT('',(-51.64148589,-53.21118752,-1.626167689));
#8158=CARTESIAN_POINT('',(-51.458238057,-53.331297872,-1.617329167));
#8159=CARTESIAN_POINT('',(-51.091742391,-53.571518576,-1.599652121));
#8160=CARTESIAN_POINT('',(-50.7063472,-53.770994597,-1.584941239));
#8161=CARTESIAN_POINT('',(-50.311413107,-53.929148465,-1.573196523));
#8162=CARTESIAN_POINT('',(-49.52154492,-54.245456201,-1.54970709));
#8163=CARTESIAN_POINT('',(-48.694717467,-54.395,-1.538082315));
#8164=CARTESIAN_POINT('',(-47.895,-54.395,-1.538322198));
#8165=B_SPLINE_CURVE_WITH_KNOTS('',3,(#8140,#8141,#8142,#8143,#8144,#8145,#8146,#8147,#8148,#8149,#8150,#8151,#8152,#8153,#8154,#8155,#8156,#8157,#8158,#8159,#8160,#8161,#8162,#8163,#8164),.UNSPECIFIED.,.F.,.F.,(4,3,3,3,3,3,3,3,4),(0.,0.25,0.5,0.515625,0.53125,0.5625,0.625,0.75,1.),.UNSPECIFIED.);
#8166=EDGE_CURVE('',#591,#2686,#8165,.T.);
#8167=ORIENTED_EDGE('',*,*,#8166,.T.);
#8168=ORIENTED_EDGE('',*,*,#2691,.F.);
#8169=ORIENTED_EDGE('',*,*,#539,.F.);
#8170=EDGE_LOOP('',(#8139,#8167,#8168,#8169));
#8171=FACE_BOUND('',#8170,.T.);
#8172=ADVANCED_FACE('',(#8171),#8138,.T.);
#8173=CARTESIAN_POINT('',(-49.826327437,-49.82632638,-1.613308435));
#8174=DIRECTION('',(0.,0.,-1.));
#8175=DIRECTION('',(0.,1.,0.));
#8176=AXIS2_PLACEMENT_3D('',#8173,#8174,#8175);
#8177=CYLINDRICAL_SURFACE('',#8176,2.5);
#8178=CARTESIAN_POINT('',(-49.826327437,-47.32632638,-1.613308435));
#8179=VERTEX_POINT('',#8178);
#8180=CARTESIAN_POINT('',(-49.826327437,-47.32632638,-3.07308218));
#8181=DIRECTION('',(-0.,-0.,1.));
#8182=VECTOR('',#8181,1.459773745);
#8183=LINE('',#8180,#8182);
#8184=EDGE_CURVE('',#2558,#8179,#8183,.T.);
#8185=ORIENTED_EDGE('',*,*,#8184,.F.);
#8186=ORIENTED_EDGE('',*,*,#2564,.F.);
#8187=ORIENTED_EDGE('',*,*,#8184,.T.);
#8188=CARTESIAN_POINT('',(-49.826327437,-49.82632638,-1.613308435));
#8189=DIRECTION('',(0.,0.,-1.));
#8190=DIRECTION('',(0.,1.,0.));
#8191=AXIS2_PLACEMENT_3D('',#8188,#8189,#8190);
#8192=CIRCLE('',#8191,2.5);
#8193=EDGE_CURVE('',#8179,#8179,#8192,.T.);
#8194=ORIENTED_EDGE('',*,*,#8193,.F.);
#8195=EDGE_LOOP('',(#8185,#8186,#8187,#8194));
#8196=FACE_BOUND('',#8195,.T.);
#8197=ADVANCED_FACE('',(#8196),#8177,.F.);
#8198=CARTESIAN_POINT('',(-49.826327437,-49.82632638,4.886691565));
#8199=DIRECTION('',(0.,0.,-1.));
#8200=DIRECTION('',(0.156837453,0.987624429,0.));
#8201=AXIS2_PLACEMENT_3D('',#8198,#8199,#8200);
#8202=CYLINDRICAL_SURFACE('',#8201,1.25);
#8203=CARTESIAN_POINT('',(-49.630280621,-48.591795844,-1.613308435));
#8204=VERTEX_POINT('',#8203);
#8205=CARTESIAN_POINT('',(-49.630280621,-48.591795844,-1.613308435));
#8206=DIRECTION('',(-0.,-0.,1.));
#8207=VECTOR('',#8206,6.5);
#8208=LINE('',#8205,#8207);
#8209=EDGE_CURVE('',#8204,#544,#8208,.T.);
#8210=ORIENTED_EDGE('',*,*,#8209,.F.);
#8211=CARTESIAN_POINT('',(-49.826327437,-49.82632638,-1.613308435));
#8212=DIRECTION('',(0.,-0.,1.));
#8213=DIRECTION('',(0.156837453,0.987624429,0.));
#8214=AXIS2_PLACEMENT_3D('',#8211,#8212,#8213);
#8215=CIRCLE('',#8214,1.25);
#8216=EDGE_CURVE('',#8204,#8204,#8215,.T.);
#8217=ORIENTED_EDGE('',*,*,#8216,.F.);
#8218=ORIENTED_EDGE('',*,*,#8209,.T.);
#8219=ORIENTED_EDGE('',*,*,#550,.F.);
#8220=EDGE_LOOP('',(#8210,#8217,#8218,#8219));
#8221=FACE_BOUND('',#8220,.T.);
#8222=ADVANCED_FACE('',(#8221),#8202,.F.);
#8223=CARTESIAN_POINT('',(-49.826327437,-49.82632638,-1.613308435));
#8224=DIRECTION('',(0.,0.,1.));
#8225=DIRECTION('',(1.,0.,0.));
#8226=AXIS2_PLACEMENT_3D('',#8223,#8224,#8225);
#8227=PLANE('',#8226);
#8228=ORIENTED_EDGE('',*,*,#8216,.T.);
#8229=EDGE_LOOP('',(#8228));
#8230=FACE_BOUND('',#8229,.T.);
#8231=ORIENTED_EDGE('',*,*,#8193,.T.);
#8232=EDGE_LOOP('',(#8231));
#8233=FACE_BOUND('',#8232,.T.);
#8234=ADVANCED_FACE('',(#8230,#8233),#8227,.F.);
#8235=CARTESIAN_POINT('',(49.826326909,49.826326909,-1.613308435));
#8236=DIRECTION('',(0.,0.,-1.));
#8237=DIRECTION('',(0.,1.,0.));
#8238=AXIS2_PLACEMENT_3D('',#8235,#8236,#8237);
#8239=CYLINDRICAL_SURFACE('',#8238,2.5);
#8240=CARTESIAN_POINT('',(49.826326909,52.326326909,-1.613308435));
#8241=VERTEX_POINT('',#8240);
#8242=CARTESIAN_POINT('',(49.826326909,52.326326909,-11.791559633));
#8243=DIRECTION('',(-0.,-0.,1.));
#8244=VECTOR('',#8243,10.178251198);
#8245=LINE('',#8242,#8244);
#8246=EDGE_CURVE('',#2547,#8241,#8245,.T.);
#8247=ORIENTED_EDGE('',*,*,#8246,.F.);
#8248=ORIENTED_EDGE('',*,*,#2553,.F.);
#8249=ORIENTED_EDGE('',*,*,#8246,.T.);
#8250=CARTESIAN_POINT('',(49.826326909,49.826326909,-1.613308435));
#8251=DIRECTION('',(0.,0.,-1.));
#8252=DIRECTION('',(0.,1.,0.));
#8253=AXIS2_PLACEMENT_3D('',#8250,#8251,#8252);
#8254=CIRCLE('',#8253,2.5);
#8255=EDGE_CURVE('',#8241,#8241,#8254,.T.);
#8256=ORIENTED_EDGE('',*,*,#8255,.F.);
#8257=EDGE_LOOP('',(#8247,#8248,#8249,#8256));
#8258=FACE_BOUND('',#8257,.T.);
#8259=ADVANCED_FACE('',(#8258),#8239,.F.);
#8260=CARTESIAN_POINT('',(49.826326909,49.826326909,4.886691565));
#8261=DIRECTION('',(0.,0.,-1.));
#8262=DIRECTION('',(0.734520043,0.678586993,0.));
#8263=AXIS2_PLACEMENT_3D('',#8260,#8261,#8262);
#8264=CYLINDRICAL_SURFACE('',#8263,1.25);
#8265=CARTESIAN_POINT('',(50.744476962,50.67456065,-1.613308435));
#8266=VERTEX_POINT('',#8265);
#8267=CARTESIAN_POINT('',(50.744476962,50.67456065,-1.613308435));
#8268=DIRECTION('',(-0.,-0.,1.));
#8269=VECTOR('',#8268,6.5);
#8270=LINE('',#8267,#8269);
#8271=EDGE_CURVE('',#8266,#555,#8270,.T.);
#8272=ORIENTED_EDGE('',*,*,#8271,.F.);
#8273=CARTESIAN_POINT('',(49.826326909,49.826326909,-1.613308435));
#8274=DIRECTION('',(0.,-0.,1.));
#8275=DIRECTION('',(0.734520043,0.678586993,0.));
#8276=AXIS2_PLACEMENT_3D('',#8273,#8274,#8275);
#8277=CIRCLE('',#8276,1.25);
#8278=EDGE_CURVE('',#8266,#8266,#8277,.T.);
#8279=ORIENTED_EDGE('',*,*,#8278,.F.);
#8280=ORIENTED_EDGE('',*,*,#8271,.T.);
#8281=ORIENTED_EDGE('',*,*,#561,.F.);
#8282=EDGE_LOOP('',(#8272,#8279,#8280,#8281));
#8283=FACE_BOUND('',#8282,.T.);
#8284=ADVANCED_FACE('',(#8283),#8264,.F.);
#8285=CARTESIAN_POINT('',(49.826326909,49.826326909,-1.613308435));
#8286=DIRECTION('',(0.,0.,1.));
#8287=DIRECTION('',(1.,0.,0.));
#8288=AXIS2_PLACEMENT_3D('',#8285,#8286,#8287);
#8289=PLANE('',#8288);
#8290=ORIENTED_EDGE('',*,*,#8278,.T.);
#8291=EDGE_LOOP('',(#8290));
#8292=FACE_BOUND('',#8291,.T.);
#8293=ORIENTED_EDGE('',*,*,#8255,.T.);
#8294=EDGE_LOOP('',(#8293));
#8295=FACE_BOUND('',#8294,.T.);
#8296=ADVANCED_FACE('',(#8292,#8295),#8289,.F.);
#8297=CARTESIAN_POINT('',(49.826326971,-49.826326847,-1.613308435));
#8298=DIRECTION('',(0.,0.,-1.));
#8299=DIRECTION('',(0.929051734,0.369949828,0.));
#8300=AXIS2_PLACEMENT_3D('',#8297,#8298,#8299);
#8301=CYLINDRICAL_SURFACE('',#8300,2.5);
#8302=CARTESIAN_POINT('',(52.148956306,-48.901452277,-1.613308435));
#8303=VERTEX_POINT('',#8302);
#8304=CARTESIAN_POINT('',(52.148956306,-48.901452277,-2.935276521));
#8305=DIRECTION('',(-0.,-0.,1.));
#8306=VECTOR('',#8305,1.321968086);
#8307=LINE('',#8304,#8306);
#8308=EDGE_CURVE('',#2529,#8303,#8307,.T.);
#8309=ORIENTED_EDGE('',*,*,#8308,.F.);
#8310=ORIENTED_EDGE('',*,*,#2535,.F.);
#8311=ORIENTED_EDGE('',*,*,#2542,.F.);
#8312=ORIENTED_EDGE('',*,*,#8308,.T.);
#8313=CARTESIAN_POINT('',(49.826326971,-49.826326847,-1.613308435));
#8314=DIRECTION('',(0.,0.,-1.));
#8315=DIRECTION('',(0.929051734,0.369949828,0.));
#8316=AXIS2_PLACEMENT_3D('',#8313,#8314,#8315);
#8317=CIRCLE('',#8316,2.5);
#8318=EDGE_CURVE('',#8303,#8303,#8317,.T.);
#8319=ORIENTED_EDGE('',*,*,#8318,.F.);
#8320=EDGE_LOOP('',(#8309,#8310,#8311,#8312,#8319));
#8321=FACE_BOUND('',#8320,.T.);
#8322=ADVANCED_FACE('',(#8321),#8301,.F.);
#8323=CARTESIAN_POINT('',(49.826326971,-49.826326847,4.886691565));
#8324=DIRECTION('',(0.,0.,-1.));
#8325=DIRECTION('',(0.,1.,0.));
#8326=AXIS2_PLACEMENT_3D('',#8323,#8324,#8325);
#8327=CYLINDRICAL_SURFACE('',#8326,1.25);
#8328=CARTESIAN_POINT('',(49.826326971,-48.576326847,-1.613308435));
#8329=VERTEX_POINT('',#8328);
#8330=CARTESIAN_POINT('',(49.826326971,-48.576326847,-1.613308435));
#8331=DIRECTION('',(-0.,-0.,1.));
#8332=VECTOR('',#8331,6.5);
#8333=LINE('',#8330,#8332);
#8334=EDGE_CURVE('',#8329,#566,#8333,.T.);
#8335=ORIENTED_EDGE('',*,*,#8334,.F.);
#8336=CARTESIAN_POINT('',(49.826326971,-49.826326847,-1.613308435));
#8337=DIRECTION('',(0.,-0.,1.));
#8338=DIRECTION('',(0.,1.,0.));
#8339=AXIS2_PLACEMENT_3D('',#8336,#8337,#8338);
#8340=CIRCLE('',#8339,1.25);
#8341=EDGE_CURVE('',#8329,#8329,#8340,.T.);
#8342=ORIENTED_EDGE('',*,*,#8341,.F.);
#8343=ORIENTED_EDGE('',*,*,#8334,.T.);
#8344=ORIENTED_EDGE('',*,*,#572,.F.);
#8345=EDGE_LOOP('',(#8335,#8342,#8343,#8344));
#8346=FACE_BOUND('',#8345,.T.);
#8347=ADVANCED_FACE('',(#8346),#8327,.F.);
#8348=CARTESIAN_POINT('',(49.826326971,-49.826326847,-1.613308435));
#8349=DIRECTION('',(0.,0.,1.));
#8350=DIRECTION('',(1.,0.,0.));
#8351=AXIS2_PLACEMENT_3D('',#8348,#8349,#8350);
#8352=PLANE('',#8351);
#8353=ORIENTED_EDGE('',*,*,#8341,.T.);
#8354=EDGE_LOOP('',(#8353));
#8355=FACE_BOUND('',#8354,.T.);
#8356=ORIENTED_EDGE('',*,*,#8318,.T.);
#8357=EDGE_LOOP('',(#8356));
#8358=FACE_BOUND('',#8357,.T.);
#8359=ADVANCED_FACE('',(#8355,#8358),#8352,.F.);
#8360=CARTESIAN_POINT('',(-49.501385654,50.135069313,-1.613308435));
#8361=DIRECTION('',(0.,0.,-1.));
#8362=DIRECTION('',(0.,1.,0.));
#8363=AXIS2_PLACEMENT_3D('',#8360,#8361,#8362);
#8364=CYLINDRICAL_SURFACE('',#8363,2.5);
#8365=CARTESIAN_POINT('',(-49.501385654,52.635069313,-1.613308435));
#8366=VERTEX_POINT('',#8365);
#8367=CARTESIAN_POINT('',(-49.501385654,52.635069313,-11.818571094));
#8368=DIRECTION('',(-0.,-0.,1.));
#8369=VECTOR('',#8368,10.205262659);
#8370=LINE('',#8367,#8369);
#8371=EDGE_CURVE('',#2516,#8366,#8370,.T.);
#8372=ORIENTED_EDGE('',*,*,#8371,.F.);
#8373=ORIENTED_EDGE('',*,*,#2522,.F.);
#8374=ORIENTED_EDGE('',*,*,#8371,.T.);
#8375=CARTESIAN_POINT('',(-49.501385654,50.135069313,-1.613308435));
#8376=DIRECTION('',(0.,0.,-1.));
#8377=DIRECTION('',(0.,1.,0.));
#8378=AXIS2_PLACEMENT_3D('',#8375,#8376,#8377);
#8379=CIRCLE('',#8378,2.5);
#8380=EDGE_CURVE('',#8366,#8366,#8379,.T.);
#8381=ORIENTED_EDGE('',*,*,#8380,.F.);
#8382=EDGE_LOOP('',(#8372,#8373,#8374,#8381));
#8383=FACE_BOUND('',#8382,.T.);
#8384=ADVANCED_FACE('',(#8383),#8364,.F.);
#8385=CARTESIAN_POINT('',(-49.501385654,50.135069313,4.886691565));
#8386=DIRECTION('',(0.,0.,-1.));
#8387=DIRECTION('',(0.,1.,0.));
#8388=AXIS2_PLACEMENT_3D('',#8385,#8386,#8387);
#8389=CYLINDRICAL_SURFACE('',#8388,1.25);
#8390=CARTESIAN_POINT('',(-49.501385654,51.385069313,-1.613308435));
#8391=VERTEX_POINT('',#8390);
#8392=CARTESIAN_POINT('',(-49.501385654,51.385069313,-1.613308435));
#8393=DIRECTION('',(-0.,-0.,1.));
#8394=VECTOR('',#8393,6.5);
#8395=LINE('',#8392,#8394);
#8396=EDGE_CURVE('',#8391,#299,#8395,.T.);
#8397=ORIENTED_EDGE('',*,*,#8396,.F.);
#8398=CARTESIAN_POINT('',(-49.501385654,50.135069313,-1.613308435));
#8399=DIRECTION('',(0.,-0.,1.));
#8400=DIRECTION('',(0.,1.,0.));
#8401=AXIS2_PLACEMENT_3D('',#8398,#8399,#8400);
#8402=CIRCLE('',#8401,1.25);
#8403=EDGE_CURVE('',#8391,#8391,#8402,.T.);
#8404=ORIENTED_EDGE('',*,*,#8403,.F.);
#8405=ORIENTED_EDGE('',*,*,#8396,.T.);
#8406=ORIENTED_EDGE('',*,*,#305,.F.);
#8407=EDGE_LOOP('',(#8397,#8404,#8405,#8406));
#8408=FACE_BOUND('',#8407,.T.);
#8409=ADVANCED_FACE('',(#8408),#8389,.F.);
#8410=CARTESIAN_POINT('',(-49.501385654,50.135069313,-1.613308435));
#8411=DIRECTION('',(0.,0.,1.));
#8412=DIRECTION('',(1.,0.,0.));
#8413=AXIS2_PLACEMENT_3D('',#8410,#8411,#8412);
#8414=PLANE('',#8413);
#8415=ORIENTED_EDGE('',*,*,#8403,.T.);
#8416=EDGE_LOOP('',(#8415));
#8417=FACE_BOUND('',#8416,.T.);
#8418=ORIENTED_EDGE('',*,*,#8380,.T.);
#8419=EDGE_LOOP('',(#8418));
#8420=FACE_BOUND('',#8419,.T.);
#8421=ADVANCED_FACE('',(#8417,#8420),#8414,.F.);
#8422=CARTESIAN_POINT('',(-47.895,54.395,-10.881236576));
#8423=CARTESIAN_POINT('',(-49.599068833,54.40190478,-10.881747729));
#8424=CARTESIAN_POINT('',(-51.286225559,53.696162596,-10.829502433));
#8425=CARTESIAN_POINT('',(-53.696162596,51.286225559,-10.65109752));
#8426=CARTESIAN_POINT('',(-54.40190478,49.599068833,-10.526199215));
#8427=CARTESIAN_POINT('',(-54.395,47.895,-10.400048927));
#8428=CARTESIAN_POINT('',(-47.895,53.307844257,-11.877431274));
#8429=CARTESIAN_POINT('',(-49.336904397,53.313686764,-11.877942427));
#8430=CARTESIAN_POINT('',(-50.76449855,52.7165203,-11.825697132));
#8431=CARTESIAN_POINT('',(-52.803676043,50.677342807,-11.647292218));
#8432=CARTESIAN_POINT('',(-53.400842507,49.249748654,-11.522393914));
#8433=CARTESIAN_POINT('',(-53.395,47.807844257,-11.396243625));
#8434=B_SPLINE_SURFACE_WITH_KNOTS('',1,3,((#8422,#8423,#8424,#8425,#8426,#8427),(#8428,#8429,#8430,#8431,#8432,#8433)),.UNSPECIFIED.,.F.,.F.,.U.,(2,2),(4,2,4),(0.,1.),(3.141592654,3.926990817,4.71238898),.UNSPECIFIED.);
#8435=CARTESIAN_POINT('',(-54.395,47.895,-10.400048927));
#8436=DIRECTION('',(0.707106781,-0.061628417,-0.704416026));
#8437=VECTOR('',#8436,1.414213562);
#8438=LINE('',#8435,#8437);
#8439=EDGE_CURVE('',#583,#2442,#8438,.T.);
#8440=ORIENTED_EDGE('',*,*,#8439,.F.);
#8441=ORIENTED_EDGE('',*,*,#8052,.F.);
#8442=CARTESIAN_POINT('',(-47.895,53.307844257,-11.877431274));
#8443=DIRECTION('',(-0.,0.737277337,0.675590208));
#8444=VECTOR('',#8443,1.474554674);
#8445=LINE('',#8442,#8444);
#8446=EDGE_CURVE('',#2450,#2725,#8445,.T.);
#8447=ORIENTED_EDGE('',*,*,#8446,.F.);
#8448=ORIENTED_EDGE('',*,*,#2461,.F.);
#8449=EDGE_LOOP('',(#8440,#8441,#8447,#8448));
#8450=FACE_BOUND('',#8449,.T.);
#8451=ADVANCED_FACE('',(#8450),#8434,.T.);
#8452=CARTESIAN_POINT('',(-104.25,53.307844257,-11.877431274));
#8453=DIRECTION('',(0.,0.675590208,-0.737277337));
#8454=DIRECTION('',(-1.,0.,-0.));
#8455=AXIS2_PLACEMENT_3D('',#8452,#8453,#8454);
#8456=PLANE('',#8455);
#8457=ORIENTED_EDGE('',*,*,#8446,.T.);
#8458=ORIENTED_EDGE('',*,*,#2730,.F.);
#8459=CARTESIAN_POINT('',(47.895,53.307844257,-11.877431274));
#8460=DIRECTION('',(-0.,0.737277337,0.675590208));
#8461=VECTOR('',#8460,1.474554674);
#8462=LINE('',#8459,#8461);
#8463=EDGE_CURVE('',#2464,#2717,#8462,.T.);
#8464=ORIENTED_EDGE('',*,*,#8463,.F.);
#8465=ORIENTED_EDGE('',*,*,#2469,.F.);
#8466=EDGE_LOOP('',(#8457,#8458,#8464,#8465));
#8467=FACE_BOUND('',#8466,.T.);
#8468=ADVANCED_FACE('',(#8467),#8456,.T.);
#8469=CARTESIAN_POINT('',(-53.395,84.635901808,-14.61828116));
#8470=DIRECTION('',(-0.707106781,-0.061628417,-0.704416026));
#8471=DIRECTION('',(0.,-0.996194698,0.087155743));
#8472=AXIS2_PLACEMENT_3D('',#8469,#8470,#8471);
#8473=PLANE('',#8472);
#8474=ORIENTED_EDGE('',*,*,#8439,.T.);
#8475=ORIENTED_EDGE('',*,*,#2447,.F.);
#8476=CARTESIAN_POINT('',(-54.395,-47.895,-2.019509848));
#8477=DIRECTION('',(0.707106781,-0.061628417,-0.704416026));
#8478=VECTOR('',#8477,1.414213562);
#8479=LINE('',#8476,#8478);
#8480=EDGE_CURVE('',#591,#2428,#8479,.T.);
#8481=ORIENTED_EDGE('',*,*,#8480,.F.);
#8482=ORIENTED_EDGE('',*,*,#596,.F.);
#8483=EDGE_LOOP('',(#8474,#8475,#8481,#8482));
#8484=FACE_BOUND('',#8483,.T.);
#8485=ADVANCED_FACE('',(#8484),#8473,.T.);
#8486=CARTESIAN_POINT('',(54.395,47.895,-10.400048927));
#8487=CARTESIAN_POINT('',(54.40190478,49.599068833,-10.526199215));
#8488=CARTESIAN_POINT('',(53.696162596,51.286225559,-10.65109752));
#8489=CARTESIAN_POINT('',(51.286225559,53.696162596,-10.829502433));
#8490=CARTESIAN_POINT('',(49.599068833,54.40190478,-10.881747729));
#8491=CARTESIAN_POINT('',(47.895,54.395,-10.881236576));
#8492=CARTESIAN_POINT('',(53.395,47.807844257,-11.396243625));
#8493=CARTESIAN_POINT('',(53.400842507,49.249748654,-11.522393914));
#8494=CARTESIAN_POINT('',(52.803676043,50.677342807,-11.647292218));
#8495=CARTESIAN_POINT('',(50.76449855,52.7165203,-11.825697132));
#8496=CARTESIAN_POINT('',(49.336904397,53.313686764,-11.877942427));
#8497=CARTESIAN_POINT('',(47.895,53.307844257,-11.877431274));
#8498=B_SPLINE_SURFACE_WITH_KNOTS('',1,3,((#8486,#8487,#8488,#8489,#8490,#8491),(#8492,#8493,#8494,#8495,#8496,#8497)),.UNSPECIFIED.,.F.,.F.,.U.,(2,2),(4,2,4),(0.,1.),(1.570796327,2.35619449,3.141592654),.UNSPECIFIED.);
#8499=ORIENTED_EDGE('',*,*,#8463,.T.);
#8500=ORIENTED_EDGE('',*,*,#8127,.F.);
#8501=CARTESIAN_POINT('',(53.395,47.807844257,-11.396243625));
#8502=DIRECTION('',(0.707106781,0.061628417,0.704416026));
#8503=VECTOR('',#8502,1.414213562);
#8504=LINE('',#8501,#8503);
#8505=EDGE_CURVE('',#2472,#2663,#8504,.T.);
#8506=ORIENTED_EDGE('',*,*,#8505,.F.);
#8507=ORIENTED_EDGE('',*,*,#2483,.F.);
#8508=EDGE_LOOP('',(#8499,#8500,#8506,#8507));
#8509=FACE_BOUND('',#8508,.T.);
#8510=ADVANCED_FACE('',(#8509),#8498,.T.);
#8511=CARTESIAN_POINT('',(-54.395,-47.895,-2.019509848));
#8512=CARTESIAN_POINT('',(-54.40190478,-49.599068833,-1.893359559));
#8513=CARTESIAN_POINT('',(-53.696162596,-51.286225559,-1.768461255));
#8514=CARTESIAN_POINT('',(-51.286225559,-53.696162596,-1.590056341));
#8515=CARTESIAN_POINT('',(-49.599068833,-54.40190478,-1.537811045));
#8516=CARTESIAN_POINT('',(-47.895,-54.395,-1.538322198));
#8517=CARTESIAN_POINT('',(-53.395,-47.982155743,-3.015704546));
#8518=CARTESIAN_POINT('',(-53.400842507,-49.42406014,-2.889554257));
#8519=CARTESIAN_POINT('',(-52.803676043,-50.851654293,-2.764655953));
#8520=CARTESIAN_POINT('',(-50.76449855,-52.890831786,-2.586251039));
#8521=CARTESIAN_POINT('',(-49.336904397,-53.487998249,-2.534005743));
#8522=CARTESIAN_POINT('',(-47.895,-53.482155743,-2.534516896));
#8523=B_SPLINE_SURFACE_WITH_KNOTS('',1,3,((#8511,#8512,#8513,#8514,#8515,#8516),(#8517,#8518,#8519,#8520,#8521,#8522)),.UNSPECIFIED.,.F.,.F.,.U.,(2,2),(4,2,4),(0.,1.),(-1.570796327,-0.785398163,0.),.UNSPECIFIED.);
#8524=ORIENTED_EDGE('',*,*,#8480,.T.);
#8525=ORIENTED_EDGE('',*,*,#2439,.F.);
#8526=CARTESIAN_POINT('',(-47.895,-54.395,-1.538322198));
#8527=DIRECTION('',(0.,0.675590208,-0.737277337));
#8528=VECTOR('',#8527,1.351180415);
#8529=LINE('',#8526,#8528);
#8530=EDGE_CURVE('',#2686,#2426,#8529,.T.);
#8531=ORIENTED_EDGE('',*,*,#8530,.F.);
#8532=ORIENTED_EDGE('',*,*,#8166,.F.);
#8533=EDGE_LOOP('',(#8524,#8525,#8531,#8532));
#8534=FACE_BOUND('',#8533,.T.);
#8535=ADVANCED_FACE('',(#8534),#8523,.T.);
#8536=CARTESIAN_POINT('',(53.395,84.635901808,-14.61828116));
#8537=DIRECTION('',(0.707106781,-0.061628417,-0.704416026));
#8538=DIRECTION('',(-0.,0.996194698,-0.087155743));
#8539=AXIS2_PLACEMENT_3D('',#8536,#8537,#8538);
#8540=PLANE('',#8539);
#8541=ORIENTED_EDGE('',*,*,#8505,.T.);
#8542=ORIENTED_EDGE('',*,*,#2668,.F.);
#8543=CARTESIAN_POINT('',(53.395,-47.982155743,-3.015704546));
#8544=DIRECTION('',(0.707106781,0.061628417,0.704416026));
#8545=VECTOR('',#8544,1.414213562);
#8546=LINE('',#8543,#8545);
#8547=EDGE_CURVE('',#2486,#2655,#8546,.T.);
#8548=ORIENTED_EDGE('',*,*,#8547,.F.);
#8549=ORIENTED_EDGE('',*,*,#2491,.F.);
#8550=EDGE_LOOP('',(#8541,#8542,#8548,#8549));
#8551=FACE_BOUND('',#8550,.T.);
#8552=ADVANCED_FACE('',(#8551),#8540,.T.);
#8553=CARTESIAN_POINT('',(-104.25,-53.482155743,-2.534516896));
#8554=DIRECTION('',(0.,-0.737277337,-0.675590208));
#8555=DIRECTION('',(1.,0.,0.));
#8556=AXIS2_PLACEMENT_3D('',#8553,#8554,#8555);
#8557=PLANE('',#8556);
#8558=ORIENTED_EDGE('',*,*,#8530,.T.);
#8559=ORIENTED_EDGE('',*,*,#2511,.F.);
#8560=CARTESIAN_POINT('',(47.895,-54.395,-1.538322198));
#8561=DIRECTION('',(0.,0.675590208,-0.737277337));
#8562=VECTOR('',#8561,1.351180415);
#8563=LINE('',#8560,#8562);
#8564=EDGE_CURVE('',#2694,#2494,#8563,.T.);
#8565=ORIENTED_EDGE('',*,*,#8564,.F.);
#8566=ORIENTED_EDGE('',*,*,#2699,.F.);
#8567=EDGE_LOOP('',(#8558,#8559,#8565,#8566));
#8568=FACE_BOUND('',#8567,.T.);
#8569=ADVANCED_FACE('',(#8568),#8557,.T.);
#8570=CARTESIAN_POINT('',(47.895,-54.395,-1.538322198));
#8571=CARTESIAN_POINT('',(49.599068833,-54.40190478,-1.537811045));
#8572=CARTESIAN_POINT('',(51.286225559,-53.696162596,-1.590056341));
#8573=CARTESIAN_POINT('',(53.696162596,-51.286225559,-1.768461255));
#8574=CARTESIAN_POINT('',(54.40190478,-49.599068833,-1.893359559));
#8575=CARTESIAN_POINT('',(54.395,-47.895,-2.019509848));
#8576=CARTESIAN_POINT('',(47.895,-53.482155743,-2.534516896));
#8577=CARTESIAN_POINT('',(49.336904397,-53.487998249,-2.534005743));
#8578=CARTESIAN_POINT('',(50.76449855,-52.890831786,-2.586251039));
#8579=CARTESIAN_POINT('',(52.803676043,-50.851654293,-2.764655953));
#8580=CARTESIAN_POINT('',(53.400842507,-49.42406014,-2.889554257));
#8581=CARTESIAN_POINT('',(53.395,-47.982155743,-3.015704546));
#8582=B_SPLINE_SURFACE_WITH_KNOTS('',1,3,((#8570,#8571,#8572,#8573,#8574,#8575),(#8576,#8577,#8578,#8579,#8580,#8581)),.UNSPECIFIED.,.F.,.F.,.U.,(2,2),(4,2,4),(0.,1.),(0.,0.785398163,1.570796327),.UNSPECIFIED.);
#8583=ORIENTED_EDGE('',*,*,#8547,.T.);
#8584=ORIENTED_EDGE('',*,*,#8088,.F.);
#8585=ORIENTED_EDGE('',*,*,#8564,.T.);
#8586=ORIENTED_EDGE('',*,*,#2505,.F.);
#8587=EDGE_LOOP('',(#8583,#8584,#8585,#8586));
#8588=FACE_BOUND('',#8587,.T.);
#8589=ADVANCED_FACE('',(#8588),#8582,.T.);
#8590=CARTESIAN_POINT('',(28.809375,-9.353125,-1.813308435));
#8591=DIRECTION('',(0.,0.,-1.));
#8592=DIRECTION('',(-1.,0.,0.));
#8593=AXIS2_PLACEMENT_3D('',#8590,#8591,#8592);
#8594=PLANE('',#8593);
#8595=CARTESIAN_POINT('',(24.309375,-13.103125,-1.813308435));
#8596=VERTEX_POINT('',#8595);
#8597=CARTESIAN_POINT('',(31.809375,-13.103125,-1.813308435));
#8598=VERTEX_POINT('',#8597);
#8599=CARTESIAN_POINT('',(24.309375,-13.103125,-1.813308435));
#8600=DIRECTION('',(1.,0.,-0.));
#8601=VECTOR('',#8600,7.5);
#8602=LINE('',#8599,#8601);
#8603=EDGE_CURVE('',#8596,#8598,#8602,.T.);
#8604=ORIENTED_EDGE('',*,*,#8603,.T.);
#8605=CARTESIAN_POINT('',(31.809375,-5.603125,-1.813308435));
#8606=VERTEX_POINT('',#8605);
#8607=CARTESIAN_POINT('',(31.809375,-13.103125,-1.813308435));
#8608=DIRECTION('',(0.,1.,0.));
#8609=VECTOR('',#8608,7.5);
#8610=LINE('',#8607,#8609);
#8611=EDGE_CURVE('',#8598,#8606,#8610,.T.);
#8612=ORIENTED_EDGE('',*,*,#8611,.T.);
#8613=CARTESIAN_POINT('',(25.809375,-5.603125,-1.813308435));
#8614=VERTEX_POINT('',#8613);
#8615=CARTESIAN_POINT('',(31.809375,-5.603125,-1.813308435));
#8616=DIRECTION('',(-1.,0.,0.));
#8617=VECTOR('',#8616,6.);
#8618=LINE('',#8615,#8617);
#8619=EDGE_CURVE('',#8606,#8614,#8618,.T.);
#8620=ORIENTED_EDGE('',*,*,#8619,.T.);
#8621=CARTESIAN_POINT('',(25.809375,-11.103125,-1.813308435));
#8622=VERTEX_POINT('',#8621);
#8623=CARTESIAN_POINT('',(25.809375,-5.603125,-1.813308435));
#8624=DIRECTION('',(0.,-1.,0.));
#8625=VECTOR('',#8624,5.5);
#8626=LINE('',#8623,#8625);
#8627=EDGE_CURVE('',#8614,#8622,#8626,.T.);
#8628=ORIENTED_EDGE('',*,*,#8627,.T.);
#8629=CARTESIAN_POINT('',(24.309375,-11.103125,-1.813308435));
#8630=VERTEX_POINT('',#8629);
#8631=CARTESIAN_POINT('',(25.809375,-11.103125,-1.813308435));
#8632=DIRECTION('',(-1.,0.,0.));
#8633=VECTOR('',#8632,1.5);
#8634=LINE('',#8631,#8633);
#8635=EDGE_CURVE('',#8622,#8630,#8634,.T.);
#8636=ORIENTED_EDGE('',*,*,#8635,.T.);
#8637=CARTESIAN_POINT('',(24.309375,-13.103125,-1.813308435));
#8638=DIRECTION('',(0.,1.,0.));
#8639=VECTOR('',#8638,2.);
#8640=LINE('',#8637,#8639);
#8641=EDGE_CURVE('',#8596,#8630,#8640,.T.);
#8642=ORIENTED_EDGE('',*,*,#8641,.F.);
#8643=EDGE_LOOP('',(#8604,#8612,#8620,#8628,#8636,#8642));
#8644=FACE_BOUND('',#8643,.T.);
#8645=ADVANCED_FACE('',(#8644),#8594,.F.);
#8646=CARTESIAN_POINT('',(28.809375,-13.103125,-1.498308435));
#8647=DIRECTION('',(0.,-1.,0.));
#8648=DIRECTION('',(0.,0.,-1.));
#8649=AXIS2_PLACEMENT_3D('',#8646,#8647,#8648);
#8650=PLANE('',#8649);
#8651=ORIENTED_EDGE('',*,*,#1011,.F.);
#8652=CARTESIAN_POINT('',(31.809375,-13.103125,0.186691565));
#8653=DIRECTION('',(0.,0.,-1.));
#8654=VECTOR('',#8653,2.);
#8655=LINE('',#8652,#8654);
#8656=EDGE_CURVE('',#1004,#8598,#8655,.T.);
#8657=ORIENTED_EDGE('',*,*,#8656,.T.);
#8658=ORIENTED_EDGE('',*,*,#8603,.F.);
#8659=CARTESIAN_POINT('',(24.309375,-13.103125,0.186691565));
#8660=DIRECTION('',(0.,0.,-1.));
#8661=VECTOR('',#8660,2.);
#8662=LINE('',#8659,#8661);
#8663=EDGE_CURVE('',#1006,#8596,#8662,.T.);
#8664=ORIENTED_EDGE('',*,*,#8663,.F.);
#8665=EDGE_LOOP('',(#8651,#8657,#8658,#8664));
#8666=FACE_BOUND('',#8665,.T.);
#8667=ADVANCED_FACE('',(#8666),#8650,.F.);
#8668=CARTESIAN_POINT('',(31.809375,-9.353125,-1.498308435));
#8669=DIRECTION('',(1.,0.,0.));
#8670=DIRECTION('',(0.,0.,-1.));
#8671=AXIS2_PLACEMENT_3D('',#8668,#8669,#8670);
#8672=PLANE('',#8671);
#8673=ORIENTED_EDGE('',*,*,#8656,.F.);
#8674=ORIENTED_EDGE('',*,*,#1049,.F.);
#8675=CARTESIAN_POINT('',(31.809375,-5.603125,0.186691565));
#8676=DIRECTION('',(0.,0.,-1.));
#8677=VECTOR('',#8676,2.);
#8678=LINE('',#8675,#8677);
#8679=EDGE_CURVE('',#1038,#8606,#8678,.T.);
#8680=ORIENTED_EDGE('',*,*,#8679,.T.);
#8681=ORIENTED_EDGE('',*,*,#8611,.F.);
#8682=EDGE_LOOP('',(#8673,#8674,#8680,#8681));
#8683=FACE_BOUND('',#8682,.T.);
#8684=ADVANCED_FACE('',(#8683),#8672,.F.);
#8685=CARTESIAN_POINT('',(28.809375,-5.603125,-1.498308435));
#8686=DIRECTION('',(0.,1.,0.));
#8687=DIRECTION('',(0.,0.,1.));
#8688=AXIS2_PLACEMENT_3D('',#8685,#8686,#8687);
#8689=PLANE('',#8688);
#8690=ORIENTED_EDGE('',*,*,#8679,.F.);
#8691=ORIENTED_EDGE('',*,*,#1043,.F.);
#8692=CARTESIAN_POINT('',(25.809375,-5.603125,0.186691565));
#8693=DIRECTION('',(0.,0.,-1.));
#8694=VECTOR('',#8693,2.);
#8695=LINE('',#8692,#8694);
#8696=EDGE_CURVE('',#1030,#8614,#8695,.T.);
#8697=ORIENTED_EDGE('',*,*,#8696,.T.);
#8698=ORIENTED_EDGE('',*,*,#8619,.F.);
#8699=EDGE_LOOP('',(#8690,#8691,#8697,#8698));
#8700=FACE_BOUND('',#8699,.T.);
#8701=ADVANCED_FACE('',(#8700),#8689,.F.);
#8702=CARTESIAN_POINT('',(25.809375,-9.353125,-1.498308435));
#8703=DIRECTION('',(-1.,0.,0.));
#8704=DIRECTION('',(0.,0.,1.));
#8705=AXIS2_PLACEMENT_3D('',#8702,#8703,#8704);
#8706=PLANE('',#8705);
#8707=CARTESIAN_POINT('',(25.809375,-11.103125,0.186691565));
#8708=DIRECTION('',(0.,0.,-1.));
#8709=VECTOR('',#8708,2.);
#8710=LINE('',#8707,#8709);
#8711=EDGE_CURVE('',#1022,#8622,#8710,.T.);
#8712=ORIENTED_EDGE('',*,*,#8711,.T.);
#8713=ORIENTED_EDGE('',*,*,#8627,.F.);
#8714=ORIENTED_EDGE('',*,*,#8696,.F.);
#8715=ORIENTED_EDGE('',*,*,#1035,.F.);
#8716=EDGE_LOOP('',(#8712,#8713,#8714,#8715));
#8717=FACE_BOUND('',#8716,.T.);
#8718=ADVANCED_FACE('',(#8717),#8706,.F.);
#8719=CARTESIAN_POINT('',(24.309375,-12.103125,-2.998308435));
#8720=DIRECTION('',(-1.,0.,0.));
#8721=DIRECTION('',(0.,0.,1.));
#8722=AXIS2_PLACEMENT_3D('',#8719,#8720,#8721);
#8723=PLANE('',#8722);
#8724=CARTESIAN_POINT('',(24.309375,-11.103125,-1.813308435));
#8725=DIRECTION('',(0.,0.,1.));
#8726=VECTOR('',#8725,2.);
#8727=LINE('',#8724,#8726);
#8728=EDGE_CURVE('',#8630,#1014,#8727,.T.);
#8729=ORIENTED_EDGE('',*,*,#8728,.T.);
#8730=ORIENTED_EDGE('',*,*,#1019,.T.);
#8731=ORIENTED_EDGE('',*,*,#8663,.T.);
#8732=ORIENTED_EDGE('',*,*,#8641,.T.);
#8733=EDGE_LOOP('',(#8729,#8730,#8731,#8732));
#8734=FACE_BOUND('',#8733,.T.);
#8735=ADVANCED_FACE('',(#8734),#8723,.F.);
#8736=CARTESIAN_POINT('',(25.809375,-11.103125,-2.998308435));
#8737=DIRECTION('',(0.,1.,0.));
#8738=DIRECTION('',(0.,0.,1.));
#8739=AXIS2_PLACEMENT_3D('',#8736,#8737,#8738);
#8740=PLANE('',#8739);
#8741=ORIENTED_EDGE('',*,*,#8635,.F.);
#8742=ORIENTED_EDGE('',*,*,#8711,.F.);
#8743=ORIENTED_EDGE('',*,*,#1027,.T.);
#8744=ORIENTED_EDGE('',*,*,#8728,.F.);
#8745=EDGE_LOOP('',(#8741,#8742,#8743,#8744));
#8746=FACE_BOUND('',#8745,.T.);
#8747=ADVANCED_FACE('',(#8746),#8740,.F.);
#8748=CARTESIAN_POINT('',(-6.909375,-28.403125,-1.813308435));
#8749=DIRECTION('',(0.,0.,-1.));
#8750=DIRECTION('',(-1.,0.,0.));
#8751=AXIS2_PLACEMENT_3D('',#8748,#8749,#8750);
#8752=PLANE('',#8751);
#8753=CARTESIAN_POINT('',(-11.409375,-32.153125,-1.813308435));
#8754=VERTEX_POINT('',#8753);
#8755=CARTESIAN_POINT('',(-3.909375,-32.153125,-1.813308435));
#8756=VERTEX_POINT('',#8755);
#8757=CARTESIAN_POINT('',(-11.409375,-32.153125,-1.813308435));
#8758=DIRECTION('',(1.,0.,-0.));
#8759=VECTOR('',#8758,7.5);
#8760=LINE('',#8757,#8759);
#8761=EDGE_CURVE('',#8754,#8756,#8760,.T.);
#8762=ORIENTED_EDGE('',*,*,#8761,.T.);
#8763=CARTESIAN_POINT('',(-3.909375,-24.653125,-1.813308435));
#8764=VERTEX_POINT('',#8763);
#8765=CARTESIAN_POINT('',(-3.909375,-32.153125,-1.813308435));
#8766=DIRECTION('',(0.,1.,0.));
#8767=VECTOR('',#8766,7.5);
#8768=LINE('',#8765,#8767);
#8769=EDGE_CURVE('',#8756,#8764,#8768,.T.);
#8770=ORIENTED_EDGE('',*,*,#8769,.T.);
#8771=CARTESIAN_POINT('',(-9.909375,-24.653125,-1.813308435));
#8772=VERTEX_POINT('',#8771);
#8773=CARTESIAN_POINT('',(-3.909375,-24.653125,-1.813308435));
#8774=DIRECTION('',(-1.,0.,0.));
#8775=VECTOR('',#8774,6.);
#8776=LINE('',#8773,#8775);
#8777=EDGE_CURVE('',#8764,#8772,#8776,.T.);
#8778=ORIENTED_EDGE('',*,*,#8777,.T.);
#8779=CARTESIAN_POINT('',(-9.909375,-30.153125,-1.813308435));
#8780=VERTEX_POINT('',#8779);
#8781=CARTESIAN_POINT('',(-9.909375,-24.653125,-1.813308435));
#8782=DIRECTION('',(0.,-1.,0.));
#8783=VECTOR('',#8782,5.5);
#8784=LINE('',#8781,#8783);
#8785=EDGE_CURVE('',#8772,#8780,#8784,.T.);
#8786=ORIENTED_EDGE('',*,*,#8785,.T.);
#8787=CARTESIAN_POINT('',(-11.409375,-30.153125,-1.813308435));
#8788=VERTEX_POINT('',#8787);
#8789=CARTESIAN_POINT('',(-9.909375,-30.153125,-1.813308435));
#8790=DIRECTION('',(-1.,0.,0.));
#8791=VECTOR('',#8790,1.5);
#8792=LINE('',#8789,#8791);
#8793=EDGE_CURVE('',#8780,#8788,#8792,.T.);
#8794=ORIENTED_EDGE('',*,*,#8793,.T.);
#8795=CARTESIAN_POINT('',(-11.409375,-32.153125,-1.813308435));
#8796=DIRECTION('',(0.,1.,0.));
#8797=VECTOR('',#8796,2.);
#8798=LINE('',#8795,#8797);
#8799=EDGE_CURVE('',#8754,#8788,#8798,.T.);
#8800=ORIENTED_EDGE('',*,*,#8799,.F.);
#8801=EDGE_LOOP('',(#8762,#8770,#8778,#8786,#8794,#8800));
#8802=FACE_BOUND('',#8801,.T.);
#8803=ADVANCED_FACE('',(#8802),#8752,.F.);
#8804=CARTESIAN_POINT('',(-6.909375,-32.153125,-1.498308435));
#8805=DIRECTION('',(0.,-1.,0.));
#8806=DIRECTION('',(0.,0.,-1.));
#8807=AXIS2_PLACEMENT_3D('',#8804,#8805,#8806);
#8808=PLANE('',#8807);
#8809=ORIENTED_EDGE('',*,*,#961,.F.);
#8810=CARTESIAN_POINT('',(-3.909375,-32.153125,0.186691565));
#8811=DIRECTION('',(0.,0.,-1.));
#8812=VECTOR('',#8811,2.);
#8813=LINE('',#8810,#8812);
#8814=EDGE_CURVE('',#954,#8756,#8813,.T.);
#8815=ORIENTED_EDGE('',*,*,#8814,.T.);
#8816=ORIENTED_EDGE('',*,*,#8761,.F.);
#8817=CARTESIAN_POINT('',(-11.409375,-32.153125,0.186691565));
#8818=DIRECTION('',(0.,0.,-1.));
#8819=VECTOR('',#8818,2.);
#8820=LINE('',#8817,#8819);
#8821=EDGE_CURVE('',#956,#8754,#8820,.T.);
#8822=ORIENTED_EDGE('',*,*,#8821,.F.);
#8823=EDGE_LOOP('',(#8809,#8815,#8816,#8822));
#8824=FACE_BOUND('',#8823,.T.);
#8825=ADVANCED_FACE('',(#8824),#8808,.F.);
#8826=CARTESIAN_POINT('',(-3.909375,-28.403125,-1.498308435));
#8827=DIRECTION('',(1.,0.,0.));
#8828=DIRECTION('',(0.,0.,-1.));
#8829=AXIS2_PLACEMENT_3D('',#8826,#8827,#8828);
#8830=PLANE('',#8829);
#8831=ORIENTED_EDGE('',*,*,#8814,.F.);
#8832=ORIENTED_EDGE('',*,*,#999,.F.);
#8833=CARTESIAN_POINT('',(-3.909375,-24.653125,0.186691565));
#8834=DIRECTION('',(0.,0.,-1.));
#8835=VECTOR('',#8834,2.);
#8836=LINE('',#8833,#8835);
#8837=EDGE_CURVE('',#988,#8764,#8836,.T.);
#8838=ORIENTED_EDGE('',*,*,#8837,.T.);
#8839=ORIENTED_EDGE('',*,*,#8769,.F.);
#8840=EDGE_LOOP('',(#8831,#8832,#8838,#8839));
#8841=FACE_BOUND('',#8840,.T.);
#8842=ADVANCED_FACE('',(#8841),#8830,.F.);
#8843=CARTESIAN_POINT('',(-6.909375,-24.653125,-1.498308435));
#8844=DIRECTION('',(0.,1.,0.));
#8845=DIRECTION('',(0.,0.,1.));
#8846=AXIS2_PLACEMENT_3D('',#8843,#8844,#8845);
#8847=PLANE('',#8846);
#8848=ORIENTED_EDGE('',*,*,#8837,.F.);
#8849=ORIENTED_EDGE('',*,*,#993,.F.);
#8850=CARTESIAN_POINT('',(-9.909375,-24.653125,0.186691565));
#8851=DIRECTION('',(0.,0.,-1.));
#8852=VECTOR('',#8851,2.);
#8853=LINE('',#8850,#8852);
#8854=EDGE_CURVE('',#980,#8772,#8853,.T.);
#8855=ORIENTED_EDGE('',*,*,#8854,.T.);
#8856=ORIENTED_EDGE('',*,*,#8777,.F.);
#8857=EDGE_LOOP('',(#8848,#8849,#8855,#8856));
#8858=FACE_BOUND('',#8857,.T.);
#8859=ADVANCED_FACE('',(#8858),#8847,.F.);
#8860=CARTESIAN_POINT('',(-9.909375,-28.403125,-1.498308435));
#8861=DIRECTION('',(-1.,0.,0.));
#8862=DIRECTION('',(0.,0.,1.));
#8863=AXIS2_PLACEMENT_3D('',#8860,#8861,#8862);
#8864=PLANE('',#8863);
#8865=CARTESIAN_POINT('',(-9.909375,-30.153125,0.186691565));
#8866=DIRECTION('',(0.,0.,-1.));
#8867=VECTOR('',#8866,2.);
#8868=LINE('',#8865,#8867);
#8869=EDGE_CURVE('',#972,#8780,#8868,.T.);
#8870=ORIENTED_EDGE('',*,*,#8869,.T.);
#8871=ORIENTED_EDGE('',*,*,#8785,.F.);
#8872=ORIENTED_EDGE('',*,*,#8854,.F.);
#8873=ORIENTED_EDGE('',*,*,#985,.F.);
#8874=EDGE_LOOP('',(#8870,#8871,#8872,#8873));
#8875=FACE_BOUND('',#8874,.T.);
#8876=ADVANCED_FACE('',(#8875),#8864,.F.);
#8877=CARTESIAN_POINT('',(-11.409375,-31.153125,-2.998308435));
#8878=DIRECTION('',(-1.,0.,0.));
#8879=DIRECTION('',(0.,0.,1.));
#8880=AXIS2_PLACEMENT_3D('',#8877,#8878,#8879);
#8881=PLANE('',#8880);
#8882=CARTESIAN_POINT('',(-11.409375,-30.153125,-1.813308435));
#8883=DIRECTION('',(0.,0.,1.));
#8884=VECTOR('',#8883,2.);
#8885=LINE('',#8882,#8884);
#8886=EDGE_CURVE('',#8788,#964,#8885,.T.);
#8887=ORIENTED_EDGE('',*,*,#8886,.T.);
#8888=ORIENTED_EDGE('',*,*,#969,.T.);
#8889=ORIENTED_EDGE('',*,*,#8821,.T.);
#8890=ORIENTED_EDGE('',*,*,#8799,.T.);
#8891=EDGE_LOOP('',(#8887,#8888,#8889,#8890));
#8892=FACE_BOUND('',#8891,.T.);
#8893=ADVANCED_FACE('',(#8892),#8881,.F.);
#8894=CARTESIAN_POINT('',(-9.909375,-30.153125,-2.998308435));
#8895=DIRECTION('',(0.,1.,0.));
#8896=DIRECTION('',(0.,0.,1.));
#8897=AXIS2_PLACEMENT_3D('',#8894,#8895,#8896);
#8898=PLANE('',#8897);
#8899=ORIENTED_EDGE('',*,*,#8793,.F.);
#8900=ORIENTED_EDGE('',*,*,#8869,.F.);
#8901=ORIENTED_EDGE('',*,*,#977,.T.);
#8902=ORIENTED_EDGE('',*,*,#8886,.F.);
#8903=EDGE_LOOP('',(#8899,#8900,#8901,#8902));
#8904=FACE_BOUND('',#8903,.T.);
#8905=ADVANCED_FACE('',(#8904),#8898,.F.);
#8906=CARTESIAN_POINT('',(-28.575,9.525,-1.813308435));
#8907=DIRECTION('',(0.,0.,-1.));
#8908=DIRECTION('',(-1.,0.,0.));
#8909=AXIS2_PLACEMENT_3D('',#8906,#8907,#8908);
#8910=PLANE('',#8909);
#8911=CARTESIAN_POINT('',(-33.075,5.775,-1.813308435));
#8912=VERTEX_POINT('',#8911);
#8913=CARTESIAN_POINT('',(-25.575,5.775,-1.813308435));
#8914=VERTEX_POINT('',#8913);
#8915=CARTESIAN_POINT('',(-33.075,5.775,-1.813308435));
#8916=DIRECTION('',(1.,0.,-0.));
#8917=VECTOR('',#8916,7.5);
#8918=LINE('',#8915,#8917);
#8919=EDGE_CURVE('',#8912,#8914,#8918,.T.);
#8920=ORIENTED_EDGE('',*,*,#8919,.T.);
#8921=CARTESIAN_POINT('',(-25.575,13.275,-1.813308435));
#8922=VERTEX_POINT('',#8921);
#8923=CARTESIAN_POINT('',(-25.575,5.775,-1.813308435));
#8924=DIRECTION('',(0.,1.,0.));
#8925=VECTOR('',#8924,7.5);
#8926=LINE('',#8923,#8925);
#8927=EDGE_CURVE('',#8914,#8922,#8926,.T.);
#8928=ORIENTED_EDGE('',*,*,#8927,.T.);
#8929=CARTESIAN_POINT('',(-31.575,13.275,-1.813308435));
#8930=VERTEX_POINT('',#8929);
#8931=CARTESIAN_POINT('',(-25.575,13.275,-1.813308435));
#8932=DIRECTION('',(-1.,0.,0.));
#8933=VECTOR('',#8932,6.);
#8934=LINE('',#8931,#8933);
#8935=EDGE_CURVE('',#8922,#8930,#8934,.T.);
#8936=ORIENTED_EDGE('',*,*,#8935,.T.);
#8937=CARTESIAN_POINT('',(-31.575,7.775,-1.813308435));
#8938=VERTEX_POINT('',#8937);
#8939=CARTESIAN_POINT('',(-31.575,13.275,-1.813308435));
#8940=DIRECTION('',(0.,-1.,0.));
#8941=VECTOR('',#8940,5.5);
#8942=LINE('',#8939,#8941);
#8943=EDGE_CURVE('',#8930,#8938,#8942,.T.);
#8944=ORIENTED_EDGE('',*,*,#8943,.T.);
#8945=CARTESIAN_POINT('',(-33.075,7.775,-1.813308435));
#8946=VERTEX_POINT('',#8945);
#8947=CARTESIAN_POINT('',(-31.575,7.775,-1.813308435));
#8948=DIRECTION('',(-1.,0.,0.));
#8949=VECTOR('',#8948,1.5);
#8950=LINE('',#8947,#8949);
#8951=EDGE_CURVE('',#8938,#8946,#8950,.T.);
#8952=ORIENTED_EDGE('',*,*,#8951,.T.);
#8953=CARTESIAN_POINT('',(-33.075,5.775,-1.813308435));
#8954=DIRECTION('',(0.,1.,0.));
#8955=VECTOR('',#8954,2.);
#8956=LINE('',#8953,#8955);
#8957=EDGE_CURVE('',#8912,#8946,#8956,.T.);
#8958=ORIENTED_EDGE('',*,*,#8957,.F.);
#8959=EDGE_LOOP('',(#8920,#8928,#8936,#8944,#8952,#8958));
#8960=FACE_BOUND('',#8959,.T.);
#8961=ADVANCED_FACE('',(#8960),#8910,.F.);
#8962=CARTESIAN_POINT('',(-28.575,5.775,-1.498308435));
#8963=DIRECTION('',(0.,-1.,0.));
#8964=DIRECTION('',(0.,0.,-1.));
#8965=AXIS2_PLACEMENT_3D('',#8962,#8963,#8964);
#8966=PLANE('',#8965);
#8967=ORIENTED_EDGE('',*,*,#911,.F.);
#8968=CARTESIAN_POINT('',(-25.575,5.775,0.186691565));
#8969=DIRECTION('',(0.,0.,-1.));
#8970=VECTOR('',#8969,2.);
#8971=LINE('',#8968,#8970);
#8972=EDGE_CURVE('',#904,#8914,#8971,.T.);
#8973=ORIENTED_EDGE('',*,*,#8972,.T.);
#8974=ORIENTED_EDGE('',*,*,#8919,.F.);
#8975=CARTESIAN_POINT('',(-33.075,5.775,0.186691565));
#8976=DIRECTION('',(0.,0.,-1.));
#8977=VECTOR('',#8976,2.);
#8978=LINE('',#8975,#8977);
#8979=EDGE_CURVE('',#906,#8912,#8978,.T.);
#8980=ORIENTED_EDGE('',*,*,#8979,.F.);
#8981=EDGE_LOOP('',(#8967,#8973,#8974,#8980));
#8982=FACE_BOUND('',#8981,.T.);
#8983=ADVANCED_FACE('',(#8982),#8966,.F.);
#8984=CARTESIAN_POINT('',(-25.575,9.525,-1.498308435));
#8985=DIRECTION('',(1.,0.,0.));
#8986=DIRECTION('',(0.,0.,-1.));
#8987=AXIS2_PLACEMENT_3D('',#8984,#8985,#8986);
#8988=PLANE('',#8987);
#8989=ORIENTED_EDGE('',*,*,#8972,.F.);
#8990=ORIENTED_EDGE('',*,*,#949,.F.);
#8991=CARTESIAN_POINT('',(-25.575,13.275,0.186691565));
#8992=DIRECTION('',(0.,0.,-1.));
#8993=VECTOR('',#8992,2.);
#8994=LINE('',#8991,#8993);
#8995=EDGE_CURVE('',#938,#8922,#8994,.T.);
#8996=ORIENTED_EDGE('',*,*,#8995,.T.);
#8997=ORIENTED_EDGE('',*,*,#8927,.F.);
#8998=EDGE_LOOP('',(#8989,#8990,#8996,#8997));
#8999=FACE_BOUND('',#8998,.T.);
#9000=ADVANCED_FACE('',(#8999),#8988,.F.);
#9001=CARTESIAN_POINT('',(-28.575,13.275,-1.498308435));
#9002=DIRECTION('',(0.,1.,0.));
#9003=DIRECTION('',(0.,0.,1.));
#9004=AXIS2_PLACEMENT_3D('',#9001,#9002,#9003);
#9005=PLANE('',#9004);
#9006=ORIENTED_EDGE('',*,*,#8995,.F.);
#9007=ORIENTED_EDGE('',*,*,#943,.F.);
#9008=CARTESIAN_POINT('',(-31.575,13.275,0.186691565));
#9009=DIRECTION('',(0.,0.,-1.));
#9010=VECTOR('',#9009,2.);
#9011=LINE('',#9008,#9010);
#9012=EDGE_CURVE('',#930,#8930,#9011,.T.);
#9013=ORIENTED_EDGE('',*,*,#9012,.T.);
#9014=ORIENTED_EDGE('',*,*,#8935,.F.);
#9015=EDGE_LOOP('',(#9006,#9007,#9013,#9014));
#9016=FACE_BOUND('',#9015,.T.);
#9017=ADVANCED_FACE('',(#9016),#9005,.F.);
#9018=CARTESIAN_POINT('',(-31.575,9.525,-1.498308435));
#9019=DIRECTION('',(-1.,0.,0.));
#9020=DIRECTION('',(0.,0.,1.));
#9021=AXIS2_PLACEMENT_3D('',#9018,#9019,#9020);
#9022=PLANE('',#9021);
#9023=CARTESIAN_POINT('',(-31.575,7.775,0.186691565));
#9024=DIRECTION('',(0.,0.,-1.));
#9025=VECTOR('',#9024,2.);
#9026=LINE('',#9023,#9025);
#9027=EDGE_CURVE('',#922,#8938,#9026,.T.);
#9028=ORIENTED_EDGE('',*,*,#9027,.T.);
#9029=ORIENTED_EDGE('',*,*,#8943,.F.);
#9030=ORIENTED_EDGE('',*,*,#9012,.F.);
#9031=ORIENTED_EDGE('',*,*,#935,.F.);
#9032=EDGE_LOOP('',(#9028,#9029,#9030,#9031));
#9033=FACE_BOUND('',#9032,.T.);
#9034=ADVANCED_FACE('',(#9033),#9022,.F.);
#9035=CARTESIAN_POINT('',(-33.075,6.775,-2.998308435));
#9036=DIRECTION('',(-1.,0.,0.));
#9037=DIRECTION('',(0.,0.,1.));
#9038=AXIS2_PLACEMENT_3D('',#9035,#9036,#9037);
#9039=PLANE('',#9038);
#9040=CARTESIAN_POINT('',(-33.075,7.775,-1.813308435));
#9041=DIRECTION('',(0.,0.,1.));
#9042=VECTOR('',#9041,2.);
#9043=LINE('',#9040,#9042);
#9044=EDGE_CURVE('',#8946,#914,#9043,.T.);
#9045=ORIENTED_EDGE('',*,*,#9044,.T.);
#9046=ORIENTED_EDGE('',*,*,#919,.T.);
#9047=ORIENTED_EDGE('',*,*,#8979,.T.);
#9048=ORIENTED_EDGE('',*,*,#8957,.T.);
#9049=EDGE_LOOP('',(#9045,#9046,#9047,#9048));
#9050=FACE_BOUND('',#9049,.T.);
#9051=ADVANCED_FACE('',(#9050),#9039,.F.);
#9052=CARTESIAN_POINT('',(-31.575,7.775,-2.998308435));
#9053=DIRECTION('',(0.,1.,0.));
#9054=DIRECTION('',(0.,0.,1.));
#9055=AXIS2_PLACEMENT_3D('',#9052,#9053,#9054);
#9056=PLANE('',#9055);
#9057=ORIENTED_EDGE('',*,*,#8951,.F.);
#9058=ORIENTED_EDGE('',*,*,#9027,.F.);
#9059=ORIENTED_EDGE('',*,*,#927,.T.);
#9060=ORIENTED_EDGE('',*,*,#9044,.F.);
#9061=EDGE_LOOP('',(#9057,#9058,#9059,#9060));
#9062=FACE_BOUND('',#9061,.T.);
#9063=ADVANCED_FACE('',(#9062),#9056,.F.);
#9064=CLOSED_SHELL('',(#68,#99,#132,#309,#576,#632,#686,#717,#748,#897,#2419,#2648,#2679,#2710,#2755,#2780,#2843,#2860,#2877,#2894,#2961,#2979,#3020,#3042,#3086,#3108,
#3125,#3142,#3154,#3194,#3216,#3233,#3250,#3262,#3306,#3328,#3345,#3362,#3374,#3414,#3436,#3453,#3470,#3482,#3522,#3544,#3561,#3578,#3590,#3630,#3652,
#3669,#3686,#3698,#3738,#3760,#3777,#3794,#3806,#3846,#3868,#3885,#3902,#3914,#3954,#3976,#3993,#4010,#4022,#4066,#4088,#4105,#4122,#4134,#4174,#4196,
#4213,#4230,#4242,#4286,#4308,#4325,#4342,#4354,#4394,#4416,#4433,#4450,#4462,#4502,#4524,#4541,#4558,#4570,#4610,#4632,#4649,#4666,#4678,#4718,#4740,
#4757,#4774,#4786,#4826,#4848,#4865,#4882,#4894,#4934,#4956,#4973,#4990,#5002,#5042,#5064,#5081,#5098,#5110,#5150,#5172,#5189,#5206,#5218,#5258,#5280,
#5297,#5314,#5326,#5366,#5388,#5405,#5422,#5434,#5474,#5496,#5513,#5530,#5542,#5582,#5604,#5621,#5638,#5650,#5690,#5712,#5729,#5746,#5758,#5798,#5820,
#5837,#5854,#5866,#5891,#5900,#5925,#5934,#5959,#5968,#5993,#6002,#6027,#6036,#6061,#6070,#6095,#6104,#6129,#6138,#6163,#6172,#6197,#6206,#6231,#6240,
#6265,#6274,#6299,#6308,#6333,#6342,#6367,#6376,#6401,#6410,#6435,#6444,#6469,#6478,#6503,#6512,#6537,#6546,#6571,#6580,#6605,#6614,#6639,#6648,#6673,
#6682,#6707,#6716,#6741,#6750,#6775,#6784,#6809,#6818,#6843,#6852,#6877,#6886,#6911,#6920,#6945,#6954,#6979,#6988,#7013,#7022,#7047,#7056,#7081,#7090,
#7102,#7114,#7131,#7153,#7175,#7197,#7214,#7231,#7248,#7270,#7282,#7294,#7306,#7318,#7330,#7342,#7354,#7366,#7436,#7460,#7523,#7562,#7579,#7596,#7608,
#7629,#7646,#7662,#7688,#7732,#7758,#7802,#7828,#7872,#7898,#7942,#7962,#7982,#8002,#8022,#8058,#8094,#8133,#8172,#8197,#8222,#8234,#8259,#8284,#8296,
#8322,#8347,#8359,#8384,#8409,#8421,#8451,#8468,#8485,#8510,#8535,#8552,#8569,#8589,#8645,#8667,#8684,#8701,#8718,#8735,#8747,#8803,#8825,#8842,#8859,
#8876,#8893,#8905,#8961,#8983,#9000,#9017,#9034,#9051,#9063));
#9065=MANIFOLD_SOLID_BREP('case_bottom',#9064);
#9066=COLOUR_RGB('',0.309803933,0.482352942,0.407843143);
#9067=FILL_AREA_STYLE_COLOUR('',#9066);
#9068=FILL_AREA_STYLE('',(#9067));
#9069=SURFACE_STYLE_FILL_AREA(#9068);
#9070=SURFACE_SIDE_STYLE('',(#9069));
#9071=SURFACE_STYLE_USAGE(.BOTH.,#9070);
#9072=PRESENTATION_STYLE_ASSIGNMENT((#9071));
#26=STYLED_ITEM('',(#9072),#9065);
#16=SHAPE_REPRESENTATION('root',(#15),#10);
#17=ADVANCED_BREP_SHAPE_REPRESENTATION('root',(#9065),#10);
#9080=SHAPE_REPRESENTATION_RELATIONSHIP('','',#16,#17);
#9081=APPLICATION_CONTEXT('configuration controlled 3D design of mechanical parts and assemblies');
#9082=APPLICATION_PROTOCOL_DEFINITION('international standard','configuration_control_3d_design_ed2_mim',2004,#9081);
#9083=PRODUCT_CONTEXT('',#9081,'mechanical');
#9084=PRODUCT_DEFINITION_CONTEXT('part definition',#9081,'design');
#24=PRODUCT('root','root','',(#9083));
#9085=PRODUCT_RELATED_PRODUCT_CATEGORY('part','',(#24));
#9086=PRODUCT_DEFINITION_FORMATION_WITH_SPECIFIED_SOURCE('','',#24,.NOT_KNOWN.);
#25=PRODUCT_DEFINITION('design','',#9086,#9084);
#23=PRODUCT_DEFINITION_SHAPE('','',#25);
#9087=SHAPE_DEFINITION_REPRESENTATION(#23,#16);
#11=DRAUGHTING_MODEL('',(),#10);
#1=MECHANICAL_DESIGN_GEOMETRIC_PRESENTATION_REPRESENTATION('',(#26),#10);
ENDSEC;
END-ISO-10303-21;
