ISO-10303-21;
HEADER;

/* File generated by HOOPS Exchange Version 24.2.0 */

FILE_DESCRIPTION(('HOOPS Exchange Step'),'2;1');

FILE_NAME('C:\\Users\\sou16\\OneDrive\\\X2\30C730B930AF30C830C330D7\X0\\\\X2\81EA4F5C30AD30FC30DC30FC30C9\X0\\\\X2\78C16C1730AD30FC30DC30FC30C9\X0\\\xiao-test\\case_top.stp',
'2026-02-13T20:59:02+09:00',
('sou16'),
('Unknown organisation'),
'HOOPS Exchange 2024.2',
'HOOPS Exchange',
'Unknown authorisation');

FILE_SCHEMA( ('AP203_CONFIGURATION_CONTROLLED_3D_DESIGN_OF_MECHANICAL_PARTS_AND_ASSEMBLIES_MIM_LF') );

ENDSEC;

DATA;
#3=(NAMED_UNIT(*)PLANE_ANGLE_UNIT()SI_UNIT($,.RADIAN.));
#4=PLANE_ANGLE_MEASURE_WITH_UNIT(PLANE_ANGLE_MEASURE(0.0174532925),#3);
#5=(CONVERSION_BASED_UNIT('DEGREE',#4)NAMED_UNIT(#6)PLANE_ANGLE_UNIT());
#6=DIMENSIONAL_EXPONENTS(0.,0.,0.,0.,0.,0.,0.);
#7=(NAMED_UNIT(*)SI_UNIT($,.STERADIAN.)SOLID_ANGLE_UNIT());
#8=(LENGTH_UNIT()NAMED_UNIT(*)SI_UNIT(.MILLI.,.METRE.));
#9=UNCERTAINTY_MEASURE_WITH_UNIT(LENGTH_MEASURE(1.000000E-05),#8,'DISTANCE_ACCURACY_VALUE','Maximum Tolerance applied to model');
#10=(GEOMETRIC_REPRESENTATION_CONTEXT(3)GLOBAL_UNCERTAINTY_ASSIGNED_CONTEXT((#9))GLOBAL_UNIT_ASSIGNED_CONTEXT((#8,#5,#7))REPRESENTATION_CONTEXT('','root'));
#12=CARTESIAN_POINT('',(0.,0.,0.));
#13=DIRECTION('',(0.,0.,1.));
#14=DIRECTION('',(1.,0.,0.));
#15=AXIS2_PLACEMENT_3D('',#12,#13,#14);
#27=CARTESIAN_POINT('',(-104.25,85.2,12.886691565));
#28=DIRECTION('',(0.,0.,1.));
#29=DIRECTION('',(1.,0.,0.));
#30=AXIS2_PLACEMENT_3D('',#27,#28,#29);
#31=PLANE('',#30);
#32=CARTESIAN_POINT('',(-43.951398413,32.387761148,12.886691565));
#33=VERTEX_POINT('',#32);
#34=CARTESIAN_POINT('',(-45.789461273,32.387761148,12.886691565));
#35=DIRECTION('',(-0.,-0.,-1.));
#36=DIRECTION('',(1.,0.,-0.));
#37=AXIS2_PLACEMENT_3D('',#34,#35,#36);
#38=CIRCLE('',#37,1.83806286);
#39=EDGE_CURVE('',#33,#33,#38,.T.);
#40=ORIENTED_EDGE('',*,*,#39,.T.);
#41=EDGE_LOOP('',(#40));
#42=FACE_BOUND('',#41,.T.);
#43=CARTESIAN_POINT('',(-46.13546656,43.808342977,12.886691565));
#44=VERTEX_POINT('',#43);
#45=CARTESIAN_POINT('',(-47.03546656,43.808342977,12.886691565));
#46=DIRECTION('',(-0.,-0.,-1.));
#47=DIRECTION('',(1.,0.,-0.));
#48=AXIS2_PLACEMENT_3D('',#45,#46,#47);
#49=CIRCLE('',#48,0.9);
#50=EDGE_CURVE('',#44,#44,#49,.T.);
#51=ORIENTED_EDGE('',*,*,#50,.T.);
#52=EDGE_LOOP('',(#51));
#53=FACE_BOUND('',#52,.T.);
#54=CARTESIAN_POINT('',(53.395,-47.895,12.886691565));
#55=VERTEX_POINT('',#54);
#56=CARTESIAN_POINT('',(53.395,47.895,12.886691565));
#57=VERTEX_POINT('',#56);
#58=CARTESIAN_POINT('',(53.395,-47.895,12.886691565));
#59=DIRECTION('',(0.,1.,0.));
#60=VECTOR('',#59,95.79);
#61=LINE('',#58,#60);
#62=EDGE_CURVE('',#55,#57,#61,.T.);
#63=ORIENTED_EDGE('',*,*,#62,.T.);
#64=CARTESIAN_POINT('',(47.895,53.395,12.886691565));
#65=VERTEX_POINT('',#64);
#66=CARTESIAN_POINT('',(47.895,47.895,12.886691565));
#67=DIRECTION('',(0.,0.,1.));
#68=DIRECTION('',(1.,0.,-0.));
#69=AXIS2_PLACEMENT_3D('',#66,#67,#68);
#70=CIRCLE('',#69,5.5);
#71=EDGE_CURVE('',#57,#65,#70,.T.);
#72=ORIENTED_EDGE('',*,*,#71,.T.);
#73=CARTESIAN_POINT('',(-47.895,53.395,12.886691565));
#74=VERTEX_POINT('',#73);
#75=CARTESIAN_POINT('',(47.895,53.395,12.886691565));
#76=DIRECTION('',(-1.,0.,0.));
#77=VECTOR('',#76,95.79);
#78=LINE('',#75,#77);
#79=EDGE_CURVE('',#65,#74,#78,.T.);
#80=ORIENTED_EDGE('',*,*,#79,.T.);
#81=CARTESIAN_POINT('',(-53.395,47.895,12.886691565));
#82=VERTEX_POINT('',#81);
#83=CARTESIAN_POINT('',(-47.895,47.895,12.886691565));
#84=DIRECTION('',(0.,0.,1.));
#85=DIRECTION('',(1.,0.,-0.));
#86=AXIS2_PLACEMENT_3D('',#83,#84,#85);
#87=CIRCLE('',#86,5.5);
#88=EDGE_CURVE('',#74,#82,#87,.T.);
#89=ORIENTED_EDGE('',*,*,#88,.T.);
#90=CARTESIAN_POINT('',(-53.395,-47.895,12.886691565));
#91=VERTEX_POINT('',#90);
#92=CARTESIAN_POINT('',(-53.395,47.895,12.886691565));
#93=DIRECTION('',(0.,-1.,0.));
#94=VECTOR('',#93,95.79);
#95=LINE('',#92,#94);
#96=EDGE_CURVE('',#82,#91,#95,.T.);
#97=ORIENTED_EDGE('',*,*,#96,.T.);
#98=CARTESIAN_POINT('',(-47.895,-53.395,12.886691565));
#99=VERTEX_POINT('',#98);
#100=CARTESIAN_POINT('',(-47.895,-47.895,12.886691565));
#101=DIRECTION('',(0.,0.,1.));
#102=DIRECTION('',(1.,0.,-0.));
#103=AXIS2_PLACEMENT_3D('',#100,#101,#102);
#104=CIRCLE('',#103,5.5);
#105=EDGE_CURVE('',#91,#99,#104,.T.);
#106=ORIENTED_EDGE('',*,*,#105,.T.);
#107=CARTESIAN_POINT('',(47.895,-53.395,12.886691565));
#108=VERTEX_POINT('',#107);
#109=CARTESIAN_POINT('',(-47.895,-53.395,12.886691565));
#110=DIRECTION('',(1.,0.,-0.));
#111=VECTOR('',#110,95.79);
#112=LINE('',#109,#111);
#113=EDGE_CURVE('',#99,#108,#112,.T.);
#114=ORIENTED_EDGE('',*,*,#113,.T.);
#115=CARTESIAN_POINT('',(47.895,-47.895,12.886691565));
#116=DIRECTION('',(0.,0.,1.));
#117=DIRECTION('',(1.,0.,-0.));
#118=AXIS2_PLACEMENT_3D('',#115,#116,#117);
#119=CIRCLE('',#118,5.5);
#120=EDGE_CURVE('',#108,#55,#119,.T.);
#121=ORIENTED_EDGE('',*,*,#120,.T.);
#122=EDGE_LOOP('',(#63,#72,#80,#89,#97,#106,#114,#121));
#123=FACE_BOUND('',#122,.T.);
#124=CARTESIAN_POINT('',(-48.775,-46.875,12.886691565));
#125=VERTEX_POINT('',#124);
#126=CARTESIAN_POINT('',(-48.775,27.825,12.886691565));
#127=VERTEX_POINT('',#126);
#128=CARTESIAN_POINT('',(-48.775,-46.875,12.886691565));
#129=DIRECTION('',(0.,1.,0.));
#130=VECTOR('',#129,74.7);
#131=LINE('',#128,#130);
#132=EDGE_CURVE('',#125,#127,#131,.T.);
#133=ORIENTED_EDGE('',*,*,#132,.T.);
#134=CARTESIAN_POINT('',(-46.875,29.725,12.886691565));
#135=VERTEX_POINT('',#134);
#136=CARTESIAN_POINT('',(-46.875,27.825,12.886691565));
#137=DIRECTION('',(-0.,-0.,-1.));
#138=DIRECTION('',(1.,0.,-0.));
#139=AXIS2_PLACEMENT_3D('',#136,#137,#138);
#140=CIRCLE('',#139,1.9);
#141=EDGE_CURVE('',#127,#135,#140,.T.);
#142=ORIENTED_EDGE('',*,*,#141,.T.);
#143=CARTESIAN_POINT('',(46.875,29.725,12.886691565));
#144=VERTEX_POINT('',#143);
#145=CARTESIAN_POINT('',(-46.875,29.725,12.886691565));
#146=DIRECTION('',(1.,0.,-0.));
#147=VECTOR('',#146,93.75);
#148=LINE('',#145,#147);
#149=EDGE_CURVE('',#135,#144,#148,.T.);
#150=ORIENTED_EDGE('',*,*,#149,.T.);
#151=CARTESIAN_POINT('',(48.775,27.825,12.886691565));
#152=VERTEX_POINT('',#151);
#153=CARTESIAN_POINT('',(46.875,27.825,12.886691565));
#154=DIRECTION('',(-0.,-0.,-1.));
#155=DIRECTION('',(1.,0.,-0.));
#156=AXIS2_PLACEMENT_3D('',#153,#154,#155);
#157=CIRCLE('',#156,1.9);
#158=EDGE_CURVE('',#144,#152,#157,.T.);
#159=ORIENTED_EDGE('',*,*,#158,.T.);
#160=CARTESIAN_POINT('',(48.775,-46.875,12.886691565));
#161=VERTEX_POINT('',#160);
#162=CARTESIAN_POINT('',(48.775,27.825,12.886691565));
#163=DIRECTION('',(0.,-1.,0.));
#164=VECTOR('',#163,74.7);
#165=LINE('',#162,#164);
#166=EDGE_CURVE('',#152,#161,#165,.T.);
#167=ORIENTED_EDGE('',*,*,#166,.T.);
#168=CARTESIAN_POINT('',(46.875,-48.775,12.886691565));
#169=VERTEX_POINT('',#168);
#170=CARTESIAN_POINT('',(46.875,-46.875,12.886691565));
#171=DIRECTION('',(-0.,-0.,-1.));
#172=DIRECTION('',(1.,0.,-0.));
#173=AXIS2_PLACEMENT_3D('',#170,#171,#172);
#174=CIRCLE('',#173,1.9);
#175=EDGE_CURVE('',#161,#169,#174,.T.);
#176=ORIENTED_EDGE('',*,*,#175,.T.);
#177=CARTESIAN_POINT('',(-46.875,-48.775,12.886691565));
#178=VERTEX_POINT('',#177);
#179=CARTESIAN_POINT('',(46.875,-48.775,12.886691565));
#180=DIRECTION('',(-1.,0.,0.));
#181=VECTOR('',#180,93.75);
#182=LINE('',#179,#181);
#183=EDGE_CURVE('',#169,#178,#182,.T.);
#184=ORIENTED_EDGE('',*,*,#183,.T.);
#185=CARTESIAN_POINT('',(-46.875,-46.875,12.886691565));
#186=DIRECTION('',(-0.,-0.,-1.));
#187=DIRECTION('',(1.,0.,-0.));
#188=AXIS2_PLACEMENT_3D('',#185,#186,#187);
#189=CIRCLE('',#188,1.9);
#190=EDGE_CURVE('',#178,#125,#189,.T.);
#191=ORIENTED_EDGE('',*,*,#190,.T.);
#192=EDGE_LOOP('',(#133,#142,#150,#159,#167,#176,#184,#191));
#193=FACE_BOUND('',#192,.T.);
#194=ADVANCED_FACE('',(#42,#53,#123,#193),#31,.T.);
#195=CARTESIAN_POINT('',(-60.59298115,43.815824008,4.901691565));
#196=DIRECTION('',(-1.,-0.,-0.));
#197=DIRECTION('',(-0.,0.,1.));
#198=AXIS2_PLACEMENT_3D('',#195,#196,#197);
#199=CYLINDRICAL_SURFACE('',#198,1.75);
#200=CARTESIAN_POINT('',(-53.395,45.565824008,4.901691565));
#201=VERTEX_POINT('',#200);
#202=CARTESIAN_POINT('',(-50.19298115,45.565824008,4.901691565));
#203=VERTEX_POINT('',#202);
#204=CARTESIAN_POINT('',(-53.395,45.565824008,4.901691565));
#205=DIRECTION('',(1.,0.,0.));
#206=VECTOR('',#205,3.20201885);
#207=LINE('',#204,#206);
#208=EDGE_CURVE('',#201,#203,#207,.T.);
#209=ORIENTED_EDGE('',*,*,#208,.F.);
#210=CARTESIAN_POINT('',(-53.395,45.565759721,4.886691565));
#211=VERTEX_POINT('',#210);
#212=CARTESIAN_POINT('',(-53.395,43.815824008,4.901691565));
#213=DIRECTION('',(-1.,-0.,-0.));
#214=DIRECTION('',(0.,0.,-1.));
#215=AXIS2_PLACEMENT_3D('',#212,#213,#214);
#216=CIRCLE('',#215,1.75);
#217=EDGE_CURVE('',#201,#211,#216,.T.);
#218=ORIENTED_EDGE('',*,*,#217,.T.);
#219=CARTESIAN_POINT('',(-50.19298115,45.565759721,4.886691565));
#220=VERTEX_POINT('',#219);
#221=CARTESIAN_POINT('',(-53.395,45.565759721,4.886691565));
#222=DIRECTION('',(1.,0.,0.));
#223=VECTOR('',#222,3.20201885);
#224=LINE('',#221,#223);
#225=EDGE_CURVE('',#211,#220,#224,.T.);
#226=ORIENTED_EDGE('',*,*,#225,.T.);
#227=CARTESIAN_POINT('',(-50.19298115,43.815824008,4.901691565));
#228=DIRECTION('',(-1.,-0.,-0.));
#229=DIRECTION('',(0.,0.,-1.));
#230=AXIS2_PLACEMENT_3D('',#227,#228,#229);
#231=CIRCLE('',#230,1.75);
#232=EDGE_CURVE('',#203,#220,#231,.T.);
#233=ORIENTED_EDGE('',*,*,#232,.F.);
#234=EDGE_LOOP('',(#209,#218,#226,#233));
#235=FACE_BOUND('',#234,.T.);
#236=ADVANCED_FACE('',(#235),#199,.F.);
#237=CARTESIAN_POINT('',(-60.59298115,32.375824008,4.901691565));
#238=DIRECTION('',(-1.,-0.,-0.));
#239=DIRECTION('',(-0.,0.,1.));
#240=AXIS2_PLACEMENT_3D('',#237,#238,#239);
#241=CYLINDRICAL_SURFACE('',#240,1.75);
#242=CARTESIAN_POINT('',(-50.19298115,30.625888295,4.886691565));
#243=VERTEX_POINT('',#242);
#244=CARTESIAN_POINT('',(-53.395,30.625888295,4.886691565));
#245=VERTEX_POINT('',#244);
#246=CARTESIAN_POINT('',(-50.19298115,30.625888295,4.886691565));
#247=DIRECTION('',(-1.,-0.,-0.));
#248=VECTOR('',#247,3.20201885);
#249=LINE('',#246,#248);
#250=EDGE_CURVE('',#243,#245,#249,.T.);
#251=ORIENTED_EDGE('',*,*,#250,.T.);
#252=CARTESIAN_POINT('',(-53.395,30.625824008,4.901691565));
#253=VERTEX_POINT('',#252);
#254=CARTESIAN_POINT('',(-53.395,32.375824008,4.901691565));
#255=DIRECTION('',(-1.,-0.,-0.));
#256=DIRECTION('',(0.,0.,-1.));
#257=AXIS2_PLACEMENT_3D('',#254,#255,#256);
#258=CIRCLE('',#257,1.75);
#259=EDGE_CURVE('',#245,#253,#258,.T.);
#260=ORIENTED_EDGE('',*,*,#259,.T.);
#261=CARTESIAN_POINT('',(-50.19298115,30.625824008,4.901691565));
#262=VERTEX_POINT('',#261);
#263=CARTESIAN_POINT('',(-53.395,30.625824008,4.901691565));
#264=DIRECTION('',(1.,0.,0.));
#265=VECTOR('',#264,3.20201885);
#266=LINE('',#263,#265);
#267=EDGE_CURVE('',#253,#262,#266,.T.);
#268=ORIENTED_EDGE('',*,*,#267,.T.);
#269=CARTESIAN_POINT('',(-50.19298115,32.375824008,4.901691565));
#270=DIRECTION('',(-1.,-0.,-0.));
#271=DIRECTION('',(0.,0.,-1.));
#272=AXIS2_PLACEMENT_3D('',#269,#270,#271);
#273=CIRCLE('',#272,1.75);
#274=EDGE_CURVE('',#243,#262,#273,.T.);
#275=ORIENTED_EDGE('',*,*,#274,.F.);
#276=EDGE_LOOP('',(#251,#260,#268,#275));
#277=FACE_BOUND('',#276,.T.);
#278=ADVANCED_FACE('',(#277),#241,.F.);
#279=CARTESIAN_POINT('',(-60.59298115,30.625824008,6.756691565));
#280=DIRECTION('',(0.,-1.,0.));
#281=DIRECTION('',(0.,-0.,-1.));
#282=AXIS2_PLACEMENT_3D('',#279,#280,#281);
#283=PLANE('',#282);
#284=CARTESIAN_POINT('',(-53.395,30.625824008,8.611691565));
#285=VERTEX_POINT('',#284);
#286=CARTESIAN_POINT('',(-53.395,30.625824008,8.611691565));
#287=DIRECTION('',(0.,-0.,-1.));
#288=VECTOR('',#287,3.71);
#289=LINE('',#286,#288);
#290=EDGE_CURVE('',#285,#253,#289,.T.);
#291=ORIENTED_EDGE('',*,*,#290,.F.);
#292=CARTESIAN_POINT('',(-50.19298115,30.625824008,8.611691565));
#293=VERTEX_POINT('',#292);
#294=CARTESIAN_POINT('',(-53.395,30.625824008,8.611691565));
#295=DIRECTION('',(1.,0.,0.));
#296=VECTOR('',#295,3.20201885);
#297=LINE('',#294,#296);
#298=EDGE_CURVE('',#285,#293,#297,.T.);
#299=ORIENTED_EDGE('',*,*,#298,.T.);
#300=CARTESIAN_POINT('',(-50.19298115,30.625824008,8.611691565));
#301=DIRECTION('',(0.,-0.,-1.));
#302=VECTOR('',#301,3.71);
#303=LINE('',#300,#302);
#304=EDGE_CURVE('',#293,#262,#303,.T.);
#305=ORIENTED_EDGE('',*,*,#304,.T.);
#306=ORIENTED_EDGE('',*,*,#267,.F.);
#307=EDGE_LOOP('',(#291,#299,#305,#306));
#308=FACE_BOUND('',#307,.T.);
#309=ADVANCED_FACE('',(#308),#283,.F.);
#310=CARTESIAN_POINT('',(-60.59298115,32.375824008,8.611691565));
#311=DIRECTION('',(-1.,-0.,-0.));
#312=DIRECTION('',(-0.,0.,1.));
#313=AXIS2_PLACEMENT_3D('',#310,#311,#312);
#314=CYLINDRICAL_SURFACE('',#313,1.75);
#315=ORIENTED_EDGE('',*,*,#298,.F.);
#316=CARTESIAN_POINT('',(-53.395,32.375824008,10.361691565));
#317=VERTEX_POINT('',#316);
#318=CARTESIAN_POINT('',(-53.395,32.375824008,8.611691565));
#319=DIRECTION('',(-1.,-0.,-0.));
#320=DIRECTION('',(0.,0.,-1.));
#321=AXIS2_PLACEMENT_3D('',#318,#319,#320);
#322=CIRCLE('',#321,1.75);
#323=EDGE_CURVE('',#285,#317,#322,.T.);
#324=ORIENTED_EDGE('',*,*,#323,.T.);
#325=CARTESIAN_POINT('',(-50.19298115,32.375824008,10.361691565));
#326=VERTEX_POINT('',#325);
#327=CARTESIAN_POINT('',(-53.395,32.375824008,10.361691565));
#328=DIRECTION('',(1.,0.,0.));
#329=VECTOR('',#328,3.20201885);
#330=LINE('',#327,#329);
#331=EDGE_CURVE('',#317,#326,#330,.T.);
#332=ORIENTED_EDGE('',*,*,#331,.T.);
#333=CARTESIAN_POINT('',(-50.19298115,32.375824008,8.611691565));
#334=DIRECTION('',(-1.,-0.,-0.));
#335=DIRECTION('',(0.,0.,-1.));
#336=AXIS2_PLACEMENT_3D('',#333,#334,#335);
#337=CIRCLE('',#336,1.75);
#338=EDGE_CURVE('',#293,#326,#337,.T.);
#339=ORIENTED_EDGE('',*,*,#338,.F.);
#340=EDGE_LOOP('',(#315,#324,#332,#339));
#341=FACE_BOUND('',#340,.T.);
#342=ADVANCED_FACE('',(#341),#314,.F.);
#343=CARTESIAN_POINT('',(-60.59298115,38.095824008,10.361691565));
#344=DIRECTION('',(-0.,0.,1.));
#345=DIRECTION('',(1.,0.,0.));
#346=AXIS2_PLACEMENT_3D('',#343,#344,#345);
#347=PLANE('',#346);
#348=CARTESIAN_POINT('',(-53.395,43.815824008,10.361691565));
#349=VERTEX_POINT('',#348);
#350=CARTESIAN_POINT('',(-53.395,43.815824008,10.361691565));
#351=DIRECTION('',(0.,-1.,0.));
#352=VECTOR('',#351,11.44);
#353=LINE('',#350,#352);
#354=EDGE_CURVE('',#349,#317,#353,.T.);
#355=ORIENTED_EDGE('',*,*,#354,.F.);
#356=CARTESIAN_POINT('',(-50.19298115,43.815824008,10.361691565));
#357=VERTEX_POINT('',#356);
#358=CARTESIAN_POINT('',(-53.395,43.815824008,10.361691565));
#359=DIRECTION('',(1.,0.,0.));
#360=VECTOR('',#359,3.20201885);
#361=LINE('',#358,#360);
#362=EDGE_CURVE('',#349,#357,#361,.T.);
#363=ORIENTED_EDGE('',*,*,#362,.T.);
#364=CARTESIAN_POINT('',(-50.19298115,43.815824008,10.361691565));
#365=DIRECTION('',(0.,-1.,0.));
#366=VECTOR('',#365,11.44);
#367=LINE('',#364,#366);
#368=EDGE_CURVE('',#357,#326,#367,.T.);
#369=ORIENTED_EDGE('',*,*,#368,.T.);
#370=ORIENTED_EDGE('',*,*,#331,.F.);
#371=EDGE_LOOP('',(#355,#363,#369,#370));
#372=FACE_BOUND('',#371,.T.);
#373=ADVANCED_FACE('',(#372),#347,.F.);
#374=CARTESIAN_POINT('',(-60.59298115,43.815824008,8.611691565));
#375=DIRECTION('',(-1.,-0.,-0.));
#376=DIRECTION('',(-0.,0.,1.));
#377=AXIS2_PLACEMENT_3D('',#374,#375,#376);
#378=CYLINDRICAL_SURFACE('',#377,1.75);
#379=ORIENTED_EDGE('',*,*,#362,.F.);
#380=CARTESIAN_POINT('',(-53.395,45.565824008,8.611691565));
#381=VERTEX_POINT('',#380);
#382=CARTESIAN_POINT('',(-53.395,43.815824008,8.611691565));
#383=DIRECTION('',(-1.,-0.,-0.));
#384=DIRECTION('',(0.,0.,-1.));
#385=AXIS2_PLACEMENT_3D('',#382,#383,#384);
#386=CIRCLE('',#385,1.75);
#387=EDGE_CURVE('',#349,#381,#386,.T.);
#388=ORIENTED_EDGE('',*,*,#387,.T.);
#389=CARTESIAN_POINT('',(-50.19298115,45.565824008,8.611691565));
#390=VERTEX_POINT('',#389);
#391=CARTESIAN_POINT('',(-53.395,45.565824008,8.611691565));
#392=DIRECTION('',(1.,0.,0.));
#393=VECTOR('',#392,3.20201885);
#394=LINE('',#391,#393);
#395=EDGE_CURVE('',#381,#390,#394,.T.);
#396=ORIENTED_EDGE('',*,*,#395,.T.);
#397=CARTESIAN_POINT('',(-50.19298115,43.815824008,8.611691565));
#398=DIRECTION('',(-1.,-0.,-0.));
#399=DIRECTION('',(0.,0.,-1.));
#400=AXIS2_PLACEMENT_3D('',#397,#398,#399);
#401=CIRCLE('',#400,1.75);
#402=EDGE_CURVE('',#357,#390,#401,.T.);
#403=ORIENTED_EDGE('',*,*,#402,.F.);
#404=EDGE_LOOP('',(#379,#388,#396,#403));
#405=FACE_BOUND('',#404,.T.);
#406=ADVANCED_FACE('',(#405),#378,.F.);
#407=CARTESIAN_POINT('',(-60.59298115,45.565824008,6.756691565));
#408=DIRECTION('',(-0.,1.,-0.));
#409=DIRECTION('',(0.,0.,1.));
#410=AXIS2_PLACEMENT_3D('',#407,#408,#409);
#411=PLANE('',#410);
#412=CARTESIAN_POINT('',(-53.395,45.565824008,4.901691565));
#413=DIRECTION('',(-0.,0.,1.));
#414=VECTOR('',#413,3.71);
#415=LINE('',#412,#414);
#416=EDGE_CURVE('',#201,#381,#415,.T.);
#417=ORIENTED_EDGE('',*,*,#416,.F.);
#418=ORIENTED_EDGE('',*,*,#208,.T.);
#419=CARTESIAN_POINT('',(-50.19298115,45.565824008,4.901691565));
#420=DIRECTION('',(-0.,0.,1.));
#421=VECTOR('',#420,3.71);
#422=LINE('',#419,#421);
#423=EDGE_CURVE('',#203,#390,#422,.T.);
#424=ORIENTED_EDGE('',*,*,#423,.T.);
#425=ORIENTED_EDGE('',*,*,#395,.F.);
#426=EDGE_LOOP('',(#417,#418,#424,#425));
#427=FACE_BOUND('',#426,.T.);
#428=ADVANCED_FACE('',(#427),#411,.F.);
#429=CARTESIAN_POINT('',(-54.395,-45.625,5.926325458));
#430=DIRECTION('',(-1.,0.,0.));
#431=DIRECTION('',(0.,0.,1.));
#432=AXIS2_PLACEMENT_3D('',#429,#430,#431);
#433=PLANE('',#432);
#434=CARTESIAN_POINT('',(-54.395,-47.895,11.886691565));
#435=VERTEX_POINT('',#434);
#436=CARTESIAN_POINT('',(-54.395,-47.895,4.886691565));
#437=VERTEX_POINT('',#436);
#438=CARTESIAN_POINT('',(-54.395,-47.895,11.886691565));
#439=DIRECTION('',(0.,0.,-1.));
#440=VECTOR('',#439,7.);
#441=LINE('',#438,#440);
#442=EDGE_CURVE('',#435,#437,#441,.T.);
#443=ORIENTED_EDGE('',*,*,#442,.F.);
#444=CARTESIAN_POINT('',(-54.395,47.895,11.886691565));
#445=VERTEX_POINT('',#444);
#446=CARTESIAN_POINT('',(-54.395,-47.895,11.886691565));
#447=DIRECTION('',(0.,1.,0.));
#448=VECTOR('',#447,95.79);
#449=LINE('',#446,#448);
#450=EDGE_CURVE('',#435,#445,#449,.T.);
#451=ORIENTED_EDGE('',*,*,#450,.T.);
#452=CARTESIAN_POINT('',(-54.395,47.895,4.886691565));
#453=VERTEX_POINT('',#452);
#454=CARTESIAN_POINT('',(-54.395,47.895,11.886691565));
#455=DIRECTION('',(0.,0.,-1.));
#456=VECTOR('',#455,7.);
#457=LINE('',#454,#456);
#458=EDGE_CURVE('',#445,#453,#457,.T.);
#459=ORIENTED_EDGE('',*,*,#458,.T.);
#460=CARTESIAN_POINT('',(-54.395,46.565783099,4.886691565));
#461=VERTEX_POINT('',#460);
#462=CARTESIAN_POINT('',(-54.395,47.895,4.886691565));
#463=DIRECTION('',(-0.,-1.,-0.));
#464=VECTOR('',#463,1.329216901);
#465=LINE('',#462,#464);
#466=EDGE_CURVE('',#453,#461,#465,.T.);
#467=ORIENTED_EDGE('',*,*,#466,.T.);
#468=CARTESIAN_POINT('',(-54.395,46.565824008,4.901691565));
#469=VERTEX_POINT('',#468);
#470=CARTESIAN_POINT('',(-54.395,43.815824008,4.901691565));
#471=DIRECTION('',(-1.,0.,0.));
#472=DIRECTION('',(0.,0.,1.));
#473=AXIS2_PLACEMENT_3D('',#470,#471,#472);
#474=CIRCLE('',#473,2.75);
#475=EDGE_CURVE('',#469,#461,#474,.T.);
#476=ORIENTED_EDGE('',*,*,#475,.F.);
#477=CARTESIAN_POINT('',(-54.395,46.565824008,8.611691565));
#478=VERTEX_POINT('',#477);
#479=CARTESIAN_POINT('',(-54.395,46.565824008,8.611691565));
#480=DIRECTION('',(0.,0.,-1.));
#481=VECTOR('',#480,3.71);
#482=LINE('',#479,#481);
#483=EDGE_CURVE('',#478,#469,#482,.T.);
#484=ORIENTED_EDGE('',*,*,#483,.F.);
#485=CARTESIAN_POINT('',(-54.395,43.815824008,11.361691565));
#486=VERTEX_POINT('',#485);
#487=CARTESIAN_POINT('',(-54.395,43.815824008,8.611691565));
#488=DIRECTION('',(-1.,0.,0.));
#489=DIRECTION('',(0.,0.,1.));
#490=AXIS2_PLACEMENT_3D('',#487,#488,#489);
#491=CIRCLE('',#490,2.75);
#492=EDGE_CURVE('',#486,#478,#491,.T.);
#493=ORIENTED_EDGE('',*,*,#492,.F.);
#494=CARTESIAN_POINT('',(-54.395,32.375824008,11.361691565));
#495=VERTEX_POINT('',#494);
#496=CARTESIAN_POINT('',(-54.395,32.375824008,11.361691565));
#497=DIRECTION('',(-0.,1.,-0.));
#498=VECTOR('',#497,11.44);
#499=LINE('',#496,#498);
#500=EDGE_CURVE('',#495,#486,#499,.T.);
#501=ORIENTED_EDGE('',*,*,#500,.F.);
#502=CARTESIAN_POINT('',(-54.395,29.625824008,8.611691565));
#503=VERTEX_POINT('',#502);
#504=CARTESIAN_POINT('',(-54.395,32.375824008,8.611691565));
#505=DIRECTION('',(-1.,0.,0.));
#506=DIRECTION('',(0.,0.,1.));
#507=AXIS2_PLACEMENT_3D('',#504,#505,#506);
#508=CIRCLE('',#507,2.75);
#509=EDGE_CURVE('',#503,#495,#508,.T.);
#510=ORIENTED_EDGE('',*,*,#509,.F.);
#511=CARTESIAN_POINT('',(-54.395,29.625824008,4.901691565));
#512=VERTEX_POINT('',#511);
#513=CARTESIAN_POINT('',(-54.395,29.625824008,4.901691565));
#514=DIRECTION('',(-0.,0.,1.));
#515=VECTOR('',#514,3.71);
#516=LINE('',#513,#515);
#517=EDGE_CURVE('',#512,#503,#516,.T.);
#518=ORIENTED_EDGE('',*,*,#517,.F.);
#519=CARTESIAN_POINT('',(-54.395,29.625864918,4.886691565));
#520=VERTEX_POINT('',#519);
#521=CARTESIAN_POINT('',(-54.395,32.375824008,4.901691565));
#522=DIRECTION('',(-1.,0.,0.));
#523=DIRECTION('',(0.,0.,1.));
#524=AXIS2_PLACEMENT_3D('',#521,#522,#523);
#525=CIRCLE('',#524,2.75);
#526=EDGE_CURVE('',#520,#512,#525,.T.);
#527=ORIENTED_EDGE('',*,*,#526,.F.);
#528=CARTESIAN_POINT('',(-54.395,-47.895,4.886691565));
#529=DIRECTION('',(0.,1.,0.));
#530=VECTOR('',#529,77.520864918);
#531=LINE('',#528,#530);
#532=EDGE_CURVE('',#437,#520,#531,.T.);
#533=ORIENTED_EDGE('',*,*,#532,.F.);
#534=EDGE_LOOP('',(#443,#451,#459,#467,#476,#484,#493,#501,#510,#518,#527,#533));
#535=FACE_BOUND('',#534,.T.);
#536=ADVANCED_FACE('',(#535),#433,.T.);
#537=CARTESIAN_POINT('',(-104.25,85.2,4.886691565));
#538=DIRECTION('',(0.,0.,1.));
#539=DIRECTION('',(1.,0.,0.));
#540=AXIS2_PLACEMENT_3D('',#537,#538,#539);
#541=PLANE('',#540);
#542=CARTESIAN_POINT('',(-48.511436076,51.125018722,4.886691565));
#543=VERTEX_POINT('',#542);
#544=CARTESIAN_POINT('',(-49.501385654,50.135069313,4.886691565));
#545=DIRECTION('',(0.,-0.,1.));
#546=DIRECTION('',(0.707106841,0.707106721,0.));
#547=AXIS2_PLACEMENT_3D('',#544,#545,#546);
#548=CIRCLE('',#547,1.4);
#549=EDGE_CURVE('',#543,#543,#548,.T.);
#550=ORIENTED_EDGE('',*,*,#549,.T.);
#551=EDGE_LOOP('',(#550));
#552=FACE_BOUND('',#551,.T.);
#553=CARTESIAN_POINT('',(48.662269451,50.604125235,4.886691565));
#554=VERTEX_POINT('',#553);
#555=CARTESIAN_POINT('',(49.826326909,49.826326909,4.886691565));
#556=DIRECTION('',(0.,0.,1.));
#557=DIRECTION('',(-0.831469612,0.555570233,0.));
#558=AXIS2_PLACEMENT_3D('',#555,#556,#557);
#559=CIRCLE('',#558,1.4);
#560=EDGE_CURVE('',#554,#554,#559,.T.);
#561=ORIENTED_EDGE('',*,*,#560,.T.);
#562=EDGE_LOOP('',(#561));
#563=FACE_BOUND('',#562,.T.);
#564=CARTESIAN_POINT('',(48.742659729,-48.939949213,4.886691565));
#565=VERTEX_POINT('',#564);
#566=CARTESIAN_POINT('',(49.826326971,-49.826326847,4.886691565));
#567=DIRECTION('',(0.,0.,1.));
#568=DIRECTION('',(-0.77404803,0.633126881,0.));
#569=AXIS2_PLACEMENT_3D('',#566,#567,#568);
#570=CIRCLE('',#569,1.4);
#571=EDGE_CURVE('',#565,#565,#570,.T.);
#572=ORIENTED_EDGE('',*,*,#571,.T.);
#573=EDGE_LOOP('',(#572));
#574=FACE_BOUND('',#573,.T.);
#575=CARTESIAN_POINT('',(-48.836377859,-48.836376971,4.886691565));
#576=VERTEX_POINT('',#575);
#577=CARTESIAN_POINT('',(-49.826327437,-49.82632638,4.886691565));
#578=DIRECTION('',(0.,-0.,1.));
#579=DIRECTION('',(0.707106841,0.707106721,0.));
#580=AXIS2_PLACEMENT_3D('',#577,#578,#579);
#581=CIRCLE('',#580,1.4);
#582=EDGE_CURVE('',#576,#576,#581,.T.);
#583=ORIENTED_EDGE('',*,*,#582,.T.);
#584=EDGE_LOOP('',(#583));
#585=FACE_BOUND('',#584,.T.);
#586=CARTESIAN_POINT('',(36.975,-31.05,4.886691565));
#587=VERTEX_POINT('',#586);
#588=CARTESIAN_POINT('',(31.05,-31.05,4.886691565));
#589=VERTEX_POINT('',#588);
#590=CARTESIAN_POINT('',(36.975,-31.05,4.886691565));
#591=DIRECTION('',(-1.,-0.,0.));
#592=VECTOR('',#591,5.925);
#593=LINE('',#590,#592);
#594=EDGE_CURVE('',#587,#589,#593,.T.);
#595=ORIENTED_EDGE('',*,*,#594,.T.);
#596=CARTESIAN_POINT('',(27.687132457,-31.05,4.886691565));
#597=VERTEX_POINT('',#596);
#598=CARTESIAN_POINT('',(31.05,-31.05,4.886691565));
#599=DIRECTION('',(-1.,-0.,0.));
#600=VECTOR('',#599,3.362867543);
#601=LINE('',#598,#600);
#602=EDGE_CURVE('',#589,#597,#601,.T.);
#603=ORIENTED_EDGE('',*,*,#602,.T.);
#604=CARTESIAN_POINT('',(21.525,-31.05,4.886691565));
#605=VERTEX_POINT('',#604);
#606=CARTESIAN_POINT('',(27.687132457,-31.05,4.886691565));
#607=DIRECTION('',(-1.,-0.,0.));
#608=VECTOR('',#607,6.162132457);
#609=LINE('',#606,#608);
#610=EDGE_CURVE('',#597,#605,#609,.T.);
#611=ORIENTED_EDGE('',*,*,#610,.T.);
#612=CARTESIAN_POINT('',(20.175,-31.05,4.886691565));
#613=VERTEX_POINT('',#612);
#614=CARTESIAN_POINT('',(21.525,-31.05,4.886691565));
#615=DIRECTION('',(-1.,-0.,0.));
#616=VECTOR('',#615,1.35);
#617=LINE('',#614,#616);
#618=EDGE_CURVE('',#605,#613,#617,.T.);
#619=ORIENTED_EDGE('',*,*,#618,.T.);
#620=CARTESIAN_POINT('',(20.175,-29.3,4.886691565));
#621=VERTEX_POINT('',#620);
#622=CARTESIAN_POINT('',(20.175,-31.05,4.886691565));
#623=DIRECTION('',(0.,1.,0.));
#624=VECTOR('',#623,1.75);
#625=LINE('',#622,#624);
#626=EDGE_CURVE('',#613,#621,#625,.T.);
#627=ORIENTED_EDGE('',*,*,#626,.T.);
#628=CARTESIAN_POINT('',(13.175,-29.3,4.886691565));
#629=VERTEX_POINT('',#628);
#630=CARTESIAN_POINT('',(20.175,-29.3,4.886691565));
#631=DIRECTION('',(-1.,-0.,0.));
#632=VECTOR('',#631,7.);
#633=LINE('',#630,#632);
#634=EDGE_CURVE('',#621,#629,#633,.T.);
#635=ORIENTED_EDGE('',*,*,#634,.T.);
#636=CARTESIAN_POINT('',(13.175,-31.05,4.886691565));
#637=VERTEX_POINT('',#636);
#638=CARTESIAN_POINT('',(13.175,-29.3,4.886691565));
#639=DIRECTION('',(-0.,-1.,-0.));
#640=VECTOR('',#639,1.75);
#641=LINE('',#638,#640);
#642=EDGE_CURVE('',#629,#637,#641,.T.);
#643=ORIENTED_EDGE('',*,*,#642,.T.);
#644=CARTESIAN_POINT('',(12.,-31.05,4.886691565));
#645=VERTEX_POINT('',#644);
#646=CARTESIAN_POINT('',(13.175,-31.05,4.886691565));
#647=DIRECTION('',(-1.,-0.,0.));
#648=VECTOR('',#647,1.175);
#649=LINE('',#646,#648);
#650=EDGE_CURVE('',#637,#645,#649,.T.);
#651=ORIENTED_EDGE('',*,*,#650,.T.);
#652=CARTESIAN_POINT('',(12.,-45.15,4.886691565));
#653=VERTEX_POINT('',#652);
#654=CARTESIAN_POINT('',(12.,-31.05,4.886691565));
#655=DIRECTION('',(-0.,-1.,-0.));
#656=VECTOR('',#655,14.1);
#657=LINE('',#654,#656);
#658=EDGE_CURVE('',#645,#653,#657,.T.);
#659=ORIENTED_EDGE('',*,*,#658,.T.);
#660=CARTESIAN_POINT('',(21.525,-45.15,4.886691565));
#661=VERTEX_POINT('',#660);
#662=CARTESIAN_POINT('',(12.,-45.15,4.886691565));
#663=DIRECTION('',(1.,0.,-0.));
#664=VECTOR('',#663,9.525);
#665=LINE('',#662,#664);
#666=EDGE_CURVE('',#653,#661,#665,.T.);
#667=ORIENTED_EDGE('',*,*,#666,.T.);
#668=CARTESIAN_POINT('',(27.687132457,-45.15,4.886691565));
#669=VERTEX_POINT('',#668);
#670=CARTESIAN_POINT('',(21.525,-45.15,4.886691565));
#671=DIRECTION('',(1.,0.,-0.));
#672=VECTOR('',#671,6.162132457);
#673=LINE('',#670,#672);
#674=EDGE_CURVE('',#661,#669,#673,.T.);
#675=ORIENTED_EDGE('',*,*,#674,.T.);
#676=CARTESIAN_POINT('',(31.05,-45.15,4.886691565));
#677=VERTEX_POINT('',#676);
#678=CARTESIAN_POINT('',(27.687132457,-45.15,4.886691565));
#679=DIRECTION('',(1.,0.,-0.));
#680=VECTOR('',#679,3.362867543);
#681=LINE('',#678,#680);
#682=EDGE_CURVE('',#669,#677,#681,.T.);
#683=ORIENTED_EDGE('',*,*,#682,.T.);
#684=CARTESIAN_POINT('',(38.563183954,-45.15,4.886691565));
#685=VERTEX_POINT('',#684);
#686=CARTESIAN_POINT('',(31.05,-45.15,4.886691565));
#687=DIRECTION('',(1.,0.,-0.));
#688=VECTOR('',#687,7.513183954);
#689=LINE('',#686,#688);
#690=EDGE_CURVE('',#677,#685,#689,.T.);
#691=ORIENTED_EDGE('',*,*,#690,.T.);
#692=CARTESIAN_POINT('',(45.15,-45.15,4.886691565));
#693=VERTEX_POINT('',#692);
#694=CARTESIAN_POINT('',(38.563183954,-45.15,4.886691565));
#695=DIRECTION('',(1.,0.,-0.));
#696=VECTOR('',#695,6.586816046);
#697=LINE('',#694,#696);
#698=EDGE_CURVE('',#685,#693,#697,.T.);
#699=ORIENTED_EDGE('',*,*,#698,.T.);
#700=CARTESIAN_POINT('',(45.15,-31.05,4.886691565));
#701=VERTEX_POINT('',#700);
#702=CARTESIAN_POINT('',(45.15,-45.15,4.886691565));
#703=DIRECTION('',(0.,1.,0.));
#704=VECTOR('',#703,14.1);
#705=LINE('',#702,#704);
#706=EDGE_CURVE('',#693,#701,#705,.T.);
#707=ORIENTED_EDGE('',*,*,#706,.T.);
#708=CARTESIAN_POINT('',(43.975,-31.05,4.886691565));
#709=VERTEX_POINT('',#708);
#710=CARTESIAN_POINT('',(45.15,-31.05,4.886691565));
#711=DIRECTION('',(-1.,-0.,0.));
#712=VECTOR('',#711,1.175);
#713=LINE('',#710,#712);
#714=EDGE_CURVE('',#701,#709,#713,.T.);
#715=ORIENTED_EDGE('',*,*,#714,.T.);
#716=CARTESIAN_POINT('',(43.975,-29.3,4.886691565));
#717=VERTEX_POINT('',#716);
#718=CARTESIAN_POINT('',(43.975,-31.05,4.886691565));
#719=DIRECTION('',(0.,1.,0.));
#720=VECTOR('',#719,1.75);
#721=LINE('',#718,#720);
#722=EDGE_CURVE('',#709,#717,#721,.T.);
#723=ORIENTED_EDGE('',*,*,#722,.T.);
#724=CARTESIAN_POINT('',(36.975,-29.3,4.886691565));
#725=VERTEX_POINT('',#724);
#726=CARTESIAN_POINT('',(43.975,-29.3,4.886691565));
#727=DIRECTION('',(-1.,-0.,0.));
#728=VECTOR('',#727,7.);
#729=LINE('',#726,#728);
#730=EDGE_CURVE('',#717,#725,#729,.T.);
#731=ORIENTED_EDGE('',*,*,#730,.T.);
#732=CARTESIAN_POINT('',(36.975,-29.3,4.886691565));
#733=DIRECTION('',(-0.,-1.,-0.));
#734=VECTOR('',#733,1.75);
#735=LINE('',#732,#734);
#736=EDGE_CURVE('',#725,#587,#735,.T.);
#737=ORIENTED_EDGE('',*,*,#736,.T.);
#738=EDGE_LOOP('',(#595,#603,#611,#619,#627,#635,#643,#651,#659,#667,#675,#683,#691,#699,#707,#715,#723,#731,#737));
#739=FACE_BOUND('',#738,.T.);
#740=CARTESIAN_POINT('',(-20.175,-31.05,4.886691565));
#741=VERTEX_POINT('',#740);
#742=CARTESIAN_POINT('',(-26.1,-31.05,4.886691565));
#743=VERTEX_POINT('',#742);
#744=CARTESIAN_POINT('',(-20.175,-31.05,4.886691565));
#745=DIRECTION('',(-1.,-0.,0.));
#746=VECTOR('',#745,5.925);
#747=LINE('',#744,#746);
#748=EDGE_CURVE('',#741,#743,#747,.T.);
#749=ORIENTED_EDGE('',*,*,#748,.T.);
#750=CARTESIAN_POINT('',(-32.321089155,-31.05,4.886691565));
#751=VERTEX_POINT('',#750);
#752=CARTESIAN_POINT('',(-26.1,-31.05,4.886691565));
#753=DIRECTION('',(-1.,-0.,0.));
#754=VECTOR('',#753,6.221089155);
#755=LINE('',#752,#754);
#756=EDGE_CURVE('',#743,#751,#755,.T.);
#757=ORIENTED_EDGE('',*,*,#756,.T.);
#758=CARTESIAN_POINT('',(-36.975,-31.05,4.886691565));
#759=VERTEX_POINT('',#758);
#760=CARTESIAN_POINT('',(-32.321089155,-31.05,4.886691565));
#761=DIRECTION('',(-1.,-0.,0.));
#762=VECTOR('',#761,4.653910845);
#763=LINE('',#760,#762);
#764=EDGE_CURVE('',#751,#759,#763,.T.);
#765=ORIENTED_EDGE('',*,*,#764,.T.);
#766=CARTESIAN_POINT('',(-36.975,-29.3,4.886691565));
#767=VERTEX_POINT('',#766);
#768=CARTESIAN_POINT('',(-36.975,-31.05,4.886691565));
#769=DIRECTION('',(0.,1.,0.));
#770=VECTOR('',#769,1.75);
#771=LINE('',#768,#770);
#772=EDGE_CURVE('',#759,#767,#771,.T.);
#773=ORIENTED_EDGE('',*,*,#772,.T.);
#774=CARTESIAN_POINT('',(-43.975,-29.3,4.886691565));
#775=VERTEX_POINT('',#774);
#776=CARTESIAN_POINT('',(-36.975,-29.3,4.886691565));
#777=DIRECTION('',(-1.,-0.,0.));
#778=VECTOR('',#777,7.);
#779=LINE('',#776,#778);
#780=EDGE_CURVE('',#767,#775,#779,.T.);
#781=ORIENTED_EDGE('',*,*,#780,.T.);
#782=CARTESIAN_POINT('',(-43.975,-31.05,4.886691565));
#783=VERTEX_POINT('',#782);
#784=CARTESIAN_POINT('',(-43.975,-29.3,4.886691565));
#785=DIRECTION('',(-0.,-1.,-0.));
#786=VECTOR('',#785,1.75);
#787=LINE('',#784,#786);
#788=EDGE_CURVE('',#775,#783,#787,.T.);
#789=ORIENTED_EDGE('',*,*,#788,.T.);
#790=CARTESIAN_POINT('',(-45.15,-31.05,4.886691565));
#791=VERTEX_POINT('',#790);
#792=CARTESIAN_POINT('',(-43.975,-31.05,4.886691565));
#793=DIRECTION('',(-1.,-0.,0.));
#794=VECTOR('',#793,1.175);
#795=LINE('',#792,#794);
#796=EDGE_CURVE('',#783,#791,#795,.T.);
#797=ORIENTED_EDGE('',*,*,#796,.T.);
#798=CARTESIAN_POINT('',(-45.15,-45.15,4.886691565));
#799=VERTEX_POINT('',#798);
#800=CARTESIAN_POINT('',(-45.15,-31.05,4.886691565));
#801=DIRECTION('',(-0.,-1.,-0.));
#802=VECTOR('',#801,14.1);
#803=LINE('',#800,#802);
#804=EDGE_CURVE('',#791,#799,#803,.T.);
#805=ORIENTED_EDGE('',*,*,#804,.T.);
#806=CARTESIAN_POINT('',(-37.255782413,-45.15,4.886691565));
#807=VERTEX_POINT('',#806);
#808=CARTESIAN_POINT('',(-45.15,-45.15,4.886691565));
#809=DIRECTION('',(1.,0.,-0.));
#810=VECTOR('',#809,7.894217587);
#811=LINE('',#808,#810);
#812=EDGE_CURVE('',#799,#807,#811,.T.);
#813=ORIENTED_EDGE('',*,*,#812,.T.);
#814=CARTESIAN_POINT('',(-32.321089155,-45.15,4.886691565));
#815=VERTEX_POINT('',#814);
#816=CARTESIAN_POINT('',(-37.255782413,-45.15,4.886691565));
#817=DIRECTION('',(1.,0.,-0.));
#818=VECTOR('',#817,4.934693258);
#819=LINE('',#816,#818);
#820=EDGE_CURVE('',#807,#815,#819,.T.);
#821=ORIENTED_EDGE('',*,*,#820,.T.);
#822=CARTESIAN_POINT('',(-26.1,-45.15,4.886691565));
#823=VERTEX_POINT('',#822);
#824=CARTESIAN_POINT('',(-32.321089155,-45.15,4.886691565));
#825=DIRECTION('',(1.,0.,-0.));
#826=VECTOR('',#825,6.221089155);
#827=LINE('',#824,#826);
#828=EDGE_CURVE('',#815,#823,#827,.T.);
#829=ORIENTED_EDGE('',*,*,#828,.T.);
#830=CARTESIAN_POINT('',(-20.159198887,-45.15,4.886691565));
#831=VERTEX_POINT('',#830);
#832=CARTESIAN_POINT('',(-26.1,-45.15,4.886691565));
#833=DIRECTION('',(1.,0.,-0.));
#834=VECTOR('',#833,5.940801113);
#835=LINE('',#832,#834);
#836=EDGE_CURVE('',#823,#831,#835,.T.);
#837=ORIENTED_EDGE('',*,*,#836,.T.);
#838=CARTESIAN_POINT('',(-12.,-45.15,4.886691565));
#839=VERTEX_POINT('',#838);
#840=CARTESIAN_POINT('',(-20.159198887,-45.15,4.886691565));
#841=DIRECTION('',(1.,0.,-0.));
#842=VECTOR('',#841,8.159198887);
#843=LINE('',#840,#842);
#844=EDGE_CURVE('',#831,#839,#843,.T.);
#845=ORIENTED_EDGE('',*,*,#844,.T.);
#846=CARTESIAN_POINT('',(-12.,-31.05,4.886691565));
#847=VERTEX_POINT('',#846);
#848=CARTESIAN_POINT('',(-12.,-45.15,4.886691565));
#849=DIRECTION('',(0.,1.,0.));
#850=VECTOR('',#849,14.1);
#851=LINE('',#848,#850);
#852=EDGE_CURVE('',#839,#847,#851,.T.);
#853=ORIENTED_EDGE('',*,*,#852,.T.);
#854=CARTESIAN_POINT('',(-13.175,-31.05,4.886691565));
#855=VERTEX_POINT('',#854);
#856=CARTESIAN_POINT('',(-12.,-31.05,4.886691565));
#857=DIRECTION('',(-1.,-0.,0.));
#858=VECTOR('',#857,1.175);
#859=LINE('',#856,#858);
#860=EDGE_CURVE('',#847,#855,#859,.T.);
#861=ORIENTED_EDGE('',*,*,#860,.T.);
#862=CARTESIAN_POINT('',(-13.175,-29.3,4.886691565));
#863=VERTEX_POINT('',#862);
#864=CARTESIAN_POINT('',(-13.175,-31.05,4.886691565));
#865=DIRECTION('',(0.,1.,0.));
#866=VECTOR('',#865,1.75);
#867=LINE('',#864,#866);
#868=EDGE_CURVE('',#855,#863,#867,.T.);
#869=ORIENTED_EDGE('',*,*,#868,.T.);
#870=CARTESIAN_POINT('',(-20.175,-29.3,4.886691565));
#871=VERTEX_POINT('',#870);
#872=CARTESIAN_POINT('',(-13.175,-29.3,4.886691565));
#873=DIRECTION('',(-1.,-0.,0.));
#874=VECTOR('',#873,7.);
#875=LINE('',#872,#874);
#876=EDGE_CURVE('',#863,#871,#875,.T.);
#877=ORIENTED_EDGE('',*,*,#876,.T.);
#878=CARTESIAN_POINT('',(-20.175,-29.3,4.886691565));
#879=DIRECTION('',(-0.,-1.,-0.));
#880=VECTOR('',#879,1.75);
#881=LINE('',#878,#880);
#882=EDGE_CURVE('',#871,#741,#881,.T.);
#883=ORIENTED_EDGE('',*,*,#882,.T.);
#884=EDGE_LOOP('',(#749,#757,#765,#773,#781,#789,#797,#805,#813,#821,#829,#837,#845,#853,#861,#869,#877,#883));
#885=FACE_BOUND('',#884,.T.);
#886=CARTESIAN_POINT('',(31.05,12.,4.886691565));
#887=VERTEX_POINT('',#886);
#888=CARTESIAN_POINT('',(45.15,12.,4.886691565));
#889=VERTEX_POINT('',#888);
#890=CARTESIAN_POINT('',(31.05,12.,4.886691565));
#891=DIRECTION('',(1.,0.,-0.));
#892=VECTOR('',#891,14.1);
#893=LINE('',#890,#892);
#894=EDGE_CURVE('',#887,#889,#893,.T.);
#895=ORIENTED_EDGE('',*,*,#894,.T.);
#896=CARTESIAN_POINT('',(45.15,26.1,4.886691565));
#897=VERTEX_POINT('',#896);
#898=CARTESIAN_POINT('',(45.15,12.,4.886691565));
#899=DIRECTION('',(0.,1.,0.));
#900=VECTOR('',#899,14.1);
#901=LINE('',#898,#900);
#902=EDGE_CURVE('',#889,#897,#901,.T.);
#903=ORIENTED_EDGE('',*,*,#902,.T.);
#904=CARTESIAN_POINT('',(31.05,26.1,4.886691565));
#905=VERTEX_POINT('',#904);
#906=CARTESIAN_POINT('',(45.15,26.1,4.886691565));
#907=DIRECTION('',(-1.,-0.,0.));
#908=VECTOR('',#907,14.1);
#909=LINE('',#906,#908);
#910=EDGE_CURVE('',#897,#905,#909,.T.);
#911=ORIENTED_EDGE('',*,*,#910,.T.);
#912=CARTESIAN_POINT('',(31.05,26.1,4.886691565));
#913=DIRECTION('',(-0.,-1.,-0.));
#914=VECTOR('',#913,14.1);
#915=LINE('',#912,#914);
#916=EDGE_CURVE('',#905,#887,#915,.T.);
#917=ORIENTED_EDGE('',*,*,#916,.T.);
#918=EDGE_LOOP('',(#895,#903,#911,#917));
#919=FACE_BOUND('',#918,.T.);
#920=CARTESIAN_POINT('',(12.,12.,4.886691565));
#921=VERTEX_POINT('',#920);
#922=CARTESIAN_POINT('',(26.1,12.,4.886691565));
#923=VERTEX_POINT('',#922);
#924=CARTESIAN_POINT('',(12.,12.,4.886691565));
#925=DIRECTION('',(1.,0.,-0.));
#926=VECTOR('',#925,14.1);
#927=LINE('',#924,#926);
#928=EDGE_CURVE('',#921,#923,#927,.T.);
#929=ORIENTED_EDGE('',*,*,#928,.T.);
#930=CARTESIAN_POINT('',(26.1,26.1,4.886691565));
#931=VERTEX_POINT('',#930);
#932=CARTESIAN_POINT('',(26.1,12.,4.886691565));
#933=DIRECTION('',(0.,1.,0.));
#934=VECTOR('',#933,14.1);
#935=LINE('',#932,#934);
#936=EDGE_CURVE('',#923,#931,#935,.T.);
#937=ORIENTED_EDGE('',*,*,#936,.T.);
#938=CARTESIAN_POINT('',(12.,26.1,4.886691565));
#939=VERTEX_POINT('',#938);
#940=CARTESIAN_POINT('',(26.1,26.1,4.886691565));
#941=DIRECTION('',(-1.,-0.,0.));
#942=VECTOR('',#941,14.1);
#943=LINE('',#940,#942);
#944=EDGE_CURVE('',#931,#939,#943,.T.);
#945=ORIENTED_EDGE('',*,*,#944,.T.);
#946=CARTESIAN_POINT('',(12.,26.1,4.886691565));
#947=DIRECTION('',(-0.,-1.,-0.));
#948=VECTOR('',#947,14.1);
#949=LINE('',#946,#948);
#950=EDGE_CURVE('',#939,#921,#949,.T.);
#951=ORIENTED_EDGE('',*,*,#950,.T.);
#952=EDGE_LOOP('',(#929,#937,#945,#951));
#953=FACE_BOUND('',#952,.T.);
#954=CARTESIAN_POINT('',(-7.05,12.,4.886691565));
#955=VERTEX_POINT('',#954);
#956=CARTESIAN_POINT('',(7.05,12.,4.886691565));
#957=VERTEX_POINT('',#956);
#958=CARTESIAN_POINT('',(-7.05,12.,4.886691565));
#959=DIRECTION('',(1.,0.,-0.));
#960=VECTOR('',#959,14.1);
#961=LINE('',#958,#960);
#962=EDGE_CURVE('',#955,#957,#961,.T.);
#963=ORIENTED_EDGE('',*,*,#962,.T.);
#964=CARTESIAN_POINT('',(7.05,26.1,4.886691565));
#965=VERTEX_POINT('',#964);
#966=CARTESIAN_POINT('',(7.05,12.,4.886691565));
#967=DIRECTION('',(0.,1.,0.));
#968=VECTOR('',#967,14.1);
#969=LINE('',#966,#968);
#970=EDGE_CURVE('',#957,#965,#969,.T.);
#971=ORIENTED_EDGE('',*,*,#970,.T.);
#972=CARTESIAN_POINT('',(-7.05,26.1,4.886691565));
#973=VERTEX_POINT('',#972);
#974=CARTESIAN_POINT('',(7.05,26.1,4.886691565));
#975=DIRECTION('',(-1.,-0.,0.));
#976=VECTOR('',#975,14.1);
#977=LINE('',#974,#976);
#978=EDGE_CURVE('',#965,#973,#977,.T.);
#979=ORIENTED_EDGE('',*,*,#978,.T.);
#980=CARTESIAN_POINT('',(-7.05,26.1,4.886691565));
#981=DIRECTION('',(-0.,-1.,-0.));
#982=VECTOR('',#981,14.1);
#983=LINE('',#980,#982);
#984=EDGE_CURVE('',#973,#955,#983,.T.);
#985=ORIENTED_EDGE('',*,*,#984,.T.);
#986=EDGE_LOOP('',(#963,#971,#979,#985));
#987=FACE_BOUND('',#986,.T.);
#988=CARTESIAN_POINT('',(-26.1,12.,4.886691565));
#989=VERTEX_POINT('',#988);
#990=CARTESIAN_POINT('',(-12.,12.,4.886691565));
#991=VERTEX_POINT('',#990);
#992=CARTESIAN_POINT('',(-26.1,12.,4.886691565));
#993=DIRECTION('',(1.,0.,-0.));
#994=VECTOR('',#993,14.1);
#995=LINE('',#992,#994);
#996=EDGE_CURVE('',#989,#991,#995,.T.);
#997=ORIENTED_EDGE('',*,*,#996,.T.);
#998=CARTESIAN_POINT('',(-12.,26.1,4.886691565));
#999=VERTEX_POINT('',#998);
#1000=CARTESIAN_POINT('',(-12.,12.,4.886691565));
#1001=DIRECTION('',(0.,1.,0.));
#1002=VECTOR('',#1001,14.1);
#1003=LINE('',#1000,#1002);
#1004=EDGE_CURVE('',#991,#999,#1003,.T.);
#1005=ORIENTED_EDGE('',*,*,#1004,.T.);
#1006=CARTESIAN_POINT('',(-26.1,26.1,4.886691565));
#1007=VERTEX_POINT('',#1006);
#1008=CARTESIAN_POINT('',(-12.,26.1,4.886691565));
#1009=DIRECTION('',(-1.,-0.,0.));
#1010=VECTOR('',#1009,14.1);
#1011=LINE('',#1008,#1010);
#1012=EDGE_CURVE('',#999,#1007,#1011,.T.);
#1013=ORIENTED_EDGE('',*,*,#1012,.T.);
#1014=CARTESIAN_POINT('',(-26.1,26.1,4.886691565));
#1015=DIRECTION('',(-0.,-1.,-0.));
#1016=VECTOR('',#1015,14.1);
#1017=LINE('',#1014,#1016);
#1018=EDGE_CURVE('',#1007,#989,#1017,.T.);
#1019=ORIENTED_EDGE('',*,*,#1018,.T.);
#1020=EDGE_LOOP('',(#997,#1005,#1013,#1019));
#1021=FACE_BOUND('',#1020,.T.);
#1022=CARTESIAN_POINT('',(-45.15,12.,4.886691565));
#1023=VERTEX_POINT('',#1022);
#1024=CARTESIAN_POINT('',(-31.05,12.,4.886691565));
#1025=VERTEX_POINT('',#1024);
#1026=CARTESIAN_POINT('',(-45.15,12.,4.886691565));
#1027=DIRECTION('',(1.,0.,-0.));
#1028=VECTOR('',#1027,14.1);
#1029=LINE('',#1026,#1028);
#1030=EDGE_CURVE('',#1023,#1025,#1029,.T.);
#1031=ORIENTED_EDGE('',*,*,#1030,.T.);
#1032=CARTESIAN_POINT('',(-31.05,26.1,4.886691565));
#1033=VERTEX_POINT('',#1032);
#1034=CARTESIAN_POINT('',(-31.05,12.,4.886691565));
#1035=DIRECTION('',(0.,1.,0.));
#1036=VECTOR('',#1035,14.1);
#1037=LINE('',#1034,#1036);
#1038=EDGE_CURVE('',#1025,#1033,#1037,.T.);
#1039=ORIENTED_EDGE('',*,*,#1038,.T.);
#1040=CARTESIAN_POINT('',(-45.15,26.1,4.886691565));
#1041=VERTEX_POINT('',#1040);
#1042=CARTESIAN_POINT('',(-31.05,26.1,4.886691565));
#1043=DIRECTION('',(-1.,-0.,0.));
#1044=VECTOR('',#1043,14.1);
#1045=LINE('',#1042,#1044);
#1046=EDGE_CURVE('',#1033,#1041,#1045,.T.);
#1047=ORIENTED_EDGE('',*,*,#1046,.T.);
#1048=CARTESIAN_POINT('',(-45.15,26.1,4.886691565));
#1049=DIRECTION('',(-0.,-1.,-0.));
#1050=VECTOR('',#1049,14.1);
#1051=LINE('',#1048,#1050);
#1052=EDGE_CURVE('',#1041,#1023,#1051,.T.);
#1053=ORIENTED_EDGE('',*,*,#1052,.T.);
#1054=EDGE_LOOP('',(#1031,#1039,#1047,#1053));
#1055=FACE_BOUND('',#1054,.T.);
#1056=CARTESIAN_POINT('',(31.05,-7.05,4.886691565));
#1057=VERTEX_POINT('',#1056);
#1058=CARTESIAN_POINT('',(45.15,-7.05,4.886691565));
#1059=VERTEX_POINT('',#1058);
#1060=CARTESIAN_POINT('',(31.05,-7.05,4.886691565));
#1061=DIRECTION('',(1.,0.,-0.));
#1062=VECTOR('',#1061,14.1);
#1063=LINE('',#1060,#1062);
#1064=EDGE_CURVE('',#1057,#1059,#1063,.T.);
#1065=ORIENTED_EDGE('',*,*,#1064,.T.);
#1066=CARTESIAN_POINT('',(45.15,7.05,4.886691565));
#1067=VERTEX_POINT('',#1066);
#1068=CARTESIAN_POINT('',(45.15,-7.05,4.886691565));
#1069=DIRECTION('',(0.,1.,0.));
#1070=VECTOR('',#1069,14.1);
#1071=LINE('',#1068,#1070);
#1072=EDGE_CURVE('',#1059,#1067,#1071,.T.);
#1073=ORIENTED_EDGE('',*,*,#1072,.T.);
#1074=CARTESIAN_POINT('',(31.05,7.05,4.886691565));
#1075=VERTEX_POINT('',#1074);
#1076=CARTESIAN_POINT('',(45.15,7.05,4.886691565));
#1077=DIRECTION('',(-1.,-0.,0.));
#1078=VECTOR('',#1077,14.1);
#1079=LINE('',#1076,#1078);
#1080=EDGE_CURVE('',#1067,#1075,#1079,.T.);
#1081=ORIENTED_EDGE('',*,*,#1080,.T.);
#1082=CARTESIAN_POINT('',(31.05,7.05,4.886691565));
#1083=DIRECTION('',(-0.,-1.,-0.));
#1084=VECTOR('',#1083,14.1);
#1085=LINE('',#1082,#1084);
#1086=EDGE_CURVE('',#1075,#1057,#1085,.T.);
#1087=ORIENTED_EDGE('',*,*,#1086,.T.);
#1088=EDGE_LOOP('',(#1065,#1073,#1081,#1087));
#1089=FACE_BOUND('',#1088,.T.);
#1090=CARTESIAN_POINT('',(12.,-7.05,4.886691565));
#1091=VERTEX_POINT('',#1090);
#1092=CARTESIAN_POINT('',(26.1,-7.05,4.886691565));
#1093=VERTEX_POINT('',#1092);
#1094=CARTESIAN_POINT('',(12.,-7.05,4.886691565));
#1095=DIRECTION('',(1.,0.,-0.));
#1096=VECTOR('',#1095,14.1);
#1097=LINE('',#1094,#1096);
#1098=EDGE_CURVE('',#1091,#1093,#1097,.T.);
#1099=ORIENTED_EDGE('',*,*,#1098,.T.);
#1100=CARTESIAN_POINT('',(26.1,7.05,4.886691565));
#1101=VERTEX_POINT('',#1100);
#1102=CARTESIAN_POINT('',(26.1,-7.05,4.886691565));
#1103=DIRECTION('',(0.,1.,0.));
#1104=VECTOR('',#1103,14.1);
#1105=LINE('',#1102,#1104);
#1106=EDGE_CURVE('',#1093,#1101,#1105,.T.);
#1107=ORIENTED_EDGE('',*,*,#1106,.T.);
#1108=CARTESIAN_POINT('',(12.,7.05,4.886691565));
#1109=VERTEX_POINT('',#1108);
#1110=CARTESIAN_POINT('',(26.1,7.05,4.886691565));
#1111=DIRECTION('',(-1.,-0.,0.));
#1112=VECTOR('',#1111,14.1);
#1113=LINE('',#1110,#1112);
#1114=EDGE_CURVE('',#1101,#1109,#1113,.T.);
#1115=ORIENTED_EDGE('',*,*,#1114,.T.);
#1116=CARTESIAN_POINT('',(12.,7.05,4.886691565));
#1117=DIRECTION('',(-0.,-1.,-0.));
#1118=VECTOR('',#1117,14.1);
#1119=LINE('',#1116,#1118);
#1120=EDGE_CURVE('',#1109,#1091,#1119,.T.);
#1121=ORIENTED_EDGE('',*,*,#1120,.T.);
#1122=EDGE_LOOP('',(#1099,#1107,#1115,#1121));
#1123=FACE_BOUND('',#1122,.T.);
#1124=CARTESIAN_POINT('',(-7.05,-7.05,4.886691565));
#1125=VERTEX_POINT('',#1124);
#1126=CARTESIAN_POINT('',(7.05,-7.05,4.886691565));
#1127=VERTEX_POINT('',#1126);
#1128=CARTESIAN_POINT('',(-7.05,-7.05,4.886691565));
#1129=DIRECTION('',(1.,0.,-0.));
#1130=VECTOR('',#1129,14.1);
#1131=LINE('',#1128,#1130);
#1132=EDGE_CURVE('',#1125,#1127,#1131,.T.);
#1133=ORIENTED_EDGE('',*,*,#1132,.T.);
#1134=CARTESIAN_POINT('',(7.05,7.05,4.886691565));
#1135=VERTEX_POINT('',#1134);
#1136=CARTESIAN_POINT('',(7.05,-7.05,4.886691565));
#1137=DIRECTION('',(0.,1.,0.));
#1138=VECTOR('',#1137,14.1);
#1139=LINE('',#1136,#1138);
#1140=EDGE_CURVE('',#1127,#1135,#1139,.T.);
#1141=ORIENTED_EDGE('',*,*,#1140,.T.);
#1142=CARTESIAN_POINT('',(-7.05,7.05,4.886691565));
#1143=VERTEX_POINT('',#1142);
#1144=CARTESIAN_POINT('',(7.05,7.05,4.886691565));
#1145=DIRECTION('',(-1.,-0.,0.));
#1146=VECTOR('',#1145,14.1);
#1147=LINE('',#1144,#1146);
#1148=EDGE_CURVE('',#1135,#1143,#1147,.T.);
#1149=ORIENTED_EDGE('',*,*,#1148,.T.);
#1150=CARTESIAN_POINT('',(-7.05,7.05,4.886691565));
#1151=DIRECTION('',(-0.,-1.,-0.));
#1152=VECTOR('',#1151,14.1);
#1153=LINE('',#1150,#1152);
#1154=EDGE_CURVE('',#1143,#1125,#1153,.T.);
#1155=ORIENTED_EDGE('',*,*,#1154,.T.);
#1156=EDGE_LOOP('',(#1133,#1141,#1149,#1155));
#1157=FACE_BOUND('',#1156,.T.);
#1158=CARTESIAN_POINT('',(-26.1,-7.05,4.886691565));
#1159=VERTEX_POINT('',#1158);
#1160=CARTESIAN_POINT('',(-12.,-7.05,4.886691565));
#1161=VERTEX_POINT('',#1160);
#1162=CARTESIAN_POINT('',(-26.1,-7.05,4.886691565));
#1163=DIRECTION('',(1.,0.,-0.));
#1164=VECTOR('',#1163,14.1);
#1165=LINE('',#1162,#1164);
#1166=EDGE_CURVE('',#1159,#1161,#1165,.T.);
#1167=ORIENTED_EDGE('',*,*,#1166,.T.);
#1168=CARTESIAN_POINT('',(-12.,7.05,4.886691565));
#1169=VERTEX_POINT('',#1168);
#1170=CARTESIAN_POINT('',(-12.,-7.05,4.886691565));
#1171=DIRECTION('',(0.,1.,0.));
#1172=VECTOR('',#1171,14.1);
#1173=LINE('',#1170,#1172);
#1174=EDGE_CURVE('',#1161,#1169,#1173,.T.);
#1175=ORIENTED_EDGE('',*,*,#1174,.T.);
#1176=CARTESIAN_POINT('',(-26.1,7.05,4.886691565));
#1177=VERTEX_POINT('',#1176);
#1178=CARTESIAN_POINT('',(-12.,7.05,4.886691565));
#1179=DIRECTION('',(-1.,-0.,0.));
#1180=VECTOR('',#1179,14.1);
#1181=LINE('',#1178,#1180);
#1182=EDGE_CURVE('',#1169,#1177,#1181,.T.);
#1183=ORIENTED_EDGE('',*,*,#1182,.T.);
#1184=CARTESIAN_POINT('',(-26.1,7.05,4.886691565));
#1185=DIRECTION('',(-0.,-1.,-0.));
#1186=VECTOR('',#1185,14.1);
#1187=LINE('',#1184,#1186);
#1188=EDGE_CURVE('',#1177,#1159,#1187,.T.);
#1189=ORIENTED_EDGE('',*,*,#1188,.T.);
#1190=EDGE_LOOP('',(#1167,#1175,#1183,#1189));
#1191=FACE_BOUND('',#1190,.T.);
#1192=CARTESIAN_POINT('',(-45.15,-7.05,4.886691565));
#1193=VERTEX_POINT('',#1192);
#1194=CARTESIAN_POINT('',(-31.05,-7.05,4.886691565));
#1195=VERTEX_POINT('',#1194);
#1196=CARTESIAN_POINT('',(-45.15,-7.05,4.886691565));
#1197=DIRECTION('',(1.,0.,-0.));
#1198=VECTOR('',#1197,14.1);
#1199=LINE('',#1196,#1198);
#1200=EDGE_CURVE('',#1193,#1195,#1199,.T.);
#1201=ORIENTED_EDGE('',*,*,#1200,.T.);
#1202=CARTESIAN_POINT('',(-31.05,7.05,4.886691565));
#1203=VERTEX_POINT('',#1202);
#1204=CARTESIAN_POINT('',(-31.05,-7.05,4.886691565));
#1205=DIRECTION('',(0.,1.,0.));
#1206=VECTOR('',#1205,14.1);
#1207=LINE('',#1204,#1206);
#1208=EDGE_CURVE('',#1195,#1203,#1207,.T.);
#1209=ORIENTED_EDGE('',*,*,#1208,.T.);
#1210=CARTESIAN_POINT('',(-45.15,7.05,4.886691565));
#1211=VERTEX_POINT('',#1210);
#1212=CARTESIAN_POINT('',(-31.05,7.05,4.886691565));
#1213=DIRECTION('',(-1.,-0.,0.));
#1214=VECTOR('',#1213,14.1);
#1215=LINE('',#1212,#1214);
#1216=EDGE_CURVE('',#1203,#1211,#1215,.T.);
#1217=ORIENTED_EDGE('',*,*,#1216,.T.);
#1218=CARTESIAN_POINT('',(-45.15,7.05,4.886691565));
#1219=DIRECTION('',(-0.,-1.,-0.));
#1220=VECTOR('',#1219,14.1);
#1221=LINE('',#1218,#1220);
#1222=EDGE_CURVE('',#1211,#1193,#1221,.T.);
#1223=ORIENTED_EDGE('',*,*,#1222,.T.);
#1224=EDGE_LOOP('',(#1201,#1209,#1217,#1223));
#1225=FACE_BOUND('',#1224,.T.);
#1226=CARTESIAN_POINT('',(31.05,-26.1,4.886691565));
#1227=VERTEX_POINT('',#1226);
#1228=CARTESIAN_POINT('',(45.15,-26.1,4.886691565));
#1229=VERTEX_POINT('',#1228);
#1230=CARTESIAN_POINT('',(31.05,-26.1,4.886691565));
#1231=DIRECTION('',(1.,0.,-0.));
#1232=VECTOR('',#1231,14.1);
#1233=LINE('',#1230,#1232);
#1234=EDGE_CURVE('',#1227,#1229,#1233,.T.);
#1235=ORIENTED_EDGE('',*,*,#1234,.T.);
#1236=CARTESIAN_POINT('',(45.15,-12.,4.886691565));
#1237=VERTEX_POINT('',#1236);
#1238=CARTESIAN_POINT('',(45.15,-26.1,4.886691565));
#1239=DIRECTION('',(0.,1.,0.));
#1240=VECTOR('',#1239,14.1);
#1241=LINE('',#1238,#1240);
#1242=EDGE_CURVE('',#1229,#1237,#1241,.T.);
#1243=ORIENTED_EDGE('',*,*,#1242,.T.);
#1244=CARTESIAN_POINT('',(31.05,-12.,4.886691565));
#1245=VERTEX_POINT('',#1244);
#1246=CARTESIAN_POINT('',(45.15,-12.,4.886691565));
#1247=DIRECTION('',(-1.,-0.,0.));
#1248=VECTOR('',#1247,14.1);
#1249=LINE('',#1246,#1248);
#1250=EDGE_CURVE('',#1237,#1245,#1249,.T.);
#1251=ORIENTED_EDGE('',*,*,#1250,.T.);
#1252=CARTESIAN_POINT('',(31.05,-12.,4.886691565));
#1253=DIRECTION('',(-0.,-1.,-0.));
#1254=VECTOR('',#1253,14.1);
#1255=LINE('',#1252,#1254);
#1256=EDGE_CURVE('',#1245,#1227,#1255,.T.);
#1257=ORIENTED_EDGE('',*,*,#1256,.T.);
#1258=EDGE_LOOP('',(#1235,#1243,#1251,#1257));
#1259=FACE_BOUND('',#1258,.T.);
#1260=CARTESIAN_POINT('',(12.,-26.1,4.886691565));
#1261=VERTEX_POINT('',#1260);
#1262=CARTESIAN_POINT('',(26.1,-26.1,4.886691565));
#1263=VERTEX_POINT('',#1262);
#1264=CARTESIAN_POINT('',(12.,-26.1,4.886691565));
#1265=DIRECTION('',(1.,0.,-0.));
#1266=VECTOR('',#1265,14.1);
#1267=LINE('',#1264,#1266);
#1268=EDGE_CURVE('',#1261,#1263,#1267,.T.);
#1269=ORIENTED_EDGE('',*,*,#1268,.T.);
#1270=CARTESIAN_POINT('',(26.1,-12.,4.886691565));
#1271=VERTEX_POINT('',#1270);
#1272=CARTESIAN_POINT('',(26.1,-26.1,4.886691565));
#1273=DIRECTION('',(0.,1.,0.));
#1274=VECTOR('',#1273,14.1);
#1275=LINE('',#1272,#1274);
#1276=EDGE_CURVE('',#1263,#1271,#1275,.T.);
#1277=ORIENTED_EDGE('',*,*,#1276,.T.);
#1278=CARTESIAN_POINT('',(12.,-12.,4.886691565));
#1279=VERTEX_POINT('',#1278);
#1280=CARTESIAN_POINT('',(26.1,-12.,4.886691565));
#1281=DIRECTION('',(-1.,-0.,0.));
#1282=VECTOR('',#1281,14.1);
#1283=LINE('',#1280,#1282);
#1284=EDGE_CURVE('',#1271,#1279,#1283,.T.);
#1285=ORIENTED_EDGE('',*,*,#1284,.T.);
#1286=CARTESIAN_POINT('',(12.,-12.,4.886691565));
#1287=DIRECTION('',(-0.,-1.,-0.));
#1288=VECTOR('',#1287,14.1);
#1289=LINE('',#1286,#1288);
#1290=EDGE_CURVE('',#1279,#1261,#1289,.T.);
#1291=ORIENTED_EDGE('',*,*,#1290,.T.);
#1292=EDGE_LOOP('',(#1269,#1277,#1285,#1291));
#1293=FACE_BOUND('',#1292,.T.);
#1294=CARTESIAN_POINT('',(-7.05,-26.1,4.886691565));
#1295=VERTEX_POINT('',#1294);
#1296=CARTESIAN_POINT('',(7.05,-26.1,4.886691565));
#1297=VERTEX_POINT('',#1296);
#1298=CARTESIAN_POINT('',(-7.05,-26.1,4.886691565));
#1299=DIRECTION('',(1.,0.,-0.));
#1300=VECTOR('',#1299,14.1);
#1301=LINE('',#1298,#1300);
#1302=EDGE_CURVE('',#1295,#1297,#1301,.T.);
#1303=ORIENTED_EDGE('',*,*,#1302,.T.);
#1304=CARTESIAN_POINT('',(7.05,-12.,4.886691565));
#1305=VERTEX_POINT('',#1304);
#1306=CARTESIAN_POINT('',(7.05,-26.1,4.886691565));
#1307=DIRECTION('',(0.,1.,0.));
#1308=VECTOR('',#1307,14.1);
#1309=LINE('',#1306,#1308);
#1310=EDGE_CURVE('',#1297,#1305,#1309,.T.);
#1311=ORIENTED_EDGE('',*,*,#1310,.T.);
#1312=CARTESIAN_POINT('',(-7.05,-12.,4.886691565));
#1313=VERTEX_POINT('',#1312);
#1314=CARTESIAN_POINT('',(7.05,-12.,4.886691565));
#1315=DIRECTION('',(-1.,-0.,0.));
#1316=VECTOR('',#1315,14.1);
#1317=LINE('',#1314,#1316);
#1318=EDGE_CURVE('',#1305,#1313,#1317,.T.);
#1319=ORIENTED_EDGE('',*,*,#1318,.T.);
#1320=CARTESIAN_POINT('',(-7.05,-12.,4.886691565));
#1321=DIRECTION('',(-0.,-1.,-0.));
#1322=VECTOR('',#1321,14.1);
#1323=LINE('',#1320,#1322);
#1324=EDGE_CURVE('',#1313,#1295,#1323,.T.);
#1325=ORIENTED_EDGE('',*,*,#1324,.T.);
#1326=EDGE_LOOP('',(#1303,#1311,#1319,#1325));
#1327=FACE_BOUND('',#1326,.T.);
#1328=CARTESIAN_POINT('',(-26.1,-26.1,4.886691565));
#1329=VERTEX_POINT('',#1328);
#1330=CARTESIAN_POINT('',(-12.,-26.1,4.886691565));
#1331=VERTEX_POINT('',#1330);
#1332=CARTESIAN_POINT('',(-26.1,-26.1,4.886691565));
#1333=DIRECTION('',(1.,0.,-0.));
#1334=VECTOR('',#1333,14.1);
#1335=LINE('',#1332,#1334);
#1336=EDGE_CURVE('',#1329,#1331,#1335,.T.);
#1337=ORIENTED_EDGE('',*,*,#1336,.T.);
#1338=CARTESIAN_POINT('',(-12.,-12.,4.886691565));
#1339=VERTEX_POINT('',#1338);
#1340=CARTESIAN_POINT('',(-12.,-26.1,4.886691565));
#1341=DIRECTION('',(0.,1.,0.));
#1342=VECTOR('',#1341,14.1);
#1343=LINE('',#1340,#1342);
#1344=EDGE_CURVE('',#1331,#1339,#1343,.T.);
#1345=ORIENTED_EDGE('',*,*,#1344,.T.);
#1346=CARTESIAN_POINT('',(-26.1,-12.,4.886691565));
#1347=VERTEX_POINT('',#1346);
#1348=CARTESIAN_POINT('',(-12.,-12.,4.886691565));
#1349=DIRECTION('',(-1.,-0.,0.));
#1350=VECTOR('',#1349,14.1);
#1351=LINE('',#1348,#1350);
#1352=EDGE_CURVE('',#1339,#1347,#1351,.T.);
#1353=ORIENTED_EDGE('',*,*,#1352,.T.);
#1354=CARTESIAN_POINT('',(-26.1,-12.,4.886691565));
#1355=DIRECTION('',(-0.,-1.,-0.));
#1356=VECTOR('',#1355,14.1);
#1357=LINE('',#1354,#1356);
#1358=EDGE_CURVE('',#1347,#1329,#1357,.T.);
#1359=ORIENTED_EDGE('',*,*,#1358,.T.);
#1360=EDGE_LOOP('',(#1337,#1345,#1353,#1359));
#1361=FACE_BOUND('',#1360,.T.);
#1362=CARTESIAN_POINT('',(-45.15,-26.1,4.886691565));
#1363=VERTEX_POINT('',#1362);
#1364=CARTESIAN_POINT('',(-31.05,-26.1,4.886691565));
#1365=VERTEX_POINT('',#1364);
#1366=CARTESIAN_POINT('',(-45.15,-26.1,4.886691565));
#1367=DIRECTION('',(1.,0.,-0.));
#1368=VECTOR('',#1367,14.1);
#1369=LINE('',#1366,#1368);
#1370=EDGE_CURVE('',#1363,#1365,#1369,.T.);
#1371=ORIENTED_EDGE('',*,*,#1370,.T.);
#1372=CARTESIAN_POINT('',(-31.05,-12.,4.886691565));
#1373=VERTEX_POINT('',#1372);
#1374=CARTESIAN_POINT('',(-31.05,-26.1,4.886691565));
#1375=DIRECTION('',(0.,1.,0.));
#1376=VECTOR('',#1375,14.1);
#1377=LINE('',#1374,#1376);
#1378=EDGE_CURVE('',#1365,#1373,#1377,.T.);
#1379=ORIENTED_EDGE('',*,*,#1378,.T.);
#1380=CARTESIAN_POINT('',(-45.15,-12.,4.886691565));
#1381=VERTEX_POINT('',#1380);
#1382=CARTESIAN_POINT('',(-31.05,-12.,4.886691565));
#1383=DIRECTION('',(-1.,-0.,0.));
#1384=VECTOR('',#1383,14.1);
#1385=LINE('',#1382,#1384);
#1386=EDGE_CURVE('',#1373,#1381,#1385,.T.);
#1387=ORIENTED_EDGE('',*,*,#1386,.T.);
#1388=CARTESIAN_POINT('',(-45.15,-12.,4.886691565));
#1389=DIRECTION('',(-0.,-1.,-0.));
#1390=VECTOR('',#1389,14.1);
#1391=LINE('',#1388,#1390);
#1392=EDGE_CURVE('',#1381,#1363,#1391,.T.);
#1393=ORIENTED_EDGE('',*,*,#1392,.T.);
#1394=EDGE_LOOP('',(#1371,#1379,#1387,#1393));
#1395=FACE_BOUND('',#1394,.T.);
#1396=CARTESIAN_POINT('',(-7.05,-45.15,4.886691565));
#1397=VERTEX_POINT('',#1396);
#1398=CARTESIAN_POINT('',(7.05,-45.15,4.886691565));
#1399=VERTEX_POINT('',#1398);
#1400=CARTESIAN_POINT('',(-7.05,-45.15,4.886691565));
#1401=DIRECTION('',(1.,0.,-0.));
#1402=VECTOR('',#1401,14.1);
#1403=LINE('',#1400,#1402);
#1404=EDGE_CURVE('',#1397,#1399,#1403,.T.);
#1405=ORIENTED_EDGE('',*,*,#1404,.T.);
#1406=CARTESIAN_POINT('',(7.05,-31.05,4.886691565));
#1407=VERTEX_POINT('',#1406);
#1408=CARTESIAN_POINT('',(7.05,-45.15,4.886691565));
#1409=DIRECTION('',(0.,1.,0.));
#1410=VECTOR('',#1409,14.1);
#1411=LINE('',#1408,#1410);
#1412=EDGE_CURVE('',#1399,#1407,#1411,.T.);
#1413=ORIENTED_EDGE('',*,*,#1412,.T.);
#1414=CARTESIAN_POINT('',(-7.05,-31.05,4.886691565));
#1415=VERTEX_POINT('',#1414);
#1416=CARTESIAN_POINT('',(7.05,-31.05,4.886691565));
#1417=DIRECTION('',(-1.,-0.,0.));
#1418=VECTOR('',#1417,14.1);
#1419=LINE('',#1416,#1418);
#1420=EDGE_CURVE('',#1407,#1415,#1419,.T.);
#1421=ORIENTED_EDGE('',*,*,#1420,.T.);
#1422=CARTESIAN_POINT('',(-7.05,-31.05,4.886691565));
#1423=DIRECTION('',(-0.,-1.,-0.));
#1424=VECTOR('',#1423,14.1);
#1425=LINE('',#1422,#1424);
#1426=EDGE_CURVE('',#1415,#1397,#1425,.T.);
#1427=ORIENTED_EDGE('',*,*,#1426,.T.);
#1428=EDGE_LOOP('',(#1405,#1413,#1421,#1427));
#1429=FACE_BOUND('',#1428,.T.);
#1430=ORIENTED_EDGE('',*,*,#466,.F.);
#1431=CARTESIAN_POINT('',(-47.895,54.395,4.886691565));
#1432=VERTEX_POINT('',#1431);
#1433=CARTESIAN_POINT('',(-47.895,47.895,4.886691565));
#1434=DIRECTION('',(-0.,-0.,-1.));
#1435=DIRECTION('',(1.,0.,-0.));
#1436=AXIS2_PLACEMENT_3D('',#1433,#1434,#1435);
#1437=CIRCLE('',#1436,6.5);
#1438=EDGE_CURVE('',#453,#1432,#1437,.T.);
#1439=ORIENTED_EDGE('',*,*,#1438,.T.);
#1440=CARTESIAN_POINT('',(47.895,54.395,4.886691565));
#1441=VERTEX_POINT('',#1440);
#1442=CARTESIAN_POINT('',(-47.895,54.395,4.886691565));
#1443=DIRECTION('',(1.,0.,-0.));
#1444=VECTOR('',#1443,95.79);
#1445=LINE('',#1442,#1444);
#1446=EDGE_CURVE('',#1432,#1441,#1445,.T.);
#1447=ORIENTED_EDGE('',*,*,#1446,.T.);
#1448=CARTESIAN_POINT('',(54.395,47.895,4.886691565));
#1449=VERTEX_POINT('',#1448);
#1450=CARTESIAN_POINT('',(47.895,47.895,4.886691565));
#1451=DIRECTION('',(-0.,-0.,-1.));
#1452=DIRECTION('',(1.,0.,-0.));
#1453=AXIS2_PLACEMENT_3D('',#1450,#1451,#1452);
#1454=CIRCLE('',#1453,6.5);
#1455=EDGE_CURVE('',#1441,#1449,#1454,.T.);
#1456=ORIENTED_EDGE('',*,*,#1455,.T.);
#1457=CARTESIAN_POINT('',(54.395,-47.895,4.886691565));
#1458=VERTEX_POINT('',#1457);
#1459=CARTESIAN_POINT('',(54.395,47.895,4.886691565));
#1460=DIRECTION('',(0.,-1.,0.));
#1461=VECTOR('',#1460,95.79);
#1462=LINE('',#1459,#1461);
#1463=EDGE_CURVE('',#1449,#1458,#1462,.T.);
#1464=ORIENTED_EDGE('',*,*,#1463,.T.);
#1465=CARTESIAN_POINT('',(47.895,-54.395,4.886691565));
#1466=VERTEX_POINT('',#1465);
#1467=CARTESIAN_POINT('',(47.895,-47.895,4.886691565));
#1468=DIRECTION('',(-0.,-0.,-1.));
#1469=DIRECTION('',(1.,0.,-0.));
#1470=AXIS2_PLACEMENT_3D('',#1467,#1468,#1469);
#1471=CIRCLE('',#1470,6.5);
#1472=EDGE_CURVE('',#1458,#1466,#1471,.T.);
#1473=ORIENTED_EDGE('',*,*,#1472,.T.);
#1474=CARTESIAN_POINT('',(-47.895,-54.395,4.886691565));
#1475=VERTEX_POINT('',#1474);
#1476=CARTESIAN_POINT('',(47.895,-54.395,4.886691565));
#1477=DIRECTION('',(-1.,0.,0.));
#1478=VECTOR('',#1477,95.79);
#1479=LINE('',#1476,#1478);
#1480=EDGE_CURVE('',#1466,#1475,#1479,.T.);
#1481=ORIENTED_EDGE('',*,*,#1480,.T.);
#1482=CARTESIAN_POINT('',(-47.895,-47.895,4.886691565));
#1483=DIRECTION('',(-0.,-0.,-1.));
#1484=DIRECTION('',(1.,0.,-0.));
#1485=AXIS2_PLACEMENT_3D('',#1482,#1483,#1484);
#1486=CIRCLE('',#1485,6.5);
#1487=EDGE_CURVE('',#1475,#437,#1486,.T.);
#1488=ORIENTED_EDGE('',*,*,#1487,.T.);
#1489=ORIENTED_EDGE('',*,*,#532,.T.);
#1490=CARTESIAN_POINT('',(-54.395,29.625864918,4.886691565));
#1491=CARTESIAN_POINT('',(-54.061665256,29.959204633,4.886691565));
#1492=CARTESIAN_POINT('',(-53.728331107,30.292544943,4.886691565));
#1493=CARTESIAN_POINT('',(-53.395,30.625888295,4.886691565));
#1494=B_SPLINE_CURVE_WITH_KNOTS('',3,(#1490,#1491,#1492,#1493),.UNSPECIFIED.,.F.,.F.,(4,4),(0.00000099,0.00141522),.UNSPECIFIED.);
#1495=EDGE_CURVE('',#520,#245,#1494,.T.);
#1496=ORIENTED_EDGE('',*,*,#1495,.T.);
#1497=ORIENTED_EDGE('',*,*,#250,.F.);
#1498=CARTESIAN_POINT('',(-50.19298115,33.212400363,4.886691565));
#1499=VERTEX_POINT('',#1498);
#1500=CARTESIAN_POINT('',(-50.19298115,30.625888295,4.886691565));
#1501=DIRECTION('',(-0.,1.,0.));
#1502=VECTOR('',#1501,2.586512068);
#1503=LINE('',#1500,#1502);
#1504=EDGE_CURVE('',#243,#1499,#1503,.T.);
#1505=ORIENTED_EDGE('',*,*,#1504,.T.);
#1506=CARTESIAN_POINT('',(-49.69298115,33.999881659,4.886691565));
#1507=VERTEX_POINT('',#1506);
#1508=CARTESIAN_POINT('',(-50.193015983,33.212426213,4.886691565));
#1509=CARTESIAN_POINT('',(-49.860551434,33.660429465,4.886691565));
#1510=CARTESIAN_POINT('',(-49.692549714,33.999314434,4.886691565));
#1511=B_SPLINE_CURVE_WITH_KNOTS('',2,(#1508,#1509,#1510),.UNSPECIFIED.,.F.,.F.,(3,3),(0.,1.),.UNSPECIFIED.);
#1512=EDGE_CURVE('',#1499,#1507,#1511,.T.);
#1513=ORIENTED_EDGE('',*,*,#1512,.T.);
#1514=CARTESIAN_POINT('',(-48.375,33.999881659,4.886691565));
#1515=VERTEX_POINT('',#1514);
#1516=CARTESIAN_POINT('',(-48.375,33.999881659,4.886691565));
#1517=DIRECTION('',(-1.,-0.,-0.));
#1518=VECTOR('',#1517,1.31798115);
#1519=LINE('',#1516,#1518);
#1520=EDGE_CURVE('',#1515,#1507,#1519,.T.);
#1521=ORIENTED_EDGE('',*,*,#1520,.F.);
#1522=CARTESIAN_POINT('',(-48.375,28.575,4.886691565));
#1523=VERTEX_POINT('',#1522);
#1524=CARTESIAN_POINT('',(-48.375,33.999881659,4.886691565));
#1525=DIRECTION('',(0.,-1.,0.));
#1526=VECTOR('',#1525,5.424881659);
#1527=LINE('',#1524,#1526);
#1528=EDGE_CURVE('',#1515,#1523,#1527,.T.);
#1529=ORIENTED_EDGE('',*,*,#1528,.T.);
#1530=CARTESIAN_POINT('',(48.375,28.575,4.886691565));
#1531=VERTEX_POINT('',#1530);
#1532=CARTESIAN_POINT('',(-48.375,28.575,4.886691565));
#1533=DIRECTION('',(1.,0.,-0.));
#1534=VECTOR('',#1533,96.75);
#1535=LINE('',#1532,#1534);
#1536=EDGE_CURVE('',#1523,#1531,#1535,.T.);
#1537=ORIENTED_EDGE('',*,*,#1536,.T.);
#1538=CARTESIAN_POINT('',(48.375,45.625001494,4.886691565));
#1539=VERTEX_POINT('',#1538);
#1540=CARTESIAN_POINT('',(48.375,28.575,4.886691565));
#1541=DIRECTION('',(0.,1.,0.));
#1542=VECTOR('',#1541,17.050001494);
#1543=LINE('',#1540,#1542);
#1544=EDGE_CURVE('',#1531,#1539,#1543,.T.);
#1545=ORIENTED_EDGE('',*,*,#1544,.T.);
#1546=CARTESIAN_POINT('',(45.625001494,48.375,4.886691565));
#1547=VERTEX_POINT('',#1546);
#1548=CARTESIAN_POINT('',(45.625001494,45.625001494,4.886691565));
#1549=DIRECTION('',(0.,0.,1.));
#1550=DIRECTION('',(1.,0.,-0.));
#1551=AXIS2_PLACEMENT_3D('',#1548,#1549,#1550);
#1552=CIRCLE('',#1551,2.749998506);
#1553=EDGE_CURVE('',#1539,#1547,#1552,.T.);
#1554=ORIENTED_EDGE('',*,*,#1553,.T.);
#1555=CARTESIAN_POINT('',(-45.625001494,48.375,4.886691565));
#1556=VERTEX_POINT('',#1555);
#1557=CARTESIAN_POINT('',(45.625001494,48.375,4.886691565));
#1558=DIRECTION('',(-1.,0.,0.));
#1559=VECTOR('',#1558,91.250002988);
#1560=LINE('',#1557,#1559);
#1561=EDGE_CURVE('',#1547,#1556,#1560,.T.);
#1562=ORIENTED_EDGE('',*,*,#1561,.T.);
#1563=CARTESIAN_POINT('',(-48.375,45.625001494,4.886691565));
#1564=VERTEX_POINT('',#1563);
#1565=CARTESIAN_POINT('',(-45.625001494,45.625001494,4.886691565));
#1566=DIRECTION('',(0.,0.,1.));
#1567=DIRECTION('',(1.,0.,-0.));
#1568=AXIS2_PLACEMENT_3D('',#1565,#1566,#1567);
#1569=CIRCLE('',#1568,2.749998506);
#1570=EDGE_CURVE('',#1556,#1564,#1569,.T.);
#1571=ORIENTED_EDGE('',*,*,#1570,.T.);
#1572=CARTESIAN_POINT('',(-48.375,42.191766358,4.886691565));
#1573=VERTEX_POINT('',#1572);
#1574=CARTESIAN_POINT('',(-48.375,45.625001494,4.886691565));
#1575=DIRECTION('',(0.,-1.,0.));
#1576=VECTOR('',#1575,3.433235136);
#1577=LINE('',#1574,#1576);
#1578=EDGE_CURVE('',#1564,#1573,#1577,.T.);
#1579=ORIENTED_EDGE('',*,*,#1578,.T.);
#1580=CARTESIAN_POINT('',(-49.69298115,42.191766358,4.886691565));
#1581=VERTEX_POINT('',#1580);
#1582=CARTESIAN_POINT('',(-49.69298115,42.191766358,4.886691565));
#1583=DIRECTION('',(1.,-0.,0.));
#1584=VECTOR('',#1583,1.31798115);
#1585=LINE('',#1582,#1584);
#1586=EDGE_CURVE('',#1581,#1573,#1585,.T.);
#1587=ORIENTED_EDGE('',*,*,#1586,.F.);
#1588=CARTESIAN_POINT('',(-50.19298115,42.979247653,4.886691565));
#1589=VERTEX_POINT('',#1588);
#1590=CARTESIAN_POINT('',(-49.692549714,42.192333583,4.886691565));
#1591=CARTESIAN_POINT('',(-49.860551434,42.531218551,4.886691565));
#1592=CARTESIAN_POINT('',(-50.193015983,42.979221804,4.886691565));
#1593=B_SPLINE_CURVE_WITH_KNOTS('',2,(#1590,#1591,#1592),.UNSPECIFIED.,.F.,.F.,(3,3),(0.,1.),.UNSPECIFIED.);
#1594=EDGE_CURVE('',#1581,#1589,#1593,.T.);
#1595=ORIENTED_EDGE('',*,*,#1594,.T.);
#1596=CARTESIAN_POINT('',(-50.19298115,42.979247653,4.886691565));
#1597=DIRECTION('',(-0.,1.,0.));
#1598=VECTOR('',#1597,2.586512068);
#1599=LINE('',#1596,#1598);
#1600=EDGE_CURVE('',#1589,#220,#1599,.T.);
#1601=ORIENTED_EDGE('',*,*,#1600,.T.);
#1602=ORIENTED_EDGE('',*,*,#225,.F.);
#1603=CARTESIAN_POINT('',(-53.395,45.565759721,4.886691565));
#1604=CARTESIAN_POINT('',(-53.728331107,45.899103074,4.886691565));
#1605=CARTESIAN_POINT('',(-54.06166525,46.232443389,4.886691565));
#1606=CARTESIAN_POINT('',(-54.395,46.565783099,4.886691565));
#1607=B_SPLINE_CURVE_WITH_KNOTS('',3,(#1603,#1604,#1605,#1606),.UNSPECIFIED.,.F.,.F.,(4,4),(0.002485054,0.003909955),.UNSPECIFIED.);
#1608=EDGE_CURVE('',#211,#461,#1607,.T.);
#1609=ORIENTED_EDGE('',*,*,#1608,.T.);
#1610=EDGE_LOOP('',(#1430,#1439,#1447,#1456,#1464,#1473,#1481,#1488,#1489,#1496,#1497,#1505,#1513,#1521,#1529,#1537,#1545,#1554,#1562,#1571,#1579,#1587,#1595,#1601,#1602,#1609));
#1611=FACE_BOUND('',#1610,.T.);
#1612=ADVANCED_FACE('',(#552,#563,#574,#585,#739,#885,#919,#953,#987,#1021,#1055,#1089,#1123,#1157,#1191,#1225,#1259,#1293,#1327,#1361,#1395,#1429,#1611),#541,.F.);
#1613=CARTESIAN_POINT('',(-48.375,85.2,5.926325458));
#1614=DIRECTION('',(1.,0.,0.));
#1615=DIRECTION('',(0.,0.,-1.));
#1616=AXIS2_PLACEMENT_3D('',#1613,#1614,#1615);
#1617=PLANE('',#1616);
#1618=CARTESIAN_POINT('',(-48.375,27.825,9.361691565));
#1619=VERTEX_POINT('',#1618);
#1620=CARTESIAN_POINT('',(-48.375,27.825,12.486691565));
#1621=VERTEX_POINT('',#1620);
#1622=CARTESIAN_POINT('',(-48.375,27.825,9.361691565));
#1623=DIRECTION('',(-0.,-0.,1.));
#1624=VECTOR('',#1623,3.125);
#1625=LINE('',#1622,#1624);
#1626=EDGE_CURVE('',#1619,#1621,#1625,.T.);
#1627=ORIENTED_EDGE('',*,*,#1626,.T.);
#1628=CARTESIAN_POINT('',(-48.375,-46.875,12.486691565));
#1629=VERTEX_POINT('',#1628);
#1630=CARTESIAN_POINT('',(-48.375,27.825,12.486691565));
#1631=DIRECTION('',(0.,-1.,0.));
#1632=VECTOR('',#1631,74.7);
#1633=LINE('',#1630,#1632);
#1634=EDGE_CURVE('',#1621,#1629,#1633,.T.);
#1635=ORIENTED_EDGE('',*,*,#1634,.T.);
#1636=CARTESIAN_POINT('',(-48.375,-46.875,6.386691565));
#1637=VERTEX_POINT('',#1636);
#1638=CARTESIAN_POINT('',(-48.375,-46.875,12.486691565));
#1639=DIRECTION('',(0.,0.,-1.));
#1640=VECTOR('',#1639,6.1);
#1641=LINE('',#1638,#1640);
#1642=EDGE_CURVE('',#1629,#1637,#1641,.T.);
#1643=ORIENTED_EDGE('',*,*,#1642,.T.);
#1644=CARTESIAN_POINT('',(-48.375,28.575,6.386691565));
#1645=VERTEX_POINT('',#1644);
#1646=CARTESIAN_POINT('',(-48.375,28.575,6.386691565));
#1647=DIRECTION('',(0.,-1.,0.));
#1648=VECTOR('',#1647,75.45);
#1649=LINE('',#1646,#1648);
#1650=EDGE_CURVE('',#1645,#1637,#1649,.T.);
#1651=ORIENTED_EDGE('',*,*,#1650,.F.);
#1652=CARTESIAN_POINT('',(-48.375,28.575,6.386691565));
#1653=DIRECTION('',(0.,0.,-1.));
#1654=VECTOR('',#1653,1.5);
#1655=LINE('',#1652,#1654);
#1656=EDGE_CURVE('',#1645,#1523,#1655,.T.);
#1657=ORIENTED_EDGE('',*,*,#1656,.T.);
#1658=ORIENTED_EDGE('',*,*,#1528,.F.);
#1659=CARTESIAN_POINT('',(-48.375,33.125824008,6.401691565));
#1660=VERTEX_POINT('',#1659);
#1661=CARTESIAN_POINT('',(-48.375,33.999881659,4.886691565));
#1662=CARTESIAN_POINT('',(-48.375,33.868565319,4.962616055));
#1663=CARTESIAN_POINT('',(-48.375,33.745074972,5.057423691));
#1664=CARTESIAN_POINT('',(-48.375,33.637560848,5.165081544));
#1665=CARTESIAN_POINT('',(-48.375,33.583803785,5.21891047));
#1666=CARTESIAN_POINT('',(-48.375,33.533742287,5.276029184));
#1667=CARTESIAN_POINT('',(-48.375,33.487387633,5.336447728));
#1668=CARTESIAN_POINT('',(-48.375,33.44103298,5.396866272));
#1669=CARTESIAN_POINT('',(-48.375,33.398118865,5.461075139));
#1670=CARTESIAN_POINT('',(-48.375,33.35983865,5.527455674));
#1671=CARTESIAN_POINT('',(-48.375,33.28327822,5.660216742));
#1672=CARTESIAN_POINT('',(-48.375,33.225185491,5.800569151));
#1673=CARTESIAN_POINT('',(-48.375,33.185523628,5.94849776));
#1674=CARTESIAN_POINT('',(-48.375,33.165692697,6.022462064));
#1675=CARTESIAN_POINT('',(-48.375,33.150639466,6.098287676));
#1676=CARTESIAN_POINT('',(-48.375,33.140712795,6.173899827));
#1677=CARTESIAN_POINT('',(-48.375,33.130786123,6.249511979));
#1678=CARTESIAN_POINT('',(-48.375,33.125824008,6.325442611));
#1679=CARTESIAN_POINT('',(-48.375,33.125824008,6.401691565));
#1680=B_SPLINE_CURVE_WITH_KNOTS('',3,(#1661,#1662,#1663,#1664,#1665,#1666,#1667,#1668,#1669,#1670,#1671,#1672,#1673,#1674,#1675,#1676,#1677,#1678,#1679),.UNSPECIFIED.,.F.,.F.,(4,3,3,3,3,3,4),(0.007993534,0.008453082,0.008682856,0.00891263,0.009372179,0.009601953,0.009831727),.UNSPECIFIED.);
#1681=EDGE_CURVE('',#1515,#1660,#1680,.T.);
#1682=ORIENTED_EDGE('',*,*,#1681,.T.);
#1683=CARTESIAN_POINT('',(-48.375,33.125824008,7.111691565));
#1684=VERTEX_POINT('',#1683);
#1685=CARTESIAN_POINT('',(-48.375,33.125824008,7.111691565));
#1686=DIRECTION('',(0.,-0.,-1.));
#1687=VECTOR('',#1686,0.71);
#1688=LINE('',#1685,#1687);
#1689=EDGE_CURVE('',#1684,#1660,#1688,.T.);
#1690=ORIENTED_EDGE('',*,*,#1689,.F.);
#1691=CARTESIAN_POINT('',(-48.375,34.875824008,8.861691565));
#1692=VERTEX_POINT('',#1691);
#1693=CARTESIAN_POINT('',(-48.375,33.125824008,7.111691565));
#1694=CARTESIAN_POINT('',(-48.375,33.125824008,7.226719049));
#1695=CARTESIAN_POINT('',(-48.375,33.137055728,7.340164465));
#1696=CARTESIAN_POINT('',(-48.375,33.159244587,7.452066491));
#1697=CARTESIAN_POINT('',(-48.375,33.181433446,7.563968517));
#1698=CARTESIAN_POINT('',(-48.375,33.215198869,7.675541302));
#1699=CARTESIAN_POINT('',(-48.375,33.258996541,7.781295136));
#1700=CARTESIAN_POINT('',(-48.375,33.302794214,7.88704897));
#1701=CARTESIAN_POINT('',(-48.375,33.356428404,7.987483637));
#1702=CARTESIAN_POINT('',(-48.375,33.419868526,8.082615678));
#1703=CARTESIAN_POINT('',(-48.375,33.483308648,8.177747719));
#1704=CARTESIAN_POINT('',(-48.375,33.557261419,8.267956057));
#1705=CARTESIAN_POINT('',(-48.375,33.638030708,8.348771896));
#1706=CARTESIAN_POINT('',(-48.375,33.718799996,8.429587735));
#1707=CARTESIAN_POINT('',(-48.375,33.806950312,8.502112139));
#1708=CARTESIAN_POINT('',(-48.375,33.902656605,8.566148579));
#1709=CARTESIAN_POINT('',(-48.375,33.998362897,8.630185019));
#1710=CARTESIAN_POINT('',(-48.375,34.100304742,8.684612479));
#1711=CARTESIAN_POINT('',(-48.375,34.205674069,8.728292647));
#1712=CARTESIAN_POINT('',(-48.375,34.311043396,8.771972816));
#1713=CARTESIAN_POINT('',(-48.375,34.421370825,8.805581464));
#1714=CARTESIAN_POINT('',(-48.375,34.534441286,8.828070846));
#1715=CARTESIAN_POINT('',(-48.375,34.647511748,8.850560228));
#1716=CARTESIAN_POINT('',(-48.375,34.761310837,8.861691565));
#1717=CARTESIAN_POINT('',(-48.375,34.875824008,8.861691565));
#1718=B_SPLINE_CURVE_WITH_KNOTS('',3,(#1693,#1694,#1695,#1696,#1697,#1698,#1699,#1700,#1701,#1702,#1703,#1704,#1705,#1706,#1707,#1708,#1709,#1710,#1711,#1712,#1713,#1714,#1715,#1716,#1717),.UNSPECIFIED.,.F.,.F.,(4,3,3,3,3,3,3,3,4),(0.007071068,0.00741615,0.007761233,0.008106315,0.008451398,0.00879648,0.009141563,0.009486645,0.009831727),.UNSPECIFIED.);
#1719=EDGE_CURVE('',#1684,#1692,#1718,.T.);
#1720=ORIENTED_EDGE('',*,*,#1719,.T.);
#1721=CARTESIAN_POINT('',(-48.375,41.315824008,8.861691565));
#1722=VERTEX_POINT('',#1721);
#1723=CARTESIAN_POINT('',(-48.375,41.315824008,8.861691565));
#1724=DIRECTION('',(0.,-1.,0.));
#1725=VECTOR('',#1724,6.44);
#1726=LINE('',#1723,#1725);
#1727=EDGE_CURVE('',#1722,#1692,#1726,.T.);
#1728=ORIENTED_EDGE('',*,*,#1727,.F.);
#1729=CARTESIAN_POINT('',(-48.375,43.065824008,7.111691565));
#1730=VERTEX_POINT('',#1729);
#1731=CARTESIAN_POINT('',(-48.375,41.315824008,8.861691565));
#1732=CARTESIAN_POINT('',(-48.375,41.430851492,8.861691565));
#1733=CARTESIAN_POINT('',(-48.375,41.544296908,8.850459846));
#1734=CARTESIAN_POINT('',(-48.375,41.656198934,8.828270986));
#1735=CARTESIAN_POINT('',(-48.375,41.76810096,8.806082127));
#1736=CARTESIAN_POINT('',(-48.375,41.879673745,8.772316704));
#1737=CARTESIAN_POINT('',(-48.375,41.985427579,8.728519032));
#1738=CARTESIAN_POINT('',(-48.375,42.091181413,8.68472136));
#1739=CARTESIAN_POINT('',(-48.375,42.19161608,8.63108717));
#1740=CARTESIAN_POINT('',(-48.375,42.286748121,8.567647048));
#1741=CARTESIAN_POINT('',(-48.375,42.381880162,8.504206925));
#1742=CARTESIAN_POINT('',(-48.375,42.472088501,8.430254154));
#1743=CARTESIAN_POINT('',(-48.375,42.552904339,8.349484866));
#1744=CARTESIAN_POINT('',(-48.375,42.633720178,8.268715577));
#1745=CARTESIAN_POINT('',(-48.375,42.706244582,8.180565261));
#1746=CARTESIAN_POINT('',(-48.375,42.770281022,8.084858969));
#1747=CARTESIAN_POINT('',(-48.375,42.834317462,7.989152676));
#1748=CARTESIAN_POINT('',(-48.375,42.888744922,7.887210831));
#1749=CARTESIAN_POINT('',(-48.375,42.93242509,7.781841504));
#1750=CARTESIAN_POINT('',(-48.375,42.976105259,7.676472178));
#1751=CARTESIAN_POINT('',(-48.375,43.009713908,7.566144749));
#1752=CARTESIAN_POINT('',(-48.375,43.03220329,7.453074287));
#1753=CARTESIAN_POINT('',(-48.375,43.054692672,7.340003825));
#1754=CARTESIAN_POINT('',(-48.375,43.065824008,7.226204737));
#1755=CARTESIAN_POINT('',(-48.375,43.065824008,7.111691565));
#1756=B_SPLINE_CURVE_WITH_KNOTS('',3,(#1731,#1732,#1733,#1734,#1735,#1736,#1737,#1738,#1739,#1740,#1741,#1742,#1743,#1744,#1745,#1746,#1747,#1748,#1749,#1750,#1751,#1752,#1753,#1754,#1755),.UNSPECIFIED.,.F.,.F.,(4,3,3,3,3,3,3,3,4),(0.007071068,0.00741615,0.007761233,0.008106315,0.008451398,0.00879648,0.009141563,0.009486645,0.009831727),.UNSPECIFIED.);
#1757=EDGE_CURVE('',#1722,#1730,#1756,.T.);
#1758=ORIENTED_EDGE('',*,*,#1757,.T.);
#1759=CARTESIAN_POINT('',(-48.375,43.065824008,6.401691565));
#1760=VERTEX_POINT('',#1759);
#1761=CARTESIAN_POINT('',(-48.375,43.065824008,6.401691565));
#1762=DIRECTION('',(-0.,0.,1.));
#1763=VECTOR('',#1762,0.71);
#1764=LINE('',#1761,#1763);
#1765=EDGE_CURVE('',#1760,#1730,#1764,.T.);
#1766=ORIENTED_EDGE('',*,*,#1765,.F.);
#1767=CARTESIAN_POINT('',(-48.375,43.065824008,6.401691565));
#1768=CARTESIAN_POINT('',(-48.375,43.065824008,6.247636123));
#1769=CARTESIAN_POINT('',(-48.375,43.045829159,6.096985862));
#1770=CARTESIAN_POINT('',(-48.375,43.00643027,5.949640165));
#1771=CARTESIAN_POINT('',(-48.375,42.986730825,5.875967316));
#1772=CARTESIAN_POINT('',(-48.375,42.961875081,5.802645021));
#1773=CARTESIAN_POINT('',(-48.375,42.932630225,5.732036685));
#1774=CARTESIAN_POINT('',(-48.375,42.903385368,5.661428348));
#1775=CARTESIAN_POINT('',(-48.375,42.869752288,5.593251916));
#1776=CARTESIAN_POINT('',(-48.375,42.831812984,5.527461946));
#1777=CARTESIAN_POINT('',(-48.375,42.755934374,5.395882006));
#1778=CARTESIAN_POINT('',(-48.375,42.661280813,5.272360331));
#1779=CARTESIAN_POINT('',(-48.375,42.553752553,5.164746571));
#1780=CARTESIAN_POINT('',(-48.375,42.446224293,5.057132811));
#1781=CARTESIAN_POINT('',(-48.375,42.324434537,4.963397622));
#1782=CARTESIAN_POINT('',(-48.375,42.191766358,4.886691565));
#1783=B_SPLINE_CURVE_WITH_KNOTS('',3,(#1767,#1768,#1769,#1770,#1771,#1772,#1773,#1774,#1775,#1776,#1777,#1778,#1779,#1780,#1781,#1782),.UNSPECIFIED.,.F.,.F.,(4,3,3,3,3,4),(0.,0.000455607,0.00068341,0.000911213,0.00136682,0.001822426),.UNSPECIFIED.);
#1784=EDGE_CURVE('',#1760,#1573,#1783,.T.);
#1785=ORIENTED_EDGE('',*,*,#1784,.T.);
#1786=ORIENTED_EDGE('',*,*,#1578,.F.);
#1787=CARTESIAN_POINT('',(-48.375,45.625001494,9.361691565));
#1788=VERTEX_POINT('',#1787);
#1789=CARTESIAN_POINT('',(-48.375,45.625001494,9.361691565));
#1790=DIRECTION('',(0.,0.,-1.));
#1791=VECTOR('',#1790,4.475);
#1792=LINE('',#1789,#1791);
#1793=EDGE_CURVE('',#1788,#1564,#1792,.T.);
#1794=ORIENTED_EDGE('',*,*,#1793,.F.);
#1795=CARTESIAN_POINT('',(-48.375,45.625001494,9.361691565));
#1796=DIRECTION('',(0.,-1.,0.));
#1797=VECTOR('',#1796,17.800001494);
#1798=LINE('',#1795,#1797);
#1799=EDGE_CURVE('',#1788,#1619,#1798,.T.);
#1800=ORIENTED_EDGE('',*,*,#1799,.T.);
#1801=EDGE_LOOP('',(#1627,#1635,#1643,#1651,#1657,#1658,#1682,#1690,#1720,#1728,#1758,#1766,#1785,#1786,#1794,#1800));
#1802=FACE_BOUND('',#1801,.T.);
#1803=ADVANCED_FACE('',(#1802),#1617,.T.);
#1804=CARTESIAN_POINT('',(48.375,85.2,5.926325458));
#1805=DIRECTION('',(-1.,0.,0.));
#1806=DIRECTION('',(0.,0.,1.));
#1807=AXIS2_PLACEMENT_3D('',#1804,#1805,#1806);
#1808=PLANE('',#1807);
#1809=CARTESIAN_POINT('',(48.375,-46.875,6.386691565));
#1810=VERTEX_POINT('',#1809);
#1811=CARTESIAN_POINT('',(48.375,-46.875,12.486691565));
#1812=VERTEX_POINT('',#1811);
#1813=CARTESIAN_POINT('',(48.375,-46.875,6.386691565));
#1814=DIRECTION('',(-0.,-0.,1.));
#1815=VECTOR('',#1814,6.1);
#1816=LINE('',#1813,#1815);
#1817=EDGE_CURVE('',#1810,#1812,#1816,.T.);
#1818=ORIENTED_EDGE('',*,*,#1817,.T.);
#1819=CARTESIAN_POINT('',(48.375,27.825,12.486691565));
#1820=VERTEX_POINT('',#1819);
#1821=CARTESIAN_POINT('',(48.375,-46.875,12.486691565));
#1822=DIRECTION('',(0.,1.,0.));
#1823=VECTOR('',#1822,74.7);
#1824=LINE('',#1821,#1823);
#1825=EDGE_CURVE('',#1812,#1820,#1824,.T.);
#1826=ORIENTED_EDGE('',*,*,#1825,.T.);
#1827=CARTESIAN_POINT('',(48.375,27.825,9.361691565));
#1828=VERTEX_POINT('',#1827);
#1829=CARTESIAN_POINT('',(48.375,27.825,12.486691565));
#1830=DIRECTION('',(-0.,-0.,-1.));
#1831=VECTOR('',#1830,3.125);
#1832=LINE('',#1829,#1831);
#1833=EDGE_CURVE('',#1820,#1828,#1832,.T.);
#1834=ORIENTED_EDGE('',*,*,#1833,.T.);
#1835=CARTESIAN_POINT('',(48.375,45.625001494,9.361691565));
#1836=VERTEX_POINT('',#1835);
#1837=CARTESIAN_POINT('',(48.375,45.625001494,9.361691565));
#1838=DIRECTION('',(0.,-1.,0.));
#1839=VECTOR('',#1838,17.800001494);
#1840=LINE('',#1837,#1839);
#1841=EDGE_CURVE('',#1836,#1828,#1840,.T.);
#1842=ORIENTED_EDGE('',*,*,#1841,.F.);
#1843=CARTESIAN_POINT('',(48.375,45.625001494,9.361691565));
#1844=DIRECTION('',(0.,0.,-1.));
#1845=VECTOR('',#1844,4.475);
#1846=LINE('',#1843,#1845);
#1847=EDGE_CURVE('',#1836,#1539,#1846,.T.);
#1848=ORIENTED_EDGE('',*,*,#1847,.T.);
#1849=ORIENTED_EDGE('',*,*,#1544,.F.);
#1850=CARTESIAN_POINT('',(48.375,28.575,6.386691565));
#1851=VERTEX_POINT('',#1850);
#1852=CARTESIAN_POINT('',(48.375,28.575,4.886691565));
#1853=DIRECTION('',(0.,0.,1.));
#1854=VECTOR('',#1853,1.5);
#1855=LINE('',#1852,#1854);
#1856=EDGE_CURVE('',#1531,#1851,#1855,.T.);
#1857=ORIENTED_EDGE('',*,*,#1856,.T.);
#1858=CARTESIAN_POINT('',(48.375,-46.875,6.386691565));
#1859=DIRECTION('',(0.,1.,0.));
#1860=VECTOR('',#1859,75.45);
#1861=LINE('',#1858,#1860);
#1862=EDGE_CURVE('',#1810,#1851,#1861,.T.);
#1863=ORIENTED_EDGE('',*,*,#1862,.F.);
#1864=EDGE_LOOP('',(#1818,#1826,#1834,#1842,#1848,#1849,#1857,#1863));
#1865=FACE_BOUND('',#1864,.T.);
#1866=ADVANCED_FACE('',(#1865),#1808,.T.);
#1867=CARTESIAN_POINT('',(-47.895,-47.895,5.926325458));
#1868=DIRECTION('',(0.,0.,1.));
#1869=DIRECTION('',(1.,0.,-0.));
#1870=AXIS2_PLACEMENT_3D('',#1867,#1868,#1869);
#1871=CYLINDRICAL_SURFACE('',#1870,6.5);
#1872=CARTESIAN_POINT('',(-47.895,-54.395,11.886691565));
#1873=VERTEX_POINT('',#1872);
#1874=CARTESIAN_POINT('',(-47.895,-54.395,11.886691565));
#1875=DIRECTION('',(-0.,-0.,-1.));
#1876=VECTOR('',#1875,7.);
#1877=LINE('',#1874,#1876);
#1878=EDGE_CURVE('',#1873,#1475,#1877,.T.);
#1879=ORIENTED_EDGE('',*,*,#1878,.F.);
#1880=CARTESIAN_POINT('',(-47.895,-47.895,11.886691565));
#1881=DIRECTION('',(-0.,-0.,-1.));
#1882=DIRECTION('',(1.,0.,-0.));
#1883=AXIS2_PLACEMENT_3D('',#1880,#1881,#1882);
#1884=CIRCLE('',#1883,6.5);
#1885=EDGE_CURVE('',#1873,#435,#1884,.T.);
#1886=ORIENTED_EDGE('',*,*,#1885,.T.);
#1887=ORIENTED_EDGE('',*,*,#442,.T.);
#1888=ORIENTED_EDGE('',*,*,#1487,.F.);
#1889=EDGE_LOOP('',(#1879,#1886,#1887,#1888));
#1890=FACE_BOUND('',#1889,.T.);
#1891=ADVANCED_FACE('',(#1890),#1871,.T.);
#1892=CARTESIAN_POINT('',(45.625,-54.395,5.926325458));
#1893=DIRECTION('',(0.,-1.,0.));
#1894=DIRECTION('',(0.,0.,-1.));
#1895=AXIS2_PLACEMENT_3D('',#1892,#1893,#1894);
#1896=PLANE('',#1895);
#1897=CARTESIAN_POINT('',(47.895,-54.395,11.886691565));
#1898=VERTEX_POINT('',#1897);
#1899=CARTESIAN_POINT('',(47.895,-54.395,11.886691565));
#1900=DIRECTION('',(0.,0.,-1.));
#1901=VECTOR('',#1900,7.);
#1902=LINE('',#1899,#1901);
#1903=EDGE_CURVE('',#1898,#1466,#1902,.T.);
#1904=ORIENTED_EDGE('',*,*,#1903,.F.);
#1905=CARTESIAN_POINT('',(47.895,-54.395,11.886691565));
#1906=DIRECTION('',(-1.,0.,0.));
#1907=VECTOR('',#1906,95.79);
#1908=LINE('',#1905,#1907);
#1909=EDGE_CURVE('',#1898,#1873,#1908,.T.);
#1910=ORIENTED_EDGE('',*,*,#1909,.T.);
#1911=ORIENTED_EDGE('',*,*,#1878,.T.);
#1912=ORIENTED_EDGE('',*,*,#1480,.F.);
#1913=EDGE_LOOP('',(#1904,#1910,#1911,#1912));
#1914=FACE_BOUND('',#1913,.T.);
#1915=ADVANCED_FACE('',(#1914),#1896,.T.);
#1916=CARTESIAN_POINT('',(47.895,-47.895,5.926325458));
#1917=DIRECTION('',(0.,0.,1.));
#1918=DIRECTION('',(1.,0.,-0.));
#1919=AXIS2_PLACEMENT_3D('',#1916,#1917,#1918);
#1920=CYLINDRICAL_SURFACE('',#1919,6.5);
#1921=CARTESIAN_POINT('',(54.395,-47.895,11.886691565));
#1922=VERTEX_POINT('',#1921);
#1923=CARTESIAN_POINT('',(54.395,-47.895,11.886691565));
#1924=DIRECTION('',(-0.,-0.,-1.));
#1925=VECTOR('',#1924,7.);
#1926=LINE('',#1923,#1925);
#1927=EDGE_CURVE('',#1922,#1458,#1926,.T.);
#1928=ORIENTED_EDGE('',*,*,#1927,.F.);
#1929=CARTESIAN_POINT('',(47.895,-47.895,11.886691565));
#1930=DIRECTION('',(-0.,-0.,-1.));
#1931=DIRECTION('',(1.,0.,-0.));
#1932=AXIS2_PLACEMENT_3D('',#1929,#1930,#1931);
#1933=CIRCLE('',#1932,6.5);
#1934=EDGE_CURVE('',#1922,#1898,#1933,.T.);
#1935=ORIENTED_EDGE('',*,*,#1934,.T.);
#1936=ORIENTED_EDGE('',*,*,#1903,.T.);
#1937=ORIENTED_EDGE('',*,*,#1472,.F.);
#1938=EDGE_LOOP('',(#1928,#1935,#1936,#1937));
#1939=FACE_BOUND('',#1938,.T.);
#1940=ADVANCED_FACE('',(#1939),#1920,.T.);
#1941=CARTESIAN_POINT('',(54.395,32.3375,5.926325458));
#1942=DIRECTION('',(1.,0.,0.));
#1943=DIRECTION('',(0.,0.,-1.));
#1944=AXIS2_PLACEMENT_3D('',#1941,#1942,#1943);
#1945=PLANE('',#1944);
#1946=CARTESIAN_POINT('',(54.395,47.895,11.886691565));
#1947=VERTEX_POINT('',#1946);
#1948=CARTESIAN_POINT('',(54.395,47.895,11.886691565));
#1949=DIRECTION('',(0.,0.,-1.));
#1950=VECTOR('',#1949,7.);
#1951=LINE('',#1948,#1950);
#1952=EDGE_CURVE('',#1947,#1449,#1951,.T.);
#1953=ORIENTED_EDGE('',*,*,#1952,.F.);
#1954=CARTESIAN_POINT('',(54.395,47.895,11.886691565));
#1955=DIRECTION('',(0.,-1.,0.));
#1956=VECTOR('',#1955,95.79);
#1957=LINE('',#1954,#1956);
#1958=EDGE_CURVE('',#1947,#1922,#1957,.T.);
#1959=ORIENTED_EDGE('',*,*,#1958,.T.);
#1960=ORIENTED_EDGE('',*,*,#1927,.T.);
#1961=ORIENTED_EDGE('',*,*,#1463,.F.);
#1962=EDGE_LOOP('',(#1953,#1959,#1960,#1961));
#1963=FACE_BOUND('',#1962,.T.);
#1964=ADVANCED_FACE('',(#1963),#1945,.T.);
#1965=CARTESIAN_POINT('',(47.895,47.895,5.926325458));
#1966=DIRECTION('',(0.,0.,1.));
#1967=DIRECTION('',(1.,0.,-0.));
#1968=AXIS2_PLACEMENT_3D('',#1965,#1966,#1967);
#1969=CYLINDRICAL_SURFACE('',#1968,6.5);
#1970=CARTESIAN_POINT('',(47.895,54.395,11.886691565));
#1971=VERTEX_POINT('',#1970);
#1972=CARTESIAN_POINT('',(47.895,54.395,11.886691565));
#1973=DIRECTION('',(-0.,-0.,-1.));
#1974=VECTOR('',#1973,7.);
#1975=LINE('',#1972,#1974);
#1976=EDGE_CURVE('',#1971,#1441,#1975,.T.);
#1977=ORIENTED_EDGE('',*,*,#1976,.F.);
#1978=CARTESIAN_POINT('',(47.895,47.895,11.886691565));
#1979=DIRECTION('',(-0.,-0.,-1.));
#1980=DIRECTION('',(1.,0.,-0.));
#1981=AXIS2_PLACEMENT_3D('',#1978,#1979,#1980);
#1982=CIRCLE('',#1981,6.5);
#1983=EDGE_CURVE('',#1971,#1947,#1982,.T.);
#1984=ORIENTED_EDGE('',*,*,#1983,.T.);
#1985=ORIENTED_EDGE('',*,*,#1952,.T.);
#1986=ORIENTED_EDGE('',*,*,#1455,.F.);
#1987=EDGE_LOOP('',(#1977,#1984,#1985,#1986));
#1988=FACE_BOUND('',#1987,.T.);
#1989=ADVANCED_FACE('',(#1988),#1969,.T.);
#1990=CARTESIAN_POINT('',(-45.625,54.395,5.926325458));
#1991=DIRECTION('',(0.,1.,0.));
#1992=DIRECTION('',(0.,0.,1.));
#1993=AXIS2_PLACEMENT_3D('',#1990,#1991,#1992);
#1994=PLANE('',#1993);
#1995=CARTESIAN_POINT('',(-47.895,54.395,11.886691565));
#1996=VERTEX_POINT('',#1995);
#1997=CARTESIAN_POINT('',(-47.895,54.395,4.886691565));
#1998=DIRECTION('',(-0.,-0.,1.));
#1999=VECTOR('',#1998,7.);
#2000=LINE('',#1997,#1999);
#2001=EDGE_CURVE('',#1432,#1996,#2000,.T.);
#2002=ORIENTED_EDGE('',*,*,#2001,.T.);
#2003=CARTESIAN_POINT('',(-47.895,54.395,11.886691565));
#2004=DIRECTION('',(1.,0.,-0.));
#2005=VECTOR('',#2004,95.79);
#2006=LINE('',#2003,#2005);
#2007=EDGE_CURVE('',#1996,#1971,#2006,.T.);
#2008=ORIENTED_EDGE('',*,*,#2007,.T.);
#2009=ORIENTED_EDGE('',*,*,#1976,.T.);
#2010=ORIENTED_EDGE('',*,*,#1446,.F.);
#2011=EDGE_LOOP('',(#2002,#2008,#2009,#2010));
#2012=FACE_BOUND('',#2011,.T.);
#2013=ADVANCED_FACE('',(#2012),#1994,.T.);
#2014=CARTESIAN_POINT('',(45.625001494,45.625001494,5.926325458));
#2015=DIRECTION('',(0.,0.,-1.));
#2016=DIRECTION('',(-1.,0.,0.));
#2017=AXIS2_PLACEMENT_3D('',#2014,#2015,#2016);
#2018=CYLINDRICAL_SURFACE('',#2017,2.749998506);
#2019=CARTESIAN_POINT('',(45.625001494,48.375,9.361691565));
#2020=VERTEX_POINT('',#2019);
#2021=CARTESIAN_POINT('',(45.625001494,45.625001494,9.361691565));
#2022=DIRECTION('',(0.,0.,-1.));
#2023=DIRECTION('',(-1.,0.,0.));
#2024=AXIS2_PLACEMENT_3D('',#2021,#2022,#2023);
#2025=CIRCLE('',#2024,2.749998506);
#2026=EDGE_CURVE('',#2020,#1836,#2025,.T.);
#2027=ORIENTED_EDGE('',*,*,#2026,.F.);
#2028=CARTESIAN_POINT('',(45.625001494,48.375,9.361691565));
#2029=DIRECTION('',(0.,0.,-1.));
#2030=VECTOR('',#2029,4.475);
#2031=LINE('',#2028,#2030);
#2032=EDGE_CURVE('',#2020,#1547,#2031,.T.);
#2033=ORIENTED_EDGE('',*,*,#2032,.T.);
#2034=ORIENTED_EDGE('',*,*,#1553,.F.);
#2035=ORIENTED_EDGE('',*,*,#1847,.F.);
#2036=EDGE_LOOP('',(#2027,#2033,#2034,#2035));
#2037=FACE_BOUND('',#2036,.T.);
#2038=ADVANCED_FACE('',(#2037),#2018,.F.);
#2039=CARTESIAN_POINT('',(-104.25,-48.375,5.926325458));
#2040=DIRECTION('',(0.,1.,0.));
#2041=DIRECTION('',(0.,0.,1.));
#2042=AXIS2_PLACEMENT_3D('',#2039,#2040,#2041);
#2043=PLANE('',#2042);
#2044=CARTESIAN_POINT('',(-46.875,-48.375,6.386691565));
#2045=VERTEX_POINT('',#2044);
#2046=CARTESIAN_POINT('',(-46.875,-48.375,12.486691565));
#2047=VERTEX_POINT('',#2046);
#2048=CARTESIAN_POINT('',(-46.875,-48.375,6.386691565));
#2049=DIRECTION('',(-0.,-0.,1.));
#2050=VECTOR('',#2049,6.1);
#2051=LINE('',#2048,#2050);
#2052=EDGE_CURVE('',#2045,#2047,#2051,.T.);
#2053=ORIENTED_EDGE('',*,*,#2052,.T.);
#2054=CARTESIAN_POINT('',(46.875,-48.375,12.486691565));
#2055=VERTEX_POINT('',#2054);
#2056=CARTESIAN_POINT('',(-46.875,-48.375,12.486691565));
#2057=DIRECTION('',(1.,0.,-0.));
#2058=VECTOR('',#2057,93.75);
#2059=LINE('',#2056,#2058);
#2060=EDGE_CURVE('',#2047,#2055,#2059,.T.);
#2061=ORIENTED_EDGE('',*,*,#2060,.T.);
#2062=CARTESIAN_POINT('',(46.875,-48.375,6.386691565));
#2063=VERTEX_POINT('',#2062);
#2064=CARTESIAN_POINT('',(46.875,-48.375,12.486691565));
#2065=DIRECTION('',(0.,0.,-1.));
#2066=VECTOR('',#2065,6.1);
#2067=LINE('',#2064,#2066);
#2068=EDGE_CURVE('',#2055,#2063,#2067,.T.);
#2069=ORIENTED_EDGE('',*,*,#2068,.T.);
#2070=CARTESIAN_POINT('',(-46.875,-48.375,6.386691565));
#2071=DIRECTION('',(1.,0.,-0.));
#2072=VECTOR('',#2071,93.75);
#2073=LINE('',#2070,#2072);
#2074=EDGE_CURVE('',#2045,#2063,#2073,.T.);
#2075=ORIENTED_EDGE('',*,*,#2074,.F.);
#2076=EDGE_LOOP('',(#2053,#2061,#2069,#2075));
#2077=FACE_BOUND('',#2076,.T.);
#2078=ADVANCED_FACE('',(#2077),#2043,.T.);
#2079=CARTESIAN_POINT('',(-45.625001494,45.625001494,5.926325458));
#2080=DIRECTION('',(0.,0.,-1.));
#2081=DIRECTION('',(-1.,0.,0.));
#2082=AXIS2_PLACEMENT_3D('',#2079,#2080,#2081);
#2083=CYLINDRICAL_SURFACE('',#2082,2.749998506);
#2084=CARTESIAN_POINT('',(-45.625001494,48.375,9.361691565));
#2085=VERTEX_POINT('',#2084);
#2086=CARTESIAN_POINT('',(-45.625001494,45.625001494,9.361691565));
#2087=DIRECTION('',(0.,0.,-1.));
#2088=DIRECTION('',(-1.,0.,0.));
#2089=AXIS2_PLACEMENT_3D('',#2086,#2087,#2088);
#2090=CIRCLE('',#2089,2.749998506);
#2091=EDGE_CURVE('',#1788,#2085,#2090,.T.);
#2092=ORIENTED_EDGE('',*,*,#2091,.F.);
#2093=ORIENTED_EDGE('',*,*,#1793,.T.);
#2094=ORIENTED_EDGE('',*,*,#1570,.F.);
#2095=CARTESIAN_POINT('',(-45.625001494,48.375,9.361691565));
#2096=DIRECTION('',(0.,0.,-1.));
#2097=VECTOR('',#2096,4.475);
#2098=LINE('',#2095,#2097);
#2099=EDGE_CURVE('',#2085,#1556,#2098,.T.);
#2100=ORIENTED_EDGE('',*,*,#2099,.F.);
#2101=EDGE_LOOP('',(#2092,#2093,#2094,#2100));
#2102=FACE_BOUND('',#2101,.T.);
#2103=ADVANCED_FACE('',(#2102),#2083,.F.);
#2104=CARTESIAN_POINT('',(-104.25,48.375,5.926325458));
#2105=DIRECTION('',(0.,-1.,0.));
#2106=DIRECTION('',(0.,0.,-1.));
#2107=AXIS2_PLACEMENT_3D('',#2104,#2105,#2106);
#2108=PLANE('',#2107);
#2109=CARTESIAN_POINT('',(-45.625001494,48.375,9.361691565));
#2110=DIRECTION('',(1.,0.,-0.));
#2111=VECTOR('',#2110,91.250002988);
#2112=LINE('',#2109,#2111);
#2113=EDGE_CURVE('',#2085,#2020,#2112,.T.);
#2114=ORIENTED_EDGE('',*,*,#2113,.F.);
#2115=ORIENTED_EDGE('',*,*,#2099,.T.);
#2116=ORIENTED_EDGE('',*,*,#1561,.F.);
#2117=ORIENTED_EDGE('',*,*,#2032,.F.);
#2118=EDGE_LOOP('',(#2114,#2115,#2116,#2117));
#2119=FACE_BOUND('',#2118,.T.);
#2120=ADVANCED_FACE('',(#2119),#2108,.T.);
#2121=CARTESIAN_POINT('',(-104.25,85.2,6.386691565));
#2122=DIRECTION('',(0.,0.,1.));
#2123=DIRECTION('',(1.,0.,0.));
#2124=AXIS2_PLACEMENT_3D('',#2121,#2122,#2123);
#2125=PLANE('',#2124);
#2126=CARTESIAN_POINT('',(45.15,-45.15,6.386691565));
#2127=VERTEX_POINT('',#2126);
#2128=CARTESIAN_POINT('',(45.15,-31.05,6.386691565));
#2129=VERTEX_POINT('',#2128);
#2130=CARTESIAN_POINT('',(45.15,-45.15,6.386691565));
#2131=DIRECTION('',(0.,1.,0.));
#2132=VECTOR('',#2131,14.1);
#2133=LINE('',#2130,#2132);
#2134=EDGE_CURVE('',#2127,#2129,#2133,.T.);
#2135=ORIENTED_EDGE('',*,*,#2134,.F.);
#2136=CARTESIAN_POINT('',(12.,-45.15,6.386691565));
#2137=VERTEX_POINT('',#2136);
#2138=CARTESIAN_POINT('',(12.,-45.15,6.386691565));
#2139=DIRECTION('',(1.,0.,-0.));
#2140=VECTOR('',#2139,33.15);
#2141=LINE('',#2138,#2140);
#2142=EDGE_CURVE('',#2137,#2127,#2141,.T.);
#2143=ORIENTED_EDGE('',*,*,#2142,.F.);
#2144=CARTESIAN_POINT('',(12.,-31.05,6.386691565));
#2145=VERTEX_POINT('',#2144);
#2146=CARTESIAN_POINT('',(12.,-31.05,6.386691565));
#2147=DIRECTION('',(0.,-1.,0.));
#2148=VECTOR('',#2147,14.1);
#2149=LINE('',#2146,#2148);
#2150=EDGE_CURVE('',#2145,#2137,#2149,.T.);
#2151=ORIENTED_EDGE('',*,*,#2150,.F.);
#2152=CARTESIAN_POINT('',(13.175,-31.05,6.386691565));
#2153=VERTEX_POINT('',#2152);
#2154=CARTESIAN_POINT('',(13.175,-31.05,6.386691565));
#2155=DIRECTION('',(-1.,0.,0.));
#2156=VECTOR('',#2155,1.175);
#2157=LINE('',#2154,#2156);
#2158=EDGE_CURVE('',#2153,#2145,#2157,.T.);
#2159=ORIENTED_EDGE('',*,*,#2158,.F.);
#2160=CARTESIAN_POINT('',(13.175,-29.3,6.386691565));
#2161=VERTEX_POINT('',#2160);
#2162=CARTESIAN_POINT('',(13.175,-29.3,6.386691565));
#2163=DIRECTION('',(0.,-1.,0.));
#2164=VECTOR('',#2163,1.75);
#2165=LINE('',#2162,#2164);
#2166=EDGE_CURVE('',#2161,#2153,#2165,.T.);
#2167=ORIENTED_EDGE('',*,*,#2166,.F.);
#2168=CARTESIAN_POINT('',(20.175,-29.3,6.386691565));
#2169=VERTEX_POINT('',#2168);
#2170=CARTESIAN_POINT('',(20.175,-29.3,6.386691565));
#2171=DIRECTION('',(-1.,0.,0.));
#2172=VECTOR('',#2171,7.);
#2173=LINE('',#2170,#2172);
#2174=EDGE_CURVE('',#2169,#2161,#2173,.T.);
#2175=ORIENTED_EDGE('',*,*,#2174,.F.);
#2176=CARTESIAN_POINT('',(20.175,-31.05,6.386691565));
#2177=VERTEX_POINT('',#2176);
#2178=CARTESIAN_POINT('',(20.175,-31.05,6.386691565));
#2179=DIRECTION('',(0.,1.,0.));
#2180=VECTOR('',#2179,1.75);
#2181=LINE('',#2178,#2180);
#2182=EDGE_CURVE('',#2177,#2169,#2181,.T.);
#2183=ORIENTED_EDGE('',*,*,#2182,.F.);
#2184=CARTESIAN_POINT('',(36.975,-31.05,6.386691565));
#2185=VERTEX_POINT('',#2184);
#2186=CARTESIAN_POINT('',(36.975,-31.05,6.386691565));
#2187=DIRECTION('',(-1.,0.,0.));
#2188=VECTOR('',#2187,16.8);
#2189=LINE('',#2186,#2188);
#2190=EDGE_CURVE('',#2185,#2177,#2189,.T.);
#2191=ORIENTED_EDGE('',*,*,#2190,.F.);
#2192=CARTESIAN_POINT('',(36.975,-29.3,6.386691565));
#2193=VERTEX_POINT('',#2192);
#2194=CARTESIAN_POINT('',(36.975,-29.3,6.386691565));
#2195=DIRECTION('',(0.,-1.,0.));
#2196=VECTOR('',#2195,1.75);
#2197=LINE('',#2194,#2196);
#2198=EDGE_CURVE('',#2193,#2185,#2197,.T.);
#2199=ORIENTED_EDGE('',*,*,#2198,.F.);
#2200=CARTESIAN_POINT('',(43.975,-29.3,6.386691565));
#2201=VERTEX_POINT('',#2200);
#2202=CARTESIAN_POINT('',(43.975,-29.3,6.386691565));
#2203=DIRECTION('',(-1.,0.,0.));
#2204=VECTOR('',#2203,7.);
#2205=LINE('',#2202,#2204);
#2206=EDGE_CURVE('',#2201,#2193,#2205,.T.);
#2207=ORIENTED_EDGE('',*,*,#2206,.F.);
#2208=CARTESIAN_POINT('',(43.975,-31.05,6.386691565));
#2209=VERTEX_POINT('',#2208);
#2210=CARTESIAN_POINT('',(43.975,-31.05,6.386691565));
#2211=DIRECTION('',(0.,1.,0.));
#2212=VECTOR('',#2211,1.75);
#2213=LINE('',#2210,#2212);
#2214=EDGE_CURVE('',#2209,#2201,#2213,.T.);
#2215=ORIENTED_EDGE('',*,*,#2214,.F.);
#2216=CARTESIAN_POINT('',(45.15,-31.05,6.386691565));
#2217=DIRECTION('',(-1.,0.,0.));
#2218=VECTOR('',#2217,1.175);
#2219=LINE('',#2216,#2218);
#2220=EDGE_CURVE('',#2129,#2209,#2219,.T.);
#2221=ORIENTED_EDGE('',*,*,#2220,.F.);
#2222=EDGE_LOOP('',(#2135,#2143,#2151,#2159,#2167,#2175,#2183,#2191,#2199,#2207,#2215,#2221));
#2223=FACE_BOUND('',#2222,.T.);
#2224=CARTESIAN_POINT('',(-12.,-45.15,6.386691565));
#2225=VERTEX_POINT('',#2224);
#2226=CARTESIAN_POINT('',(-12.,-31.05,6.386691565));
#2227=VERTEX_POINT('',#2226);
#2228=CARTESIAN_POINT('',(-12.,-45.15,6.386691565));
#2229=DIRECTION('',(0.,1.,0.));
#2230=VECTOR('',#2229,14.1);
#2231=LINE('',#2228,#2230);
#2232=EDGE_CURVE('',#2225,#2227,#2231,.T.);
#2233=ORIENTED_EDGE('',*,*,#2232,.F.);
#2234=CARTESIAN_POINT('',(-45.15,-45.15,6.386691565));
#2235=VERTEX_POINT('',#2234);
#2236=CARTESIAN_POINT('',(-45.15,-45.15,6.386691565));
#2237=DIRECTION('',(1.,0.,-0.));
#2238=VECTOR('',#2237,33.15);
#2239=LINE('',#2236,#2238);
#2240=EDGE_CURVE('',#2235,#2225,#2239,.T.);
#2241=ORIENTED_EDGE('',*,*,#2240,.F.);
#2242=CARTESIAN_POINT('',(-45.15,-31.05,6.386691565));
#2243=VERTEX_POINT('',#2242);
#2244=CARTESIAN_POINT('',(-45.15,-31.05,6.386691565));
#2245=DIRECTION('',(0.,-1.,0.));
#2246=VECTOR('',#2245,14.1);
#2247=LINE('',#2244,#2246);
#2248=EDGE_CURVE('',#2243,#2235,#2247,.T.);
#2249=ORIENTED_EDGE('',*,*,#2248,.F.);
#2250=CARTESIAN_POINT('',(-43.975,-31.05,6.386691565));
#2251=VERTEX_POINT('',#2250);
#2252=CARTESIAN_POINT('',(-43.975,-31.05,6.386691565));
#2253=DIRECTION('',(-1.,0.,0.));
#2254=VECTOR('',#2253,1.175);
#2255=LINE('',#2252,#2254);
#2256=EDGE_CURVE('',#2251,#2243,#2255,.T.);
#2257=ORIENTED_EDGE('',*,*,#2256,.F.);
#2258=CARTESIAN_POINT('',(-43.975,-29.3,6.386691565));
#2259=VERTEX_POINT('',#2258);
#2260=CARTESIAN_POINT('',(-43.975,-29.3,6.386691565));
#2261=DIRECTION('',(0.,-1.,0.));
#2262=VECTOR('',#2261,1.75);
#2263=LINE('',#2260,#2262);
#2264=EDGE_CURVE('',#2259,#2251,#2263,.T.);
#2265=ORIENTED_EDGE('',*,*,#2264,.F.);
#2266=CARTESIAN_POINT('',(-36.975,-29.3,6.386691565));
#2267=VERTEX_POINT('',#2266);
#2268=CARTESIAN_POINT('',(-36.975,-29.3,6.386691565));
#2269=DIRECTION('',(-1.,0.,0.));
#2270=VECTOR('',#2269,7.);
#2271=LINE('',#2268,#2270);
#2272=EDGE_CURVE('',#2267,#2259,#2271,.T.);
#2273=ORIENTED_EDGE('',*,*,#2272,.F.);
#2274=CARTESIAN_POINT('',(-36.975,-31.05,6.386691565));
#2275=VERTEX_POINT('',#2274);
#2276=CARTESIAN_POINT('',(-36.975,-31.05,6.386691565));
#2277=DIRECTION('',(0.,1.,0.));
#2278=VECTOR('',#2277,1.75);
#2279=LINE('',#2276,#2278);
#2280=EDGE_CURVE('',#2275,#2267,#2279,.T.);
#2281=ORIENTED_EDGE('',*,*,#2280,.F.);
#2282=CARTESIAN_POINT('',(-20.175,-31.05,6.386691565));
#2283=VERTEX_POINT('',#2282);
#2284=CARTESIAN_POINT('',(-20.175,-31.05,6.386691565));
#2285=DIRECTION('',(-1.,0.,0.));
#2286=VECTOR('',#2285,16.8);
#2287=LINE('',#2284,#2286);
#2288=EDGE_CURVE('',#2283,#2275,#2287,.T.);
#2289=ORIENTED_EDGE('',*,*,#2288,.F.);
#2290=CARTESIAN_POINT('',(-20.175,-29.3,6.386691565));
#2291=VERTEX_POINT('',#2290);
#2292=CARTESIAN_POINT('',(-20.175,-29.3,6.386691565));
#2293=DIRECTION('',(0.,-1.,0.));
#2294=VECTOR('',#2293,1.75);
#2295=LINE('',#2292,#2294);
#2296=EDGE_CURVE('',#2291,#2283,#2295,.T.);
#2297=ORIENTED_EDGE('',*,*,#2296,.F.);
#2298=CARTESIAN_POINT('',(-13.175,-29.3,6.386691565));
#2299=VERTEX_POINT('',#2298);
#2300=CARTESIAN_POINT('',(-13.175,-29.3,6.386691565));
#2301=DIRECTION('',(-1.,0.,0.));
#2302=VECTOR('',#2301,7.);
#2303=LINE('',#2300,#2302);
#2304=EDGE_CURVE('',#2299,#2291,#2303,.T.);
#2305=ORIENTED_EDGE('',*,*,#2304,.F.);
#2306=CARTESIAN_POINT('',(-13.175,-31.05,6.386691565));
#2307=VERTEX_POINT('',#2306);
#2308=CARTESIAN_POINT('',(-13.175,-31.05,6.386691565));
#2309=DIRECTION('',(0.,1.,0.));
#2310=VECTOR('',#2309,1.75);
#2311=LINE('',#2308,#2310);
#2312=EDGE_CURVE('',#2307,#2299,#2311,.T.);
#2313=ORIENTED_EDGE('',*,*,#2312,.F.);
#2314=CARTESIAN_POINT('',(-12.,-31.05,6.386691565));
#2315=DIRECTION('',(-1.,0.,0.));
#2316=VECTOR('',#2315,1.175);
#2317=LINE('',#2314,#2316);
#2318=EDGE_CURVE('',#2227,#2307,#2317,.T.);
#2319=ORIENTED_EDGE('',*,*,#2318,.F.);
#2320=EDGE_LOOP('',(#2233,#2241,#2249,#2257,#2265,#2273,#2281,#2289,#2297,#2305,#2313,#2319));
#2321=FACE_BOUND('',#2320,.T.);
#2322=ORIENTED_EDGE('',*,*,#1650,.T.);
#2323=CARTESIAN_POINT('',(-46.875,-46.875,6.386691565));
#2324=DIRECTION('',(0.,0.,1.));
#2325=DIRECTION('',(1.,0.,-0.));
#2326=AXIS2_PLACEMENT_3D('',#2323,#2324,#2325);
#2327=CIRCLE('',#2326,1.5);
#2328=EDGE_CURVE('',#1637,#2045,#2327,.T.);
#2329=ORIENTED_EDGE('',*,*,#2328,.T.);
#2330=ORIENTED_EDGE('',*,*,#2074,.T.);
#2331=CARTESIAN_POINT('',(46.875,-46.875,6.386691565));
#2332=DIRECTION('',(0.,0.,1.));
#2333=DIRECTION('',(1.,0.,-0.));
#2334=AXIS2_PLACEMENT_3D('',#2331,#2332,#2333);
#2335=CIRCLE('',#2334,1.5);
#2336=EDGE_CURVE('',#2063,#1810,#2335,.T.);
#2337=ORIENTED_EDGE('',*,*,#2336,.T.);
#2338=ORIENTED_EDGE('',*,*,#1862,.T.);
#2339=CARTESIAN_POINT('',(-48.375,28.575,6.386691565));
#2340=DIRECTION('',(1.,0.,-0.));
#2341=VECTOR('',#2340,96.75);
#2342=LINE('',#2339,#2341);
#2343=EDGE_CURVE('',#1645,#1851,#2342,.T.);
#2344=ORIENTED_EDGE('',*,*,#2343,.F.);
#2345=EDGE_LOOP('',(#2322,#2329,#2330,#2337,#2338,#2344));
#2346=FACE_BOUND('',#2345,.T.);
#2347=CARTESIAN_POINT('',(-7.05,-31.05,6.386691565));
#2348=VERTEX_POINT('',#2347);
#2349=CARTESIAN_POINT('',(-7.05,-45.15,6.386691565));
#2350=VERTEX_POINT('',#2349);
#2351=CARTESIAN_POINT('',(-7.05,-31.05,6.386691565));
#2352=DIRECTION('',(0.,-1.,0.));
#2353=VECTOR('',#2352,14.1);
#2354=LINE('',#2351,#2353);
#2355=EDGE_CURVE('',#2348,#2350,#2354,.T.);
#2356=ORIENTED_EDGE('',*,*,#2355,.F.);
#2357=CARTESIAN_POINT('',(7.05,-31.05,6.386691565));
#2358=VERTEX_POINT('',#2357);
#2359=CARTESIAN_POINT('',(7.05,-31.05,6.386691565));
#2360=DIRECTION('',(-1.,0.,0.));
#2361=VECTOR('',#2360,14.1);
#2362=LINE('',#2359,#2361);
#2363=EDGE_CURVE('',#2358,#2348,#2362,.T.);
#2364=ORIENTED_EDGE('',*,*,#2363,.F.);
#2365=CARTESIAN_POINT('',(7.05,-45.15,6.386691565));
#2366=VERTEX_POINT('',#2365);
#2367=CARTESIAN_POINT('',(7.05,-45.15,6.386691565));
#2368=DIRECTION('',(0.,1.,0.));
#2369=VECTOR('',#2368,14.1);
#2370=LINE('',#2367,#2369);
#2371=EDGE_CURVE('',#2366,#2358,#2370,.T.);
#2372=ORIENTED_EDGE('',*,*,#2371,.F.);
#2373=CARTESIAN_POINT('',(-7.05,-45.15,6.386691565));
#2374=DIRECTION('',(1.,0.,-0.));
#2375=VECTOR('',#2374,14.1);
#2376=LINE('',#2373,#2375);
#2377=EDGE_CURVE('',#2350,#2366,#2376,.T.);
#2378=ORIENTED_EDGE('',*,*,#2377,.F.);
#2379=EDGE_LOOP('',(#2356,#2364,#2372,#2378));
#2380=FACE_BOUND('',#2379,.T.);
#2381=CARTESIAN_POINT('',(-45.15,-12.,6.386691565));
#2382=VERTEX_POINT('',#2381);
#2383=CARTESIAN_POINT('',(-45.15,-26.1,6.386691565));
#2384=VERTEX_POINT('',#2383);
#2385=CARTESIAN_POINT('',(-45.15,-12.,6.386691565));
#2386=DIRECTION('',(0.,-1.,0.));
#2387=VECTOR('',#2386,14.1);
#2388=LINE('',#2385,#2387);
#2389=EDGE_CURVE('',#2382,#2384,#2388,.T.);
#2390=ORIENTED_EDGE('',*,*,#2389,.F.);
#2391=CARTESIAN_POINT('',(-31.05,-12.,6.386691565));
#2392=VERTEX_POINT('',#2391);
#2393=CARTESIAN_POINT('',(-31.05,-12.,6.386691565));
#2394=DIRECTION('',(-1.,0.,0.));
#2395=VECTOR('',#2394,14.1);
#2396=LINE('',#2393,#2395);
#2397=EDGE_CURVE('',#2392,#2382,#2396,.T.);
#2398=ORIENTED_EDGE('',*,*,#2397,.F.);
#2399=CARTESIAN_POINT('',(-31.05,-26.1,6.386691565));
#2400=VERTEX_POINT('',#2399);
#2401=CARTESIAN_POINT('',(-31.05,-26.1,6.386691565));
#2402=DIRECTION('',(0.,1.,0.));
#2403=VECTOR('',#2402,14.1);
#2404=LINE('',#2401,#2403);
#2405=EDGE_CURVE('',#2400,#2392,#2404,.T.);
#2406=ORIENTED_EDGE('',*,*,#2405,.F.);
#2407=CARTESIAN_POINT('',(-45.15,-26.1,6.386691565));
#2408=DIRECTION('',(1.,0.,-0.));
#2409=VECTOR('',#2408,14.1);
#2410=LINE('',#2407,#2409);
#2411=EDGE_CURVE('',#2384,#2400,#2410,.T.);
#2412=ORIENTED_EDGE('',*,*,#2411,.F.);
#2413=EDGE_LOOP('',(#2390,#2398,#2406,#2412));
#2414=FACE_BOUND('',#2413,.T.);
#2415=CARTESIAN_POINT('',(-26.1,-12.,6.386691565));
#2416=VERTEX_POINT('',#2415);
#2417=CARTESIAN_POINT('',(-26.1,-26.1,6.386691565));
#2418=VERTEX_POINT('',#2417);
#2419=CARTESIAN_POINT('',(-26.1,-12.,6.386691565));
#2420=DIRECTION('',(0.,-1.,0.));
#2421=VECTOR('',#2420,14.1);
#2422=LINE('',#2419,#2421);
#2423=EDGE_CURVE('',#2416,#2418,#2422,.T.);
#2424=ORIENTED_EDGE('',*,*,#2423,.F.);
#2425=CARTESIAN_POINT('',(-12.,-12.,6.386691565));
#2426=VERTEX_POINT('',#2425);
#2427=CARTESIAN_POINT('',(-12.,-12.,6.386691565));
#2428=DIRECTION('',(-1.,0.,0.));
#2429=VECTOR('',#2428,14.1);
#2430=LINE('',#2427,#2429);
#2431=EDGE_CURVE('',#2426,#2416,#2430,.T.);
#2432=ORIENTED_EDGE('',*,*,#2431,.F.);
#2433=CARTESIAN_POINT('',(-12.,-26.1,6.386691565));
#2434=VERTEX_POINT('',#2433);
#2435=CARTESIAN_POINT('',(-12.,-26.1,6.386691565));
#2436=DIRECTION('',(0.,1.,0.));
#2437=VECTOR('',#2436,14.1);
#2438=LINE('',#2435,#2437);
#2439=EDGE_CURVE('',#2434,#2426,#2438,.T.);
#2440=ORIENTED_EDGE('',*,*,#2439,.F.);
#2441=CARTESIAN_POINT('',(-26.1,-26.1,6.386691565));
#2442=DIRECTION('',(1.,0.,-0.));
#2443=VECTOR('',#2442,14.1);
#2444=LINE('',#2441,#2443);
#2445=EDGE_CURVE('',#2418,#2434,#2444,.T.);
#2446=ORIENTED_EDGE('',*,*,#2445,.F.);
#2447=EDGE_LOOP('',(#2424,#2432,#2440,#2446));
#2448=FACE_BOUND('',#2447,.T.);
#2449=CARTESIAN_POINT('',(-7.05,-12.,6.386691565));
#2450=VERTEX_POINT('',#2449);
#2451=CARTESIAN_POINT('',(-7.05,-26.1,6.386691565));
#2452=VERTEX_POINT('',#2451);
#2453=CARTESIAN_POINT('',(-7.05,-12.,6.386691565));
#2454=DIRECTION('',(0.,-1.,0.));
#2455=VECTOR('',#2454,14.1);
#2456=LINE('',#2453,#2455);
#2457=EDGE_CURVE('',#2450,#2452,#2456,.T.);
#2458=ORIENTED_EDGE('',*,*,#2457,.F.);
#2459=CARTESIAN_POINT('',(7.05,-12.,6.386691565));
#2460=VERTEX_POINT('',#2459);
#2461=CARTESIAN_POINT('',(7.05,-12.,6.386691565));
#2462=DIRECTION('',(-1.,0.,0.));
#2463=VECTOR('',#2462,14.1);
#2464=LINE('',#2461,#2463);
#2465=EDGE_CURVE('',#2460,#2450,#2464,.T.);
#2466=ORIENTED_EDGE('',*,*,#2465,.F.);
#2467=CARTESIAN_POINT('',(7.05,-26.1,6.386691565));
#2468=VERTEX_POINT('',#2467);
#2469=CARTESIAN_POINT('',(7.05,-26.1,6.386691565));
#2470=DIRECTION('',(0.,1.,0.));
#2471=VECTOR('',#2470,14.1);
#2472=LINE('',#2469,#2471);
#2473=EDGE_CURVE('',#2468,#2460,#2472,.T.);
#2474=ORIENTED_EDGE('',*,*,#2473,.F.);
#2475=CARTESIAN_POINT('',(-7.05,-26.1,6.386691565));
#2476=DIRECTION('',(1.,0.,-0.));
#2477=VECTOR('',#2476,14.1);
#2478=LINE('',#2475,#2477);
#2479=EDGE_CURVE('',#2452,#2468,#2478,.T.);
#2480=ORIENTED_EDGE('',*,*,#2479,.F.);
#2481=EDGE_LOOP('',(#2458,#2466,#2474,#2480));
#2482=FACE_BOUND('',#2481,.T.);
#2483=CARTESIAN_POINT('',(12.,-12.,6.386691565));
#2484=VERTEX_POINT('',#2483);
#2485=CARTESIAN_POINT('',(12.,-26.1,6.386691565));
#2486=VERTEX_POINT('',#2485);
#2487=CARTESIAN_POINT('',(12.,-12.,6.386691565));
#2488=DIRECTION('',(0.,-1.,0.));
#2489=VECTOR('',#2488,14.1);
#2490=LINE('',#2487,#2489);
#2491=EDGE_CURVE('',#2484,#2486,#2490,.T.);
#2492=ORIENTED_EDGE('',*,*,#2491,.F.);
#2493=CARTESIAN_POINT('',(26.1,-12.,6.386691565));
#2494=VERTEX_POINT('',#2493);
#2495=CARTESIAN_POINT('',(26.1,-12.,6.386691565));
#2496=DIRECTION('',(-1.,0.,0.));
#2497=VECTOR('',#2496,14.1);
#2498=LINE('',#2495,#2497);
#2499=EDGE_CURVE('',#2494,#2484,#2498,.T.);
#2500=ORIENTED_EDGE('',*,*,#2499,.F.);
#2501=CARTESIAN_POINT('',(26.1,-26.1,6.386691565));
#2502=VERTEX_POINT('',#2501);
#2503=CARTESIAN_POINT('',(26.1,-26.1,6.386691565));
#2504=DIRECTION('',(0.,1.,0.));
#2505=VECTOR('',#2504,14.1);
#2506=LINE('',#2503,#2505);
#2507=EDGE_CURVE('',#2502,#2494,#2506,.T.);
#2508=ORIENTED_EDGE('',*,*,#2507,.F.);
#2509=CARTESIAN_POINT('',(12.,-26.1,6.386691565));
#2510=DIRECTION('',(1.,0.,-0.));
#2511=VECTOR('',#2510,14.1);
#2512=LINE('',#2509,#2511);
#2513=EDGE_CURVE('',#2486,#2502,#2512,.T.);
#2514=ORIENTED_EDGE('',*,*,#2513,.F.);
#2515=EDGE_LOOP('',(#2492,#2500,#2508,#2514));
#2516=FACE_BOUND('',#2515,.T.);
#2517=CARTESIAN_POINT('',(31.05,-12.,6.386691565));
#2518=VERTEX_POINT('',#2517);
#2519=CARTESIAN_POINT('',(31.05,-26.1,6.386691565));
#2520=VERTEX_POINT('',#2519);
#2521=CARTESIAN_POINT('',(31.05,-12.,6.386691565));
#2522=DIRECTION('',(0.,-1.,0.));
#2523=VECTOR('',#2522,14.1);
#2524=LINE('',#2521,#2523);
#2525=EDGE_CURVE('',#2518,#2520,#2524,.T.);
#2526=ORIENTED_EDGE('',*,*,#2525,.F.);
#2527=CARTESIAN_POINT('',(45.15,-12.,6.386691565));
#2528=VERTEX_POINT('',#2527);
#2529=CARTESIAN_POINT('',(45.15,-12.,6.386691565));
#2530=DIRECTION('',(-1.,0.,0.));
#2531=VECTOR('',#2530,14.1);
#2532=LINE('',#2529,#2531);
#2533=EDGE_CURVE('',#2528,#2518,#2532,.T.);
#2534=ORIENTED_EDGE('',*,*,#2533,.F.);
#2535=CARTESIAN_POINT('',(45.15,-26.1,6.386691565));
#2536=VERTEX_POINT('',#2535);
#2537=CARTESIAN_POINT('',(45.15,-26.1,6.386691565));
#2538=DIRECTION('',(0.,1.,0.));
#2539=VECTOR('',#2538,14.1);
#2540=LINE('',#2537,#2539);
#2541=EDGE_CURVE('',#2536,#2528,#2540,.T.);
#2542=ORIENTED_EDGE('',*,*,#2541,.F.);
#2543=CARTESIAN_POINT('',(31.05,-26.1,6.386691565));
#2544=DIRECTION('',(1.,0.,-0.));
#2545=VECTOR('',#2544,14.1);
#2546=LINE('',#2543,#2545);
#2547=EDGE_CURVE('',#2520,#2536,#2546,.T.);
#2548=ORIENTED_EDGE('',*,*,#2547,.F.);
#2549=EDGE_LOOP('',(#2526,#2534,#2542,#2548));
#2550=FACE_BOUND('',#2549,.T.);
#2551=CARTESIAN_POINT('',(-45.15,7.05,6.386691565));
#2552=VERTEX_POINT('',#2551);
#2553=CARTESIAN_POINT('',(-45.15,-7.05,6.386691565));
#2554=VERTEX_POINT('',#2553);
#2555=CARTESIAN_POINT('',(-45.15,7.05,6.386691565));
#2556=DIRECTION('',(0.,-1.,0.));
#2557=VECTOR('',#2556,14.1);
#2558=LINE('',#2555,#2557);
#2559=EDGE_CURVE('',#2552,#2554,#2558,.T.);
#2560=ORIENTED_EDGE('',*,*,#2559,.F.);
#2561=CARTESIAN_POINT('',(-31.05,7.05,6.386691565));
#2562=VERTEX_POINT('',#2561);
#2563=CARTESIAN_POINT('',(-31.05,7.05,6.386691565));
#2564=DIRECTION('',(-1.,0.,0.));
#2565=VECTOR('',#2564,14.1);
#2566=LINE('',#2563,#2565);
#2567=EDGE_CURVE('',#2562,#2552,#2566,.T.);
#2568=ORIENTED_EDGE('',*,*,#2567,.F.);
#2569=CARTESIAN_POINT('',(-31.05,-7.05,6.386691565));
#2570=VERTEX_POINT('',#2569);
#2571=CARTESIAN_POINT('',(-31.05,-7.05,6.386691565));
#2572=DIRECTION('',(0.,1.,0.));
#2573=VECTOR('',#2572,14.1);
#2574=LINE('',#2571,#2573);
#2575=EDGE_CURVE('',#2570,#2562,#2574,.T.);
#2576=ORIENTED_EDGE('',*,*,#2575,.F.);
#2577=CARTESIAN_POINT('',(-45.15,-7.05,6.386691565));
#2578=DIRECTION('',(1.,0.,-0.));
#2579=VECTOR('',#2578,14.1);
#2580=LINE('',#2577,#2579);
#2581=EDGE_CURVE('',#2554,#2570,#2580,.T.);
#2582=ORIENTED_EDGE('',*,*,#2581,.F.);
#2583=EDGE_LOOP('',(#2560,#2568,#2576,#2582));
#2584=FACE_BOUND('',#2583,.T.);
#2585=CARTESIAN_POINT('',(-26.1,7.05,6.386691565));
#2586=VERTEX_POINT('',#2585);
#2587=CARTESIAN_POINT('',(-26.1,-7.05,6.386691565));
#2588=VERTEX_POINT('',#2587);
#2589=CARTESIAN_POINT('',(-26.1,7.05,6.386691565));
#2590=DIRECTION('',(0.,-1.,0.));
#2591=VECTOR('',#2590,14.1);
#2592=LINE('',#2589,#2591);
#2593=EDGE_CURVE('',#2586,#2588,#2592,.T.);
#2594=ORIENTED_EDGE('',*,*,#2593,.F.);
#2595=CARTESIAN_POINT('',(-12.,7.05,6.386691565));
#2596=VERTEX_POINT('',#2595);
#2597=CARTESIAN_POINT('',(-12.,7.05,6.386691565));
#2598=DIRECTION('',(-1.,0.,0.));
#2599=VECTOR('',#2598,14.1);
#2600=LINE('',#2597,#2599);
#2601=EDGE_CURVE('',#2596,#2586,#2600,.T.);
#2602=ORIENTED_EDGE('',*,*,#2601,.F.);
#2603=CARTESIAN_POINT('',(-12.,-7.05,6.386691565));
#2604=VERTEX_POINT('',#2603);
#2605=CARTESIAN_POINT('',(-12.,-7.05,6.386691565));
#2606=DIRECTION('',(0.,1.,0.));
#2607=VECTOR('',#2606,14.1);
#2608=LINE('',#2605,#2607);
#2609=EDGE_CURVE('',#2604,#2596,#2608,.T.);
#2610=ORIENTED_EDGE('',*,*,#2609,.F.);
#2611=CARTESIAN_POINT('',(-26.1,-7.05,6.386691565));
#2612=DIRECTION('',(1.,0.,-0.));
#2613=VECTOR('',#2612,14.1);
#2614=LINE('',#2611,#2613);
#2615=EDGE_CURVE('',#2588,#2604,#2614,.T.);
#2616=ORIENTED_EDGE('',*,*,#2615,.F.);
#2617=EDGE_LOOP('',(#2594,#2602,#2610,#2616));
#2618=FACE_BOUND('',#2617,.T.);
#2619=CARTESIAN_POINT('',(-7.05,7.05,6.386691565));
#2620=VERTEX_POINT('',#2619);
#2621=CARTESIAN_POINT('',(-7.05,-7.05,6.386691565));
#2622=VERTEX_POINT('',#2621);
#2623=CARTESIAN_POINT('',(-7.05,7.05,6.386691565));
#2624=DIRECTION('',(0.,-1.,0.));
#2625=VECTOR('',#2624,14.1);
#2626=LINE('',#2623,#2625);
#2627=EDGE_CURVE('',#2620,#2622,#2626,.T.);
#2628=ORIENTED_EDGE('',*,*,#2627,.F.);
#2629=CARTESIAN_POINT('',(7.05,7.05,6.386691565));
#2630=VERTEX_POINT('',#2629);
#2631=CARTESIAN_POINT('',(7.05,7.05,6.386691565));
#2632=DIRECTION('',(-1.,0.,0.));
#2633=VECTOR('',#2632,14.1);
#2634=LINE('',#2631,#2633);
#2635=EDGE_CURVE('',#2630,#2620,#2634,.T.);
#2636=ORIENTED_EDGE('',*,*,#2635,.F.);
#2637=CARTESIAN_POINT('',(7.05,-7.05,6.386691565));
#2638=VERTEX_POINT('',#2637);
#2639=CARTESIAN_POINT('',(7.05,-7.05,6.386691565));
#2640=DIRECTION('',(0.,1.,0.));
#2641=VECTOR('',#2640,14.1);
#2642=LINE('',#2639,#2641);
#2643=EDGE_CURVE('',#2638,#2630,#2642,.T.);
#2644=ORIENTED_EDGE('',*,*,#2643,.F.);
#2645=CARTESIAN_POINT('',(-7.05,-7.05,6.386691565));
#2646=DIRECTION('',(1.,0.,-0.));
#2647=VECTOR('',#2646,14.1);
#2648=LINE('',#2645,#2647);
#2649=EDGE_CURVE('',#2622,#2638,#2648,.T.);
#2650=ORIENTED_EDGE('',*,*,#2649,.F.);
#2651=EDGE_LOOP('',(#2628,#2636,#2644,#2650));
#2652=FACE_BOUND('',#2651,.T.);
#2653=CARTESIAN_POINT('',(12.,7.05,6.386691565));
#2654=VERTEX_POINT('',#2653);
#2655=CARTESIAN_POINT('',(12.,-7.05,6.386691565));
#2656=VERTEX_POINT('',#2655);
#2657=CARTESIAN_POINT('',(12.,7.05,6.386691565));
#2658=DIRECTION('',(0.,-1.,0.));
#2659=VECTOR('',#2658,14.1);
#2660=LINE('',#2657,#2659);
#2661=EDGE_CURVE('',#2654,#2656,#2660,.T.);
#2662=ORIENTED_EDGE('',*,*,#2661,.F.);
#2663=CARTESIAN_POINT('',(26.1,7.05,6.386691565));
#2664=VERTEX_POINT('',#2663);
#2665=CARTESIAN_POINT('',(26.1,7.05,6.386691565));
#2666=DIRECTION('',(-1.,0.,0.));
#2667=VECTOR('',#2666,14.1);
#2668=LINE('',#2665,#2667);
#2669=EDGE_CURVE('',#2664,#2654,#2668,.T.);
#2670=ORIENTED_EDGE('',*,*,#2669,.F.);
#2671=CARTESIAN_POINT('',(26.1,-7.05,6.386691565));
#2672=VERTEX_POINT('',#2671);
#2673=CARTESIAN_POINT('',(26.1,-7.05,6.386691565));
#2674=DIRECTION('',(0.,1.,0.));
#2675=VECTOR('',#2674,14.1);
#2676=LINE('',#2673,#2675);
#2677=EDGE_CURVE('',#2672,#2664,#2676,.T.);
#2678=ORIENTED_EDGE('',*,*,#2677,.F.);
#2679=CARTESIAN_POINT('',(12.,-7.05,6.386691565));
#2680=DIRECTION('',(1.,0.,-0.));
#2681=VECTOR('',#2680,14.1);
#2682=LINE('',#2679,#2681);
#2683=EDGE_CURVE('',#2656,#2672,#2682,.T.);
#2684=ORIENTED_EDGE('',*,*,#2683,.F.);
#2685=EDGE_LOOP('',(#2662,#2670,#2678,#2684));
#2686=FACE_BOUND('',#2685,.T.);
#2687=CARTESIAN_POINT('',(31.05,7.05,6.386691565));
#2688=VERTEX_POINT('',#2687);
#2689=CARTESIAN_POINT('',(31.05,-7.05,6.386691565));
#2690=VERTEX_POINT('',#2689);
#2691=CARTESIAN_POINT('',(31.05,7.05,6.386691565));
#2692=DIRECTION('',(0.,-1.,0.));
#2693=VECTOR('',#2692,14.1);
#2694=LINE('',#2691,#2693);
#2695=EDGE_CURVE('',#2688,#2690,#2694,.T.);
#2696=ORIENTED_EDGE('',*,*,#2695,.F.);
#2697=CARTESIAN_POINT('',(45.15,7.05,6.386691565));
#2698=VERTEX_POINT('',#2697);
#2699=CARTESIAN_POINT('',(45.15,7.05,6.386691565));
#2700=DIRECTION('',(-1.,0.,0.));
#2701=VECTOR('',#2700,14.1);
#2702=LINE('',#2699,#2701);
#2703=EDGE_CURVE('',#2698,#2688,#2702,.T.);
#2704=ORIENTED_EDGE('',*,*,#2703,.F.);
#2705=CARTESIAN_POINT('',(45.15,-7.05,6.386691565));
#2706=VERTEX_POINT('',#2705);
#2707=CARTESIAN_POINT('',(45.15,-7.05,6.386691565));
#2708=DIRECTION('',(0.,1.,0.));
#2709=VECTOR('',#2708,14.1);
#2710=LINE('',#2707,#2709);
#2711=EDGE_CURVE('',#2706,#2698,#2710,.T.);
#2712=ORIENTED_EDGE('',*,*,#2711,.F.);
#2713=CARTESIAN_POINT('',(31.05,-7.05,6.386691565));
#2714=DIRECTION('',(1.,0.,-0.));
#2715=VECTOR('',#2714,14.1);
#2716=LINE('',#2713,#2715);
#2717=EDGE_CURVE('',#2690,#2706,#2716,.T.);
#2718=ORIENTED_EDGE('',*,*,#2717,.F.);
#2719=EDGE_LOOP('',(#2696,#2704,#2712,#2718));
#2720=FACE_BOUND('',#2719,.T.);
#2721=CARTESIAN_POINT('',(-45.15,26.1,6.386691565));
#2722=VERTEX_POINT('',#2721);
#2723=CARTESIAN_POINT('',(-45.15,12.,6.386691565));
#2724=VERTEX_POINT('',#2723);
#2725=CARTESIAN_POINT('',(-45.15,26.1,6.386691565));
#2726=DIRECTION('',(0.,-1.,0.));
#2727=VECTOR('',#2726,14.1);
#2728=LINE('',#2725,#2727);
#2729=EDGE_CURVE('',#2722,#2724,#2728,.T.);
#2730=ORIENTED_EDGE('',*,*,#2729,.F.);
#2731=CARTESIAN_POINT('',(-31.05,26.1,6.386691565));
#2732=VERTEX_POINT('',#2731);
#2733=CARTESIAN_POINT('',(-31.05,26.1,6.386691565));
#2734=DIRECTION('',(-1.,0.,0.));
#2735=VECTOR('',#2734,14.1);
#2736=LINE('',#2733,#2735);
#2737=EDGE_CURVE('',#2732,#2722,#2736,.T.);
#2738=ORIENTED_EDGE('',*,*,#2737,.F.);
#2739=CARTESIAN_POINT('',(-31.05,12.,6.386691565));
#2740=VERTEX_POINT('',#2739);
#2741=CARTESIAN_POINT('',(-31.05,12.,6.386691565));
#2742=DIRECTION('',(0.,1.,0.));
#2743=VECTOR('',#2742,14.1);
#2744=LINE('',#2741,#2743);
#2745=EDGE_CURVE('',#2740,#2732,#2744,.T.);
#2746=ORIENTED_EDGE('',*,*,#2745,.F.);
#2747=CARTESIAN_POINT('',(-45.15,12.,6.386691565));
#2748=DIRECTION('',(1.,0.,-0.));
#2749=VECTOR('',#2748,14.1);
#2750=LINE('',#2747,#2749);
#2751=EDGE_CURVE('',#2724,#2740,#2750,.T.);
#2752=ORIENTED_EDGE('',*,*,#2751,.F.);
#2753=EDGE_LOOP('',(#2730,#2738,#2746,#2752));
#2754=FACE_BOUND('',#2753,.T.);
#2755=CARTESIAN_POINT('',(-26.1,26.1,6.386691565));
#2756=VERTEX_POINT('',#2755);
#2757=CARTESIAN_POINT('',(-26.1,12.,6.386691565));
#2758=VERTEX_POINT('',#2757);
#2759=CARTESIAN_POINT('',(-26.1,26.1,6.386691565));
#2760=DIRECTION('',(0.,-1.,0.));
#2761=VECTOR('',#2760,14.1);
#2762=LINE('',#2759,#2761);
#2763=EDGE_CURVE('',#2756,#2758,#2762,.T.);
#2764=ORIENTED_EDGE('',*,*,#2763,.F.);
#2765=CARTESIAN_POINT('',(-12.,26.1,6.386691565));
#2766=VERTEX_POINT('',#2765);
#2767=CARTESIAN_POINT('',(-12.,26.1,6.386691565));
#2768=DIRECTION('',(-1.,0.,0.));
#2769=VECTOR('',#2768,14.1);
#2770=LINE('',#2767,#2769);
#2771=EDGE_CURVE('',#2766,#2756,#2770,.T.);
#2772=ORIENTED_EDGE('',*,*,#2771,.F.);
#2773=CARTESIAN_POINT('',(-12.,12.,6.386691565));
#2774=VERTEX_POINT('',#2773);
#2775=CARTESIAN_POINT('',(-12.,12.,6.386691565));
#2776=DIRECTION('',(0.,1.,0.));
#2777=VECTOR('',#2776,14.1);
#2778=LINE('',#2775,#2777);
#2779=EDGE_CURVE('',#2774,#2766,#2778,.T.);
#2780=ORIENTED_EDGE('',*,*,#2779,.F.);
#2781=CARTESIAN_POINT('',(-26.1,12.,6.386691565));
#2782=DIRECTION('',(1.,0.,-0.));
#2783=VECTOR('',#2782,14.1);
#2784=LINE('',#2781,#2783);
#2785=EDGE_CURVE('',#2758,#2774,#2784,.T.);
#2786=ORIENTED_EDGE('',*,*,#2785,.F.);
#2787=EDGE_LOOP('',(#2764,#2772,#2780,#2786));
#2788=FACE_BOUND('',#2787,.T.);
#2789=CARTESIAN_POINT('',(-7.05,26.1,6.386691565));
#2790=VERTEX_POINT('',#2789);
#2791=CARTESIAN_POINT('',(-7.05,12.,6.386691565));
#2792=VERTEX_POINT('',#2791);
#2793=CARTESIAN_POINT('',(-7.05,26.1,6.386691565));
#2794=DIRECTION('',(0.,-1.,0.));
#2795=VECTOR('',#2794,14.1);
#2796=LINE('',#2793,#2795);
#2797=EDGE_CURVE('',#2790,#2792,#2796,.T.);
#2798=ORIENTED_EDGE('',*,*,#2797,.F.);
#2799=CARTESIAN_POINT('',(7.05,26.1,6.386691565));
#2800=VERTEX_POINT('',#2799);
#2801=CARTESIAN_POINT('',(7.05,26.1,6.386691565));
#2802=DIRECTION('',(-1.,0.,0.));
#2803=VECTOR('',#2802,14.1);
#2804=LINE('',#2801,#2803);
#2805=EDGE_CURVE('',#2800,#2790,#2804,.T.);
#2806=ORIENTED_EDGE('',*,*,#2805,.F.);
#2807=CARTESIAN_POINT('',(7.05,12.,6.386691565));
#2808=VERTEX_POINT('',#2807);
#2809=CARTESIAN_POINT('',(7.05,12.,6.386691565));
#2810=DIRECTION('',(0.,1.,0.));
#2811=VECTOR('',#2810,14.1);
#2812=LINE('',#2809,#2811);
#2813=EDGE_CURVE('',#2808,#2800,#2812,.T.);
#2814=ORIENTED_EDGE('',*,*,#2813,.F.);
#2815=CARTESIAN_POINT('',(-7.05,12.,6.386691565));
#2816=DIRECTION('',(1.,0.,-0.));
#2817=VECTOR('',#2816,14.1);
#2818=LINE('',#2815,#2817);
#2819=EDGE_CURVE('',#2792,#2808,#2818,.T.);
#2820=ORIENTED_EDGE('',*,*,#2819,.F.);
#2821=EDGE_LOOP('',(#2798,#2806,#2814,#2820));
#2822=FACE_BOUND('',#2821,.T.);
#2823=CARTESIAN_POINT('',(12.,26.1,6.386691565));
#2824=VERTEX_POINT('',#2823);
#2825=CARTESIAN_POINT('',(12.,12.,6.386691565));
#2826=VERTEX_POINT('',#2825);
#2827=CARTESIAN_POINT('',(12.,26.1,6.386691565));
#2828=DIRECTION('',(0.,-1.,0.));
#2829=VECTOR('',#2828,14.1);
#2830=LINE('',#2827,#2829);
#2831=EDGE_CURVE('',#2824,#2826,#2830,.T.);
#2832=ORIENTED_EDGE('',*,*,#2831,.F.);
#2833=CARTESIAN_POINT('',(26.1,26.1,6.386691565));
#2834=VERTEX_POINT('',#2833);
#2835=CARTESIAN_POINT('',(26.1,26.1,6.386691565));
#2836=DIRECTION('',(-1.,0.,0.));
#2837=VECTOR('',#2836,14.1);
#2838=LINE('',#2835,#2837);
#2839=EDGE_CURVE('',#2834,#2824,#2838,.T.);
#2840=ORIENTED_EDGE('',*,*,#2839,.F.);
#2841=CARTESIAN_POINT('',(26.1,12.,6.386691565));
#2842=VERTEX_POINT('',#2841);
#2843=CARTESIAN_POINT('',(26.1,12.,6.386691565));
#2844=DIRECTION('',(0.,1.,0.));
#2845=VECTOR('',#2844,14.1);
#2846=LINE('',#2843,#2845);
#2847=EDGE_CURVE('',#2842,#2834,#2846,.T.);
#2848=ORIENTED_EDGE('',*,*,#2847,.F.);
#2849=CARTESIAN_POINT('',(12.,12.,6.386691565));
#2850=DIRECTION('',(1.,0.,-0.));
#2851=VECTOR('',#2850,14.1);
#2852=LINE('',#2849,#2851);
#2853=EDGE_CURVE('',#2826,#2842,#2852,.T.);
#2854=ORIENTED_EDGE('',*,*,#2853,.F.);
#2855=EDGE_LOOP('',(#2832,#2840,#2848,#2854));
#2856=FACE_BOUND('',#2855,.T.);
#2857=CARTESIAN_POINT('',(31.05,26.1,6.386691565));
#2858=VERTEX_POINT('',#2857);
#2859=CARTESIAN_POINT('',(31.05,12.,6.386691565));
#2860=VERTEX_POINT('',#2859);
#2861=CARTESIAN_POINT('',(31.05,26.1,6.386691565));
#2862=DIRECTION('',(0.,-1.,0.));
#2863=VECTOR('',#2862,14.1);
#2864=LINE('',#2861,#2863);
#2865=EDGE_CURVE('',#2858,#2860,#2864,.T.);
#2866=ORIENTED_EDGE('',*,*,#2865,.F.);
#2867=CARTESIAN_POINT('',(45.15,26.1,6.386691565));
#2868=VERTEX_POINT('',#2867);
#2869=CARTESIAN_POINT('',(45.15,26.1,6.386691565));
#2870=DIRECTION('',(-1.,0.,0.));
#2871=VECTOR('',#2870,14.1);
#2872=LINE('',#2869,#2871);
#2873=EDGE_CURVE('',#2868,#2858,#2872,.T.);
#2874=ORIENTED_EDGE('',*,*,#2873,.F.);
#2875=CARTESIAN_POINT('',(45.15,12.,6.386691565));
#2876=VERTEX_POINT('',#2875);
#2877=CARTESIAN_POINT('',(45.15,12.,6.386691565));
#2878=DIRECTION('',(0.,1.,0.));
#2879=VECTOR('',#2878,14.1);
#2880=LINE('',#2877,#2879);
#2881=EDGE_CURVE('',#2876,#2868,#2880,.T.);
#2882=ORIENTED_EDGE('',*,*,#2881,.F.);
#2883=CARTESIAN_POINT('',(31.05,12.,6.386691565));
#2884=DIRECTION('',(1.,0.,-0.));
#2885=VECTOR('',#2884,14.1);
#2886=LINE('',#2883,#2885);
#2887=EDGE_CURVE('',#2860,#2876,#2886,.T.);
#2888=ORIENTED_EDGE('',*,*,#2887,.F.);
#2889=EDGE_LOOP('',(#2866,#2874,#2882,#2888));
#2890=FACE_BOUND('',#2889,.T.);
#2891=ADVANCED_FACE('',(#2223,#2321,#2346,#2380,#2414,#2448,#2482,#2516,#2550,#2584,#2618,#2652,#2686,#2720,#2754,#2788,#2822,#2856,#2890),#2125,.T.);
#2892=CARTESIAN_POINT('',(-45.625,28.575,4.886691565));
#2893=DIRECTION('',(0.,1.,0.));
#2894=DIRECTION('',(1.,0.,0.));
#2895=AXIS2_PLACEMENT_3D('',#2892,#2893,#2894);
#2896=PLANE('',#2895);
#2897=ORIENTED_EDGE('',*,*,#1856,.F.);
#2898=ORIENTED_EDGE('',*,*,#1536,.F.);
#2899=ORIENTED_EDGE('',*,*,#1656,.F.);
#2900=ORIENTED_EDGE('',*,*,#2343,.T.);
#2901=EDGE_LOOP('',(#2897,#2898,#2899,#2900));
#2902=FACE_BOUND('',#2901,.T.);
#2903=ADVANCED_FACE('',(#2902),#2896,.T.);
#2904=CARTESIAN_POINT('',(-43.975,-31.05,4.886691565));
#2905=DIRECTION('',(0.,-1.,0.));
#2906=DIRECTION('',(-1.,0.,0.));
#2907=AXIS2_PLACEMENT_3D('',#2904,#2905,#2906);
#2908=PLANE('',#2907);
#2909=CARTESIAN_POINT('',(-43.975,-31.05,4.886691565));
#2910=DIRECTION('',(-0.,-0.,1.));
#2911=VECTOR('',#2910,1.5);
#2912=LINE('',#2909,#2911);
#2913=EDGE_CURVE('',#783,#2251,#2912,.T.);
#2914=ORIENTED_EDGE('',*,*,#2913,.T.);
#2915=ORIENTED_EDGE('',*,*,#2256,.T.);
#2916=CARTESIAN_POINT('',(-45.15,-31.05,4.886691565));
#2917=DIRECTION('',(-0.,-0.,1.));
#2918=VECTOR('',#2917,1.5);
#2919=LINE('',#2916,#2918);
#2920=EDGE_CURVE('',#791,#2243,#2919,.T.);
#2921=ORIENTED_EDGE('',*,*,#2920,.F.);
#2922=ORIENTED_EDGE('',*,*,#796,.F.);
#2923=EDGE_LOOP('',(#2914,#2915,#2921,#2922));
#2924=FACE_BOUND('',#2923,.T.);
#2925=ADVANCED_FACE('',(#2924),#2908,.T.);
#2926=CARTESIAN_POINT('',(-45.15,-31.05,4.886691565));
#2927=DIRECTION('',(1.,0.,0.));
#2928=DIRECTION('',(0.,-1.,0.));
#2929=AXIS2_PLACEMENT_3D('',#2926,#2927,#2928);
#2930=PLANE('',#2929);
#2931=ORIENTED_EDGE('',*,*,#2920,.T.);
#2932=ORIENTED_EDGE('',*,*,#2248,.T.);
#2933=CARTESIAN_POINT('',(-45.15,-45.15,4.886691565));
#2934=DIRECTION('',(-0.,-0.,1.));
#2935=VECTOR('',#2934,1.5);
#2936=LINE('',#2933,#2935);
#2937=EDGE_CURVE('',#799,#2235,#2936,.T.);
#2938=ORIENTED_EDGE('',*,*,#2937,.F.);
#2939=ORIENTED_EDGE('',*,*,#804,.F.);
#2940=EDGE_LOOP('',(#2931,#2932,#2938,#2939));
#2941=FACE_BOUND('',#2940,.T.);
#2942=ADVANCED_FACE('',(#2941),#2930,.T.);
#2943=CARTESIAN_POINT('',(-45.15,-45.15,4.886691565));
#2944=DIRECTION('',(0.,1.,0.));
#2945=DIRECTION('',(1.,0.,0.));
#2946=AXIS2_PLACEMENT_3D('',#2943,#2944,#2945);
#2947=PLANE('',#2946);
#2948=ORIENTED_EDGE('',*,*,#2240,.T.);
#2949=CARTESIAN_POINT('',(-12.,-45.15,4.886691565));
#2950=DIRECTION('',(-0.,-0.,1.));
#2951=VECTOR('',#2950,1.5);
#2952=LINE('',#2949,#2951);
#2953=EDGE_CURVE('',#839,#2225,#2952,.T.);
#2954=ORIENTED_EDGE('',*,*,#2953,.F.);
#2955=ORIENTED_EDGE('',*,*,#844,.F.);
#2956=ORIENTED_EDGE('',*,*,#836,.F.);
#2957=ORIENTED_EDGE('',*,*,#828,.F.);
#2958=ORIENTED_EDGE('',*,*,#820,.F.);
#2959=ORIENTED_EDGE('',*,*,#812,.F.);
#2960=ORIENTED_EDGE('',*,*,#2937,.T.);
#2961=EDGE_LOOP('',(#2948,#2954,#2955,#2956,#2957,#2958,#2959,#2960));
#2962=FACE_BOUND('',#2961,.T.);
#2963=ADVANCED_FACE('',(#2962),#2947,.T.);
#2964=CARTESIAN_POINT('',(-35.625,-31.05,4.886691565));
#2965=DIRECTION('',(0.,-1.,0.));
#2966=DIRECTION('',(-1.,0.,0.));
#2967=AXIS2_PLACEMENT_3D('',#2964,#2965,#2966);
#2968=PLANE('',#2967);
#2969=ORIENTED_EDGE('',*,*,#764,.F.);
#2970=ORIENTED_EDGE('',*,*,#756,.F.);
#2971=ORIENTED_EDGE('',*,*,#748,.F.);
#2972=CARTESIAN_POINT('',(-20.175,-31.05,4.886691565));
#2973=DIRECTION('',(-0.,-0.,1.));
#2974=VECTOR('',#2973,1.5);
#2975=LINE('',#2972,#2974);
#2976=EDGE_CURVE('',#741,#2283,#2975,.T.);
#2977=ORIENTED_EDGE('',*,*,#2976,.T.);
#2978=ORIENTED_EDGE('',*,*,#2288,.T.);
#2979=CARTESIAN_POINT('',(-36.975,-31.05,4.886691565));
#2980=DIRECTION('',(-0.,-0.,1.));
#2981=VECTOR('',#2980,1.5);
#2982=LINE('',#2979,#2981);
#2983=EDGE_CURVE('',#759,#2275,#2982,.T.);
#2984=ORIENTED_EDGE('',*,*,#2983,.F.);
#2985=EDGE_LOOP('',(#2969,#2970,#2971,#2977,#2978,#2984));
#2986=FACE_BOUND('',#2985,.T.);
#2987=ADVANCED_FACE('',(#2986),#2968,.T.);
#2988=CARTESIAN_POINT('',(-36.975,-31.05,4.886691565));
#2989=DIRECTION('',(-1.,0.,0.));
#2990=DIRECTION('',(0.,1.,0.));
#2991=AXIS2_PLACEMENT_3D('',#2988,#2989,#2990);
#2992=PLANE('',#2991);
#2993=ORIENTED_EDGE('',*,*,#2983,.T.);
#2994=ORIENTED_EDGE('',*,*,#2280,.T.);
#2995=CARTESIAN_POINT('',(-36.975,-29.3,4.886691565));
#2996=DIRECTION('',(-0.,-0.,1.));
#2997=VECTOR('',#2996,1.5);
#2998=LINE('',#2995,#2997);
#2999=EDGE_CURVE('',#767,#2267,#2998,.T.);
#3000=ORIENTED_EDGE('',*,*,#2999,.F.);
#3001=ORIENTED_EDGE('',*,*,#772,.F.);
#3002=EDGE_LOOP('',(#2993,#2994,#3000,#3001));
#3003=FACE_BOUND('',#3002,.T.);
#3004=ADVANCED_FACE('',(#3003),#2992,.T.);
#3005=CARTESIAN_POINT('',(-36.975,-29.3,4.886691565));
#3006=DIRECTION('',(0.,-1.,0.));
#3007=DIRECTION('',(-1.,0.,0.));
#3008=AXIS2_PLACEMENT_3D('',#3005,#3006,#3007);
#3009=PLANE('',#3008);
#3010=ORIENTED_EDGE('',*,*,#2999,.T.);
#3011=ORIENTED_EDGE('',*,*,#2272,.T.);
#3012=CARTESIAN_POINT('',(-43.975,-29.3,4.886691565));
#3013=DIRECTION('',(-0.,-0.,1.));
#3014=VECTOR('',#3013,1.5);
#3015=LINE('',#3012,#3014);
#3016=EDGE_CURVE('',#775,#2259,#3015,.T.);
#3017=ORIENTED_EDGE('',*,*,#3016,.F.);
#3018=ORIENTED_EDGE('',*,*,#780,.F.);
#3019=EDGE_LOOP('',(#3010,#3011,#3017,#3018));
#3020=FACE_BOUND('',#3019,.T.);
#3021=ADVANCED_FACE('',(#3020),#3009,.T.);
#3022=CARTESIAN_POINT('',(-43.975,-29.3,4.886691565));
#3023=DIRECTION('',(1.,0.,0.));
#3024=DIRECTION('',(0.,-1.,0.));
#3025=AXIS2_PLACEMENT_3D('',#3022,#3023,#3024);
#3026=PLANE('',#3025);
#3027=ORIENTED_EDGE('',*,*,#3016,.T.);
#3028=ORIENTED_EDGE('',*,*,#2264,.T.);
#3029=ORIENTED_EDGE('',*,*,#2913,.F.);
#3030=ORIENTED_EDGE('',*,*,#788,.F.);
#3031=EDGE_LOOP('',(#3027,#3028,#3029,#3030));
#3032=FACE_BOUND('',#3031,.T.);
#3033=ADVANCED_FACE('',(#3032),#3026,.T.);
#3034=CARTESIAN_POINT('',(-12.,-45.15,4.886691565));
#3035=DIRECTION('',(-1.,0.,0.));
#3036=DIRECTION('',(0.,1.,0.));
#3037=AXIS2_PLACEMENT_3D('',#3034,#3035,#3036);
#3038=PLANE('',#3037);
#3039=ORIENTED_EDGE('',*,*,#2953,.T.);
#3040=ORIENTED_EDGE('',*,*,#2232,.T.);
#3041=CARTESIAN_POINT('',(-12.,-31.05,4.886691565));
#3042=DIRECTION('',(-0.,-0.,1.));
#3043=VECTOR('',#3042,1.5);
#3044=LINE('',#3041,#3043);
#3045=EDGE_CURVE('',#847,#2227,#3044,.T.);
#3046=ORIENTED_EDGE('',*,*,#3045,.F.);
#3047=ORIENTED_EDGE('',*,*,#852,.F.);
#3048=EDGE_LOOP('',(#3039,#3040,#3046,#3047));
#3049=FACE_BOUND('',#3048,.T.);
#3050=ADVANCED_FACE('',(#3049),#3038,.T.);
#3051=CARTESIAN_POINT('',(-12.,-31.05,4.886691565));
#3052=DIRECTION('',(0.,-1.,0.));
#3053=DIRECTION('',(-1.,0.,0.));
#3054=AXIS2_PLACEMENT_3D('',#3051,#3052,#3053);
#3055=PLANE('',#3054);
#3056=ORIENTED_EDGE('',*,*,#3045,.T.);
#3057=ORIENTED_EDGE('',*,*,#2318,.T.);
#3058=CARTESIAN_POINT('',(-13.175,-31.05,4.886691565));
#3059=DIRECTION('',(-0.,-0.,1.));
#3060=VECTOR('',#3059,1.5);
#3061=LINE('',#3058,#3060);
#3062=EDGE_CURVE('',#855,#2307,#3061,.T.);
#3063=ORIENTED_EDGE('',*,*,#3062,.F.);
#3064=ORIENTED_EDGE('',*,*,#860,.F.);
#3065=EDGE_LOOP('',(#3056,#3057,#3063,#3064));
#3066=FACE_BOUND('',#3065,.T.);
#3067=ADVANCED_FACE('',(#3066),#3055,.T.);
#3068=CARTESIAN_POINT('',(-13.175,-31.05,4.886691565));
#3069=DIRECTION('',(-1.,0.,0.));
#3070=DIRECTION('',(0.,1.,0.));
#3071=AXIS2_PLACEMENT_3D('',#3068,#3069,#3070);
#3072=PLANE('',#3071);
#3073=ORIENTED_EDGE('',*,*,#3062,.T.);
#3074=ORIENTED_EDGE('',*,*,#2312,.T.);
#3075=CARTESIAN_POINT('',(-13.175,-29.3,4.886691565));
#3076=DIRECTION('',(-0.,-0.,1.));
#3077=VECTOR('',#3076,1.5);
#3078=LINE('',#3075,#3077);
#3079=EDGE_CURVE('',#863,#2299,#3078,.T.);
#3080=ORIENTED_EDGE('',*,*,#3079,.F.);
#3081=ORIENTED_EDGE('',*,*,#868,.F.);
#3082=EDGE_LOOP('',(#3073,#3074,#3080,#3081));
#3083=FACE_BOUND('',#3082,.T.);
#3084=ADVANCED_FACE('',(#3083),#3072,.T.);
#3085=CARTESIAN_POINT('',(-13.175,-29.3,4.886691565));
#3086=DIRECTION('',(0.,-1.,0.));
#3087=DIRECTION('',(-1.,0.,0.));
#3088=AXIS2_PLACEMENT_3D('',#3085,#3086,#3087);
#3089=PLANE('',#3088);
#3090=ORIENTED_EDGE('',*,*,#3079,.T.);
#3091=ORIENTED_EDGE('',*,*,#2304,.T.);
#3092=CARTESIAN_POINT('',(-20.175,-29.3,4.886691565));
#3093=DIRECTION('',(-0.,-0.,1.));
#3094=VECTOR('',#3093,1.5);
#3095=LINE('',#3092,#3094);
#3096=EDGE_CURVE('',#871,#2291,#3095,.T.);
#3097=ORIENTED_EDGE('',*,*,#3096,.F.);
#3098=ORIENTED_EDGE('',*,*,#876,.F.);
#3099=EDGE_LOOP('',(#3090,#3091,#3097,#3098));
#3100=FACE_BOUND('',#3099,.T.);
#3101=ADVANCED_FACE('',(#3100),#3089,.T.);
#3102=CARTESIAN_POINT('',(-20.175,-29.3,4.886691565));
#3103=DIRECTION('',(1.,0.,0.));
#3104=DIRECTION('',(0.,-1.,0.));
#3105=AXIS2_PLACEMENT_3D('',#3102,#3103,#3104);
#3106=PLANE('',#3105);
#3107=ORIENTED_EDGE('',*,*,#3096,.T.);
#3108=ORIENTED_EDGE('',*,*,#2296,.T.);
#3109=ORIENTED_EDGE('',*,*,#2976,.F.);
#3110=ORIENTED_EDGE('',*,*,#882,.F.);
#3111=EDGE_LOOP('',(#3107,#3108,#3109,#3110));
#3112=FACE_BOUND('',#3111,.T.);
#3113=ADVANCED_FACE('',(#3112),#3106,.T.);
#3114=CARTESIAN_POINT('',(-7.05,-45.15,4.886691565));
#3115=DIRECTION('',(0.,1.,0.));
#3116=DIRECTION('',(1.,0.,0.));
#3117=AXIS2_PLACEMENT_3D('',#3114,#3115,#3116);
#3118=PLANE('',#3117);
#3119=CARTESIAN_POINT('',(-7.05,-45.15,4.886691565));
#3120=DIRECTION('',(-0.,-0.,1.));
#3121=VECTOR('',#3120,1.5);
#3122=LINE('',#3119,#3121);
#3123=EDGE_CURVE('',#1397,#2350,#3122,.T.);
#3124=ORIENTED_EDGE('',*,*,#3123,.T.);
#3125=ORIENTED_EDGE('',*,*,#2377,.T.);
#3126=CARTESIAN_POINT('',(7.05,-45.15,4.886691565));
#3127=DIRECTION('',(-0.,-0.,1.));
#3128=VECTOR('',#3127,1.5);
#3129=LINE('',#3126,#3128);
#3130=EDGE_CURVE('',#1399,#2366,#3129,.T.);
#3131=ORIENTED_EDGE('',*,*,#3130,.F.);
#3132=ORIENTED_EDGE('',*,*,#1404,.F.);
#3133=EDGE_LOOP('',(#3124,#3125,#3131,#3132));
#3134=FACE_BOUND('',#3133,.T.);
#3135=ADVANCED_FACE('',(#3134),#3118,.T.);
#3136=CARTESIAN_POINT('',(7.05,-45.15,4.886691565));
#3137=DIRECTION('',(-1.,0.,0.));
#3138=DIRECTION('',(0.,1.,0.));
#3139=AXIS2_PLACEMENT_3D('',#3136,#3137,#3138);
#3140=PLANE('',#3139);
#3141=ORIENTED_EDGE('',*,*,#3130,.T.);
#3142=ORIENTED_EDGE('',*,*,#2371,.T.);
#3143=CARTESIAN_POINT('',(7.05,-31.05,4.886691565));
#3144=DIRECTION('',(-0.,-0.,1.));
#3145=VECTOR('',#3144,1.5);
#3146=LINE('',#3143,#3145);
#3147=EDGE_CURVE('',#1407,#2358,#3146,.T.);
#3148=ORIENTED_EDGE('',*,*,#3147,.F.);
#3149=ORIENTED_EDGE('',*,*,#1412,.F.);
#3150=EDGE_LOOP('',(#3141,#3142,#3148,#3149));
#3151=FACE_BOUND('',#3150,.T.);
#3152=ADVANCED_FACE('',(#3151),#3140,.T.);
#3153=CARTESIAN_POINT('',(7.05,-31.05,4.886691565));
#3154=DIRECTION('',(0.,-1.,0.));
#3155=DIRECTION('',(-1.,0.,0.));
#3156=AXIS2_PLACEMENT_3D('',#3153,#3154,#3155);
#3157=PLANE('',#3156);
#3158=ORIENTED_EDGE('',*,*,#3147,.T.);
#3159=ORIENTED_EDGE('',*,*,#2363,.T.);
#3160=CARTESIAN_POINT('',(-7.05,-31.05,4.886691565));
#3161=DIRECTION('',(-0.,-0.,1.));
#3162=VECTOR('',#3161,1.5);
#3163=LINE('',#3160,#3162);
#3164=EDGE_CURVE('',#1415,#2348,#3163,.T.);
#3165=ORIENTED_EDGE('',*,*,#3164,.F.);
#3166=ORIENTED_EDGE('',*,*,#1420,.F.);
#3167=EDGE_LOOP('',(#3158,#3159,#3165,#3166));
#3168=FACE_BOUND('',#3167,.T.);
#3169=ADVANCED_FACE('',(#3168),#3157,.T.);
#3170=CARTESIAN_POINT('',(-7.05,-31.05,4.886691565));
#3171=DIRECTION('',(1.,0.,0.));
#3172=DIRECTION('',(0.,-1.,0.));
#3173=AXIS2_PLACEMENT_3D('',#3170,#3171,#3172);
#3174=PLANE('',#3173);
#3175=ORIENTED_EDGE('',*,*,#3164,.T.);
#3176=ORIENTED_EDGE('',*,*,#2355,.T.);
#3177=ORIENTED_EDGE('',*,*,#3123,.F.);
#3178=ORIENTED_EDGE('',*,*,#1426,.F.);
#3179=EDGE_LOOP('',(#3175,#3176,#3177,#3178));
#3180=FACE_BOUND('',#3179,.T.);
#3181=ADVANCED_FACE('',(#3180),#3174,.T.);
#3182=CARTESIAN_POINT('',(13.175,-31.05,4.886691565));
#3183=DIRECTION('',(0.,-1.,0.));
#3184=DIRECTION('',(-1.,0.,0.));
#3185=AXIS2_PLACEMENT_3D('',#3182,#3183,#3184);
#3186=PLANE('',#3185);
#3187=CARTESIAN_POINT('',(13.175,-31.05,4.886691565));
#3188=DIRECTION('',(-0.,-0.,1.));
#3189=VECTOR('',#3188,1.5);
#3190=LINE('',#3187,#3189);
#3191=EDGE_CURVE('',#637,#2153,#3190,.T.);
#3192=ORIENTED_EDGE('',*,*,#3191,.T.);
#3193=ORIENTED_EDGE('',*,*,#2158,.T.);
#3194=CARTESIAN_POINT('',(12.,-31.05,4.886691565));
#3195=DIRECTION('',(-0.,-0.,1.));
#3196=VECTOR('',#3195,1.5);
#3197=LINE('',#3194,#3196);
#3198=EDGE_CURVE('',#645,#2145,#3197,.T.);
#3199=ORIENTED_EDGE('',*,*,#3198,.F.);
#3200=ORIENTED_EDGE('',*,*,#650,.F.);
#3201=EDGE_LOOP('',(#3192,#3193,#3199,#3200));
#3202=FACE_BOUND('',#3201,.T.);
#3203=ADVANCED_FACE('',(#3202),#3186,.T.);
#3204=CARTESIAN_POINT('',(12.,-31.05,4.886691565));
#3205=DIRECTION('',(1.,0.,0.));
#3206=DIRECTION('',(0.,-1.,0.));
#3207=AXIS2_PLACEMENT_3D('',#3204,#3205,#3206);
#3208=PLANE('',#3207);
#3209=ORIENTED_EDGE('',*,*,#3198,.T.);
#3210=ORIENTED_EDGE('',*,*,#2150,.T.);
#3211=CARTESIAN_POINT('',(12.,-45.15,4.886691565));
#3212=DIRECTION('',(-0.,-0.,1.));
#3213=VECTOR('',#3212,1.5);
#3214=LINE('',#3211,#3213);
#3215=EDGE_CURVE('',#653,#2137,#3214,.T.);
#3216=ORIENTED_EDGE('',*,*,#3215,.F.);
#3217=ORIENTED_EDGE('',*,*,#658,.F.);
#3218=EDGE_LOOP('',(#3209,#3210,#3216,#3217));
#3219=FACE_BOUND('',#3218,.T.);
#3220=ADVANCED_FACE('',(#3219),#3208,.T.);
#3221=CARTESIAN_POINT('',(12.,-45.15,4.886691565));
#3222=DIRECTION('',(0.,1.,0.));
#3223=DIRECTION('',(1.,0.,0.));
#3224=AXIS2_PLACEMENT_3D('',#3221,#3222,#3223);
#3225=PLANE('',#3224);
#3226=ORIENTED_EDGE('',*,*,#3215,.T.);
#3227=ORIENTED_EDGE('',*,*,#2142,.T.);
#3228=CARTESIAN_POINT('',(45.15,-45.15,4.886691565));
#3229=DIRECTION('',(-0.,-0.,1.));
#3230=VECTOR('',#3229,1.5);
#3231=LINE('',#3228,#3230);
#3232=EDGE_CURVE('',#693,#2127,#3231,.T.);
#3233=ORIENTED_EDGE('',*,*,#3232,.F.);
#3234=ORIENTED_EDGE('',*,*,#698,.F.);
#3235=ORIENTED_EDGE('',*,*,#690,.F.);
#3236=ORIENTED_EDGE('',*,*,#682,.F.);
#3237=ORIENTED_EDGE('',*,*,#674,.F.);
#3238=ORIENTED_EDGE('',*,*,#666,.F.);
#3239=EDGE_LOOP('',(#3226,#3227,#3233,#3234,#3235,#3236,#3237,#3238));
#3240=FACE_BOUND('',#3239,.T.);
#3241=ADVANCED_FACE('',(#3240),#3225,.T.);
#3242=CARTESIAN_POINT('',(21.525,-31.05,4.886691565));
#3243=DIRECTION('',(0.,-1.,0.));
#3244=DIRECTION('',(-1.,0.,0.));
#3245=AXIS2_PLACEMENT_3D('',#3242,#3243,#3244);
#3246=PLANE('',#3245);
#3247=ORIENTED_EDGE('',*,*,#618,.F.);
#3248=ORIENTED_EDGE('',*,*,#610,.F.);
#3249=ORIENTED_EDGE('',*,*,#602,.F.);
#3250=ORIENTED_EDGE('',*,*,#594,.F.);
#3251=CARTESIAN_POINT('',(36.975,-31.05,4.886691565));
#3252=DIRECTION('',(-0.,-0.,1.));
#3253=VECTOR('',#3252,1.5);
#3254=LINE('',#3251,#3253);
#3255=EDGE_CURVE('',#587,#2185,#3254,.T.);
#3256=ORIENTED_EDGE('',*,*,#3255,.T.);
#3257=ORIENTED_EDGE('',*,*,#2190,.T.);
#3258=CARTESIAN_POINT('',(20.175,-31.05,4.886691565));
#3259=DIRECTION('',(-0.,-0.,1.));
#3260=VECTOR('',#3259,1.5);
#3261=LINE('',#3258,#3260);
#3262=EDGE_CURVE('',#613,#2177,#3261,.T.);
#3263=ORIENTED_EDGE('',*,*,#3262,.F.);
#3264=EDGE_LOOP('',(#3247,#3248,#3249,#3250,#3256,#3257,#3263));
#3265=FACE_BOUND('',#3264,.T.);
#3266=ADVANCED_FACE('',(#3265),#3246,.T.);
#3267=CARTESIAN_POINT('',(20.175,-31.05,4.886691565));
#3268=DIRECTION('',(-1.,0.,0.));
#3269=DIRECTION('',(0.,1.,0.));
#3270=AXIS2_PLACEMENT_3D('',#3267,#3268,#3269);
#3271=PLANE('',#3270);
#3272=ORIENTED_EDGE('',*,*,#3262,.T.);
#3273=ORIENTED_EDGE('',*,*,#2182,.T.);
#3274=CARTESIAN_POINT('',(20.175,-29.3,4.886691565));
#3275=DIRECTION('',(-0.,-0.,1.));
#3276=VECTOR('',#3275,1.5);
#3277=LINE('',#3274,#3276);
#3278=EDGE_CURVE('',#621,#2169,#3277,.T.);
#3279=ORIENTED_EDGE('',*,*,#3278,.F.);
#3280=ORIENTED_EDGE('',*,*,#626,.F.);
#3281=EDGE_LOOP('',(#3272,#3273,#3279,#3280));
#3282=FACE_BOUND('',#3281,.T.);
#3283=ADVANCED_FACE('',(#3282),#3271,.T.);
#3284=CARTESIAN_POINT('',(20.175,-29.3,4.886691565));
#3285=DIRECTION('',(0.,-1.,0.));
#3286=DIRECTION('',(-1.,0.,0.));
#3287=AXIS2_PLACEMENT_3D('',#3284,#3285,#3286);
#3288=PLANE('',#3287);
#3289=ORIENTED_EDGE('',*,*,#3278,.T.);
#3290=ORIENTED_EDGE('',*,*,#2174,.T.);
#3291=CARTESIAN_POINT('',(13.175,-29.3,4.886691565));
#3292=DIRECTION('',(-0.,-0.,1.));
#3293=VECTOR('',#3292,1.5);
#3294=LINE('',#3291,#3293);
#3295=EDGE_CURVE('',#629,#2161,#3294,.T.);
#3296=ORIENTED_EDGE('',*,*,#3295,.F.);
#3297=ORIENTED_EDGE('',*,*,#634,.F.);
#3298=EDGE_LOOP('',(#3289,#3290,#3296,#3297));
#3299=FACE_BOUND('',#3298,.T.);
#3300=ADVANCED_FACE('',(#3299),#3288,.T.);
#3301=CARTESIAN_POINT('',(13.175,-29.3,4.886691565));
#3302=DIRECTION('',(1.,0.,0.));
#3303=DIRECTION('',(0.,-1.,0.));
#3304=AXIS2_PLACEMENT_3D('',#3301,#3302,#3303);
#3305=PLANE('',#3304);
#3306=ORIENTED_EDGE('',*,*,#3295,.T.);
#3307=ORIENTED_EDGE('',*,*,#2166,.T.);
#3308=ORIENTED_EDGE('',*,*,#3191,.F.);
#3309=ORIENTED_EDGE('',*,*,#642,.F.);
#3310=EDGE_LOOP('',(#3306,#3307,#3308,#3309));
#3311=FACE_BOUND('',#3310,.T.);
#3312=ADVANCED_FACE('',(#3311),#3305,.T.);
#3313=CARTESIAN_POINT('',(45.15,-45.15,4.886691565));
#3314=DIRECTION('',(-1.,0.,0.));
#3315=DIRECTION('',(0.,1.,0.));
#3316=AXIS2_PLACEMENT_3D('',#3313,#3314,#3315);
#3317=PLANE('',#3316);
#3318=ORIENTED_EDGE('',*,*,#3232,.T.);
#3319=ORIENTED_EDGE('',*,*,#2134,.T.);
#3320=CARTESIAN_POINT('',(45.15,-31.05,4.886691565));
#3321=DIRECTION('',(-0.,-0.,1.));
#3322=VECTOR('',#3321,1.5);
#3323=LINE('',#3320,#3322);
#3324=EDGE_CURVE('',#701,#2129,#3323,.T.);
#3325=ORIENTED_EDGE('',*,*,#3324,.F.);
#3326=ORIENTED_EDGE('',*,*,#706,.F.);
#3327=EDGE_LOOP('',(#3318,#3319,#3325,#3326));
#3328=FACE_BOUND('',#3327,.T.);
#3329=ADVANCED_FACE('',(#3328),#3317,.T.);
#3330=CARTESIAN_POINT('',(45.15,-31.05,4.886691565));
#3331=DIRECTION('',(0.,-1.,0.));
#3332=DIRECTION('',(-1.,0.,0.));
#3333=AXIS2_PLACEMENT_3D('',#3330,#3331,#3332);
#3334=PLANE('',#3333);
#3335=ORIENTED_EDGE('',*,*,#3324,.T.);
#3336=ORIENTED_EDGE('',*,*,#2220,.T.);
#3337=CARTESIAN_POINT('',(43.975,-31.05,4.886691565));
#3338=DIRECTION('',(-0.,-0.,1.));
#3339=VECTOR('',#3338,1.5);
#3340=LINE('',#3337,#3339);
#3341=EDGE_CURVE('',#709,#2209,#3340,.T.);
#3342=ORIENTED_EDGE('',*,*,#3341,.F.);
#3343=ORIENTED_EDGE('',*,*,#714,.F.);
#3344=EDGE_LOOP('',(#3335,#3336,#3342,#3343));
#3345=FACE_BOUND('',#3344,.T.);
#3346=ADVANCED_FACE('',(#3345),#3334,.T.);
#3347=CARTESIAN_POINT('',(43.975,-31.05,4.886691565));
#3348=DIRECTION('',(-1.,0.,0.));
#3349=DIRECTION('',(0.,1.,0.));
#3350=AXIS2_PLACEMENT_3D('',#3347,#3348,#3349);
#3351=PLANE('',#3350);
#3352=ORIENTED_EDGE('',*,*,#3341,.T.);
#3353=ORIENTED_EDGE('',*,*,#2214,.T.);
#3354=CARTESIAN_POINT('',(43.975,-29.3,4.886691565));
#3355=DIRECTION('',(-0.,-0.,1.));
#3356=VECTOR('',#3355,1.5);
#3357=LINE('',#3354,#3356);
#3358=EDGE_CURVE('',#717,#2201,#3357,.T.);
#3359=ORIENTED_EDGE('',*,*,#3358,.F.);
#3360=ORIENTED_EDGE('',*,*,#722,.F.);
#3361=EDGE_LOOP('',(#3352,#3353,#3359,#3360));
#3362=FACE_BOUND('',#3361,.T.);
#3363=ADVANCED_FACE('',(#3362),#3351,.T.);
#3364=CARTESIAN_POINT('',(43.975,-29.3,4.886691565));
#3365=DIRECTION('',(0.,-1.,0.));
#3366=DIRECTION('',(-1.,0.,0.));
#3367=AXIS2_PLACEMENT_3D('',#3364,#3365,#3366);
#3368=PLANE('',#3367);
#3369=ORIENTED_EDGE('',*,*,#3358,.T.);
#3370=ORIENTED_EDGE('',*,*,#2206,.T.);
#3371=CARTESIAN_POINT('',(36.975,-29.3,4.886691565));
#3372=DIRECTION('',(-0.,-0.,1.));
#3373=VECTOR('',#3372,1.5);
#3374=LINE('',#3371,#3373);
#3375=EDGE_CURVE('',#725,#2193,#3374,.T.);
#3376=ORIENTED_EDGE('',*,*,#3375,.F.);
#3377=ORIENTED_EDGE('',*,*,#730,.F.);
#3378=EDGE_LOOP('',(#3369,#3370,#3376,#3377));
#3379=FACE_BOUND('',#3378,.T.);
#3380=ADVANCED_FACE('',(#3379),#3368,.T.);
#3381=CARTESIAN_POINT('',(36.975,-29.3,4.886691565));
#3382=DIRECTION('',(1.,0.,0.));
#3383=DIRECTION('',(0.,-1.,0.));
#3384=AXIS2_PLACEMENT_3D('',#3381,#3382,#3383);
#3385=PLANE('',#3384);
#3386=ORIENTED_EDGE('',*,*,#3375,.T.);
#3387=ORIENTED_EDGE('',*,*,#2198,.T.);
#3388=ORIENTED_EDGE('',*,*,#3255,.F.);
#3389=ORIENTED_EDGE('',*,*,#736,.F.);
#3390=EDGE_LOOP('',(#3386,#3387,#3388,#3389));
#3391=FACE_BOUND('',#3390,.T.);
#3392=ADVANCED_FACE('',(#3391),#3385,.T.);
#3393=CARTESIAN_POINT('',(-45.15,-26.1,4.886691565));
#3394=DIRECTION('',(0.,1.,0.));
#3395=DIRECTION('',(1.,0.,0.));
#3396=AXIS2_PLACEMENT_3D('',#3393,#3394,#3395);
#3397=PLANE('',#3396);
#3398=CARTESIAN_POINT('',(-45.15,-26.1,4.886691565));
#3399=DIRECTION('',(-0.,-0.,1.));
#3400=VECTOR('',#3399,1.5);
#3401=LINE('',#3398,#3400);
#3402=EDGE_CURVE('',#1363,#2384,#3401,.T.);
#3403=ORIENTED_EDGE('',*,*,#3402,.T.);
#3404=ORIENTED_EDGE('',*,*,#2411,.T.);
#3405=CARTESIAN_POINT('',(-31.05,-26.1,4.886691565));
#3406=DIRECTION('',(-0.,-0.,1.));
#3407=VECTOR('',#3406,1.5);
#3408=LINE('',#3405,#3407);
#3409=EDGE_CURVE('',#1365,#2400,#3408,.T.);
#3410=ORIENTED_EDGE('',*,*,#3409,.F.);
#3411=ORIENTED_EDGE('',*,*,#1370,.F.);
#3412=EDGE_LOOP('',(#3403,#3404,#3410,#3411));
#3413=FACE_BOUND('',#3412,.T.);
#3414=ADVANCED_FACE('',(#3413),#3397,.T.);
#3415=CARTESIAN_POINT('',(-31.05,-26.1,4.886691565));
#3416=DIRECTION('',(-1.,0.,0.));
#3417=DIRECTION('',(0.,1.,0.));
#3418=AXIS2_PLACEMENT_3D('',#3415,#3416,#3417);
#3419=PLANE('',#3418);
#3420=ORIENTED_EDGE('',*,*,#3409,.T.);
#3421=ORIENTED_EDGE('',*,*,#2405,.T.);
#3422=CARTESIAN_POINT('',(-31.05,-12.,4.886691565));
#3423=DIRECTION('',(-0.,-0.,1.));
#3424=VECTOR('',#3423,1.5);
#3425=LINE('',#3422,#3424);
#3426=EDGE_CURVE('',#1373,#2392,#3425,.T.);
#3427=ORIENTED_EDGE('',*,*,#3426,.F.);
#3428=ORIENTED_EDGE('',*,*,#1378,.F.);
#3429=EDGE_LOOP('',(#3420,#3421,#3427,#3428));
#3430=FACE_BOUND('',#3429,.T.);
#3431=ADVANCED_FACE('',(#3430),#3419,.T.);
#3432=CARTESIAN_POINT('',(-31.05,-12.,4.886691565));
#3433=DIRECTION('',(0.,-1.,0.));
#3434=DIRECTION('',(-1.,0.,0.));
#3435=AXIS2_PLACEMENT_3D('',#3432,#3433,#3434);
#3436=PLANE('',#3435);
#3437=ORIENTED_EDGE('',*,*,#3426,.T.);
#3438=ORIENTED_EDGE('',*,*,#2397,.T.);
#3439=CARTESIAN_POINT('',(-45.15,-12.,4.886691565));
#3440=DIRECTION('',(-0.,-0.,1.));
#3441=VECTOR('',#3440,1.5);
#3442=LINE('',#3439,#3441);
#3443=EDGE_CURVE('',#1381,#2382,#3442,.T.);
#3444=ORIENTED_EDGE('',*,*,#3443,.F.);
#3445=ORIENTED_EDGE('',*,*,#1386,.F.);
#3446=EDGE_LOOP('',(#3437,#3438,#3444,#3445));
#3447=FACE_BOUND('',#3446,.T.);
#3448=ADVANCED_FACE('',(#3447),#3436,.T.);
#3449=CARTESIAN_POINT('',(-45.15,-12.,4.886691565));
#3450=DIRECTION('',(1.,0.,0.));
#3451=DIRECTION('',(0.,-1.,0.));
#3452=AXIS2_PLACEMENT_3D('',#3449,#3450,#3451);
#3453=PLANE('',#3452);
#3454=ORIENTED_EDGE('',*,*,#3443,.T.);
#3455=ORIENTED_EDGE('',*,*,#2389,.T.);
#3456=ORIENTED_EDGE('',*,*,#3402,.F.);
#3457=ORIENTED_EDGE('',*,*,#1392,.F.);
#3458=EDGE_LOOP('',(#3454,#3455,#3456,#3457));
#3459=FACE_BOUND('',#3458,.T.);
#3460=ADVANCED_FACE('',(#3459),#3453,.T.);
#3461=CARTESIAN_POINT('',(-26.1,-26.1,4.886691565));
#3462=DIRECTION('',(0.,1.,0.));
#3463=DIRECTION('',(1.,0.,0.));
#3464=AXIS2_PLACEMENT_3D('',#3461,#3462,#3463);
#3465=PLANE('',#3464);
#3466=CARTESIAN_POINT('',(-26.1,-26.1,4.886691565));
#3467=DIRECTION('',(-0.,-0.,1.));
#3468=VECTOR('',#3467,1.5);
#3469=LINE('',#3466,#3468);
#3470=EDGE_CURVE('',#1329,#2418,#3469,.T.);
#3471=ORIENTED_EDGE('',*,*,#3470,.T.);
#3472=ORIENTED_EDGE('',*,*,#2445,.T.);
#3473=CARTESIAN_POINT('',(-12.,-26.1,4.886691565));
#3474=DIRECTION('',(-0.,-0.,1.));
#3475=VECTOR('',#3474,1.5);
#3476=LINE('',#3473,#3475);
#3477=EDGE_CURVE('',#1331,#2434,#3476,.T.);
#3478=ORIENTED_EDGE('',*,*,#3477,.F.);
#3479=ORIENTED_EDGE('',*,*,#1336,.F.);
#3480=EDGE_LOOP('',(#3471,#3472,#3478,#3479));
#3481=FACE_BOUND('',#3480,.T.);
#3482=ADVANCED_FACE('',(#3481),#3465,.T.);
#3483=CARTESIAN_POINT('',(-12.,-26.1,4.886691565));
#3484=DIRECTION('',(-1.,0.,0.));
#3485=DIRECTION('',(0.,1.,0.));
#3486=AXIS2_PLACEMENT_3D('',#3483,#3484,#3485);
#3487=PLANE('',#3486);
#3488=ORIENTED_EDGE('',*,*,#3477,.T.);
#3489=ORIENTED_EDGE('',*,*,#2439,.T.);
#3490=CARTESIAN_POINT('',(-12.,-12.,4.886691565));
#3491=DIRECTION('',(-0.,-0.,1.));
#3492=VECTOR('',#3491,1.5);
#3493=LINE('',#3490,#3492);
#3494=EDGE_CURVE('',#1339,#2426,#3493,.T.);
#3495=ORIENTED_EDGE('',*,*,#3494,.F.);
#3496=ORIENTED_EDGE('',*,*,#1344,.F.);
#3497=EDGE_LOOP('',(#3488,#3489,#3495,#3496));
#3498=FACE_BOUND('',#3497,.T.);
#3499=ADVANCED_FACE('',(#3498),#3487,.T.);
#3500=CARTESIAN_POINT('',(-12.,-12.,4.886691565));
#3501=DIRECTION('',(0.,-1.,0.));
#3502=DIRECTION('',(-1.,0.,0.));
#3503=AXIS2_PLACEMENT_3D('',#3500,#3501,#3502);
#3504=PLANE('',#3503);
#3505=ORIENTED_EDGE('',*,*,#3494,.T.);
#3506=ORIENTED_EDGE('',*,*,#2431,.T.);
#3507=CARTESIAN_POINT('',(-26.1,-12.,4.886691565));
#3508=DIRECTION('',(-0.,-0.,1.));
#3509=VECTOR('',#3508,1.5);
#3510=LINE('',#3507,#3509);
#3511=EDGE_CURVE('',#1347,#2416,#3510,.T.);
#3512=ORIENTED_EDGE('',*,*,#3511,.F.);
#3513=ORIENTED_EDGE('',*,*,#1352,.F.);
#3514=EDGE_LOOP('',(#3505,#3506,#3512,#3513));
#3515=FACE_BOUND('',#3514,.T.);
#3516=ADVANCED_FACE('',(#3515),#3504,.T.);
#3517=CARTESIAN_POINT('',(-26.1,-12.,4.886691565));
#3518=DIRECTION('',(1.,0.,0.));
#3519=DIRECTION('',(0.,-1.,0.));
#3520=AXIS2_PLACEMENT_3D('',#3517,#3518,#3519);
#3521=PLANE('',#3520);
#3522=ORIENTED_EDGE('',*,*,#3511,.T.);
#3523=ORIENTED_EDGE('',*,*,#2423,.T.);
#3524=ORIENTED_EDGE('',*,*,#3470,.F.);
#3525=ORIENTED_EDGE('',*,*,#1358,.F.);
#3526=EDGE_LOOP('',(#3522,#3523,#3524,#3525));
#3527=FACE_BOUND('',#3526,.T.);
#3528=ADVANCED_FACE('',(#3527),#3521,.T.);
#3529=CARTESIAN_POINT('',(-7.05,-26.1,4.886691565));
#3530=DIRECTION('',(0.,1.,0.));
#3531=DIRECTION('',(1.,0.,0.));
#3532=AXIS2_PLACEMENT_3D('',#3529,#3530,#3531);
#3533=PLANE('',#3532);
#3534=CARTESIAN_POINT('',(-7.05,-26.1,4.886691565));
#3535=DIRECTION('',(-0.,-0.,1.));
#3536=VECTOR('',#3535,1.5);
#3537=LINE('',#3534,#3536);
#3538=EDGE_CURVE('',#1295,#2452,#3537,.T.);
#3539=ORIENTED_EDGE('',*,*,#3538,.T.);
#3540=ORIENTED_EDGE('',*,*,#2479,.T.);
#3541=CARTESIAN_POINT('',(7.05,-26.1,4.886691565));
#3542=DIRECTION('',(-0.,-0.,1.));
#3543=VECTOR('',#3542,1.5);
#3544=LINE('',#3541,#3543);
#3545=EDGE_CURVE('',#1297,#2468,#3544,.T.);
#3546=ORIENTED_EDGE('',*,*,#3545,.F.);
#3547=ORIENTED_EDGE('',*,*,#1302,.F.);
#3548=EDGE_LOOP('',(#3539,#3540,#3546,#3547));
#3549=FACE_BOUND('',#3548,.T.);
#3550=ADVANCED_FACE('',(#3549),#3533,.T.);
#3551=CARTESIAN_POINT('',(7.05,-26.1,4.886691565));
#3552=DIRECTION('',(-1.,0.,0.));
#3553=DIRECTION('',(0.,1.,0.));
#3554=AXIS2_PLACEMENT_3D('',#3551,#3552,#3553);
#3555=PLANE('',#3554);
#3556=ORIENTED_EDGE('',*,*,#3545,.T.);
#3557=ORIENTED_EDGE('',*,*,#2473,.T.);
#3558=CARTESIAN_POINT('',(7.05,-12.,4.886691565));
#3559=DIRECTION('',(-0.,-0.,1.));
#3560=VECTOR('',#3559,1.5);
#3561=LINE('',#3558,#3560);
#3562=EDGE_CURVE('',#1305,#2460,#3561,.T.);
#3563=ORIENTED_EDGE('',*,*,#3562,.F.);
#3564=ORIENTED_EDGE('',*,*,#1310,.F.);
#3565=EDGE_LOOP('',(#3556,#3557,#3563,#3564));
#3566=FACE_BOUND('',#3565,.T.);
#3567=ADVANCED_FACE('',(#3566),#3555,.T.);
#3568=CARTESIAN_POINT('',(7.05,-12.,4.886691565));
#3569=DIRECTION('',(0.,-1.,0.));
#3570=DIRECTION('',(-1.,0.,0.));
#3571=AXIS2_PLACEMENT_3D('',#3568,#3569,#3570);
#3572=PLANE('',#3571);
#3573=ORIENTED_EDGE('',*,*,#3562,.T.);
#3574=ORIENTED_EDGE('',*,*,#2465,.T.);
#3575=CARTESIAN_POINT('',(-7.05,-12.,4.886691565));
#3576=DIRECTION('',(-0.,-0.,1.));
#3577=VECTOR('',#3576,1.5);
#3578=LINE('',#3575,#3577);
#3579=EDGE_CURVE('',#1313,#2450,#3578,.T.);
#3580=ORIENTED_EDGE('',*,*,#3579,.F.);
#3581=ORIENTED_EDGE('',*,*,#1318,.F.);
#3582=EDGE_LOOP('',(#3573,#3574,#3580,#3581));
#3583=FACE_BOUND('',#3582,.T.);
#3584=ADVANCED_FACE('',(#3583),#3572,.T.);
#3585=CARTESIAN_POINT('',(-7.05,-12.,4.886691565));
#3586=DIRECTION('',(1.,0.,0.));
#3587=DIRECTION('',(0.,-1.,0.));
#3588=AXIS2_PLACEMENT_3D('',#3585,#3586,#3587);
#3589=PLANE('',#3588);
#3590=ORIENTED_EDGE('',*,*,#3579,.T.);
#3591=ORIENTED_EDGE('',*,*,#2457,.T.);
#3592=ORIENTED_EDGE('',*,*,#3538,.F.);
#3593=ORIENTED_EDGE('',*,*,#1324,.F.);
#3594=EDGE_LOOP('',(#3590,#3591,#3592,#3593));
#3595=FACE_BOUND('',#3594,.T.);
#3596=ADVANCED_FACE('',(#3595),#3589,.T.);
#3597=CARTESIAN_POINT('',(12.,-26.1,4.886691565));
#3598=DIRECTION('',(0.,1.,0.));
#3599=DIRECTION('',(1.,0.,0.));
#3600=AXIS2_PLACEMENT_3D('',#3597,#3598,#3599);
#3601=PLANE('',#3600);
#3602=CARTESIAN_POINT('',(12.,-26.1,4.886691565));
#3603=DIRECTION('',(-0.,-0.,1.));
#3604=VECTOR('',#3603,1.5);
#3605=LINE('',#3602,#3604);
#3606=EDGE_CURVE('',#1261,#2486,#3605,.T.);
#3607=ORIENTED_EDGE('',*,*,#3606,.T.);
#3608=ORIENTED_EDGE('',*,*,#2513,.T.);
#3609=CARTESIAN_POINT('',(26.1,-26.1,4.886691565));
#3610=DIRECTION('',(-0.,-0.,1.));
#3611=VECTOR('',#3610,1.5);
#3612=LINE('',#3609,#3611);
#3613=EDGE_CURVE('',#1263,#2502,#3612,.T.);
#3614=ORIENTED_EDGE('',*,*,#3613,.F.);
#3615=ORIENTED_EDGE('',*,*,#1268,.F.);
#3616=EDGE_LOOP('',(#3607,#3608,#3614,#3615));
#3617=FACE_BOUND('',#3616,.T.);
#3618=ADVANCED_FACE('',(#3617),#3601,.T.);
#3619=CARTESIAN_POINT('',(26.1,-26.1,4.886691565));
#3620=DIRECTION('',(-1.,0.,0.));
#3621=DIRECTION('',(0.,1.,0.));
#3622=AXIS2_PLACEMENT_3D('',#3619,#3620,#3621);
#3623=PLANE('',#3622);
#3624=ORIENTED_EDGE('',*,*,#3613,.T.);
#3625=ORIENTED_EDGE('',*,*,#2507,.T.);
#3626=CARTESIAN_POINT('',(26.1,-12.,4.886691565));
#3627=DIRECTION('',(-0.,-0.,1.));
#3628=VECTOR('',#3627,1.5);
#3629=LINE('',#3626,#3628);
#3630=EDGE_CURVE('',#1271,#2494,#3629,.T.);
#3631=ORIENTED_EDGE('',*,*,#3630,.F.);
#3632=ORIENTED_EDGE('',*,*,#1276,.F.);
#3633=EDGE_LOOP('',(#3624,#3625,#3631,#3632));
#3634=FACE_BOUND('',#3633,.T.);
#3635=ADVANCED_FACE('',(#3634),#3623,.T.);
#3636=CARTESIAN_POINT('',(26.1,-12.,4.886691565));
#3637=DIRECTION('',(0.,-1.,0.));
#3638=DIRECTION('',(-1.,0.,0.));
#3639=AXIS2_PLACEMENT_3D('',#3636,#3637,#3638);
#3640=PLANE('',#3639);
#3641=ORIENTED_EDGE('',*,*,#3630,.T.);
#3642=ORIENTED_EDGE('',*,*,#2499,.T.);
#3643=CARTESIAN_POINT('',(12.,-12.,4.886691565));
#3644=DIRECTION('',(-0.,-0.,1.));
#3645=VECTOR('',#3644,1.5);
#3646=LINE('',#3643,#3645);
#3647=EDGE_CURVE('',#1279,#2484,#3646,.T.);
#3648=ORIENTED_EDGE('',*,*,#3647,.F.);
#3649=ORIENTED_EDGE('',*,*,#1284,.F.);
#3650=EDGE_LOOP('',(#3641,#3642,#3648,#3649));
#3651=FACE_BOUND('',#3650,.T.);
#3652=ADVANCED_FACE('',(#3651),#3640,.T.);
#3653=CARTESIAN_POINT('',(12.,-12.,4.886691565));
#3654=DIRECTION('',(1.,0.,0.));
#3655=DIRECTION('',(0.,-1.,0.));
#3656=AXIS2_PLACEMENT_3D('',#3653,#3654,#3655);
#3657=PLANE('',#3656);
#3658=ORIENTED_EDGE('',*,*,#3647,.T.);
#3659=ORIENTED_EDGE('',*,*,#2491,.T.);
#3660=ORIENTED_EDGE('',*,*,#3606,.F.);
#3661=ORIENTED_EDGE('',*,*,#1290,.F.);
#3662=EDGE_LOOP('',(#3658,#3659,#3660,#3661));
#3663=FACE_BOUND('',#3662,.T.);
#3664=ADVANCED_FACE('',(#3663),#3657,.T.);
#3665=CARTESIAN_POINT('',(31.05,-26.1,4.886691565));
#3666=DIRECTION('',(0.,1.,0.));
#3667=DIRECTION('',(1.,0.,0.));
#3668=AXIS2_PLACEMENT_3D('',#3665,#3666,#3667);
#3669=PLANE('',#3668);
#3670=CARTESIAN_POINT('',(31.05,-26.1,4.886691565));
#3671=DIRECTION('',(-0.,-0.,1.));
#3672=VECTOR('',#3671,1.5);
#3673=LINE('',#3670,#3672);
#3674=EDGE_CURVE('',#1227,#2520,#3673,.T.);
#3675=ORIENTED_EDGE('',*,*,#3674,.T.);
#3676=ORIENTED_EDGE('',*,*,#2547,.T.);
#3677=CARTESIAN_POINT('',(45.15,-26.1,4.886691565));
#3678=DIRECTION('',(-0.,-0.,1.));
#3679=VECTOR('',#3678,1.5);
#3680=LINE('',#3677,#3679);
#3681=EDGE_CURVE('',#1229,#2536,#3680,.T.);
#3682=ORIENTED_EDGE('',*,*,#3681,.F.);
#3683=ORIENTED_EDGE('',*,*,#1234,.F.);
#3684=EDGE_LOOP('',(#3675,#3676,#3682,#3683));
#3685=FACE_BOUND('',#3684,.T.);
#3686=ADVANCED_FACE('',(#3685),#3669,.T.);
#3687=CARTESIAN_POINT('',(45.15,-26.1,4.886691565));
#3688=DIRECTION('',(-1.,0.,0.));
#3689=DIRECTION('',(0.,1.,0.));
#3690=AXIS2_PLACEMENT_3D('',#3687,#3688,#3689);
#3691=PLANE('',#3690);
#3692=ORIENTED_EDGE('',*,*,#3681,.T.);
#3693=ORIENTED_EDGE('',*,*,#2541,.T.);
#3694=CARTESIAN_POINT('',(45.15,-12.,4.886691565));
#3695=DIRECTION('',(-0.,-0.,1.));
#3696=VECTOR('',#3695,1.5);
#3697=LINE('',#3694,#3696);
#3698=EDGE_CURVE('',#1237,#2528,#3697,.T.);
#3699=ORIENTED_EDGE('',*,*,#3698,.F.);
#3700=ORIENTED_EDGE('',*,*,#1242,.F.);
#3701=EDGE_LOOP('',(#3692,#3693,#3699,#3700));
#3702=FACE_BOUND('',#3701,.T.);
#3703=ADVANCED_FACE('',(#3702),#3691,.T.);
#3704=CARTESIAN_POINT('',(45.15,-12.,4.886691565));
#3705=DIRECTION('',(0.,-1.,0.));
#3706=DIRECTION('',(-1.,0.,0.));
#3707=AXIS2_PLACEMENT_3D('',#3704,#3705,#3706);
#3708=PLANE('',#3707);
#3709=ORIENTED_EDGE('',*,*,#3698,.T.);
#3710=ORIENTED_EDGE('',*,*,#2533,.T.);
#3711=CARTESIAN_POINT('',(31.05,-12.,4.886691565));
#3712=DIRECTION('',(-0.,-0.,1.));
#3713=VECTOR('',#3712,1.5);
#3714=LINE('',#3711,#3713);
#3715=EDGE_CURVE('',#1245,#2518,#3714,.T.);
#3716=ORIENTED_EDGE('',*,*,#3715,.F.);
#3717=ORIENTED_EDGE('',*,*,#1250,.F.);
#3718=EDGE_LOOP('',(#3709,#3710,#3716,#3717));
#3719=FACE_BOUND('',#3718,.T.);
#3720=ADVANCED_FACE('',(#3719),#3708,.T.);
#3721=CARTESIAN_POINT('',(31.05,-12.,4.886691565));
#3722=DIRECTION('',(1.,0.,0.));
#3723=DIRECTION('',(0.,-1.,0.));
#3724=AXIS2_PLACEMENT_3D('',#3721,#3722,#3723);
#3725=PLANE('',#3724);
#3726=ORIENTED_EDGE('',*,*,#3715,.T.);
#3727=ORIENTED_EDGE('',*,*,#2525,.T.);
#3728=ORIENTED_EDGE('',*,*,#3674,.F.);
#3729=ORIENTED_EDGE('',*,*,#1256,.F.);
#3730=EDGE_LOOP('',(#3726,#3727,#3728,#3729));
#3731=FACE_BOUND('',#3730,.T.);
#3732=ADVANCED_FACE('',(#3731),#3725,.T.);
#3733=CARTESIAN_POINT('',(-45.15,-7.05,4.886691565));
#3734=DIRECTION('',(0.,1.,0.));
#3735=DIRECTION('',(1.,0.,0.));
#3736=AXIS2_PLACEMENT_3D('',#3733,#3734,#3735);
#3737=PLANE('',#3736);
#3738=CARTESIAN_POINT('',(-45.15,-7.05,4.886691565));
#3739=DIRECTION('',(-0.,-0.,1.));
#3740=VECTOR('',#3739,1.5);
#3741=LINE('',#3738,#3740);
#3742=EDGE_CURVE('',#1193,#2554,#3741,.T.);
#3743=ORIENTED_EDGE('',*,*,#3742,.T.);
#3744=ORIENTED_EDGE('',*,*,#2581,.T.);
#3745=CARTESIAN_POINT('',(-31.05,-7.05,4.886691565));
#3746=DIRECTION('',(-0.,-0.,1.));
#3747=VECTOR('',#3746,1.5);
#3748=LINE('',#3745,#3747);
#3749=EDGE_CURVE('',#1195,#2570,#3748,.T.);
#3750=ORIENTED_EDGE('',*,*,#3749,.F.);
#3751=ORIENTED_EDGE('',*,*,#1200,.F.);
#3752=EDGE_LOOP('',(#3743,#3744,#3750,#3751));
#3753=FACE_BOUND('',#3752,.T.);
#3754=ADVANCED_FACE('',(#3753),#3737,.T.);
#3755=CARTESIAN_POINT('',(-31.05,-7.05,4.886691565));
#3756=DIRECTION('',(-1.,0.,0.));
#3757=DIRECTION('',(0.,1.,0.));
#3758=AXIS2_PLACEMENT_3D('',#3755,#3756,#3757);
#3759=PLANE('',#3758);
#3760=ORIENTED_EDGE('',*,*,#3749,.T.);
#3761=ORIENTED_EDGE('',*,*,#2575,.T.);
#3762=CARTESIAN_POINT('',(-31.05,7.05,4.886691565));
#3763=DIRECTION('',(-0.,-0.,1.));
#3764=VECTOR('',#3763,1.5);
#3765=LINE('',#3762,#3764);
#3766=EDGE_CURVE('',#1203,#2562,#3765,.T.);
#3767=ORIENTED_EDGE('',*,*,#3766,.F.);
#3768=ORIENTED_EDGE('',*,*,#1208,.F.);
#3769=EDGE_LOOP('',(#3760,#3761,#3767,#3768));
#3770=FACE_BOUND('',#3769,.T.);
#3771=ADVANCED_FACE('',(#3770),#3759,.T.);
#3772=CARTESIAN_POINT('',(-31.05,7.05,4.886691565));
#3773=DIRECTION('',(0.,-1.,0.));
#3774=DIRECTION('',(-1.,0.,0.));
#3775=AXIS2_PLACEMENT_3D('',#3772,#3773,#3774);
#3776=PLANE('',#3775);
#3777=ORIENTED_EDGE('',*,*,#3766,.T.);
#3778=ORIENTED_EDGE('',*,*,#2567,.T.);
#3779=CARTESIAN_POINT('',(-45.15,7.05,4.886691565));
#3780=DIRECTION('',(-0.,-0.,1.));
#3781=VECTOR('',#3780,1.5);
#3782=LINE('',#3779,#3781);
#3783=EDGE_CURVE('',#1211,#2552,#3782,.T.);
#3784=ORIENTED_EDGE('',*,*,#3783,.F.);
#3785=ORIENTED_EDGE('',*,*,#1216,.F.);
#3786=EDGE_LOOP('',(#3777,#3778,#3784,#3785));
#3787=FACE_BOUND('',#3786,.T.);
#3788=ADVANCED_FACE('',(#3787),#3776,.T.);
#3789=CARTESIAN_POINT('',(-45.15,7.05,4.886691565));
#3790=DIRECTION('',(1.,0.,0.));
#3791=DIRECTION('',(0.,-1.,0.));
#3792=AXIS2_PLACEMENT_3D('',#3789,#3790,#3791);
#3793=PLANE('',#3792);
#3794=ORIENTED_EDGE('',*,*,#3783,.T.);
#3795=ORIENTED_EDGE('',*,*,#2559,.T.);
#3796=ORIENTED_EDGE('',*,*,#3742,.F.);
#3797=ORIENTED_EDGE('',*,*,#1222,.F.);
#3798=EDGE_LOOP('',(#3794,#3795,#3796,#3797));
#3799=FACE_BOUND('',#3798,.T.);
#3800=ADVANCED_FACE('',(#3799),#3793,.T.);
#3801=CARTESIAN_POINT('',(-26.1,-7.05,4.886691565));
#3802=DIRECTION('',(0.,1.,0.));
#3803=DIRECTION('',(1.,0.,0.));
#3804=AXIS2_PLACEMENT_3D('',#3801,#3802,#3803);
#3805=PLANE('',#3804);
#3806=CARTESIAN_POINT('',(-26.1,-7.05,4.886691565));
#3807=DIRECTION('',(-0.,-0.,1.));
#3808=VECTOR('',#3807,1.5);
#3809=LINE('',#3806,#3808);
#3810=EDGE_CURVE('',#1159,#2588,#3809,.T.);
#3811=ORIENTED_EDGE('',*,*,#3810,.T.);
#3812=ORIENTED_EDGE('',*,*,#2615,.T.);
#3813=CARTESIAN_POINT('',(-12.,-7.05,4.886691565));
#3814=DIRECTION('',(-0.,-0.,1.));
#3815=VECTOR('',#3814,1.5);
#3816=LINE('',#3813,#3815);
#3817=EDGE_CURVE('',#1161,#2604,#3816,.T.);
#3818=ORIENTED_EDGE('',*,*,#3817,.F.);
#3819=ORIENTED_EDGE('',*,*,#1166,.F.);
#3820=EDGE_LOOP('',(#3811,#3812,#3818,#3819));
#3821=FACE_BOUND('',#3820,.T.);
#3822=ADVANCED_FACE('',(#3821),#3805,.T.);
#3823=CARTESIAN_POINT('',(-12.,-7.05,4.886691565));
#3824=DIRECTION('',(-1.,0.,0.));
#3825=DIRECTION('',(0.,1.,0.));
#3826=AXIS2_PLACEMENT_3D('',#3823,#3824,#3825);
#3827=PLANE('',#3826);
#3828=ORIENTED_EDGE('',*,*,#3817,.T.);
#3829=ORIENTED_EDGE('',*,*,#2609,.T.);
#3830=CARTESIAN_POINT('',(-12.,7.05,4.886691565));
#3831=DIRECTION('',(-0.,-0.,1.));
#3832=VECTOR('',#3831,1.5);
#3833=LINE('',#3830,#3832);
#3834=EDGE_CURVE('',#1169,#2596,#3833,.T.);
#3835=ORIENTED_EDGE('',*,*,#3834,.F.);
#3836=ORIENTED_EDGE('',*,*,#1174,.F.);
#3837=EDGE_LOOP('',(#3828,#3829,#3835,#3836));
#3838=FACE_BOUND('',#3837,.T.);
#3839=ADVANCED_FACE('',(#3838),#3827,.T.);
#3840=CARTESIAN_POINT('',(-12.,7.05,4.886691565));
#3841=DIRECTION('',(0.,-1.,0.));
#3842=DIRECTION('',(-1.,0.,0.));
#3843=AXIS2_PLACEMENT_3D('',#3840,#3841,#3842);
#3844=PLANE('',#3843);
#3845=ORIENTED_EDGE('',*,*,#3834,.T.);
#3846=ORIENTED_EDGE('',*,*,#2601,.T.);
#3847=CARTESIAN_POINT('',(-26.1,7.05,4.886691565));
#3848=DIRECTION('',(-0.,-0.,1.));
#3849=VECTOR('',#3848,1.5);
#3850=LINE('',#3847,#3849);
#3851=EDGE_CURVE('',#1177,#2586,#3850,.T.);
#3852=ORIENTED_EDGE('',*,*,#3851,.F.);
#3853=ORIENTED_EDGE('',*,*,#1182,.F.);
#3854=EDGE_LOOP('',(#3845,#3846,#3852,#3853));
#3855=FACE_BOUND('',#3854,.T.);
#3856=ADVANCED_FACE('',(#3855),#3844,.T.);
#3857=CARTESIAN_POINT('',(-26.1,7.05,4.886691565));
#3858=DIRECTION('',(1.,0.,0.));
#3859=DIRECTION('',(0.,-1.,0.));
#3860=AXIS2_PLACEMENT_3D('',#3857,#3858,#3859);
#3861=PLANE('',#3860);
#3862=ORIENTED_EDGE('',*,*,#3851,.T.);
#3863=ORIENTED_EDGE('',*,*,#2593,.T.);
#3864=ORIENTED_EDGE('',*,*,#3810,.F.);
#3865=ORIENTED_EDGE('',*,*,#1188,.F.);
#3866=EDGE_LOOP('',(#3862,#3863,#3864,#3865));
#3867=FACE_BOUND('',#3866,.T.);
#3868=ADVANCED_FACE('',(#3867),#3861,.T.);
#3869=CARTESIAN_POINT('',(-7.05,-7.05,4.886691565));
#3870=DIRECTION('',(0.,1.,0.));
#3871=DIRECTION('',(1.,0.,0.));
#3872=AXIS2_PLACEMENT_3D('',#3869,#3870,#3871);
#3873=PLANE('',#3872);
#3874=CARTESIAN_POINT('',(-7.05,-7.05,4.886691565));
#3875=DIRECTION('',(-0.,-0.,1.));
#3876=VECTOR('',#3875,1.5);
#3877=LINE('',#3874,#3876);
#3878=EDGE_CURVE('',#1125,#2622,#3877,.T.);
#3879=ORIENTED_EDGE('',*,*,#3878,.T.);
#3880=ORIENTED_EDGE('',*,*,#2649,.T.);
#3881=CARTESIAN_POINT('',(7.05,-7.05,4.886691565));
#3882=DIRECTION('',(-0.,-0.,1.));
#3883=VECTOR('',#3882,1.5);
#3884=LINE('',#3881,#3883);
#3885=EDGE_CURVE('',#1127,#2638,#3884,.T.);
#3886=ORIENTED_EDGE('',*,*,#3885,.F.);
#3887=ORIENTED_EDGE('',*,*,#1132,.F.);
#3888=EDGE_LOOP('',(#3879,#3880,#3886,#3887));
#3889=FACE_BOUND('',#3888,.T.);
#3890=ADVANCED_FACE('',(#3889),#3873,.T.);
#3891=CARTESIAN_POINT('',(7.05,-7.05,4.886691565));
#3892=DIRECTION('',(-1.,0.,0.));
#3893=DIRECTION('',(0.,1.,0.));
#3894=AXIS2_PLACEMENT_3D('',#3891,#3892,#3893);
#3895=PLANE('',#3894);
#3896=ORIENTED_EDGE('',*,*,#3885,.T.);
#3897=ORIENTED_EDGE('',*,*,#2643,.T.);
#3898=CARTESIAN_POINT('',(7.05,7.05,4.886691565));
#3899=DIRECTION('',(-0.,-0.,1.));
#3900=VECTOR('',#3899,1.5);
#3901=LINE('',#3898,#3900);
#3902=EDGE_CURVE('',#1135,#2630,#3901,.T.);
#3903=ORIENTED_EDGE('',*,*,#3902,.F.);
#3904=ORIENTED_EDGE('',*,*,#1140,.F.);
#3905=EDGE_LOOP('',(#3896,#3897,#3903,#3904));
#3906=FACE_BOUND('',#3905,.T.);
#3907=ADVANCED_FACE('',(#3906),#3895,.T.);
#3908=CARTESIAN_POINT('',(7.05,7.05,4.886691565));
#3909=DIRECTION('',(0.,-1.,0.));
#3910=DIRECTION('',(-1.,0.,0.));
#3911=AXIS2_PLACEMENT_3D('',#3908,#3909,#3910);
#3912=PLANE('',#3911);
#3913=ORIENTED_EDGE('',*,*,#3902,.T.);
#3914=ORIENTED_EDGE('',*,*,#2635,.T.);
#3915=CARTESIAN_POINT('',(-7.05,7.05,4.886691565));
#3916=DIRECTION('',(-0.,-0.,1.));
#3917=VECTOR('',#3916,1.5);
#3918=LINE('',#3915,#3917);
#3919=EDGE_CURVE('',#1143,#2620,#3918,.T.);
#3920=ORIENTED_EDGE('',*,*,#3919,.F.);
#3921=ORIENTED_EDGE('',*,*,#1148,.F.);
#3922=EDGE_LOOP('',(#3913,#3914,#3920,#3921));
#3923=FACE_BOUND('',#3922,.T.);
#3924=ADVANCED_FACE('',(#3923),#3912,.T.);
#3925=CARTESIAN_POINT('',(-7.05,7.05,4.886691565));
#3926=DIRECTION('',(1.,0.,0.));
#3927=DIRECTION('',(0.,-1.,0.));
#3928=AXIS2_PLACEMENT_3D('',#3925,#3926,#3927);
#3929=PLANE('',#3928);
#3930=ORIENTED_EDGE('',*,*,#3919,.T.);
#3931=ORIENTED_EDGE('',*,*,#2627,.T.);
#3932=ORIENTED_EDGE('',*,*,#3878,.F.);
#3933=ORIENTED_EDGE('',*,*,#1154,.F.);
#3934=EDGE_LOOP('',(#3930,#3931,#3932,#3933));
#3935=FACE_BOUND('',#3934,.T.);
#3936=ADVANCED_FACE('',(#3935),#3929,.T.);
#3937=CARTESIAN_POINT('',(12.,-7.05,4.886691565));
#3938=DIRECTION('',(0.,1.,0.));
#3939=DIRECTION('',(1.,0.,0.));
#3940=AXIS2_PLACEMENT_3D('',#3937,#3938,#3939);
#3941=PLANE('',#3940);
#3942=CARTESIAN_POINT('',(12.,-7.05,4.886691565));
#3943=DIRECTION('',(-0.,-0.,1.));
#3944=VECTOR('',#3943,1.5);
#3945=LINE('',#3942,#3944);
#3946=EDGE_CURVE('',#1091,#2656,#3945,.T.);
#3947=ORIENTED_EDGE('',*,*,#3946,.T.);
#3948=ORIENTED_EDGE('',*,*,#2683,.T.);
#3949=CARTESIAN_POINT('',(26.1,-7.05,4.886691565));
#3950=DIRECTION('',(-0.,-0.,1.));
#3951=VECTOR('',#3950,1.5);
#3952=LINE('',#3949,#3951);
#3953=EDGE_CURVE('',#1093,#2672,#3952,.T.);
#3954=ORIENTED_EDGE('',*,*,#3953,.F.);
#3955=ORIENTED_EDGE('',*,*,#1098,.F.);
#3956=EDGE_LOOP('',(#3947,#3948,#3954,#3955));
#3957=FACE_BOUND('',#3956,.T.);
#3958=ADVANCED_FACE('',(#3957),#3941,.T.);
#3959=CARTESIAN_POINT('',(26.1,-7.05,4.886691565));
#3960=DIRECTION('',(-1.,0.,0.));
#3961=DIRECTION('',(0.,1.,0.));
#3962=AXIS2_PLACEMENT_3D('',#3959,#3960,#3961);
#3963=PLANE('',#3962);
#3964=ORIENTED_EDGE('',*,*,#3953,.T.);
#3965=ORIENTED_EDGE('',*,*,#2677,.T.);
#3966=CARTESIAN_POINT('',(26.1,7.05,4.886691565));
#3967=DIRECTION('',(-0.,-0.,1.));
#3968=VECTOR('',#3967,1.5);
#3969=LINE('',#3966,#3968);
#3970=EDGE_CURVE('',#1101,#2664,#3969,.T.);
#3971=ORIENTED_EDGE('',*,*,#3970,.F.);
#3972=ORIENTED_EDGE('',*,*,#1106,.F.);
#3973=EDGE_LOOP('',(#3964,#3965,#3971,#3972));
#3974=FACE_BOUND('',#3973,.T.);
#3975=ADVANCED_FACE('',(#3974),#3963,.T.);
#3976=CARTESIAN_POINT('',(26.1,7.05,4.886691565));
#3977=DIRECTION('',(0.,-1.,0.));
#3978=DIRECTION('',(-1.,0.,0.));
#3979=AXIS2_PLACEMENT_3D('',#3976,#3977,#3978);
#3980=PLANE('',#3979);
#3981=ORIENTED_EDGE('',*,*,#3970,.T.);
#3982=ORIENTED_EDGE('',*,*,#2669,.T.);
#3983=CARTESIAN_POINT('',(12.,7.05,4.886691565));
#3984=DIRECTION('',(-0.,-0.,1.));
#3985=VECTOR('',#3984,1.5);
#3986=LINE('',#3983,#3985);
#3987=EDGE_CURVE('',#1109,#2654,#3986,.T.);
#3988=ORIENTED_EDGE('',*,*,#3987,.F.);
#3989=ORIENTED_EDGE('',*,*,#1114,.F.);
#3990=EDGE_LOOP('',(#3981,#3982,#3988,#3989));
#3991=FACE_BOUND('',#3990,.T.);
#3992=ADVANCED_FACE('',(#3991),#3980,.T.);
#3993=CARTESIAN_POINT('',(12.,7.05,4.886691565));
#3994=DIRECTION('',(1.,0.,0.));
#3995=DIRECTION('',(0.,-1.,0.));
#3996=AXIS2_PLACEMENT_3D('',#3993,#3994,#3995);
#3997=PLANE('',#3996);
#3998=ORIENTED_EDGE('',*,*,#3987,.T.);
#3999=ORIENTED_EDGE('',*,*,#2661,.T.);
#4000=ORIENTED_EDGE('',*,*,#3946,.F.);
#4001=ORIENTED_EDGE('',*,*,#1120,.F.);
#4002=EDGE_LOOP('',(#3998,#3999,#4000,#4001));
#4003=FACE_BOUND('',#4002,.T.);
#4004=ADVANCED_FACE('',(#4003),#3997,.T.);
#4005=CARTESIAN_POINT('',(31.05,-7.05,4.886691565));
#4006=DIRECTION('',(0.,1.,0.));
#4007=DIRECTION('',(1.,0.,0.));
#4008=AXIS2_PLACEMENT_3D('',#4005,#4006,#4007);
#4009=PLANE('',#4008);
#4010=CARTESIAN_POINT('',(31.05,-7.05,4.886691565));
#4011=DIRECTION('',(-0.,-0.,1.));
#4012=VECTOR('',#4011,1.5);
#4013=LINE('',#4010,#4012);
#4014=EDGE_CURVE('',#1057,#2690,#4013,.T.);
#4015=ORIENTED_EDGE('',*,*,#4014,.T.);
#4016=ORIENTED_EDGE('',*,*,#2717,.T.);
#4017=CARTESIAN_POINT('',(45.15,-7.05,4.886691565));
#4018=DIRECTION('',(-0.,-0.,1.));
#4019=VECTOR('',#4018,1.5);
#4020=LINE('',#4017,#4019);
#4021=EDGE_CURVE('',#1059,#2706,#4020,.T.);
#4022=ORIENTED_EDGE('',*,*,#4021,.F.);
#4023=ORIENTED_EDGE('',*,*,#1064,.F.);
#4024=EDGE_LOOP('',(#4015,#4016,#4022,#4023));
#4025=FACE_BOUND('',#4024,.T.);
#4026=ADVANCED_FACE('',(#4025),#4009,.T.);
#4027=CARTESIAN_POINT('',(45.15,-7.05,4.886691565));
#4028=DIRECTION('',(-1.,0.,0.));
#4029=DIRECTION('',(0.,1.,0.));
#4030=AXIS2_PLACEMENT_3D('',#4027,#4028,#4029);
#4031=PLANE('',#4030);
#4032=ORIENTED_EDGE('',*,*,#4021,.T.);
#4033=ORIENTED_EDGE('',*,*,#2711,.T.);
#4034=CARTESIAN_POINT('',(45.15,7.05,4.886691565));
#4035=DIRECTION('',(-0.,-0.,1.));
#4036=VECTOR('',#4035,1.5);
#4037=LINE('',#4034,#4036);
#4038=EDGE_CURVE('',#1067,#2698,#4037,.T.);
#4039=ORIENTED_EDGE('',*,*,#4038,.F.);
#4040=ORIENTED_EDGE('',*,*,#1072,.F.);
#4041=EDGE_LOOP('',(#4032,#4033,#4039,#4040));
#4042=FACE_BOUND('',#4041,.T.);
#4043=ADVANCED_FACE('',(#4042),#4031,.T.);
#4044=CARTESIAN_POINT('',(45.15,7.05,4.886691565));
#4045=DIRECTION('',(0.,-1.,0.));
#4046=DIRECTION('',(-1.,0.,0.));
#4047=AXIS2_PLACEMENT_3D('',#4044,#4045,#4046);
#4048=PLANE('',#4047);
#4049=ORIENTED_EDGE('',*,*,#4038,.T.);
#4050=ORIENTED_EDGE('',*,*,#2703,.T.);
#4051=CARTESIAN_POINT('',(31.05,7.05,4.886691565));
#4052=DIRECTION('',(-0.,-0.,1.));
#4053=VECTOR('',#4052,1.5);
#4054=LINE('',#4051,#4053);
#4055=EDGE_CURVE('',#1075,#2688,#4054,.T.);
#4056=ORIENTED_EDGE('',*,*,#4055,.F.);
#4057=ORIENTED_EDGE('',*,*,#1080,.F.);
#4058=EDGE_LOOP('',(#4049,#4050,#4056,#4057));
#4059=FACE_BOUND('',#4058,.T.);
#4060=ADVANCED_FACE('',(#4059),#4048,.T.);
#4061=CARTESIAN_POINT('',(31.05,7.05,4.886691565));
#4062=DIRECTION('',(1.,0.,0.));
#4063=DIRECTION('',(0.,-1.,0.));
#4064=AXIS2_PLACEMENT_3D('',#4061,#4062,#4063);
#4065=PLANE('',#4064);
#4066=ORIENTED_EDGE('',*,*,#4055,.T.);
#4067=ORIENTED_EDGE('',*,*,#2695,.T.);
#4068=ORIENTED_EDGE('',*,*,#4014,.F.);
#4069=ORIENTED_EDGE('',*,*,#1086,.F.);
#4070=EDGE_LOOP('',(#4066,#4067,#4068,#4069));
#4071=FACE_BOUND('',#4070,.T.);
#4072=ADVANCED_FACE('',(#4071),#4065,.T.);
#4073=CARTESIAN_POINT('',(-45.15,12.,4.886691565));
#4074=DIRECTION('',(0.,1.,0.));
#4075=DIRECTION('',(1.,0.,0.));
#4076=AXIS2_PLACEMENT_3D('',#4073,#4074,#4075);
#4077=PLANE('',#4076);
#4078=CARTESIAN_POINT('',(-45.15,12.,4.886691565));
#4079=DIRECTION('',(-0.,-0.,1.));
#4080=VECTOR('',#4079,1.5);
#4081=LINE('',#4078,#4080);
#4082=EDGE_CURVE('',#1023,#2724,#4081,.T.);
#4083=ORIENTED_EDGE('',*,*,#4082,.T.);
#4084=ORIENTED_EDGE('',*,*,#2751,.T.);
#4085=CARTESIAN_POINT('',(-31.05,12.,4.886691565));
#4086=DIRECTION('',(-0.,-0.,1.));
#4087=VECTOR('',#4086,1.5);
#4088=LINE('',#4085,#4087);
#4089=EDGE_CURVE('',#1025,#2740,#4088,.T.);
#4090=ORIENTED_EDGE('',*,*,#4089,.F.);
#4091=ORIENTED_EDGE('',*,*,#1030,.F.);
#4092=EDGE_LOOP('',(#4083,#4084,#4090,#4091));
#4093=FACE_BOUND('',#4092,.T.);
#4094=ADVANCED_FACE('',(#4093),#4077,.T.);
#4095=CARTESIAN_POINT('',(-31.05,12.,4.886691565));
#4096=DIRECTION('',(-1.,0.,0.));
#4097=DIRECTION('',(0.,1.,0.));
#4098=AXIS2_PLACEMENT_3D('',#4095,#4096,#4097);
#4099=PLANE('',#4098);
#4100=ORIENTED_EDGE('',*,*,#4089,.T.);
#4101=ORIENTED_EDGE('',*,*,#2745,.T.);
#4102=CARTESIAN_POINT('',(-31.05,26.1,4.886691565));
#4103=DIRECTION('',(-0.,-0.,1.));
#4104=VECTOR('',#4103,1.5);
#4105=LINE('',#4102,#4104);
#4106=EDGE_CURVE('',#1033,#2732,#4105,.T.);
#4107=ORIENTED_EDGE('',*,*,#4106,.F.);
#4108=ORIENTED_EDGE('',*,*,#1038,.F.);
#4109=EDGE_LOOP('',(#4100,#4101,#4107,#4108));
#4110=FACE_BOUND('',#4109,.T.);
#4111=ADVANCED_FACE('',(#4110),#4099,.T.);
#4112=CARTESIAN_POINT('',(-31.05,26.1,4.886691565));
#4113=DIRECTION('',(0.,-1.,0.));
#4114=DIRECTION('',(-1.,0.,0.));
#4115=AXIS2_PLACEMENT_3D('',#4112,#4113,#4114);
#4116=PLANE('',#4115);
#4117=ORIENTED_EDGE('',*,*,#4106,.T.);
#4118=ORIENTED_EDGE('',*,*,#2737,.T.);
#4119=CARTESIAN_POINT('',(-45.15,26.1,4.886691565));
#4120=DIRECTION('',(-0.,-0.,1.));
#4121=VECTOR('',#4120,1.5);
#4122=LINE('',#4119,#4121);
#4123=EDGE_CURVE('',#1041,#2722,#4122,.T.);
#4124=ORIENTED_EDGE('',*,*,#4123,.F.);
#4125=ORIENTED_EDGE('',*,*,#1046,.F.);
#4126=EDGE_LOOP('',(#4117,#4118,#4124,#4125));
#4127=FACE_BOUND('',#4126,.T.);
#4128=ADVANCED_FACE('',(#4127),#4116,.T.);
#4129=CARTESIAN_POINT('',(-45.15,26.1,4.886691565));
#4130=DIRECTION('',(1.,0.,0.));
#4131=DIRECTION('',(0.,-1.,0.));
#4132=AXIS2_PLACEMENT_3D('',#4129,#4130,#4131);
#4133=PLANE('',#4132);
#4134=ORIENTED_EDGE('',*,*,#4123,.T.);
#4135=ORIENTED_EDGE('',*,*,#2729,.T.);
#4136=ORIENTED_EDGE('',*,*,#4082,.F.);
#4137=ORIENTED_EDGE('',*,*,#1052,.F.);
#4138=EDGE_LOOP('',(#4134,#4135,#4136,#4137));
#4139=FACE_BOUND('',#4138,.T.);
#4140=ADVANCED_FACE('',(#4139),#4133,.T.);
#4141=CARTESIAN_POINT('',(-26.1,12.,4.886691565));
#4142=DIRECTION('',(0.,1.,0.));
#4143=DIRECTION('',(1.,0.,0.));
#4144=AXIS2_PLACEMENT_3D('',#4141,#4142,#4143);
#4145=PLANE('',#4144);
#4146=CARTESIAN_POINT('',(-26.1,12.,4.886691565));
#4147=DIRECTION('',(-0.,-0.,1.));
#4148=VECTOR('',#4147,1.5);
#4149=LINE('',#4146,#4148);
#4150=EDGE_CURVE('',#989,#2758,#4149,.T.);
#4151=ORIENTED_EDGE('',*,*,#4150,.T.);
#4152=ORIENTED_EDGE('',*,*,#2785,.T.);
#4153=CARTESIAN_POINT('',(-12.,12.,4.886691565));
#4154=DIRECTION('',(-0.,-0.,1.));
#4155=VECTOR('',#4154,1.5);
#4156=LINE('',#4153,#4155);
#4157=EDGE_CURVE('',#991,#2774,#4156,.T.);
#4158=ORIENTED_EDGE('',*,*,#4157,.F.);
#4159=ORIENTED_EDGE('',*,*,#996,.F.);
#4160=EDGE_LOOP('',(#4151,#4152,#4158,#4159));
#4161=FACE_BOUND('',#4160,.T.);
#4162=ADVANCED_FACE('',(#4161),#4145,.T.);
#4163=CARTESIAN_POINT('',(-12.,12.,4.886691565));
#4164=DIRECTION('',(-1.,0.,0.));
#4165=DIRECTION('',(0.,1.,0.));
#4166=AXIS2_PLACEMENT_3D('',#4163,#4164,#4165);
#4167=PLANE('',#4166);
#4168=ORIENTED_EDGE('',*,*,#4157,.T.);
#4169=ORIENTED_EDGE('',*,*,#2779,.T.);
#4170=CARTESIAN_POINT('',(-12.,26.1,4.886691565));
#4171=DIRECTION('',(-0.,-0.,1.));
#4172=VECTOR('',#4171,1.5);
#4173=LINE('',#4170,#4172);
#4174=EDGE_CURVE('',#999,#2766,#4173,.T.);
#4175=ORIENTED_EDGE('',*,*,#4174,.F.);
#4176=ORIENTED_EDGE('',*,*,#1004,.F.);
#4177=EDGE_LOOP('',(#4168,#4169,#4175,#4176));
#4178=FACE_BOUND('',#4177,.T.);
#4179=ADVANCED_FACE('',(#4178),#4167,.T.);
#4180=CARTESIAN_POINT('',(-12.,26.1,4.886691565));
#4181=DIRECTION('',(0.,-1.,0.));
#4182=DIRECTION('',(-1.,0.,0.));
#4183=AXIS2_PLACEMENT_3D('',#4180,#4181,#4182);
#4184=PLANE('',#4183);
#4185=ORIENTED_EDGE('',*,*,#4174,.T.);
#4186=ORIENTED_EDGE('',*,*,#2771,.T.);
#4187=CARTESIAN_POINT('',(-26.1,26.1,4.886691565));
#4188=DIRECTION('',(-0.,-0.,1.));
#4189=VECTOR('',#4188,1.5);
#4190=LINE('',#4187,#4189);
#4191=EDGE_CURVE('',#1007,#2756,#4190,.T.);
#4192=ORIENTED_EDGE('',*,*,#4191,.F.);
#4193=ORIENTED_EDGE('',*,*,#1012,.F.);
#4194=EDGE_LOOP('',(#4185,#4186,#4192,#4193));
#4195=FACE_BOUND('',#4194,.T.);
#4196=ADVANCED_FACE('',(#4195),#4184,.T.);
#4197=CARTESIAN_POINT('',(-26.1,26.1,4.886691565));
#4198=DIRECTION('',(1.,0.,0.));
#4199=DIRECTION('',(0.,-1.,0.));
#4200=AXIS2_PLACEMENT_3D('',#4197,#4198,#4199);
#4201=PLANE('',#4200);
#4202=ORIENTED_EDGE('',*,*,#4191,.T.);
#4203=ORIENTED_EDGE('',*,*,#2763,.T.);
#4204=ORIENTED_EDGE('',*,*,#4150,.F.);
#4205=ORIENTED_EDGE('',*,*,#1018,.F.);
#4206=EDGE_LOOP('',(#4202,#4203,#4204,#4205));
#4207=FACE_BOUND('',#4206,.T.);
#4208=ADVANCED_FACE('',(#4207),#4201,.T.);
#4209=CARTESIAN_POINT('',(-7.05,12.,4.886691565));
#4210=DIRECTION('',(0.,1.,0.));
#4211=DIRECTION('',(1.,0.,0.));
#4212=AXIS2_PLACEMENT_3D('',#4209,#4210,#4211);
#4213=PLANE('',#4212);
#4214=CARTESIAN_POINT('',(-7.05,12.,4.886691565));
#4215=DIRECTION('',(-0.,-0.,1.));
#4216=VECTOR('',#4215,1.5);
#4217=LINE('',#4214,#4216);
#4218=EDGE_CURVE('',#955,#2792,#4217,.T.);
#4219=ORIENTED_EDGE('',*,*,#4218,.T.);
#4220=ORIENTED_EDGE('',*,*,#2819,.T.);
#4221=CARTESIAN_POINT('',(7.05,12.,4.886691565));
#4222=DIRECTION('',(-0.,-0.,1.));
#4223=VECTOR('',#4222,1.5);
#4224=LINE('',#4221,#4223);
#4225=EDGE_CURVE('',#957,#2808,#4224,.T.);
#4226=ORIENTED_EDGE('',*,*,#4225,.F.);
#4227=ORIENTED_EDGE('',*,*,#962,.F.);
#4228=EDGE_LOOP('',(#4219,#4220,#4226,#4227));
#4229=FACE_BOUND('',#4228,.T.);
#4230=ADVANCED_FACE('',(#4229),#4213,.T.);
#4231=CARTESIAN_POINT('',(7.05,12.,4.886691565));
#4232=DIRECTION('',(-1.,0.,0.));
#4233=DIRECTION('',(0.,1.,0.));
#4234=AXIS2_PLACEMENT_3D('',#4231,#4232,#4233);
#4235=PLANE('',#4234);
#4236=ORIENTED_EDGE('',*,*,#4225,.T.);
#4237=ORIENTED_EDGE('',*,*,#2813,.T.);
#4238=CARTESIAN_POINT('',(7.05,26.1,4.886691565));
#4239=DIRECTION('',(-0.,-0.,1.));
#4240=VECTOR('',#4239,1.5);
#4241=LINE('',#4238,#4240);
#4242=EDGE_CURVE('',#965,#2800,#4241,.T.);
#4243=ORIENTED_EDGE('',*,*,#4242,.F.);
#4244=ORIENTED_EDGE('',*,*,#970,.F.);
#4245=EDGE_LOOP('',(#4236,#4237,#4243,#4244));
#4246=FACE_BOUND('',#4245,.T.);
#4247=ADVANCED_FACE('',(#4246),#4235,.T.);
#4248=CARTESIAN_POINT('',(7.05,26.1,4.886691565));
#4249=DIRECTION('',(0.,-1.,0.));
#4250=DIRECTION('',(-1.,0.,0.));
#4251=AXIS2_PLACEMENT_3D('',#4248,#4249,#4250);
#4252=PLANE('',#4251);
#4253=ORIENTED_EDGE('',*,*,#4242,.T.);
#4254=ORIENTED_EDGE('',*,*,#2805,.T.);
#4255=CARTESIAN_POINT('',(-7.05,26.1,4.886691565));
#4256=DIRECTION('',(-0.,-0.,1.));
#4257=VECTOR('',#4256,1.5);
#4258=LINE('',#4255,#4257);
#4259=EDGE_CURVE('',#973,#2790,#4258,.T.);
#4260=ORIENTED_EDGE('',*,*,#4259,.F.);
#4261=ORIENTED_EDGE('',*,*,#978,.F.);
#4262=EDGE_LOOP('',(#4253,#4254,#4260,#4261));
#4263=FACE_BOUND('',#4262,.T.);
#4264=ADVANCED_FACE('',(#4263),#4252,.T.);
#4265=CARTESIAN_POINT('',(-7.05,26.1,4.886691565));
#4266=DIRECTION('',(1.,0.,0.));
#4267=DIRECTION('',(0.,-1.,0.));
#4268=AXIS2_PLACEMENT_3D('',#4265,#4266,#4267);
#4269=PLANE('',#4268);
#4270=ORIENTED_EDGE('',*,*,#4259,.T.);
#4271=ORIENTED_EDGE('',*,*,#2797,.T.);
#4272=ORIENTED_EDGE('',*,*,#4218,.F.);
#4273=ORIENTED_EDGE('',*,*,#984,.F.);
#4274=EDGE_LOOP('',(#4270,#4271,#4272,#4273));
#4275=FACE_BOUND('',#4274,.T.);
#4276=ADVANCED_FACE('',(#4275),#4269,.T.);
#4277=CARTESIAN_POINT('',(12.,12.,4.886691565));
#4278=DIRECTION('',(0.,1.,0.));
#4279=DIRECTION('',(1.,0.,0.));
#4280=AXIS2_PLACEMENT_3D('',#4277,#4278,#4279);
#4281=PLANE('',#4280);
#4282=CARTESIAN_POINT('',(12.,12.,4.886691565));
#4283=DIRECTION('',(-0.,-0.,1.));
#4284=VECTOR('',#4283,1.5);
#4285=LINE('',#4282,#4284);
#4286=EDGE_CURVE('',#921,#2826,#4285,.T.);
#4287=ORIENTED_EDGE('',*,*,#4286,.T.);
#4288=ORIENTED_EDGE('',*,*,#2853,.T.);
#4289=CARTESIAN_POINT('',(26.1,12.,4.886691565));
#4290=DIRECTION('',(-0.,-0.,1.));
#4291=VECTOR('',#4290,1.5);
#4292=LINE('',#4289,#4291);
#4293=EDGE_CURVE('',#923,#2842,#4292,.T.);
#4294=ORIENTED_EDGE('',*,*,#4293,.F.);
#4295=ORIENTED_EDGE('',*,*,#928,.F.);
#4296=EDGE_LOOP('',(#4287,#4288,#4294,#4295));
#4297=FACE_BOUND('',#4296,.T.);
#4298=ADVANCED_FACE('',(#4297),#4281,.T.);
#4299=CARTESIAN_POINT('',(26.1,12.,4.886691565));
#4300=DIRECTION('',(-1.,0.,0.));
#4301=DIRECTION('',(0.,1.,0.));
#4302=AXIS2_PLACEMENT_3D('',#4299,#4300,#4301);
#4303=PLANE('',#4302);
#4304=ORIENTED_EDGE('',*,*,#4293,.T.);
#4305=ORIENTED_EDGE('',*,*,#2847,.T.);
#4306=CARTESIAN_POINT('',(26.1,26.1,4.886691565));
#4307=DIRECTION('',(-0.,-0.,1.));
#4308=VECTOR('',#4307,1.5);
#4309=LINE('',#4306,#4308);
#4310=EDGE_CURVE('',#931,#2834,#4309,.T.);
#4311=ORIENTED_EDGE('',*,*,#4310,.F.);
#4312=ORIENTED_EDGE('',*,*,#936,.F.);
#4313=EDGE_LOOP('',(#4304,#4305,#4311,#4312));
#4314=FACE_BOUND('',#4313,.T.);
#4315=ADVANCED_FACE('',(#4314),#4303,.T.);
#4316=CARTESIAN_POINT('',(26.1,26.1,4.886691565));
#4317=DIRECTION('',(0.,-1.,0.));
#4318=DIRECTION('',(-1.,0.,0.));
#4319=AXIS2_PLACEMENT_3D('',#4316,#4317,#4318);
#4320=PLANE('',#4319);
#4321=ORIENTED_EDGE('',*,*,#4310,.T.);
#4322=ORIENTED_EDGE('',*,*,#2839,.T.);
#4323=CARTESIAN_POINT('',(12.,26.1,4.886691565));
#4324=DIRECTION('',(-0.,-0.,1.));
#4325=VECTOR('',#4324,1.5);
#4326=LINE('',#4323,#4325);
#4327=EDGE_CURVE('',#939,#2824,#4326,.T.);
#4328=ORIENTED_EDGE('',*,*,#4327,.F.);
#4329=ORIENTED_EDGE('',*,*,#944,.F.);
#4330=EDGE_LOOP('',(#4321,#4322,#4328,#4329));
#4331=FACE_BOUND('',#4330,.T.);
#4332=ADVANCED_FACE('',(#4331),#4320,.T.);
#4333=CARTESIAN_POINT('',(12.,26.1,4.886691565));
#4334=DIRECTION('',(1.,0.,0.));
#4335=DIRECTION('',(0.,-1.,0.));
#4336=AXIS2_PLACEMENT_3D('',#4333,#4334,#4335);
#4337=PLANE('',#4336);
#4338=ORIENTED_EDGE('',*,*,#4327,.T.);
#4339=ORIENTED_EDGE('',*,*,#2831,.T.);
#4340=ORIENTED_EDGE('',*,*,#4286,.F.);
#4341=ORIENTED_EDGE('',*,*,#950,.F.);
#4342=EDGE_LOOP('',(#4338,#4339,#4340,#4341));
#4343=FACE_BOUND('',#4342,.T.);
#4344=ADVANCED_FACE('',(#4343),#4337,.T.);
#4345=CARTESIAN_POINT('',(31.05,12.,4.886691565));
#4346=DIRECTION('',(0.,1.,0.));
#4347=DIRECTION('',(1.,0.,0.));
#4348=AXIS2_PLACEMENT_3D('',#4345,#4346,#4347);
#4349=PLANE('',#4348);
#4350=CARTESIAN_POINT('',(31.05,12.,4.886691565));
#4351=DIRECTION('',(-0.,-0.,1.));
#4352=VECTOR('',#4351,1.5);
#4353=LINE('',#4350,#4352);
#4354=EDGE_CURVE('',#887,#2860,#4353,.T.);
#4355=ORIENTED_EDGE('',*,*,#4354,.T.);
#4356=ORIENTED_EDGE('',*,*,#2887,.T.);
#4357=CARTESIAN_POINT('',(45.15,12.,4.886691565));
#4358=DIRECTION('',(-0.,-0.,1.));
#4359=VECTOR('',#4358,1.5);
#4360=LINE('',#4357,#4359);
#4361=EDGE_CURVE('',#889,#2876,#4360,.T.);
#4362=ORIENTED_EDGE('',*,*,#4361,.F.);
#4363=ORIENTED_EDGE('',*,*,#894,.F.);
#4364=EDGE_LOOP('',(#4355,#4356,#4362,#4363));
#4365=FACE_BOUND('',#4364,.T.);
#4366=ADVANCED_FACE('',(#4365),#4349,.T.);
#4367=CARTESIAN_POINT('',(45.15,12.,4.886691565));
#4368=DIRECTION('',(-1.,0.,0.));
#4369=DIRECTION('',(0.,1.,0.));
#4370=AXIS2_PLACEMENT_3D('',#4367,#4368,#4369);
#4371=PLANE('',#4370);
#4372=ORIENTED_EDGE('',*,*,#4361,.T.);
#4373=ORIENTED_EDGE('',*,*,#2881,.T.);
#4374=CARTESIAN_POINT('',(45.15,26.1,4.886691565));
#4375=DIRECTION('',(-0.,-0.,1.));
#4376=VECTOR('',#4375,1.5);
#4377=LINE('',#4374,#4376);
#4378=EDGE_CURVE('',#897,#2868,#4377,.T.);
#4379=ORIENTED_EDGE('',*,*,#4378,.F.);
#4380=ORIENTED_EDGE('',*,*,#902,.F.);
#4381=EDGE_LOOP('',(#4372,#4373,#4379,#4380));
#4382=FACE_BOUND('',#4381,.T.);
#4383=ADVANCED_FACE('',(#4382),#4371,.T.);
#4384=CARTESIAN_POINT('',(45.15,26.1,4.886691565));
#4385=DIRECTION('',(0.,-1.,0.));
#4386=DIRECTION('',(-1.,0.,0.));
#4387=AXIS2_PLACEMENT_3D('',#4384,#4385,#4386);
#4388=PLANE('',#4387);
#4389=ORIENTED_EDGE('',*,*,#4378,.T.);
#4390=ORIENTED_EDGE('',*,*,#2873,.T.);
#4391=CARTESIAN_POINT('',(31.05,26.1,4.886691565));
#4392=DIRECTION('',(-0.,-0.,1.));
#4393=VECTOR('',#4392,1.5);
#4394=LINE('',#4391,#4393);
#4395=EDGE_CURVE('',#905,#2858,#4394,.T.);
#4396=ORIENTED_EDGE('',*,*,#4395,.F.);
#4397=ORIENTED_EDGE('',*,*,#910,.F.);
#4398=EDGE_LOOP('',(#4389,#4390,#4396,#4397));
#4399=FACE_BOUND('',#4398,.T.);
#4400=ADVANCED_FACE('',(#4399),#4388,.T.);
#4401=CARTESIAN_POINT('',(31.05,26.1,4.886691565));
#4402=DIRECTION('',(1.,0.,0.));
#4403=DIRECTION('',(0.,-1.,0.));
#4404=AXIS2_PLACEMENT_3D('',#4401,#4402,#4403);
#4405=PLANE('',#4404);
#4406=ORIENTED_EDGE('',*,*,#4395,.T.);
#4407=ORIENTED_EDGE('',*,*,#2865,.T.);
#4408=ORIENTED_EDGE('',*,*,#4354,.F.);
#4409=ORIENTED_EDGE('',*,*,#916,.F.);
#4410=EDGE_LOOP('',(#4406,#4407,#4408,#4409));
#4411=FACE_BOUND('',#4410,.T.);
#4412=ADVANCED_FACE('',(#4411),#4405,.T.);
#4413=CARTESIAN_POINT('',(-46.875,-46.875,5.926325458));
#4414=DIRECTION('',(0.,0.,1.));
#4415=DIRECTION('',(1.,0.,-0.));
#4416=AXIS2_PLACEMENT_3D('',#4413,#4414,#4415);
#4417=CYLINDRICAL_SURFACE('',#4416,1.5);
#4418=ORIENTED_EDGE('',*,*,#1642,.F.);
#4419=CARTESIAN_POINT('',(-46.875,-46.875,12.486691565));
#4420=DIRECTION('',(0.,0.,1.));
#4421=DIRECTION('',(1.,0.,-0.));
#4422=AXIS2_PLACEMENT_3D('',#4419,#4420,#4421);
#4423=CIRCLE('',#4422,1.5);
#4424=EDGE_CURVE('',#1629,#2047,#4423,.T.);
#4425=ORIENTED_EDGE('',*,*,#4424,.T.);
#4426=ORIENTED_EDGE('',*,*,#2052,.F.);
#4427=ORIENTED_EDGE('',*,*,#2328,.F.);
#4428=EDGE_LOOP('',(#4418,#4425,#4426,#4427));
#4429=FACE_BOUND('',#4428,.T.);
#4430=ADVANCED_FACE('',(#4429),#4417,.F.);
#4431=CARTESIAN_POINT('',(46.875,-46.875,5.926325458));
#4432=DIRECTION('',(0.,0.,1.));
#4433=DIRECTION('',(1.,0.,-0.));
#4434=AXIS2_PLACEMENT_3D('',#4431,#4432,#4433);
#4435=CYLINDRICAL_SURFACE('',#4434,1.5);
#4436=ORIENTED_EDGE('',*,*,#2068,.F.);
#4437=CARTESIAN_POINT('',(46.875,-46.875,12.486691565));
#4438=DIRECTION('',(0.,0.,1.));
#4439=DIRECTION('',(1.,0.,-0.));
#4440=AXIS2_PLACEMENT_3D('',#4437,#4438,#4439);
#4441=CIRCLE('',#4440,1.5);
#4442=EDGE_CURVE('',#2055,#1812,#4441,.T.);
#4443=ORIENTED_EDGE('',*,*,#4442,.T.);
#4444=ORIENTED_EDGE('',*,*,#1817,.F.);
#4445=ORIENTED_EDGE('',*,*,#2336,.F.);
#4446=EDGE_LOOP('',(#4436,#4443,#4444,#4445));
#4447=FACE_BOUND('',#4446,.T.);
#4448=ADVANCED_FACE('',(#4447),#4435,.F.);
#4449=CARTESIAN_POINT('',(-45.625,29.729160243,9.361691565));
#4450=DIRECTION('',(0.,0.,-1.));
#4451=DIRECTION('',(-1.,0.,0.));
#4452=AXIS2_PLACEMENT_3D('',#4449,#4450,#4451);
#4453=PLANE('',#4452);
#4454=CARTESIAN_POINT('',(-47.727524134,32.387761148,9.361691565));
#4455=VERTEX_POINT('',#4454);
#4456=CARTESIAN_POINT('',(-45.789461273,32.387761148,9.361691565));
#4457=DIRECTION('',(-0.,-0.,1.));
#4458=DIRECTION('',(-1.,0.,0.));
#4459=AXIS2_PLACEMENT_3D('',#4456,#4457,#4458);
#4460=CIRCLE('',#4459,1.93806286);
#4461=EDGE_CURVE('',#4455,#4455,#4460,.T.);
#4462=ORIENTED_EDGE('',*,*,#4461,.T.);
#4463=EDGE_LOOP('',(#4462));
#4464=FACE_BOUND('',#4463,.T.);
#4465=CARTESIAN_POINT('',(-46.740691093,43.404477376,9.361691565));
#4466=VERTEX_POINT('',#4465);
#4467=CARTESIAN_POINT('',(-47.53546656,43.808342977,9.361691565));
#4468=VERTEX_POINT('',#4467);
#4469=CARTESIAN_POINT('',(-47.03546656,43.808342977,9.361691565));
#4470=DIRECTION('',(0.,0.,-1.));
#4471=DIRECTION('',(-1.,0.,0.));
#4472=AXIS2_PLACEMENT_3D('',#4469,#4470,#4471);
#4473=CIRCLE('',#4472,0.5);
#4474=EDGE_CURVE('',#4466,#4468,#4473,.T.);
#4475=ORIENTED_EDGE('',*,*,#4474,.F.);
#4476=CARTESIAN_POINT('',(-47.03546656,43.808342977,9.361691565));
#4477=DIRECTION('',(0.,0.,-1.));
#4478=DIRECTION('',(-1.,0.,0.));
#4479=AXIS2_PLACEMENT_3D('',#4476,#4477,#4478);
#4480=CIRCLE('',#4479,0.5);
#4481=EDGE_CURVE('',#4468,#4466,#4480,.T.);
#4482=ORIENTED_EDGE('',*,*,#4481,.F.);
#4483=EDGE_LOOP('',(#4475,#4482));
#4484=FACE_BOUND('',#4483,.T.);
#4485=ORIENTED_EDGE('',*,*,#2113,.T.);
#4486=ORIENTED_EDGE('',*,*,#2026,.T.);
#4487=ORIENTED_EDGE('',*,*,#1841,.T.);
#4488=CARTESIAN_POINT('',(46.875,29.325,9.361691565));
#4489=VERTEX_POINT('',#4488);
#4490=CARTESIAN_POINT('',(46.875,27.825,9.361691565));
#4491=DIRECTION('',(-0.,-0.,1.));
#4492=DIRECTION('',(-1.,0.,0.));
#4493=AXIS2_PLACEMENT_3D('',#4490,#4491,#4492);
#4494=CIRCLE('',#4493,1.5);
#4495=EDGE_CURVE('',#1828,#4489,#4494,.T.);
#4496=ORIENTED_EDGE('',*,*,#4495,.T.);
#4497=CARTESIAN_POINT('',(-46.875,29.325,9.361691565));
#4498=VERTEX_POINT('',#4497);
#4499=CARTESIAN_POINT('',(-46.875,29.325,9.361691565));
#4500=DIRECTION('',(1.,0.,-0.));
#4501=VECTOR('',#4500,93.75);
#4502=LINE('',#4499,#4501);
#4503=EDGE_CURVE('',#4498,#4489,#4502,.T.);
#4504=ORIENTED_EDGE('',*,*,#4503,.F.);
#4505=CARTESIAN_POINT('',(-46.875,27.825,9.361691565));
#4506=DIRECTION('',(-0.,-0.,1.));
#4507=DIRECTION('',(-1.,0.,0.));
#4508=AXIS2_PLACEMENT_3D('',#4505,#4506,#4507);
#4509=CIRCLE('',#4508,1.5);
#4510=EDGE_CURVE('',#4498,#1619,#4509,.T.);
#4511=ORIENTED_EDGE('',*,*,#4510,.T.);
#4512=ORIENTED_EDGE('',*,*,#1799,.F.);
#4513=ORIENTED_EDGE('',*,*,#2091,.T.);
#4514=EDGE_LOOP('',(#4485,#4486,#4487,#4496,#4504,#4511,#4512,#4513));
#4515=FACE_BOUND('',#4514,.T.);
#4516=ADVANCED_FACE('',(#4464,#4484,#4515),#4453,.T.);
#4517=CARTESIAN_POINT('',(-45.625,29.325,4.886691565));
#4518=DIRECTION('',(0.,1.,0.));
#4519=DIRECTION('',(1.,0.,0.));
#4520=AXIS2_PLACEMENT_3D('',#4517,#4518,#4519);
#4521=PLANE('',#4520);
#4522=CARTESIAN_POINT('',(46.875,29.325,12.486691565));
#4523=VERTEX_POINT('',#4522);
#4524=CARTESIAN_POINT('',(46.875,29.325,9.361691565));
#4525=DIRECTION('',(0.,0.,1.));
#4526=VECTOR('',#4525,3.125);
#4527=LINE('',#4524,#4526);
#4528=EDGE_CURVE('',#4489,#4523,#4527,.T.);
#4529=ORIENTED_EDGE('',*,*,#4528,.T.);
#4530=CARTESIAN_POINT('',(-46.875,29.325,12.486691565));
#4531=VERTEX_POINT('',#4530);
#4532=CARTESIAN_POINT('',(46.875,29.325,12.486691565));
#4533=DIRECTION('',(-1.,0.,0.));
#4534=VECTOR('',#4533,93.75);
#4535=LINE('',#4532,#4534);
#4536=EDGE_CURVE('',#4523,#4531,#4535,.T.);
#4537=ORIENTED_EDGE('',*,*,#4536,.T.);
#4538=CARTESIAN_POINT('',(-46.875,29.325,12.486691565));
#4539=DIRECTION('',(0.,0.,-1.));
#4540=VECTOR('',#4539,3.125);
#4541=LINE('',#4538,#4540);
#4542=EDGE_CURVE('',#4531,#4498,#4541,.T.);
#4543=ORIENTED_EDGE('',*,*,#4542,.T.);
#4544=ORIENTED_EDGE('',*,*,#4503,.T.);
#4545=EDGE_LOOP('',(#4529,#4537,#4543,#4544));
#4546=FACE_BOUND('',#4545,.T.);
#4547=ADVANCED_FACE('',(#4546),#4521,.F.);
#4548=CARTESIAN_POINT('',(-55.465970165,43.065824008,6.756691565));
#4549=DIRECTION('',(-0.,1.,-0.));
#4550=DIRECTION('',(-1.,-0.,0.));
#4551=AXIS2_PLACEMENT_3D('',#4548,#4549,#4550);
#4552=PLANE('',#4551);
#4553=CARTESIAN_POINT('',(-49.69298115,43.065824008,7.111691565));
#4554=VERTEX_POINT('',#4553);
#4555=CARTESIAN_POINT('',(-49.69298115,43.065824008,7.111691565));
#4556=DIRECTION('',(1.,0.,-0.));
#4557=VECTOR('',#4556,1.31798115);
#4558=LINE('',#4555,#4557);
#4559=EDGE_CURVE('',#4554,#1730,#4558,.T.);
#4560=ORIENTED_EDGE('',*,*,#4559,.F.);
#4561=CARTESIAN_POINT('',(-49.69298115,43.065824008,6.401691565));
#4562=VERTEX_POINT('',#4561);
#4563=CARTESIAN_POINT('',(-49.69298115,43.065824008,7.111691565));
#4564=DIRECTION('',(0.,-0.,-1.));
#4565=VECTOR('',#4564,0.71);
#4566=LINE('',#4563,#4565);
#4567=EDGE_CURVE('',#4554,#4562,#4566,.T.);
#4568=ORIENTED_EDGE('',*,*,#4567,.T.);
#4569=CARTESIAN_POINT('',(-49.69298115,43.065824008,6.401691565));
#4570=DIRECTION('',(1.,0.,-0.));
#4571=VECTOR('',#4570,1.31798115);
#4572=LINE('',#4569,#4571);
#4573=EDGE_CURVE('',#4562,#1760,#4572,.T.);
#4574=ORIENTED_EDGE('',*,*,#4573,.T.);
#4575=ORIENTED_EDGE('',*,*,#1765,.T.);
#4576=EDGE_LOOP('',(#4560,#4568,#4574,#4575));
#4577=FACE_BOUND('',#4576,.T.);
#4578=ADVANCED_FACE('',(#4577),#4552,.F.);
#4579=CARTESIAN_POINT('',(-49.69298115,43.065824008,6.401691565));
#4580=CARTESIAN_POINT('',(-49.526314483,43.065824008,6.401691565));
#4581=CARTESIAN_POINT('',(-49.359647817,43.065824008,6.401691565));
#4582=CARTESIAN_POINT('',(-49.19298115,43.065824008,6.401691565));
#4583=CARTESIAN_POINT('',(-48.920320767,43.065824008,6.401691565));
#4584=CARTESIAN_POINT('',(-48.647660383,43.065824008,6.401691565));
#4585=CARTESIAN_POINT('',(-48.375,43.065824008,6.401691565));
#4586=CARTESIAN_POINT('',(-49.69298115,43.065824008,6.195452087));
#4587=CARTESIAN_POINT('',(-49.526314483,43.065824008,6.195452087));
#4588=CARTESIAN_POINT('',(-49.359647817,43.065824008,6.195452087));
#4589=CARTESIAN_POINT('',(-49.19298115,43.065824008,6.195452087));
#4590=CARTESIAN_POINT('',(-48.920320767,43.065824008,6.195452087));
#4591=CARTESIAN_POINT('',(-48.647660383,43.065824008,6.195452087));
#4592=CARTESIAN_POINT('',(-48.375,43.065824008,6.195452087));
#4593=CARTESIAN_POINT('',(-49.69298115,43.028236215,5.972945487));
#4594=CARTESIAN_POINT('',(-49.526314483,43.028236215,5.972945487));
#4595=CARTESIAN_POINT('',(-49.359647817,43.028236215,5.972945487));
#4596=CARTESIAN_POINT('',(-49.19298115,43.028236215,5.972945487));
#4597=CARTESIAN_POINT('',(-48.920320767,43.028236215,5.972945487));
#4598=CARTESIAN_POINT('',(-48.647660383,43.028236215,5.972945487));
#4599=CARTESIAN_POINT('',(-48.375,43.028236215,5.972945487));
#4600=CARTESIAN_POINT('',(-49.69298115,42.942953535,5.757525823));
#4601=CARTESIAN_POINT('',(-49.526314483,42.942953535,5.757525823));
#4602=CARTESIAN_POINT('',(-49.359647817,42.942953535,5.757525823));
#4603=CARTESIAN_POINT('',(-49.19298115,42.942953535,5.757525823));
#4604=CARTESIAN_POINT('',(-48.920320767,42.942953535,5.757525823));
#4605=CARTESIAN_POINT('',(-48.647660383,42.942953535,5.757525823));
#4606=CARTESIAN_POINT('',(-48.375,42.942953535,5.757525823));
#4607=CARTESIAN_POINT('',(-49.69298115,42.857670855,5.54210616));
#4608=CARTESIAN_POINT('',(-49.526314483,42.857670855,5.54210616));
#4609=CARTESIAN_POINT('',(-49.359647817,42.857670855,5.54210616));
#4610=CARTESIAN_POINT('',(-49.19298115,42.857670855,5.54210616));
#4611=CARTESIAN_POINT('',(-48.920320767,42.857670855,5.54210616));
#4612=CARTESIAN_POINT('',(-48.647660383,42.857670855,5.54210616));
#4613=CARTESIAN_POINT('',(-48.375,42.857670855,5.54210616));
#4614=CARTESIAN_POINT('',(-49.69298115,42.724115253,5.335109076));
#4615=CARTESIAN_POINT('',(-49.526314483,42.724115253,5.335109076));
#4616=CARTESIAN_POINT('',(-49.359647817,42.724115253,5.335109076));
#4617=CARTESIAN_POINT('',(-49.19298115,42.724115253,5.335109076));
#4618=CARTESIAN_POINT('',(-48.920320767,42.724115253,5.335109076));
#4619=CARTESIAN_POINT('',(-48.647660383,42.724115253,5.335109076));
#4620=CARTESIAN_POINT('',(-48.375,42.724115253,5.335109076));
#4621=CARTESIAN_POINT('',(-49.69298115,42.553260875,5.164254698));
#4622=CARTESIAN_POINT('',(-49.526314483,42.553260875,5.164254698));
#4623=CARTESIAN_POINT('',(-49.359647817,42.553260875,5.164254698));
#4624=CARTESIAN_POINT('',(-49.19298115,42.553260875,5.164254698));
#4625=CARTESIAN_POINT('',(-48.920320767,42.553260875,5.164254698));
#4626=CARTESIAN_POINT('',(-48.647660383,42.553260875,5.164254698));
#4627=CARTESIAN_POINT('',(-48.375,42.553260875,5.164254698));
#4628=CARTESIAN_POINT('',(-49.69298115,42.444892319,5.055886141));
#4629=CARTESIAN_POINT('',(-49.526314483,42.444892319,5.055886141));
#4630=CARTESIAN_POINT('',(-49.359647817,42.444892319,5.055886141));
#4631=CARTESIAN_POINT('',(-49.19298115,42.444892319,5.055886141));
#4632=CARTESIAN_POINT('',(-48.920320767,42.444892319,5.055886141));
#4633=CARTESIAN_POINT('',(-48.647660383,42.444892319,5.055886141));
#4634=CARTESIAN_POINT('',(-48.375,42.444892319,5.055886141));
#4635=CARTESIAN_POINT('',(-49.69298115,42.321983406,4.962523031));
#4636=CARTESIAN_POINT('',(-49.526314483,42.321983406,4.962523031));
#4637=CARTESIAN_POINT('',(-49.359647817,42.321983406,4.962523031));
#4638=CARTESIAN_POINT('',(-49.19298115,42.321983406,4.962523031));
#4639=CARTESIAN_POINT('',(-48.920320767,42.321983406,4.962523031));
#4640=CARTESIAN_POINT('',(-48.647660383,42.321983406,4.962523031));
#4641=CARTESIAN_POINT('',(-48.375,42.321983406,4.962523031));
#4642=CARTESIAN_POINT('',(-49.69298115,42.191607514,4.886965654));
#4643=CARTESIAN_POINT('',(-49.526314483,42.191607514,4.886965654));
#4644=CARTESIAN_POINT('',(-49.359647817,42.191607514,4.886965654));
#4645=CARTESIAN_POINT('',(-49.19298115,42.191607514,4.886965654));
#4646=CARTESIAN_POINT('',(-48.920320767,42.191607514,4.886965654));
#4647=CARTESIAN_POINT('',(-48.647660383,42.191607514,4.886965654));
#4648=CARTESIAN_POINT('',(-48.375,42.191607514,4.886965654));
#4649=B_SPLINE_SURFACE_WITH_KNOTS('',3,3,((#4579,#4580,#4581,#4582,#4583,#4584,#4585),(#4586,#4587,#4588,#4589,#4590,#4591,#4592),(#4593,#4594,#4595,#4596,#4597,#4598,#4599),(#4600,#4601,#4602,#4603,#4604,#4605,#4606),(#4607,#4608,#4609,#4610,#4611,#4612,#4613),(#4614,#4615,#4616,#4617,#4618,#4619,#4620),(#4621,#4622,#4623,#4624,#4625,#4626,#4627),(#4628,#4629,#4630,#4631,#4632,#4633,#4634),(#4635,#4636,#4637,#4638,#4639,#4640,#4641),(#4642,#4643,#4644,#4645,#4646,#4647,#4648)),.UNSPECIFIED.,.F.,.F.,.U.,(4,3,3,4),(4,3,4),(0.,22.5,45.,59.271173857),(0.920293181,1.,1.130397351),.UNSPECIFIED.);
#4650=ORIENTED_EDGE('',*,*,#4573,.F.);
#4651=CARTESIAN_POINT('',(-49.69298115,43.065824008,6.401691565));
#4652=CARTESIAN_POINT('',(-49.69298115,43.065824008,6.130058423));
#4653=CARTESIAN_POINT('',(-49.69298115,42.998809828,5.829055192));
#4654=CARTESIAN_POINT('',(-49.69298115,42.847620297,5.556036388));
#4655=CARTESIAN_POINT('',(-49.69298115,42.696430766,5.283017584));
#4656=CARTESIAN_POINT('',(-49.69298115,42.462403276,5.043918879));
#4657=CARTESIAN_POINT('',(-49.69298115,42.191682537,4.887009134));
#4658=B_SPLINE_CURVE_WITH_KNOTS('',3,(#4651,#4652,#4653,#4654,#4655,#4656,#4657),.UNSPECIFIED.,.F.,.F.,(4,3,4),(0.,0.5,1.),.UNSPECIFIED.);
#4659=EDGE_CURVE('',#4562,#1581,#4658,.T.);
#4660=ORIENTED_EDGE('',*,*,#4659,.T.);
#4661=ORIENTED_EDGE('',*,*,#1586,.T.);
#4662=ORIENTED_EDGE('',*,*,#1784,.F.);
#4663=EDGE_LOOP('',(#4650,#4660,#4661,#4662));
#4664=FACE_BOUND('',#4663,.T.);
#4665=ADVANCED_FACE('',(#4664),#4649,.T.);
#4666=CARTESIAN_POINT('',(-49.69298115,34.000040502,4.886965654));
#4667=CARTESIAN_POINT('',(-49.526314483,34.000040502,4.886965654));
#4668=CARTESIAN_POINT('',(-49.359647817,34.000040502,4.886965654));
#4669=CARTESIAN_POINT('',(-49.19298115,34.000040502,4.886965654));
#4670=CARTESIAN_POINT('',(-48.920320767,34.000040502,4.886965654));
#4671=CARTESIAN_POINT('',(-48.647660383,34.000040502,4.886965654));
#4672=CARTESIAN_POINT('',(-48.375,34.000040502,4.886965654));
#4673=CARTESIAN_POINT('',(-49.69298115,33.869664611,4.962523031));
#4674=CARTESIAN_POINT('',(-49.526314483,33.869664611,4.962523031));
#4675=CARTESIAN_POINT('',(-49.359647817,33.869664611,4.962523031));
#4676=CARTESIAN_POINT('',(-49.19298115,33.869664611,4.962523031));
#4677=CARTESIAN_POINT('',(-48.920320767,33.869664611,4.962523031));
#4678=CARTESIAN_POINT('',(-48.647660383,33.869664611,4.962523031));
#4679=CARTESIAN_POINT('',(-48.375,33.869664611,4.962523031));
#4680=CARTESIAN_POINT('',(-49.69298115,33.746755698,5.055886141));
#4681=CARTESIAN_POINT('',(-49.526314483,33.746755698,5.055886141));
#4682=CARTESIAN_POINT('',(-49.359647817,33.746755698,5.055886141));
#4683=CARTESIAN_POINT('',(-49.19298115,33.746755698,5.055886141));
#4684=CARTESIAN_POINT('',(-48.920320767,33.746755698,5.055886141));
#4685=CARTESIAN_POINT('',(-48.647660383,33.746755698,5.055886141));
#4686=CARTESIAN_POINT('',(-48.375,33.746755698,5.055886141));
#4687=CARTESIAN_POINT('',(-49.69298115,33.638387141,5.164254698));
#4688=CARTESIAN_POINT('',(-49.526314483,33.638387141,5.164254698));
#4689=CARTESIAN_POINT('',(-49.359647817,33.638387141,5.164254698));
#4690=CARTESIAN_POINT('',(-49.19298115,33.638387141,5.164254698));
#4691=CARTESIAN_POINT('',(-48.920320767,33.638387141,5.164254698));
#4692=CARTESIAN_POINT('',(-48.647660383,33.638387141,5.164254698));
#4693=CARTESIAN_POINT('',(-48.375,33.638387141,5.164254698));
#4694=CARTESIAN_POINT('',(-49.69298115,33.467532764,5.335109076));
#4695=CARTESIAN_POINT('',(-49.526314483,33.467532764,5.335109076));
#4696=CARTESIAN_POINT('',(-49.359647817,33.467532764,5.335109076));
#4697=CARTESIAN_POINT('',(-49.19298115,33.467532764,5.335109076));
#4698=CARTESIAN_POINT('',(-48.920320767,33.467532764,5.335109076));
#4699=CARTESIAN_POINT('',(-48.647660383,33.467532764,5.335109076));
#4700=CARTESIAN_POINT('',(-48.375,33.467532764,5.335109076));
#4701=CARTESIAN_POINT('',(-49.69298115,33.333977162,5.54210616));
#4702=CARTESIAN_POINT('',(-49.526314483,33.333977162,5.54210616));
#4703=CARTESIAN_POINT('',(-49.359647817,33.333977162,5.54210616));
#4704=CARTESIAN_POINT('',(-49.19298115,33.333977162,5.54210616));
#4705=CARTESIAN_POINT('',(-48.920320767,33.333977162,5.54210616));
#4706=CARTESIAN_POINT('',(-48.647660383,33.333977162,5.54210616));
#4707=CARTESIAN_POINT('',(-48.375,33.333977162,5.54210616));
#4708=CARTESIAN_POINT('',(-49.69298115,33.248694481,5.757525823));
#4709=CARTESIAN_POINT('',(-49.526314483,33.248694481,5.757525823));
#4710=CARTESIAN_POINT('',(-49.359647817,33.248694481,5.757525823));
#4711=CARTESIAN_POINT('',(-49.19298115,33.248694481,5.757525823));
#4712=CARTESIAN_POINT('',(-48.920320767,33.248694481,5.757525823));
#4713=CARTESIAN_POINT('',(-48.647660383,33.248694481,5.757525823));
#4714=CARTESIAN_POINT('',(-48.375,33.248694481,5.757525823));
#4715=CARTESIAN_POINT('',(-49.69298115,33.163411801,5.972945487));
#4716=CARTESIAN_POINT('',(-49.526314483,33.163411801,5.972945487));
#4717=CARTESIAN_POINT('',(-49.359647817,33.163411801,5.972945487));
#4718=CARTESIAN_POINT('',(-49.19298115,33.163411801,5.972945487));
#4719=CARTESIAN_POINT('',(-48.920320767,33.163411801,5.972945487));
#4720=CARTESIAN_POINT('',(-48.647660383,33.163411801,5.972945487));
#4721=CARTESIAN_POINT('',(-48.375,33.163411801,5.972945487));
#4722=CARTESIAN_POINT('',(-49.69298115,33.125824008,6.195452087));
#4723=CARTESIAN_POINT('',(-49.526314483,33.125824008,6.195452087));
#4724=CARTESIAN_POINT('',(-49.359647817,33.125824008,6.195452087));
#4725=CARTESIAN_POINT('',(-49.19298115,33.125824008,6.195452087));
#4726=CARTESIAN_POINT('',(-48.920320767,33.125824008,6.195452087));
#4727=CARTESIAN_POINT('',(-48.647660383,33.125824008,6.195452087));
#4728=CARTESIAN_POINT('',(-48.375,33.125824008,6.195452087));
#4729=CARTESIAN_POINT('',(-49.69298115,33.125824008,6.401691565));
#4730=CARTESIAN_POINT('',(-49.526314483,33.125824008,6.401691565));
#4731=CARTESIAN_POINT('',(-49.359647817,33.125824008,6.401691565));
#4732=CARTESIAN_POINT('',(-49.19298115,33.125824008,6.401691565));
#4733=CARTESIAN_POINT('',(-48.920320767,33.125824008,6.401691565));
#4734=CARTESIAN_POINT('',(-48.647660383,33.125824008,6.401691565));
#4735=CARTESIAN_POINT('',(-48.375,33.125824008,6.401691565));
#4736=B_SPLINE_SURFACE_WITH_KNOTS('',3,3,((#4666,#4667,#4668,#4669,#4670,#4671,#4672),(#4673,#4674,#4675,#4676,#4677,#4678,#4679),(#4680,#4681,#4682,#4683,#4684,#4685,#4686),(#4687,#4688,#4689,#4690,#4691,#4692,#4693),(#4694,#4695,#4696,#4697,#4698,#4699,#4700),(#4701,#4702,#4703,#4704,#4705,#4706,#4707),(#4708,#4709,#4710,#4711,#4712,#4713,#4714),(#4715,#4716,#4717,#4718,#4719,#4720,#4721),(#4722,#4723,#4724,#4725,#4726,#4727,#4728),(#4729,#4730,#4731,#4732,#4733,#4734,#4735)),.UNSPECIFIED.,.F.,.F.,.U.,(4,3,3,4),(4,3,4),(30.728826143,45.,67.5,90.),(0.920293181,1.,1.130397351),.UNSPECIFIED.);
#4737=ORIENTED_EDGE('',*,*,#1520,.T.);
#4738=CARTESIAN_POINT('',(-49.69298115,33.125824008,6.401691565));
#4739=VERTEX_POINT('',#4738);
#4740=CARTESIAN_POINT('',(-49.69298115,33.99996548,4.887009134));
#4741=CARTESIAN_POINT('',(-49.69298115,33.729244741,5.043918879));
#4742=CARTESIAN_POINT('',(-49.69298115,33.495217251,5.283017584));
#4743=CARTESIAN_POINT('',(-49.69298115,33.344027719,5.556036388));
#4744=CARTESIAN_POINT('',(-49.69298115,33.192838188,5.829055192));
#4745=CARTESIAN_POINT('',(-49.69298115,33.125824008,6.130058423));
#4746=CARTESIAN_POINT('',(-49.69298115,33.125824008,6.401691565));
#4747=B_SPLINE_CURVE_WITH_KNOTS('',3,(#4740,#4741,#4742,#4743,#4744,#4745,#4746),.UNSPECIFIED.,.F.,.F.,(4,3,4),(0.,0.5,1.),.UNSPECIFIED.);
#4748=EDGE_CURVE('',#1507,#4739,#4747,.T.);
#4749=ORIENTED_EDGE('',*,*,#4748,.T.);
#4750=CARTESIAN_POINT('',(-49.69298115,33.125824008,6.401691565));
#4751=DIRECTION('',(1.,0.,0.));
#4752=VECTOR('',#4751,1.31798115);
#4753=LINE('',#4750,#4752);
#4754=EDGE_CURVE('',#4739,#1660,#4753,.T.);
#4755=ORIENTED_EDGE('',*,*,#4754,.T.);
#4756=ORIENTED_EDGE('',*,*,#1681,.F.);
#4757=EDGE_LOOP('',(#4737,#4749,#4755,#4756));
#4758=FACE_BOUND('',#4757,.T.);
#4759=ADVANCED_FACE('',(#4758),#4736,.T.);
#4760=CARTESIAN_POINT('',(-55.465970165,33.125824008,6.756691565));
#4761=DIRECTION('',(0.,-1.,0.));
#4762=DIRECTION('',(1.,0.,0.));
#4763=AXIS2_PLACEMENT_3D('',#4760,#4761,#4762);
#4764=PLANE('',#4763);
#4765=ORIENTED_EDGE('',*,*,#4754,.F.);
#4766=CARTESIAN_POINT('',(-49.69298115,33.125824008,7.111691565));
#4767=VERTEX_POINT('',#4766);
#4768=CARTESIAN_POINT('',(-49.69298115,33.125824008,6.401691565));
#4769=DIRECTION('',(-0.,0.,1.));
#4770=VECTOR('',#4769,0.71);
#4771=LINE('',#4768,#4770);
#4772=EDGE_CURVE('',#4739,#4767,#4771,.T.);
#4773=ORIENTED_EDGE('',*,*,#4772,.T.);
#4774=CARTESIAN_POINT('',(-49.69298115,33.125824008,7.111691565));
#4775=DIRECTION('',(1.,0.,0.));
#4776=VECTOR('',#4775,1.31798115);
#4777=LINE('',#4774,#4776);
#4778=EDGE_CURVE('',#4767,#1684,#4777,.T.);
#4779=ORIENTED_EDGE('',*,*,#4778,.T.);
#4780=ORIENTED_EDGE('',*,*,#1689,.T.);
#4781=EDGE_LOOP('',(#4765,#4773,#4779,#4780));
#4782=FACE_BOUND('',#4781,.T.);
#4783=ADVANCED_FACE('',(#4782),#4764,.F.);
#4784=CARTESIAN_POINT('',(-49.69298115,33.125824008,7.111691565));
#4785=CARTESIAN_POINT('',(-49.526314483,33.125824008,7.111691565));
#4786=CARTESIAN_POINT('',(-49.359647817,33.125824008,7.111691565));
#4787=CARTESIAN_POINT('',(-49.19298115,33.125824008,7.111691565));
#4788=CARTESIAN_POINT('',(-48.920320767,33.125824008,7.111691565));
#4789=CARTESIAN_POINT('',(-48.647660383,33.125824008,7.111691565));
#4790=CARTESIAN_POINT('',(-48.375,33.125824008,7.111691565));
#4791=CARTESIAN_POINT('',(-49.69298115,33.125824008,7.317931043));
#4792=CARTESIAN_POINT('',(-49.526314483,33.125824008,7.317931043));
#4793=CARTESIAN_POINT('',(-49.359647817,33.125824008,7.317931043));
#4794=CARTESIAN_POINT('',(-49.19298115,33.125824008,7.317931043));
#4795=CARTESIAN_POINT('',(-48.920320767,33.125824008,7.317931043));
#4796=CARTESIAN_POINT('',(-48.647660383,33.125824008,7.317931043));
#4797=CARTESIAN_POINT('',(-48.375,33.125824008,7.317931043));
#4798=CARTESIAN_POINT('',(-49.69298115,33.163411801,7.540437644));
#4799=CARTESIAN_POINT('',(-49.526314483,33.163411801,7.540437644));
#4800=CARTESIAN_POINT('',(-49.359647817,33.163411801,7.540437644));
#4801=CARTESIAN_POINT('',(-49.19298115,33.163411801,7.540437644));
#4802=CARTESIAN_POINT('',(-48.920320767,33.163411801,7.540437644));
#4803=CARTESIAN_POINT('',(-48.647660383,33.163411801,7.540437644));
#4804=CARTESIAN_POINT('',(-48.375,33.163411801,7.540437644));
#4805=CARTESIAN_POINT('',(-49.69298115,33.248694481,7.755857307));
#4806=CARTESIAN_POINT('',(-49.526314483,33.248694481,7.755857307));
#4807=CARTESIAN_POINT('',(-49.359647817,33.248694481,7.755857307));
#4808=CARTESIAN_POINT('',(-49.19298115,33.248694481,7.755857307));
#4809=CARTESIAN_POINT('',(-48.920320767,33.248694481,7.755857307));
#4810=CARTESIAN_POINT('',(-48.647660383,33.248694481,7.755857307));
#4811=CARTESIAN_POINT('',(-48.375,33.248694481,7.755857307));
#4812=CARTESIAN_POINT('',(-49.69298115,33.333977162,7.97127697));
#4813=CARTESIAN_POINT('',(-49.526314483,33.333977162,7.97127697));
#4814=CARTESIAN_POINT('',(-49.359647817,33.333977162,7.97127697));
#4815=CARTESIAN_POINT('',(-49.19298115,33.333977162,7.97127697));
#4816=CARTESIAN_POINT('',(-48.920320767,33.333977162,7.97127697));
#4817=CARTESIAN_POINT('',(-48.647660383,33.333977162,7.97127697));
#4818=CARTESIAN_POINT('',(-48.375,33.333977162,7.97127697));
#4819=CARTESIAN_POINT('',(-49.69298115,33.467532764,8.178274055));
#4820=CARTESIAN_POINT('',(-49.526314483,33.467532764,8.178274055));
#4821=CARTESIAN_POINT('',(-49.359647817,33.467532764,8.178274055));
#4822=CARTESIAN_POINT('',(-49.19298115,33.467532764,8.178274055));
#4823=CARTESIAN_POINT('',(-48.920320767,33.467532764,8.178274055));
#4824=CARTESIAN_POINT('',(-48.647660383,33.467532764,8.178274055));
#4825=CARTESIAN_POINT('',(-48.375,33.467532764,8.178274055));
#4826=CARTESIAN_POINT('',(-49.69298115,33.638387141,8.349128432));
#4827=CARTESIAN_POINT('',(-49.526314483,33.638387141,8.349128432));
#4828=CARTESIAN_POINT('',(-49.359647817,33.638387141,8.349128432));
#4829=CARTESIAN_POINT('',(-49.19298115,33.638387141,8.349128432));
#4830=CARTESIAN_POINT('',(-48.920320767,33.638387141,8.349128432));
#4831=CARTESIAN_POINT('',(-48.647660383,33.638387141,8.349128432));
#4832=CARTESIAN_POINT('',(-48.375,33.638387141,8.349128432));
#4833=CARTESIAN_POINT('',(-49.69298115,33.809241519,8.51998281));
#4834=CARTESIAN_POINT('',(-49.526314483,33.809241519,8.51998281));
#4835=CARTESIAN_POINT('',(-49.359647817,33.809241519,8.51998281));
#4836=CARTESIAN_POINT('',(-49.19298115,33.809241519,8.51998281));
#4837=CARTESIAN_POINT('',(-48.920320767,33.809241519,8.51998281));
#4838=CARTESIAN_POINT('',(-48.647660383,33.809241519,8.51998281));
#4839=CARTESIAN_POINT('',(-48.375,33.809241519,8.51998281));
#4840=CARTESIAN_POINT('',(-49.69298115,34.016238603,8.653538412));
#4841=CARTESIAN_POINT('',(-49.526314483,34.016238603,8.653538412));
#4842=CARTESIAN_POINT('',(-49.359647817,34.016238603,8.653538412));
#4843=CARTESIAN_POINT('',(-49.19298115,34.016238603,8.653538412));
#4844=CARTESIAN_POINT('',(-48.920320767,34.016238603,8.653538412));
#4845=CARTESIAN_POINT('',(-48.647660383,34.016238603,8.653538412));
#4846=CARTESIAN_POINT('',(-48.375,34.016238603,8.653538412));
#4847=CARTESIAN_POINT('',(-49.69298115,34.231658267,8.738821092));
#4848=CARTESIAN_POINT('',(-49.526314483,34.231658267,8.738821092));
#4849=CARTESIAN_POINT('',(-49.359647817,34.231658267,8.738821092));
#4850=CARTESIAN_POINT('',(-49.19298115,34.231658267,8.738821092));
#4851=CARTESIAN_POINT('',(-48.920320767,34.231658267,8.738821092));
#4852=CARTESIAN_POINT('',(-48.647660383,34.231658267,8.738821092));
#4853=CARTESIAN_POINT('',(-48.375,34.231658267,8.738821092));
#4854=CARTESIAN_POINT('',(-49.69298115,34.44707793,8.824103772));
#4855=CARTESIAN_POINT('',(-49.526314483,34.44707793,8.824103772));
#4856=CARTESIAN_POINT('',(-49.359647817,34.44707793,8.824103772));
#4857=CARTESIAN_POINT('',(-49.19298115,34.44707793,8.824103772));
#4858=CARTESIAN_POINT('',(-48.920320767,34.44707793,8.824103772));
#4859=CARTESIAN_POINT('',(-48.647660383,34.44707793,8.824103772));
#4860=CARTESIAN_POINT('',(-48.375,34.44707793,8.824103772));
#4861=CARTESIAN_POINT('',(-49.69298115,34.66958453,8.861691565));
#4862=CARTESIAN_POINT('',(-49.526314483,34.66958453,8.861691565));
#4863=CARTESIAN_POINT('',(-49.359647817,34.66958453,8.861691565));
#4864=CARTESIAN_POINT('',(-49.19298115,34.66958453,8.861691565));
#4865=CARTESIAN_POINT('',(-48.920320767,34.66958453,8.861691565));
#4866=CARTESIAN_POINT('',(-48.647660383,34.66958453,8.861691565));
#4867=CARTESIAN_POINT('',(-48.375,34.66958453,8.861691565));
#4868=CARTESIAN_POINT('',(-49.69298115,34.875824008,8.861691565));
#4869=CARTESIAN_POINT('',(-49.526314483,34.875824008,8.861691565));
#4870=CARTESIAN_POINT('',(-49.359647817,34.875824008,8.861691565));
#4871=CARTESIAN_POINT('',(-49.19298115,34.875824008,8.861691565));
#4872=CARTESIAN_POINT('',(-48.920320767,34.875824008,8.861691565));
#4873=CARTESIAN_POINT('',(-48.647660383,34.875824008,8.861691565));
#4874=CARTESIAN_POINT('',(-48.375,34.875824008,8.861691565));
#4875=B_SPLINE_SURFACE_WITH_KNOTS('',3,3,((#4784,#4785,#4786,#4787,#4788,#4789,#4790),(#4791,#4792,#4793,#4794,#4795,#4796,#4797),(#4798,#4799,#4800,#4801,#4802,#4803,#4804),(#4805,#4806,#4807,#4808,#4809,#4810,#4811),(#4812,#4813,#4814,#4815,#4816,#4817,#4818),(#4819,#4820,#4821,#4822,#4823,#4824,#4825),(#4826,#4827,#4828,#4829,#4830,#4831,#4832),(#4833,#4834,#4835,#4836,#4837,#4838,#4839),(#4840,#4841,#4842,#4843,#4844,#4845,#4846),(#4847,#4848,#4849,#4850,#4851,#4852,#4853),(#4854,#4855,#4856,#4857,#4858,#4859,#4860),(#4861,#4862,#4863,#4864,#4865,#4866,#4867),(#4868,#4869,#4870,#4871,#4872,#4873,#4874)),.UNSPECIFIED.,.F.,.F.,.U.,(4,3,3,3,4),(4,3,4),(0.,22.5,45.,67.5,90.),(0.920293181,1.,1.130397351),.UNSPECIFIED.);
#4876=ORIENTED_EDGE('',*,*,#4778,.F.);
#4877=CARTESIAN_POINT('',(-49.69298115,34.875824008,8.861691565));
#4878=VERTEX_POINT('',#4877);
#4879=CARTESIAN_POINT('',(-49.69298115,33.125824008,7.111691565));
#4880=CARTESIAN_POINT('',(-49.69298115,33.125824008,7.524170521));
#4881=CARTESIAN_POINT('',(-49.69298115,33.296678386,8.007419677));
#4882=CARTESIAN_POINT('',(-49.69298115,33.638387141,8.349128432));
#4883=CARTESIAN_POINT('',(-49.69298115,33.980095897,8.690837188));
#4884=CARTESIAN_POINT('',(-49.69298115,34.463345053,8.861691565));
#4885=CARTESIAN_POINT('',(-49.69298115,34.875824008,8.861691565));
#4886=B_SPLINE_CURVE_WITH_KNOTS('',3,(#4879,#4880,#4881,#4882,#4883,#4884,#4885),.UNSPECIFIED.,.F.,.F.,(4,3,4),(0.,0.5,1.),.UNSPECIFIED.);
#4887=EDGE_CURVE('',#4767,#4878,#4886,.T.);
#4888=ORIENTED_EDGE('',*,*,#4887,.T.);
#4889=CARTESIAN_POINT('',(-49.69298115,34.875824008,8.861691565));
#4890=DIRECTION('',(1.,0.,0.));
#4891=VECTOR('',#4890,1.31798115);
#4892=LINE('',#4889,#4891);
#4893=EDGE_CURVE('',#4878,#1692,#4892,.T.);
#4894=ORIENTED_EDGE('',*,*,#4893,.T.);
#4895=ORIENTED_EDGE('',*,*,#1719,.F.);
#4896=EDGE_LOOP('',(#4876,#4888,#4894,#4895));
#4897=FACE_BOUND('',#4896,.T.);
#4898=ADVANCED_FACE('',(#4897),#4875,.T.);
#4899=CARTESIAN_POINT('',(-55.465970165,38.095824008,8.861691565));
#4900=DIRECTION('',(-0.,0.,1.));
#4901=DIRECTION('',(1.,0.,0.));
#4902=AXIS2_PLACEMENT_3D('',#4899,#4900,#4901);
#4903=PLANE('',#4902);
#4904=ORIENTED_EDGE('',*,*,#4893,.F.);
#4905=CARTESIAN_POINT('',(-49.69298115,41.315824008,8.861691565));
#4906=VERTEX_POINT('',#4905);
#4907=CARTESIAN_POINT('',(-49.69298115,34.875824008,8.861691565));
#4908=DIRECTION('',(-0.,1.,-0.));
#4909=VECTOR('',#4908,6.44);
#4910=LINE('',#4907,#4909);
#4911=EDGE_CURVE('',#4878,#4906,#4910,.T.);
#4912=ORIENTED_EDGE('',*,*,#4911,.T.);
#4913=CARTESIAN_POINT('',(-49.69298115,41.315824008,8.861691565));
#4914=DIRECTION('',(1.,0.,0.));
#4915=VECTOR('',#4914,1.31798115);
#4916=LINE('',#4913,#4915);
#4917=EDGE_CURVE('',#4906,#1722,#4916,.T.);
#4918=ORIENTED_EDGE('',*,*,#4917,.T.);
#4919=ORIENTED_EDGE('',*,*,#1727,.T.);
#4920=EDGE_LOOP('',(#4904,#4912,#4918,#4919));
#4921=FACE_BOUND('',#4920,.T.);
#4922=ADVANCED_FACE('',(#4921),#4903,.F.);
#4923=CARTESIAN_POINT('',(-49.69298115,41.315824008,8.861691565));
#4924=CARTESIAN_POINT('',(-49.526314483,41.315824008,8.861691565));
#4925=CARTESIAN_POINT('',(-49.359647817,41.315824008,8.861691565));
#4926=CARTESIAN_POINT('',(-49.19298115,41.315824008,8.861691565));
#4927=CARTESIAN_POINT('',(-48.920320767,41.315824008,8.861691565));
#4928=CARTESIAN_POINT('',(-48.647660383,41.315824008,8.861691565));
#4929=CARTESIAN_POINT('',(-48.375,41.315824008,8.861691565));
#4930=CARTESIAN_POINT('',(-49.69298115,41.522063486,8.861691565));
#4931=CARTESIAN_POINT('',(-49.526314483,41.522063486,8.861691565));
#4932=CARTESIAN_POINT('',(-49.359647817,41.522063486,8.861691565));
#4933=CARTESIAN_POINT('',(-49.19298115,41.522063486,8.861691565));
#4934=CARTESIAN_POINT('',(-48.920320767,41.522063486,8.861691565));
#4935=CARTESIAN_POINT('',(-48.647660383,41.522063486,8.861691565));
#4936=CARTESIAN_POINT('',(-48.375,41.522063486,8.861691565));
#4937=CARTESIAN_POINT('',(-49.69298115,41.744570087,8.824103772));
#4938=CARTESIAN_POINT('',(-49.526314483,41.744570087,8.824103772));
#4939=CARTESIAN_POINT('',(-49.359647817,41.744570087,8.824103772));
#4940=CARTESIAN_POINT('',(-49.19298115,41.744570087,8.824103772));
#4941=CARTESIAN_POINT('',(-48.920320767,41.744570087,8.824103772));
#4942=CARTESIAN_POINT('',(-48.647660383,41.744570087,8.824103772));
#4943=CARTESIAN_POINT('',(-48.375,41.744570087,8.824103772));
#4944=CARTESIAN_POINT('',(-49.69298115,41.95998975,8.738821092));
#4945=CARTESIAN_POINT('',(-49.526314483,41.95998975,8.738821092));
#4946=CARTESIAN_POINT('',(-49.359647817,41.95998975,8.738821092));
#4947=CARTESIAN_POINT('',(-49.19298115,41.95998975,8.738821092));
#4948=CARTESIAN_POINT('',(-48.920320767,41.95998975,8.738821092));
#4949=CARTESIAN_POINT('',(-48.647660383,41.95998975,8.738821092));
#4950=CARTESIAN_POINT('',(-48.375,41.95998975,8.738821092));
#4951=CARTESIAN_POINT('',(-49.69298115,42.175409413,8.653538412));
#4952=CARTESIAN_POINT('',(-49.526314483,42.175409413,8.653538412));
#4953=CARTESIAN_POINT('',(-49.359647817,42.175409413,8.653538412));
#4954=CARTESIAN_POINT('',(-49.19298115,42.175409413,8.653538412));
#4955=CARTESIAN_POINT('',(-48.920320767,42.175409413,8.653538412));
#4956=CARTESIAN_POINT('',(-48.647660383,42.175409413,8.653538412));
#4957=CARTESIAN_POINT('',(-48.375,42.175409413,8.653538412));
#4958=CARTESIAN_POINT('',(-49.69298115,42.382406498,8.51998281));
#4959=CARTESIAN_POINT('',(-49.526314483,42.382406498,8.51998281));
#4960=CARTESIAN_POINT('',(-49.359647817,42.382406498,8.51998281));
#4961=CARTESIAN_POINT('',(-49.19298115,42.382406498,8.51998281));
#4962=CARTESIAN_POINT('',(-48.920320767,42.382406498,8.51998281));
#4963=CARTESIAN_POINT('',(-48.647660383,42.382406498,8.51998281));
#4964=CARTESIAN_POINT('',(-48.375,42.382406498,8.51998281));
#4965=CARTESIAN_POINT('',(-49.69298115,42.553260875,8.349128432));
#4966=CARTESIAN_POINT('',(-49.526314483,42.553260875,8.349128432));
#4967=CARTESIAN_POINT('',(-49.359647817,42.553260875,8.349128432));
#4968=CARTESIAN_POINT('',(-49.19298115,42.553260875,8.349128432));
#4969=CARTESIAN_POINT('',(-48.920320767,42.553260875,8.349128432));
#4970=CARTESIAN_POINT('',(-48.647660383,42.553260875,8.349128432));
#4971=CARTESIAN_POINT('',(-48.375,42.553260875,8.349128432));
#4972=CARTESIAN_POINT('',(-49.69298115,42.724115253,8.178274055));
#4973=CARTESIAN_POINT('',(-49.526314483,42.724115253,8.178274055));
#4974=CARTESIAN_POINT('',(-49.359647817,42.724115253,8.178274055));
#4975=CARTESIAN_POINT('',(-49.19298115,42.724115253,8.178274055));
#4976=CARTESIAN_POINT('',(-48.920320767,42.724115253,8.178274055));
#4977=CARTESIAN_POINT('',(-48.647660383,42.724115253,8.178274055));
#4978=CARTESIAN_POINT('',(-48.375,42.724115253,8.178274055));
#4979=CARTESIAN_POINT('',(-49.69298115,42.857670855,7.97127697));
#4980=CARTESIAN_POINT('',(-49.526314483,42.857670855,7.97127697));
#4981=CARTESIAN_POINT('',(-49.359647817,42.857670855,7.97127697));
#4982=CARTESIAN_POINT('',(-49.19298115,42.857670855,7.97127697));
#4983=CARTESIAN_POINT('',(-48.920320767,42.857670855,7.97127697));
#4984=CARTESIAN_POINT('',(-48.647660383,42.857670855,7.97127697));
#4985=CARTESIAN_POINT('',(-48.375,42.857670855,7.97127697));
#4986=CARTESIAN_POINT('',(-49.69298115,42.942953535,7.755857307));
#4987=CARTESIAN_POINT('',(-49.526314483,42.942953535,7.755857307));
#4988=CARTESIAN_POINT('',(-49.359647817,42.942953535,7.755857307));
#4989=CARTESIAN_POINT('',(-49.19298115,42.942953535,7.755857307));
#4990=CARTESIAN_POINT('',(-48.920320767,42.942953535,7.755857307));
#4991=CARTESIAN_POINT('',(-48.647660383,42.942953535,7.755857307));
#4992=CARTESIAN_POINT('',(-48.375,42.942953535,7.755857307));
#4993=CARTESIAN_POINT('',(-49.69298115,43.028236215,7.540437644));
#4994=CARTESIAN_POINT('',(-49.526314483,43.028236215,7.540437644));
#4995=CARTESIAN_POINT('',(-49.359647817,43.028236215,7.540437644));
#4996=CARTESIAN_POINT('',(-49.19298115,43.028236215,7.540437644));
#4997=CARTESIAN_POINT('',(-48.920320767,43.028236215,7.540437644));
#4998=CARTESIAN_POINT('',(-48.647660383,43.028236215,7.540437644));
#4999=CARTESIAN_POINT('',(-48.375,43.028236215,7.540437644));
#5000=CARTESIAN_POINT('',(-49.69298115,43.065824008,7.317931043));
#5001=CARTESIAN_POINT('',(-49.526314483,43.065824008,7.317931043));
#5002=CARTESIAN_POINT('',(-49.359647817,43.065824008,7.317931043));
#5003=CARTESIAN_POINT('',(-49.19298115,43.065824008,7.317931043));
#5004=CARTESIAN_POINT('',(-48.920320767,43.065824008,7.317931043));
#5005=CARTESIAN_POINT('',(-48.647660383,43.065824008,7.317931043));
#5006=CARTESIAN_POINT('',(-48.375,43.065824008,7.317931043));
#5007=CARTESIAN_POINT('',(-49.69298115,43.065824008,7.111691565));
#5008=CARTESIAN_POINT('',(-49.526314483,43.065824008,7.111691565));
#5009=CARTESIAN_POINT('',(-49.359647817,43.065824008,7.111691565));
#5010=CARTESIAN_POINT('',(-49.19298115,43.065824008,7.111691565));
#5011=CARTESIAN_POINT('',(-48.920320767,43.065824008,7.111691565));
#5012=CARTESIAN_POINT('',(-48.647660383,43.065824008,7.111691565));
#5013=CARTESIAN_POINT('',(-48.375,43.065824008,7.111691565));
#5014=B_SPLINE_SURFACE_WITH_KNOTS('',3,3,((#4923,#4924,#4925,#4926,#4927,#4928,#4929),(#4930,#4931,#4932,#4933,#4934,#4935,#4936),(#4937,#4938,#4939,#4940,#4941,#4942,#4943),(#4944,#4945,#4946,#4947,#4948,#4949,#4950),(#4951,#4952,#4953,#4954,#4955,#4956,#4957),(#4958,#4959,#4960,#4961,#4962,#4963,#4964),(#4965,#4966,#4967,#4968,#4969,#4970,#4971),(#4972,#4973,#4974,#4975,#4976,#4977,#4978),(#4979,#4980,#4981,#4982,#4983,#4984,#4985),(#4986,#4987,#4988,#4989,#4990,#4991,#4992),(#4993,#4994,#4995,#4996,#4997,#4998,#4999),(#5000,#5001,#5002,#5003,#5004,#5005,#5006),(#5007,#5008,#5009,#5010,#5011,#5012,#5013)),.UNSPECIFIED.,.F.,.F.,.U.,(4,3,3,3,4),(4,3,4),(0.,22.5,45.,67.5,90.),(0.920293181,1.,1.130397351),.UNSPECIFIED.);
#5015=ORIENTED_EDGE('',*,*,#4917,.F.);
#5016=CARTESIAN_POINT('',(-49.69298115,41.315824008,8.861691565));
#5017=CARTESIAN_POINT('',(-49.69298115,41.728302964,8.861691565));
#5018=CARTESIAN_POINT('',(-49.69298115,42.21155212,8.690837188));
#5019=CARTESIAN_POINT('',(-49.69298115,42.553260875,8.349128432));
#5020=CARTESIAN_POINT('',(-49.69298115,42.894969631,8.007419677));
#5021=CARTESIAN_POINT('',(-49.69298115,43.065824008,7.524170521));
#5022=CARTESIAN_POINT('',(-49.69298115,43.065824008,7.111691565));
#5023=B_SPLINE_CURVE_WITH_KNOTS('',3,(#5016,#5017,#5018,#5019,#5020,#5021,#5022),.UNSPECIFIED.,.F.,.F.,(4,3,4),(0.,0.5,1.),.UNSPECIFIED.);
#5024=EDGE_CURVE('',#4906,#4554,#5023,.T.);
#5025=ORIENTED_EDGE('',*,*,#5024,.T.);
#5026=ORIENTED_EDGE('',*,*,#4559,.T.);
#5027=ORIENTED_EDGE('',*,*,#1757,.F.);
#5028=EDGE_LOOP('',(#5015,#5025,#5026,#5027));
#5029=FACE_BOUND('',#5028,.T.);
#5030=ADVANCED_FACE('',(#5029),#5014,.T.);
#5031=CARTESIAN_POINT('',(-50.19298115,38.095824008,6.756691565));
#5032=DIRECTION('',(1.,0.,0.));
#5033=DIRECTION('',(-0.,0.,1.));
#5034=AXIS2_PLACEMENT_3D('',#5031,#5032,#5033);
#5035=PLANE('',#5034);
#5036=ORIENTED_EDGE('',*,*,#1600,.F.);
#5037=CARTESIAN_POINT('',(-50.19298115,43.565824008,6.401691565));
#5038=VERTEX_POINT('',#5037);
#5039=CARTESIAN_POINT('',(-50.19298115,42.979247653,4.886772142));
#5040=CARTESIAN_POINT('',(-50.19298115,43.574139883,5.545358101));
#5041=CARTESIAN_POINT('',(-50.19298115,43.565824008,6.401691565));
#5042=B_SPLINE_CURVE_WITH_KNOTS('',2,(#5039,#5040,#5041),.UNSPECIFIED.,.F.,.F.,(3,3),(0.,1.),.UNSPECIFIED.);
#5043=EDGE_CURVE('',#1589,#5038,#5042,.T.);
#5044=ORIENTED_EDGE('',*,*,#5043,.T.);
#5045=CARTESIAN_POINT('',(-50.19298115,43.565824008,7.111691565));
#5046=VERTEX_POINT('',#5045);
#5047=CARTESIAN_POINT('',(-50.19298115,43.565824008,6.401691565));
#5048=DIRECTION('',(-0.,0.,1.));
#5049=VECTOR('',#5048,0.71);
#5050=LINE('',#5047,#5049);
#5051=EDGE_CURVE('',#5038,#5046,#5050,.T.);
#5052=ORIENTED_EDGE('',*,*,#5051,.T.);
#5053=CARTESIAN_POINT('',(-50.19298115,41.315824008,9.361691565));
#5054=VERTEX_POINT('',#5053);
#5055=CARTESIAN_POINT('',(-50.19298115,43.565824008,7.111691565));
#5056=CARTESIAN_POINT('',(-50.19298115,43.576651654,7.552503677));
#5057=CARTESIAN_POINT('',(-50.19298115,43.396474715,7.974222121));
#5058=CARTESIAN_POINT('',(-50.19298115,43.223828659,8.378313937));
#5059=CARTESIAN_POINT('',(-50.19298115,42.904594006,8.698245762));
#5060=CARTESIAN_POINT('',(-50.19298115,42.585810609,9.017725348));
#5061=CARTESIAN_POINT('',(-50.19298115,42.180828298,9.191492305));
#5062=CARTESIAN_POINT('',(-50.19298115,41.758972812,9.372499087));
#5063=CARTESIAN_POINT('',(-50.19298115,41.315824008,9.361691565));
#5064=B_SPLINE_CURVE_WITH_KNOTS('',2,(#5055,#5056,#5057,#5058,#5059,#5060,#5061,#5062,#5063),.UNSPECIFIED.,.F.,.F.,(3,2,2,2,3),(0.,0.25,0.5,0.75,1.),.UNSPECIFIED.);
#5065=EDGE_CURVE('',#5046,#5054,#5064,.T.);
#5066=ORIENTED_EDGE('',*,*,#5065,.T.);
#5067=CARTESIAN_POINT('',(-50.19298115,34.875824008,9.361691565));
#5068=VERTEX_POINT('',#5067);
#5069=CARTESIAN_POINT('',(-50.19298115,41.315824008,9.361691565));
#5070=DIRECTION('',(0.,-1.,0.));
#5071=VECTOR('',#5070,6.44);
#5072=LINE('',#5069,#5071);
#5073=EDGE_CURVE('',#5054,#5068,#5072,.T.);
#5074=ORIENTED_EDGE('',*,*,#5073,.T.);
#5075=CARTESIAN_POINT('',(-50.19298115,32.625824008,7.111691565));
#5076=VERTEX_POINT('',#5075);
#5077=CARTESIAN_POINT('',(-50.19298115,34.875824008,9.361691565));
#5078=CARTESIAN_POINT('',(-50.19298115,34.435011896,9.372519211));
#5079=CARTESIAN_POINT('',(-50.19298115,34.013293453,9.192342272));
#5080=CARTESIAN_POINT('',(-50.19298115,33.609201637,9.019696216));
#5081=CARTESIAN_POINT('',(-50.19298115,33.289269811,8.700461563));
#5082=CARTESIAN_POINT('',(-50.19298115,32.969790226,8.381678166));
#5083=CARTESIAN_POINT('',(-50.19298115,32.796023268,7.976695855));
#5084=CARTESIAN_POINT('',(-50.19298115,32.615016487,7.554840369));
#5085=CARTESIAN_POINT('',(-50.19298115,32.625824008,7.111691565));
#5086=B_SPLINE_CURVE_WITH_KNOTS('',2,(#5077,#5078,#5079,#5080,#5081,#5082,#5083,#5084,#5085),.UNSPECIFIED.,.F.,.F.,(3,2,2,2,3),(0.,0.25,0.5,0.75,1.),.UNSPECIFIED.);
#5087=EDGE_CURVE('',#5068,#5076,#5086,.T.);
#5088=ORIENTED_EDGE('',*,*,#5087,.T.);
#5089=CARTESIAN_POINT('',(-50.19298115,32.625824008,6.401691565));
#5090=VERTEX_POINT('',#5089);
#5091=CARTESIAN_POINT('',(-50.19298115,32.625824008,7.111691565));
#5092=DIRECTION('',(0.,-0.,-1.));
#5093=VECTOR('',#5092,0.71);
#5094=LINE('',#5091,#5093);
#5095=EDGE_CURVE('',#5076,#5090,#5094,.T.);
#5096=ORIENTED_EDGE('',*,*,#5095,.T.);
#5097=CARTESIAN_POINT('',(-50.19298115,32.625824008,6.401691565));
#5098=CARTESIAN_POINT('',(-50.19298115,32.617508133,5.545358101));
#5099=CARTESIAN_POINT('',(-50.19298115,33.212400363,4.886772142));
#5100=B_SPLINE_CURVE_WITH_KNOTS('',2,(#5097,#5098,#5099),.UNSPECIFIED.,.F.,.F.,(3,3),(0.,1.),.UNSPECIFIED.);
#5101=EDGE_CURVE('',#5090,#1499,#5100,.T.);
#5102=ORIENTED_EDGE('',*,*,#5101,.T.);
#5103=ORIENTED_EDGE('',*,*,#1504,.F.);
#5104=ORIENTED_EDGE('',*,*,#274,.T.);
#5105=ORIENTED_EDGE('',*,*,#304,.F.);
#5106=ORIENTED_EDGE('',*,*,#338,.T.);
#5107=ORIENTED_EDGE('',*,*,#368,.F.);
#5108=ORIENTED_EDGE('',*,*,#402,.T.);
#5109=ORIENTED_EDGE('',*,*,#423,.F.);
#5110=ORIENTED_EDGE('',*,*,#232,.T.);
#5111=EDGE_LOOP('',(#5036,#5044,#5052,#5066,#5074,#5088,#5096,#5102,#5103,#5104,#5105,#5106,#5107,#5108,#5109,#5110));
#5112=FACE_BOUND('',#5111,.T.);
#5113=ADVANCED_FACE('',(#5112),#5035,.F.);
#5114=CARTESIAN_POINT('',(-55.395,43.815824008,4.901691565));
#5115=DIRECTION('',(-1.,-0.,-0.));
#5116=DIRECTION('',(0.,-1.,0.));
#5117=AXIS2_PLACEMENT_3D('',#5114,#5115,#5116);
#5118=CONICAL_SURFACE('',#5117,3.75,45.);
#5119=ORIENTED_EDGE('',*,*,#217,.F.);
#5120=CARTESIAN_POINT('',(-53.395,45.565824008,4.901691565));
#5121=DIRECTION('',(-0.707106781,0.707106781,-0.));
#5122=VECTOR('',#5121,1.414213562);
#5123=LINE('',#5120,#5122);
#5124=EDGE_CURVE('',#201,#469,#5123,.T.);
#5125=ORIENTED_EDGE('',*,*,#5124,.T.);
#5126=ORIENTED_EDGE('',*,*,#475,.T.);
#5127=ORIENTED_EDGE('',*,*,#1608,.F.);
#5128=EDGE_LOOP('',(#5119,#5125,#5126,#5127));
#5129=FACE_BOUND('',#5128,.T.);
#5130=ADVANCED_FACE('',(#5129),#5118,.F.);
#5131=CARTESIAN_POINT('',(-53.395,45.565824008,6.756691565));
#5132=DIRECTION('',(-0.707106781,-0.707106781,-0.));
#5133=DIRECTION('',(-0.,0.,1.));
#5134=AXIS2_PLACEMENT_3D('',#5131,#5132,#5133);
#5135=PLANE('',#5134);
#5136=CARTESIAN_POINT('',(-53.395,45.565824008,8.611691565));
#5137=DIRECTION('',(-0.707106781,0.707106781,-0.));
#5138=VECTOR('',#5137,1.414213562);
#5139=LINE('',#5136,#5138);
#5140=EDGE_CURVE('',#381,#478,#5139,.T.);
#5141=ORIENTED_EDGE('',*,*,#5140,.T.);
#5142=ORIENTED_EDGE('',*,*,#483,.T.);
#5143=ORIENTED_EDGE('',*,*,#5124,.F.);
#5144=ORIENTED_EDGE('',*,*,#416,.T.);
#5145=EDGE_LOOP('',(#5141,#5142,#5143,#5144));
#5146=FACE_BOUND('',#5145,.T.);
#5147=ADVANCED_FACE('',(#5146),#5135,.T.);
#5148=CARTESIAN_POINT('',(-55.395,32.375824008,4.901691565));
#5149=DIRECTION('',(-1.,-0.,-0.));
#5150=DIRECTION('',(0.,-1.,0.));
#5151=AXIS2_PLACEMENT_3D('',#5148,#5149,#5150);
#5152=CONICAL_SURFACE('',#5151,3.75,45.);
#5153=ORIENTED_EDGE('',*,*,#526,.T.);
#5154=CARTESIAN_POINT('',(-54.395,29.625824008,4.901691565));
#5155=DIRECTION('',(0.707106781,0.707106781,0.));
#5156=VECTOR('',#5155,1.414213562);
#5157=LINE('',#5154,#5156);
#5158=EDGE_CURVE('',#512,#253,#5157,.T.);
#5159=ORIENTED_EDGE('',*,*,#5158,.T.);
#5160=ORIENTED_EDGE('',*,*,#259,.F.);
#5161=ORIENTED_EDGE('',*,*,#1495,.F.);
#5162=EDGE_LOOP('',(#5153,#5159,#5160,#5161));
#5163=FACE_BOUND('',#5162,.T.);
#5164=ADVANCED_FACE('',(#5163),#5152,.F.);
#5165=CARTESIAN_POINT('',(-55.395,43.815824008,8.611691565));
#5166=DIRECTION('',(-1.,-0.,-0.));
#5167=DIRECTION('',(0.,-1.,0.));
#5168=AXIS2_PLACEMENT_3D('',#5165,#5166,#5167);
#5169=CONICAL_SURFACE('',#5168,3.75,45.);
#5170=ORIENTED_EDGE('',*,*,#492,.T.);
#5171=ORIENTED_EDGE('',*,*,#5140,.F.);
#5172=ORIENTED_EDGE('',*,*,#387,.F.);
#5173=CARTESIAN_POINT('',(-53.395,43.815824008,10.361691565));
#5174=DIRECTION('',(-0.707106781,0.,0.707106781));
#5175=VECTOR('',#5174,1.414213562);
#5176=LINE('',#5173,#5175);
#5177=EDGE_CURVE('',#349,#486,#5176,.T.);
#5178=ORIENTED_EDGE('',*,*,#5177,.T.);
#5179=EDGE_LOOP('',(#5170,#5171,#5172,#5178));
#5180=FACE_BOUND('',#5179,.T.);
#5181=ADVANCED_FACE('',(#5180),#5169,.F.);
#5182=CARTESIAN_POINT('',(-53.395,30.625824008,6.756691565));
#5183=DIRECTION('',(-0.707106781,0.707106781,-0.));
#5184=DIRECTION('',(0.,-0.,-1.));
#5185=AXIS2_PLACEMENT_3D('',#5182,#5183,#5184);
#5186=PLANE('',#5185);
#5187=ORIENTED_EDGE('',*,*,#517,.T.);
#5188=CARTESIAN_POINT('',(-54.395,29.625824008,8.611691565));
#5189=DIRECTION('',(0.707106781,0.707106781,0.));
#5190=VECTOR('',#5189,1.414213562);
#5191=LINE('',#5188,#5190);
#5192=EDGE_CURVE('',#503,#285,#5191,.T.);
#5193=ORIENTED_EDGE('',*,*,#5192,.T.);
#5194=ORIENTED_EDGE('',*,*,#290,.T.);
#5195=ORIENTED_EDGE('',*,*,#5158,.F.);
#5196=EDGE_LOOP('',(#5187,#5193,#5194,#5195));
#5197=FACE_BOUND('',#5196,.T.);
#5198=ADVANCED_FACE('',(#5197),#5186,.T.);
#5199=CARTESIAN_POINT('',(-53.395,38.095824008,10.361691565));
#5200=DIRECTION('',(-0.707106781,-0.,-0.707106781));
#5201=DIRECTION('',(0.,-1.,0.));
#5202=AXIS2_PLACEMENT_3D('',#5199,#5200,#5201);
#5203=PLANE('',#5202);
#5204=ORIENTED_EDGE('',*,*,#500,.T.);
#5205=ORIENTED_EDGE('',*,*,#5177,.F.);
#5206=ORIENTED_EDGE('',*,*,#354,.T.);
#5207=CARTESIAN_POINT('',(-53.395,32.375824008,10.361691565));
#5208=DIRECTION('',(-0.707106781,0.,0.707106781));
#5209=VECTOR('',#5208,1.414213562);
#5210=LINE('',#5207,#5209);
#5211=EDGE_CURVE('',#317,#495,#5210,.T.);
#5212=ORIENTED_EDGE('',*,*,#5211,.T.);
#5213=EDGE_LOOP('',(#5204,#5205,#5206,#5212));
#5214=FACE_BOUND('',#5213,.T.);
#5215=ADVANCED_FACE('',(#5214),#5203,.T.);
#5216=CARTESIAN_POINT('',(-55.395,32.375824008,8.611691565));
#5217=DIRECTION('',(-1.,-0.,-0.));
#5218=DIRECTION('',(0.,-1.,0.));
#5219=AXIS2_PLACEMENT_3D('',#5216,#5217,#5218);
#5220=CONICAL_SURFACE('',#5219,3.75,45.);
#5221=ORIENTED_EDGE('',*,*,#509,.T.);
#5222=ORIENTED_EDGE('',*,*,#5211,.F.);
#5223=ORIENTED_EDGE('',*,*,#323,.F.);
#5224=ORIENTED_EDGE('',*,*,#5192,.F.);
#5225=EDGE_LOOP('',(#5221,#5222,#5223,#5224));
#5226=FACE_BOUND('',#5225,.T.);
#5227=ADVANCED_FACE('',(#5226),#5220,.F.);
#5228=CARTESIAN_POINT('',(-49.69298115,33.999528318,4.886072458));
#5229=CARTESIAN_POINT('',(-49.69298115,33.466986384,5.190007932));
#5230=CARTESIAN_POINT('',(-49.69298115,33.119862828,5.787834578));
#5231=CARTESIAN_POINT('',(-49.69298115,33.125824008,6.401691565));
#5232=CARTESIAN_POINT('',(-50.19298115,33.749158121,4.453038427));
#5233=CARTESIAN_POINT('',(-50.19298115,33.064461348,4.843812609));
#5234=CARTESIAN_POINT('',(-50.19298115,32.618159634,5.612446867));
#5235=CARTESIAN_POINT('',(-50.19298115,32.625824008,6.401691565));
#5236=B_SPLINE_SURFACE_WITH_KNOTS('',1,3,((#5228,#5229,#5230,#5231),(#5232,#5233,#5234,#5235)),.UNSPECIFIED.,.F.,.F.,.U.,(2,2),(4,4),(0.,1.),(0.000116648,0.002460275),.UNSPECIFIED.);
#5237=ORIENTED_EDGE('',*,*,#1512,.F.);
#5238=ORIENTED_EDGE('',*,*,#5101,.F.);
#5239=CARTESIAN_POINT('',(-49.69298115,33.125824008,6.401691565));
#5240=DIRECTION('',(-0.707106781,-0.707106781,-0.));
#5241=VECTOR('',#5240,0.707106781);
#5242=LINE('',#5239,#5241);
#5243=EDGE_CURVE('',#4739,#5090,#5242,.T.);
#5244=ORIENTED_EDGE('',*,*,#5243,.F.);
#5245=ORIENTED_EDGE('',*,*,#4748,.F.);
#5246=EDGE_LOOP('',(#5237,#5238,#5244,#5245));
#5247=FACE_BOUND('',#5246,.T.);
#5248=ADVANCED_FACE('',(#5247),#5236,.T.);
#5249=CARTESIAN_POINT('',(-50.19298115,32.625824008,6.756691565));
#5250=DIRECTION('',(0.707106781,-0.707106781,0.));
#5251=DIRECTION('',(0.,-0.,-1.));
#5252=AXIS2_PLACEMENT_3D('',#5249,#5250,#5251);
#5253=PLANE('',#5252);
#5254=ORIENTED_EDGE('',*,*,#5243,.T.);
#5255=ORIENTED_EDGE('',*,*,#5095,.F.);
#5256=CARTESIAN_POINT('',(-49.69298115,33.125824008,7.111691565));
#5257=DIRECTION('',(-0.707106781,-0.707106781,-0.));
#5258=VECTOR('',#5257,0.707106781);
#5259=LINE('',#5256,#5258);
#5260=EDGE_CURVE('',#4767,#5076,#5259,.T.);
#5261=ORIENTED_EDGE('',*,*,#5260,.F.);
#5262=ORIENTED_EDGE('',*,*,#4772,.F.);
#5263=EDGE_LOOP('',(#5254,#5255,#5261,#5262));
#5264=FACE_BOUND('',#5263,.T.);
#5265=ADVANCED_FACE('',(#5264),#5253,.F.);
#5266=CARTESIAN_POINT('',(-49.69298115,33.125824008,7.111691565));
#5267=CARTESIAN_POINT('',(-49.69298115,33.102925079,8.050633308));
#5268=CARTESIAN_POINT('',(-49.69298115,33.941425343,8.884643152));
#5269=CARTESIAN_POINT('',(-49.69298115,34.875824008,8.861691565));
#5270=CARTESIAN_POINT('',(-50.19298115,32.625824008,7.111691565));
#5271=CARTESIAN_POINT('',(-50.19298115,32.596382528,8.318902377));
#5272=CARTESIAN_POINT('',(-50.19298115,33.674454296,9.391200749));
#5273=CARTESIAN_POINT('',(-50.19298115,34.875824008,9.361691565));
#5274=B_SPLINE_SURFACE_WITH_KNOTS('',1,3,((#5266,#5267,#5268,#5269),(#5270,#5271,#5272,#5273)),.UNSPECIFIED.,.F.,.F.,.U.,(2,2),(4,4),(0.,1.),(0.,0.003514858),.UNSPECIFIED.);
#5275=ORIENTED_EDGE('',*,*,#5260,.T.);
#5276=ORIENTED_EDGE('',*,*,#5087,.F.);
#5277=CARTESIAN_POINT('',(-49.69298115,34.875824008,8.861691565));
#5278=DIRECTION('',(-0.707106781,0.,0.707106781));
#5279=VECTOR('',#5278,0.707106781);
#5280=LINE('',#5277,#5279);
#5281=EDGE_CURVE('',#4878,#5068,#5280,.T.);
#5282=ORIENTED_EDGE('',*,*,#5281,.F.);
#5283=ORIENTED_EDGE('',*,*,#4887,.F.);
#5284=EDGE_LOOP('',(#5275,#5276,#5282,#5283));
#5285=FACE_BOUND('',#5284,.T.);
#5286=ADVANCED_FACE('',(#5285),#5274,.T.);
#5287=CARTESIAN_POINT('',(-50.19298115,38.095824008,9.361691565));
#5288=DIRECTION('',(0.707106781,0.,0.707106781));
#5289=DIRECTION('',(0.,-1.,0.));
#5290=AXIS2_PLACEMENT_3D('',#5287,#5288,#5289);
#5291=PLANE('',#5290);
#5292=ORIENTED_EDGE('',*,*,#5281,.T.);
#5293=ORIENTED_EDGE('',*,*,#5073,.F.);
#5294=CARTESIAN_POINT('',(-49.69298115,41.315824008,8.861691565));
#5295=DIRECTION('',(-0.707106781,0.,0.707106781));
#5296=VECTOR('',#5295,0.707106781);
#5297=LINE('',#5294,#5296);
#5298=EDGE_CURVE('',#4906,#5054,#5297,.T.);
#5299=ORIENTED_EDGE('',*,*,#5298,.F.);
#5300=ORIENTED_EDGE('',*,*,#4911,.F.);
#5301=EDGE_LOOP('',(#5292,#5293,#5299,#5300));
#5302=FACE_BOUND('',#5301,.T.);
#5303=ADVANCED_FACE('',(#5302),#5291,.F.);
#5304=CARTESIAN_POINT('',(-49.69298115,41.315824008,8.861691565));
#5305=CARTESIAN_POINT('',(-49.69298115,42.254765751,8.884590494));
#5306=CARTESIAN_POINT('',(-49.69298115,43.088775595,8.046090231));
#5307=CARTESIAN_POINT('',(-49.69298115,43.065824008,7.111691565));
#5308=CARTESIAN_POINT('',(-50.19298115,41.315824008,9.361691565));
#5309=CARTESIAN_POINT('',(-50.19298115,42.52303482,9.391133045));
#5310=CARTESIAN_POINT('',(-50.19298115,43.595333192,8.313061278));
#5311=CARTESIAN_POINT('',(-50.19298115,43.565824008,7.111691565));
#5312=B_SPLINE_SURFACE_WITH_KNOTS('',1,3,((#5304,#5305,#5306,#5307),(#5308,#5309,#5310,#5311)),.UNSPECIFIED.,.F.,.F.,.U.,(2,2),(4,4),(0.,1.),(0.,0.003514858),.UNSPECIFIED.);
#5313=ORIENTED_EDGE('',*,*,#5298,.T.);
#5314=ORIENTED_EDGE('',*,*,#5065,.F.);
#5315=CARTESIAN_POINT('',(-49.69298115,43.065824008,7.111691565));
#5316=DIRECTION('',(-0.707106781,0.707106781,-0.));
#5317=VECTOR('',#5316,0.707106781);
#5318=LINE('',#5315,#5317);
#5319=EDGE_CURVE('',#4554,#5046,#5318,.T.);
#5320=ORIENTED_EDGE('',*,*,#5319,.F.);
#5321=ORIENTED_EDGE('',*,*,#5024,.F.);
#5322=EDGE_LOOP('',(#5313,#5314,#5320,#5321));
#5323=FACE_BOUND('',#5322,.T.);
#5324=ADVANCED_FACE('',(#5323),#5312,.T.);
#5325=CARTESIAN_POINT('',(-50.19298115,43.565824008,6.756691565));
#5326=DIRECTION('',(0.707106781,0.707106781,0.));
#5327=DIRECTION('',(-0.,0.,1.));
#5328=AXIS2_PLACEMENT_3D('',#5325,#5326,#5327);
#5329=PLANE('',#5328);
#5330=ORIENTED_EDGE('',*,*,#5319,.T.);
#5331=ORIENTED_EDGE('',*,*,#5051,.F.);
#5332=CARTESIAN_POINT('',(-49.69298115,43.065824008,6.401691565));
#5333=DIRECTION('',(-0.707106781,0.707106781,-0.));
#5334=VECTOR('',#5333,0.707106781);
#5335=LINE('',#5332,#5334);
#5336=EDGE_CURVE('',#4562,#5038,#5335,.T.);
#5337=ORIENTED_EDGE('',*,*,#5336,.F.);
#5338=ORIENTED_EDGE('',*,*,#4567,.F.);
#5339=EDGE_LOOP('',(#5330,#5331,#5337,#5338));
#5340=FACE_BOUND('',#5339,.T.);
#5341=ADVANCED_FACE('',(#5340),#5329,.F.);
#5342=CARTESIAN_POINT('',(-49.69298115,43.065824008,6.401691565));
#5343=CARTESIAN_POINT('',(-49.69298115,43.071783591,5.787999019));
#5344=CARTESIAN_POINT('',(-49.69298115,42.724847584,5.190328228));
#5345=CARTESIAN_POINT('',(-49.69298115,42.192547634,4.886316778));
#5346=CARTESIAN_POINT('',(-50.19298115,43.565824008,6.401691565));
#5347=CARTESIAN_POINT('',(-50.19298115,43.573486329,5.612658292));
#5348=CARTESIAN_POINT('',(-50.19298115,43.127425748,4.844224417));
#5349=CARTESIAN_POINT('',(-50.19298115,42.443040099,4.453352553));
#5350=B_SPLINE_SURFACE_WITH_KNOTS('',1,3,((#5342,#5343,#5344,#5345),(#5346,#5347,#5348,#5349)),.UNSPECIFIED.,.F.,.F.,.U.,(2,2),(4,4),(0.,1.),(0.,0.002343),.UNSPECIFIED.);
#5351=ORIENTED_EDGE('',*,*,#5336,.T.);
#5352=ORIENTED_EDGE('',*,*,#5043,.F.);
#5353=ORIENTED_EDGE('',*,*,#1594,.F.);
#5354=ORIENTED_EDGE('',*,*,#4659,.F.);
#5355=EDGE_LOOP('',(#5351,#5352,#5353,#5354));
#5356=FACE_BOUND('',#5355,.T.);
#5357=ADVANCED_FACE('',(#5356),#5350,.T.);
#5358=CARTESIAN_POINT('',(46.875,27.825,4.886691565));
#5359=DIRECTION('',(0.,0.,1.));
#5360=DIRECTION('',(1.,0.,-0.));
#5361=AXIS2_PLACEMENT_3D('',#5358,#5359,#5360);
#5362=CYLINDRICAL_SURFACE('',#5361,1.5);
#5363=ORIENTED_EDGE('',*,*,#1833,.F.);
#5364=CARTESIAN_POINT('',(46.875,27.825,12.486691565));
#5365=DIRECTION('',(0.,0.,1.));
#5366=DIRECTION('',(1.,0.,-0.));
#5367=AXIS2_PLACEMENT_3D('',#5364,#5365,#5366);
#5368=CIRCLE('',#5367,1.5);
#5369=EDGE_CURVE('',#1820,#4523,#5368,.T.);
#5370=ORIENTED_EDGE('',*,*,#5369,.T.);
#5371=ORIENTED_EDGE('',*,*,#4528,.F.);
#5372=ORIENTED_EDGE('',*,*,#4495,.F.);
#5373=EDGE_LOOP('',(#5363,#5370,#5371,#5372));
#5374=FACE_BOUND('',#5373,.T.);
#5375=ADVANCED_FACE('',(#5374),#5362,.F.);
#5376=CARTESIAN_POINT('',(-46.875,27.825,4.886691565));
#5377=DIRECTION('',(0.,0.,-1.));
#5378=DIRECTION('',(-1.,0.,0.));
#5379=AXIS2_PLACEMENT_3D('',#5376,#5377,#5378);
#5380=CYLINDRICAL_SURFACE('',#5379,1.5);
#5381=ORIENTED_EDGE('',*,*,#4542,.F.);
#5382=CARTESIAN_POINT('',(-46.875,27.825,12.486691565));
#5383=DIRECTION('',(0.,0.,1.));
#5384=DIRECTION('',(1.,0.,-0.));
#5385=AXIS2_PLACEMENT_3D('',#5382,#5383,#5384);
#5386=CIRCLE('',#5385,1.5);
#5387=EDGE_CURVE('',#4531,#1621,#5386,.T.);
#5388=ORIENTED_EDGE('',*,*,#5387,.T.);
#5389=ORIENTED_EDGE('',*,*,#1626,.F.);
#5390=ORIENTED_EDGE('',*,*,#4510,.F.);
#5391=EDGE_LOOP('',(#5381,#5388,#5389,#5390));
#5392=FACE_BOUND('',#5391,.T.);
#5393=ADVANCED_FACE('',(#5392),#5380,.F.);
#5394=CARTESIAN_POINT('',(46.875,-46.875,12.886691565));
#5395=DIRECTION('',(0.,0.,1.));
#5396=DIRECTION('',(1.,0.,-0.));
#5397=AXIS2_PLACEMENT_3D('',#5394,#5395,#5396);
#5398=CONICAL_SURFACE('',#5397,1.9,45.);
#5399=CARTESIAN_POINT('',(48.375,-46.875,12.486691565));
#5400=DIRECTION('',(0.707106781,0.,0.707106781));
#5401=VECTOR('',#5400,0.565685425);
#5402=LINE('',#5399,#5401);
#5403=EDGE_CURVE('',#1812,#161,#5402,.T.);
#5404=ORIENTED_EDGE('',*,*,#5403,.F.);
#5405=ORIENTED_EDGE('',*,*,#4442,.F.);
#5406=CARTESIAN_POINT('',(46.875,-48.775,12.886691565));
#5407=DIRECTION('',(0.,0.707106781,-0.707106781));
#5408=VECTOR('',#5407,0.565685425);
#5409=LINE('',#5406,#5408);
#5410=EDGE_CURVE('',#169,#2055,#5409,.T.);
#5411=ORIENTED_EDGE('',*,*,#5410,.F.);
#5412=ORIENTED_EDGE('',*,*,#175,.F.);
#5413=EDGE_LOOP('',(#5404,#5405,#5411,#5412));
#5414=FACE_BOUND('',#5413,.T.);
#5415=ADVANCED_FACE('',(#5414),#5398,.F.);
#5416=CARTESIAN_POINT('',(-104.25,-48.375,12.486691565));
#5417=DIRECTION('',(0.,-0.707106781,-0.707106781));
#5418=DIRECTION('',(1.,0.,0.));
#5419=AXIS2_PLACEMENT_3D('',#5416,#5417,#5418);
#5420=PLANE('',#5419);
#5421=ORIENTED_EDGE('',*,*,#5410,.T.);
#5422=ORIENTED_EDGE('',*,*,#2060,.F.);
#5423=CARTESIAN_POINT('',(-46.875,-48.775,12.886691565));
#5424=DIRECTION('',(0.,0.707106781,-0.707106781));
#5425=VECTOR('',#5424,0.565685425);
#5426=LINE('',#5423,#5425);
#5427=EDGE_CURVE('',#178,#2047,#5426,.T.);
#5428=ORIENTED_EDGE('',*,*,#5427,.F.);
#5429=ORIENTED_EDGE('',*,*,#183,.F.);
#5430=EDGE_LOOP('',(#5421,#5422,#5428,#5429));
#5431=FACE_BOUND('',#5430,.T.);
#5432=ADVANCED_FACE('',(#5431),#5420,.F.);
#5433=CARTESIAN_POINT('',(48.375,85.2,12.486691565));
#5434=DIRECTION('',(0.707106781,0.,-0.707106781));
#5435=DIRECTION('',(0.,1.,0.));
#5436=AXIS2_PLACEMENT_3D('',#5433,#5434,#5435);
#5437=PLANE('',#5436);
#5438=ORIENTED_EDGE('',*,*,#5403,.T.);
#5439=ORIENTED_EDGE('',*,*,#166,.F.);
#5440=CARTESIAN_POINT('',(48.375,27.825,12.486691565));
#5441=DIRECTION('',(0.707106781,0.,0.707106781));
#5442=VECTOR('',#5441,0.565685425);
#5443=LINE('',#5440,#5442);
#5444=EDGE_CURVE('',#1820,#152,#5443,.T.);
#5445=ORIENTED_EDGE('',*,*,#5444,.F.);
#5446=ORIENTED_EDGE('',*,*,#1825,.F.);
#5447=EDGE_LOOP('',(#5438,#5439,#5445,#5446));
#5448=FACE_BOUND('',#5447,.T.);
#5449=ADVANCED_FACE('',(#5448),#5437,.F.);
#5450=CARTESIAN_POINT('',(-46.875,-46.875,12.886691565));
#5451=DIRECTION('',(0.,0.,1.));
#5452=DIRECTION('',(1.,0.,-0.));
#5453=AXIS2_PLACEMENT_3D('',#5450,#5451,#5452);
#5454=CONICAL_SURFACE('',#5453,1.9,45.);
#5455=ORIENTED_EDGE('',*,*,#5427,.T.);
#5456=ORIENTED_EDGE('',*,*,#4424,.F.);
#5457=CARTESIAN_POINT('',(-48.775,-46.875,12.886691565));
#5458=DIRECTION('',(0.707106781,0.,-0.707106781));
#5459=VECTOR('',#5458,0.565685425);
#5460=LINE('',#5457,#5459);
#5461=EDGE_CURVE('',#125,#1629,#5460,.T.);
#5462=ORIENTED_EDGE('',*,*,#5461,.F.);
#5463=ORIENTED_EDGE('',*,*,#190,.F.);
#5464=EDGE_LOOP('',(#5455,#5456,#5462,#5463));
#5465=FACE_BOUND('',#5464,.T.);
#5466=ADVANCED_FACE('',(#5465),#5454,.F.);
#5467=CARTESIAN_POINT('',(46.875,27.825,12.886691565));
#5468=DIRECTION('',(0.,0.,1.));
#5469=DIRECTION('',(1.,0.,-0.));
#5470=AXIS2_PLACEMENT_3D('',#5467,#5468,#5469);
#5471=CONICAL_SURFACE('',#5470,1.9,45.);
#5472=ORIENTED_EDGE('',*,*,#5444,.T.);
#5473=ORIENTED_EDGE('',*,*,#158,.F.);
#5474=CARTESIAN_POINT('',(46.875,29.325,12.486691565));
#5475=DIRECTION('',(0.,0.707106781,0.707106781));
#5476=VECTOR('',#5475,0.565685425);
#5477=LINE('',#5474,#5476);
#5478=EDGE_CURVE('',#4523,#144,#5477,.T.);
#5479=ORIENTED_EDGE('',*,*,#5478,.F.);
#5480=ORIENTED_EDGE('',*,*,#5369,.F.);
#5481=EDGE_LOOP('',(#5472,#5473,#5479,#5480));
#5482=FACE_BOUND('',#5481,.T.);
#5483=ADVANCED_FACE('',(#5482),#5471,.F.);
#5484=CARTESIAN_POINT('',(-48.375,85.2,12.486691565));
#5485=DIRECTION('',(-0.707106781,0.,-0.707106781));
#5486=DIRECTION('',(0.,-1.,0.));
#5487=AXIS2_PLACEMENT_3D('',#5484,#5485,#5486);
#5488=PLANE('',#5487);
#5489=ORIENTED_EDGE('',*,*,#5461,.T.);
#5490=ORIENTED_EDGE('',*,*,#1634,.F.);
#5491=CARTESIAN_POINT('',(-48.775,27.825,12.886691565));
#5492=DIRECTION('',(0.707106781,0.,-0.707106781));
#5493=VECTOR('',#5492,0.565685425);
#5494=LINE('',#5491,#5493);
#5495=EDGE_CURVE('',#127,#1621,#5494,.T.);
#5496=ORIENTED_EDGE('',*,*,#5495,.F.);
#5497=ORIENTED_EDGE('',*,*,#132,.F.);
#5498=EDGE_LOOP('',(#5489,#5490,#5496,#5497));
#5499=FACE_BOUND('',#5498,.T.);
#5500=ADVANCED_FACE('',(#5499),#5488,.F.);
#5501=CARTESIAN_POINT('',(-104.25,29.725,12.886691565));
#5502=DIRECTION('',(0.,-0.707106781,0.707106781));
#5503=DIRECTION('',(-1.,0.,0.));
#5504=AXIS2_PLACEMENT_3D('',#5501,#5502,#5503);
#5505=PLANE('',#5504);
#5506=ORIENTED_EDGE('',*,*,#5478,.T.);
#5507=ORIENTED_EDGE('',*,*,#149,.F.);
#5508=CARTESIAN_POINT('',(-46.875,29.325,12.486691565));
#5509=DIRECTION('',(0.,0.707106781,0.707106781));
#5510=VECTOR('',#5509,0.565685425);
#5511=LINE('',#5508,#5510);
#5512=EDGE_CURVE('',#4531,#135,#5511,.T.);
#5513=ORIENTED_EDGE('',*,*,#5512,.F.);
#5514=ORIENTED_EDGE('',*,*,#4536,.F.);
#5515=EDGE_LOOP('',(#5506,#5507,#5513,#5514));
#5516=FACE_BOUND('',#5515,.T.);
#5517=ADVANCED_FACE('',(#5516),#5505,.T.);
#5518=CARTESIAN_POINT('',(-46.875,27.825,12.886691565));
#5519=DIRECTION('',(0.,0.,1.));
#5520=DIRECTION('',(1.,0.,-0.));
#5521=AXIS2_PLACEMENT_3D('',#5518,#5519,#5520);
#5522=CONICAL_SURFACE('',#5521,1.9,45.);
#5523=ORIENTED_EDGE('',*,*,#5495,.T.);
#5524=ORIENTED_EDGE('',*,*,#5387,.F.);
#5525=ORIENTED_EDGE('',*,*,#5512,.T.);
#5526=ORIENTED_EDGE('',*,*,#141,.F.);
#5527=EDGE_LOOP('',(#5523,#5524,#5525,#5526));
#5528=FACE_BOUND('',#5527,.T.);
#5529=ADVANCED_FACE('',(#5528),#5522,.F.);
#5530=CARTESIAN_POINT('',(-47.895,47.895,5.926325458));
#5531=DIRECTION('',(0.,0.,-1.));
#5532=DIRECTION('',(-1.,0.,0.));
#5533=AXIS2_PLACEMENT_3D('',#5530,#5531,#5532);
#5534=CYLINDRICAL_SURFACE('',#5533,6.5);
#5535=ORIENTED_EDGE('',*,*,#458,.F.);
#5536=CARTESIAN_POINT('',(-47.895,47.895,11.886691565));
#5537=DIRECTION('',(-0.,-0.,-1.));
#5538=DIRECTION('',(1.,0.,-0.));
#5539=AXIS2_PLACEMENT_3D('',#5536,#5537,#5538);
#5540=CIRCLE('',#5539,6.5);
#5541=EDGE_CURVE('',#445,#1996,#5540,.T.);
#5542=ORIENTED_EDGE('',*,*,#5541,.T.);
#5543=ORIENTED_EDGE('',*,*,#2001,.F.);
#5544=ORIENTED_EDGE('',*,*,#1438,.F.);
#5545=EDGE_LOOP('',(#5535,#5542,#5543,#5544));
#5546=FACE_BOUND('',#5545,.T.);
#5547=ADVANCED_FACE('',(#5546),#5534,.T.);
#5548=CARTESIAN_POINT('',(-104.25,-53.395,12.886691565));
#5549=DIRECTION('',(0.,0.707106781,-0.707106781));
#5550=DIRECTION('',(1.,0.,0.));
#5551=AXIS2_PLACEMENT_3D('',#5548,#5549,#5550);
#5552=PLANE('',#5551);
#5553=CARTESIAN_POINT('',(-47.895,-54.395,11.886691565));
#5554=DIRECTION('',(0.,0.707106781,0.707106781));
#5555=VECTOR('',#5554,1.414213562);
#5556=LINE('',#5553,#5555);
#5557=EDGE_CURVE('',#1873,#99,#5556,.T.);
#5558=ORIENTED_EDGE('',*,*,#5557,.F.);
#5559=ORIENTED_EDGE('',*,*,#1909,.F.);
#5560=CARTESIAN_POINT('',(47.895,-53.395,12.886691565));
#5561=DIRECTION('',(0.,-0.707106781,-0.707106781));
#5562=VECTOR('',#5561,1.414213562);
#5563=LINE('',#5560,#5562);
#5564=EDGE_CURVE('',#108,#1898,#5563,.T.);
#5565=ORIENTED_EDGE('',*,*,#5564,.F.);
#5566=ORIENTED_EDGE('',*,*,#113,.F.);
#5567=EDGE_LOOP('',(#5558,#5559,#5565,#5566));
#5568=FACE_BOUND('',#5567,.T.);
#5569=ADVANCED_FACE('',(#5568),#5552,.F.);
#5570=CARTESIAN_POINT('',(47.895,-47.895,12.886691565));
#5571=DIRECTION('',(0.,0.,-1.));
#5572=DIRECTION('',(-1.,0.,0.));
#5573=AXIS2_PLACEMENT_3D('',#5570,#5571,#5572);
#5574=CONICAL_SURFACE('',#5573,5.5,45.);
#5575=ORIENTED_EDGE('',*,*,#5564,.T.);
#5576=ORIENTED_EDGE('',*,*,#1934,.F.);
#5577=CARTESIAN_POINT('',(53.395,-47.895,12.886691565));
#5578=DIRECTION('',(0.707106781,0.,-0.707106781));
#5579=VECTOR('',#5578,1.414213562);
#5580=LINE('',#5577,#5579);
#5581=EDGE_CURVE('',#55,#1922,#5580,.T.);
#5582=ORIENTED_EDGE('',*,*,#5581,.F.);
#5583=ORIENTED_EDGE('',*,*,#120,.F.);
#5584=EDGE_LOOP('',(#5575,#5576,#5582,#5583));
#5585=FACE_BOUND('',#5584,.T.);
#5586=ADVANCED_FACE('',(#5585),#5574,.T.);
#5587=CARTESIAN_POINT('',(-47.895,-47.895,12.886691565));
#5588=DIRECTION('',(0.,0.,-1.));
#5589=DIRECTION('',(-1.,0.,0.));
#5590=AXIS2_PLACEMENT_3D('',#5587,#5588,#5589);
#5591=CONICAL_SURFACE('',#5590,5.5,45.);
#5592=ORIENTED_EDGE('',*,*,#5557,.T.);
#5593=ORIENTED_EDGE('',*,*,#105,.F.);
#5594=CARTESIAN_POINT('',(-54.395,-47.895,11.886691565));
#5595=DIRECTION('',(0.707106781,0.,0.707106781));
#5596=VECTOR('',#5595,1.414213562);
#5597=LINE('',#5594,#5596);
#5598=EDGE_CURVE('',#435,#91,#5597,.T.);
#5599=ORIENTED_EDGE('',*,*,#5598,.F.);
#5600=ORIENTED_EDGE('',*,*,#1885,.F.);
#5601=EDGE_LOOP('',(#5592,#5593,#5599,#5600));
#5602=FACE_BOUND('',#5601,.T.);
#5603=ADVANCED_FACE('',(#5602),#5591,.T.);
#5604=CARTESIAN_POINT('',(53.395,85.2,12.886691565));
#5605=DIRECTION('',(-0.707106781,0.,-0.707106781));
#5606=DIRECTION('',(0.,1.,0.));
#5607=AXIS2_PLACEMENT_3D('',#5604,#5605,#5606);
#5608=PLANE('',#5607);
#5609=ORIENTED_EDGE('',*,*,#5581,.T.);
#5610=ORIENTED_EDGE('',*,*,#1958,.F.);
#5611=CARTESIAN_POINT('',(53.395,47.895,12.886691565));
#5612=DIRECTION('',(0.707106781,0.,-0.707106781));
#5613=VECTOR('',#5612,1.414213562);
#5614=LINE('',#5611,#5613);
#5615=EDGE_CURVE('',#57,#1947,#5614,.T.);
#5616=ORIENTED_EDGE('',*,*,#5615,.F.);
#5617=ORIENTED_EDGE('',*,*,#62,.F.);
#5618=EDGE_LOOP('',(#5609,#5610,#5616,#5617));
#5619=FACE_BOUND('',#5618,.T.);
#5620=ADVANCED_FACE('',(#5619),#5608,.F.);
#5621=CARTESIAN_POINT('',(-53.395,85.2,12.886691565));
#5622=DIRECTION('',(0.707106781,0.,-0.707106781));
#5623=DIRECTION('',(0.,-1.,0.));
#5624=AXIS2_PLACEMENT_3D('',#5621,#5622,#5623);
#5625=PLANE('',#5624);
#5626=ORIENTED_EDGE('',*,*,#5598,.T.);
#5627=ORIENTED_EDGE('',*,*,#96,.F.);
#5628=CARTESIAN_POINT('',(-54.395,47.895,11.886691565));
#5629=DIRECTION('',(0.707106781,0.,0.707106781));
#5630=VECTOR('',#5629,1.414213562);
#5631=LINE('',#5628,#5630);
#5632=EDGE_CURVE('',#445,#82,#5631,.T.);
#5633=ORIENTED_EDGE('',*,*,#5632,.F.);
#5634=ORIENTED_EDGE('',*,*,#450,.F.);
#5635=EDGE_LOOP('',(#5626,#5627,#5633,#5634));
#5636=FACE_BOUND('',#5635,.T.);
#5637=ADVANCED_FACE('',(#5636),#5625,.F.);
#5638=CARTESIAN_POINT('',(47.895,47.895,12.886691565));
#5639=DIRECTION('',(0.,0.,-1.));
#5640=DIRECTION('',(-1.,0.,0.));
#5641=AXIS2_PLACEMENT_3D('',#5638,#5639,#5640);
#5642=CONICAL_SURFACE('',#5641,5.5,45.);
#5643=ORIENTED_EDGE('',*,*,#5615,.T.);
#5644=ORIENTED_EDGE('',*,*,#1983,.F.);
#5645=CARTESIAN_POINT('',(47.895,53.395,12.886691565));
#5646=DIRECTION('',(0.,0.707106781,-0.707106781));
#5647=VECTOR('',#5646,1.414213562);
#5648=LINE('',#5645,#5647);
#5649=EDGE_CURVE('',#65,#1971,#5648,.T.);
#5650=ORIENTED_EDGE('',*,*,#5649,.F.);
#5651=ORIENTED_EDGE('',*,*,#71,.F.);
#5652=EDGE_LOOP('',(#5643,#5644,#5650,#5651));
#5653=FACE_BOUND('',#5652,.T.);
#5654=ADVANCED_FACE('',(#5653),#5642,.T.);
#5655=CARTESIAN_POINT('',(-47.895,47.895,12.886691565));
#5656=DIRECTION('',(0.,0.,-1.));
#5657=DIRECTION('',(-1.,0.,0.));
#5658=AXIS2_PLACEMENT_3D('',#5655,#5656,#5657);
#5659=CONICAL_SURFACE('',#5658,5.5,45.);
#5660=ORIENTED_EDGE('',*,*,#5632,.T.);
#5661=ORIENTED_EDGE('',*,*,#88,.F.);
#5662=CARTESIAN_POINT('',(-47.895,54.395,11.886691565));
#5663=DIRECTION('',(0.,-0.707106781,0.707106781));
#5664=VECTOR('',#5663,1.414213562);
#5665=LINE('',#5662,#5664);
#5666=EDGE_CURVE('',#1996,#74,#5665,.T.);
#5667=ORIENTED_EDGE('',*,*,#5666,.F.);
#5668=ORIENTED_EDGE('',*,*,#5541,.F.);
#5669=EDGE_LOOP('',(#5660,#5661,#5667,#5668));
#5670=FACE_BOUND('',#5669,.T.);
#5671=ADVANCED_FACE('',(#5670),#5659,.T.);
#5672=CARTESIAN_POINT('',(-104.25,53.395,12.886691565));
#5673=DIRECTION('',(0.,-0.707106781,-0.707106781));
#5674=DIRECTION('',(-1.,0.,0.));
#5675=AXIS2_PLACEMENT_3D('',#5672,#5673,#5674);
#5676=PLANE('',#5675);
#5677=ORIENTED_EDGE('',*,*,#5649,.T.);
#5678=ORIENTED_EDGE('',*,*,#2007,.F.);
#5679=ORIENTED_EDGE('',*,*,#5666,.T.);
#5680=ORIENTED_EDGE('',*,*,#79,.F.);
#5681=EDGE_LOOP('',(#5677,#5678,#5679,#5680));
#5682=FACE_BOUND('',#5681,.T.);
#5683=ADVANCED_FACE('',(#5682),#5676,.F.);
#5684=CARTESIAN_POINT('',(-49.826327437,-49.82632638,9.386691565));
#5685=DIRECTION('',(0.,0.,1.));
#5686=DIRECTION('',(1.,0.,0.));
#5687=AXIS2_PLACEMENT_3D('',#5684,#5685,#5686);
#5688=PLANE('',#5687);
#5689=CARTESIAN_POINT('',(-48.836377859,-48.836376971,9.386691565));
#5690=VERTEX_POINT('',#5689);
#5691=CARTESIAN_POINT('',(-49.826327437,-49.82632638,9.386691565));
#5692=DIRECTION('',(0.,0.,-1.));
#5693=DIRECTION('',(0.707106841,0.707106721,0.));
#5694=AXIS2_PLACEMENT_3D('',#5691,#5692,#5693);
#5695=CIRCLE('',#5694,1.4);
#5696=EDGE_CURVE('',#5690,#5690,#5695,.T.);
#5697=ORIENTED_EDGE('',*,*,#5696,.T.);
#5698=EDGE_LOOP('',(#5697));
#5699=FACE_BOUND('',#5698,.T.);
#5700=ADVANCED_FACE('',(#5699),#5688,.F.);
#5701=CARTESIAN_POINT('',(-49.826327437,-49.82632638,4.886691565));
#5702=DIRECTION('',(0.,-0.,1.));
#5703=DIRECTION('',(0.707106841,0.707106721,0.));
#5704=AXIS2_PLACEMENT_3D('',#5701,#5702,#5703);
#5705=CYLINDRICAL_SURFACE('',#5704,1.4);
#5706=CARTESIAN_POINT('',(-48.836377859,-48.836376971,9.386691565));
#5707=DIRECTION('',(-0.,-0.,-1.));
#5708=VECTOR('',#5707,4.5);
#5709=LINE('',#5706,#5708);
#5710=EDGE_CURVE('',#5690,#576,#5709,.T.);
#5711=ORIENTED_EDGE('',*,*,#5710,.F.);
#5712=ORIENTED_EDGE('',*,*,#5696,.F.);
#5713=ORIENTED_EDGE('',*,*,#5710,.T.);
#5714=ORIENTED_EDGE('',*,*,#582,.F.);
#5715=EDGE_LOOP('',(#5711,#5712,#5713,#5714));
#5716=FACE_BOUND('',#5715,.T.);
#5717=ADVANCED_FACE('',(#5716),#5705,.F.);
#5718=CARTESIAN_POINT('',(49.826326971,-49.826326847,9.386691565));
#5719=DIRECTION('',(0.,0.,1.));
#5720=DIRECTION('',(1.,0.,0.));
#5721=AXIS2_PLACEMENT_3D('',#5718,#5719,#5720);
#5722=PLANE('',#5721);
#5723=CARTESIAN_POINT('',(48.742659729,-48.939949213,9.386691565));
#5724=VERTEX_POINT('',#5723);
#5725=CARTESIAN_POINT('',(49.826326971,-49.826326847,9.386691565));
#5726=DIRECTION('',(0.,0.,-1.));
#5727=DIRECTION('',(-0.77404803,0.633126881,0.));
#5728=AXIS2_PLACEMENT_3D('',#5725,#5726,#5727);
#5729=CIRCLE('',#5728,1.4);
#5730=EDGE_CURVE('',#5724,#5724,#5729,.T.);
#5731=ORIENTED_EDGE('',*,*,#5730,.T.);
#5732=EDGE_LOOP('',(#5731));
#5733=FACE_BOUND('',#5732,.T.);
#5734=ADVANCED_FACE('',(#5733),#5722,.F.);
#5735=CARTESIAN_POINT('',(49.826326971,-49.826326847,4.886691565));
#5736=DIRECTION('',(0.,0.,1.));
#5737=DIRECTION('',(-0.77404803,0.633126881,0.));
#5738=AXIS2_PLACEMENT_3D('',#5735,#5736,#5737);
#5739=CYLINDRICAL_SURFACE('',#5738,1.4);
#5740=CARTESIAN_POINT('',(48.742659729,-48.939949213,9.386691565));
#5741=DIRECTION('',(-0.,-0.,-1.));
#5742=VECTOR('',#5741,4.5);
#5743=LINE('',#5740,#5742);
#5744=EDGE_CURVE('',#5724,#565,#5743,.T.);
#5745=ORIENTED_EDGE('',*,*,#5744,.F.);
#5746=ORIENTED_EDGE('',*,*,#5730,.F.);
#5747=ORIENTED_EDGE('',*,*,#5744,.T.);
#5748=ORIENTED_EDGE('',*,*,#571,.F.);
#5749=EDGE_LOOP('',(#5745,#5746,#5747,#5748));
#5750=FACE_BOUND('',#5749,.T.);
#5751=ADVANCED_FACE('',(#5750),#5739,.F.);
#5752=CARTESIAN_POINT('',(49.826326909,49.826326909,9.386691565));
#5753=DIRECTION('',(0.,0.,1.));
#5754=DIRECTION('',(1.,0.,0.));
#5755=AXIS2_PLACEMENT_3D('',#5752,#5753,#5754);
#5756=PLANE('',#5755);
#5757=CARTESIAN_POINT('',(48.662269451,50.604125235,9.386691565));
#5758=VERTEX_POINT('',#5757);
#5759=CARTESIAN_POINT('',(49.826326909,49.826326909,9.386691565));
#5760=DIRECTION('',(0.,0.,-1.));
#5761=DIRECTION('',(-0.831469612,0.555570233,0.));
#5762=AXIS2_PLACEMENT_3D('',#5759,#5760,#5761);
#5763=CIRCLE('',#5762,1.4);
#5764=EDGE_CURVE('',#5758,#5758,#5763,.T.);
#5765=ORIENTED_EDGE('',*,*,#5764,.T.);
#5766=EDGE_LOOP('',(#5765));
#5767=FACE_BOUND('',#5766,.T.);
#5768=ADVANCED_FACE('',(#5767),#5756,.F.);
#5769=CARTESIAN_POINT('',(49.826326909,49.826326909,4.886691565));
#5770=DIRECTION('',(0.,0.,1.));
#5771=DIRECTION('',(-0.831469612,0.555570233,0.));
#5772=AXIS2_PLACEMENT_3D('',#5769,#5770,#5771);
#5773=CYLINDRICAL_SURFACE('',#5772,1.4);
#5774=CARTESIAN_POINT('',(48.662269451,50.604125235,9.386691565));
#5775=DIRECTION('',(-0.,-0.,-1.));
#5776=VECTOR('',#5775,4.5);
#5777=LINE('',#5774,#5776);
#5778=EDGE_CURVE('',#5758,#554,#5777,.T.);
#5779=ORIENTED_EDGE('',*,*,#5778,.F.);
#5780=ORIENTED_EDGE('',*,*,#5764,.F.);
#5781=ORIENTED_EDGE('',*,*,#5778,.T.);
#5782=ORIENTED_EDGE('',*,*,#560,.F.);
#5783=EDGE_LOOP('',(#5779,#5780,#5781,#5782));
#5784=FACE_BOUND('',#5783,.T.);
#5785=ADVANCED_FACE('',(#5784),#5773,.F.);
#5786=CARTESIAN_POINT('',(-49.501385654,50.135069313,9.386691565));
#5787=DIRECTION('',(0.,0.,1.));
#5788=DIRECTION('',(1.,0.,0.));
#5789=AXIS2_PLACEMENT_3D('',#5786,#5787,#5788);
#5790=PLANE('',#5789);
#5791=CARTESIAN_POINT('',(-48.511436076,51.125018722,9.386691565));
#5792=VERTEX_POINT('',#5791);
#5793=CARTESIAN_POINT('',(-49.501385654,50.135069313,9.386691565));
#5794=DIRECTION('',(0.,0.,-1.));
#5795=DIRECTION('',(0.707106841,0.707106721,0.));
#5796=AXIS2_PLACEMENT_3D('',#5793,#5794,#5795);
#5797=CIRCLE('',#5796,1.4);
#5798=EDGE_CURVE('',#5792,#5792,#5797,.T.);
#5799=ORIENTED_EDGE('',*,*,#5798,.T.);
#5800=EDGE_LOOP('',(#5799));
#5801=FACE_BOUND('',#5800,.T.);
#5802=ADVANCED_FACE('',(#5801),#5790,.F.);
#5803=CARTESIAN_POINT('',(-49.501385654,50.135069313,4.886691565));
#5804=DIRECTION('',(0.,-0.,1.));
#5805=DIRECTION('',(0.707106841,0.707106721,0.));
#5806=AXIS2_PLACEMENT_3D('',#5803,#5804,#5805);
#5807=CYLINDRICAL_SURFACE('',#5806,1.4);
#5808=CARTESIAN_POINT('',(-48.511436076,51.125018722,9.386691565));
#5809=DIRECTION('',(-0.,-0.,-1.));
#5810=VECTOR('',#5809,4.5);
#5811=LINE('',#5808,#5810);
#5812=EDGE_CURVE('',#5792,#543,#5811,.T.);
#5813=ORIENTED_EDGE('',*,*,#5812,.F.);
#5814=ORIENTED_EDGE('',*,*,#5798,.F.);
#5815=ORIENTED_EDGE('',*,*,#5812,.T.);
#5816=ORIENTED_EDGE('',*,*,#549,.F.);
#5817=EDGE_LOOP('',(#5813,#5814,#5815,#5816));
#5818=FACE_BOUND('',#5817,.T.);
#5819=ADVANCED_FACE('',(#5818),#5807,.F.);
#5820=CARTESIAN_POINT('',(-45.789461273,32.387761148,8.361691565));
#5821=DIRECTION('',(0.,-0.,1.));
#5822=DIRECTION('',(0.,1.,0.));
#5823=AXIS2_PLACEMENT_3D('',#5820,#5821,#5822);
#5824=CYLINDRICAL_SURFACE('',#5823,1.43806286);
#5825=CARTESIAN_POINT('',(-45.789461273,33.825824008,12.486691565));
#5826=VERTEX_POINT('',#5825);
#5827=CARTESIAN_POINT('',(-45.789461273,33.825824008,9.861691565));
#5828=VERTEX_POINT('',#5827);
#5829=CARTESIAN_POINT('',(-45.789461273,33.825824008,12.486691565));
#5830=DIRECTION('',(-0.,-0.,-1.));
#5831=VECTOR('',#5830,2.625);
#5832=LINE('',#5829,#5831);
#5833=EDGE_CURVE('',#5826,#5828,#5832,.T.);
#5834=ORIENTED_EDGE('',*,*,#5833,.F.);
#5835=CARTESIAN_POINT('',(-44.351398413,32.387761148,12.486691565));
#5836=VERTEX_POINT('',#5835);
#5837=CARTESIAN_POINT('',(-45.789461273,32.387761148,12.486691565));
#5838=DIRECTION('',(0.,0.,1.));
#5839=DIRECTION('',(1.,0.,-0.));
#5840=AXIS2_PLACEMENT_3D('',#5837,#5838,#5839);
#5841=CIRCLE('',#5840,1.43806286);
#5842=EDGE_CURVE('',#5826,#5836,#5841,.T.);
#5843=ORIENTED_EDGE('',*,*,#5842,.T.);
#5844=CARTESIAN_POINT('',(-45.789461273,32.387761148,12.486691565));
#5845=DIRECTION('',(0.,0.,1.));
#5846=DIRECTION('',(1.,0.,-0.));
#5847=AXIS2_PLACEMENT_3D('',#5844,#5845,#5846);
#5848=CIRCLE('',#5847,1.43806286);
#5849=EDGE_CURVE('',#5836,#5826,#5848,.T.);
#5850=ORIENTED_EDGE('',*,*,#5849,.T.);
#5851=ORIENTED_EDGE('',*,*,#5833,.T.);
#5852=CARTESIAN_POINT('',(-47.227524134,32.387761148,9.861691565));
#5853=VERTEX_POINT('',#5852);
#5854=CARTESIAN_POINT('',(-45.789461273,32.387761148,9.861691565));
#5855=DIRECTION('',(0.,0.,-1.));
#5856=DIRECTION('',(-1.,0.,0.));
#5857=AXIS2_PLACEMENT_3D('',#5854,#5855,#5856);
#5858=CIRCLE('',#5857,1.43806286);
#5859=EDGE_CURVE('',#5828,#5853,#5858,.T.);
#5860=ORIENTED_EDGE('',*,*,#5859,.T.);
#5861=CARTESIAN_POINT('',(-45.789461273,32.387761148,9.861691565));
#5862=DIRECTION('',(0.,0.,-1.));
#5863=DIRECTION('',(-1.,0.,0.));
#5864=AXIS2_PLACEMENT_3D('',#5861,#5862,#5863);
#5865=CIRCLE('',#5864,1.43806286);
#5866=EDGE_CURVE('',#5853,#5828,#5865,.T.);
#5867=ORIENTED_EDGE('',*,*,#5866,.T.);
#5868=EDGE_LOOP('',(#5834,#5843,#5850,#5851,#5860,#5867));
#5869=FACE_BOUND('',#5868,.T.);
#5870=ADVANCED_FACE('',(#5869),#5824,.F.);
#5871=CARTESIAN_POINT('',(-47.03546656,43.808342977,5.451691565));
#5872=DIRECTION('',(0.,0.,1.));
#5873=DIRECTION('',(0.589550935,-0.807731202,0.));
#5874=AXIS2_PLACEMENT_3D('',#5871,#5872,#5873);
#5875=CYLINDRICAL_SURFACE('',#5874,0.5);
#5876=CARTESIAN_POINT('',(-46.740691093,43.404477376,12.486691565));
#5877=VERTEX_POINT('',#5876);
#5878=CARTESIAN_POINT('',(-46.740691093,43.404477376,12.486691565));
#5879=DIRECTION('',(-0.,-0.,-1.));
#5880=VECTOR('',#5879,3.125);
#5881=LINE('',#5878,#5880);
#5882=EDGE_CURVE('',#5877,#4466,#5881,.T.);
#5883=ORIENTED_EDGE('',*,*,#5882,.F.);
#5884=CARTESIAN_POINT('',(-46.53546656,43.808342977,12.486691565));
#5885=VERTEX_POINT('',#5884);
#5886=CARTESIAN_POINT('',(-47.03546656,43.808342977,12.486691565));
#5887=DIRECTION('',(0.,0.,1.));
#5888=DIRECTION('',(1.,0.,-0.));
#5889=AXIS2_PLACEMENT_3D('',#5886,#5887,#5888);
#5890=CIRCLE('',#5889,0.5);
#5891=EDGE_CURVE('',#5877,#5885,#5890,.T.);
#5892=ORIENTED_EDGE('',*,*,#5891,.T.);
#5893=CARTESIAN_POINT('',(-47.03546656,43.808342977,12.486691565));
#5894=DIRECTION('',(0.,0.,1.));
#5895=DIRECTION('',(1.,0.,-0.));
#5896=AXIS2_PLACEMENT_3D('',#5893,#5894,#5895);
#5897=CIRCLE('',#5896,0.5);
#5898=EDGE_CURVE('',#5885,#5877,#5897,.T.);
#5899=ORIENTED_EDGE('',*,*,#5898,.T.);
#5900=ORIENTED_EDGE('',*,*,#5882,.T.);
#5901=ORIENTED_EDGE('',*,*,#4474,.T.);
#5902=ORIENTED_EDGE('',*,*,#4481,.T.);
#5903=EDGE_LOOP('',(#5883,#5892,#5899,#5900,#5901,#5902));
#5904=FACE_BOUND('',#5903,.T.);
#5905=ADVANCED_FACE('',(#5904),#5875,.F.);
#5906=CARTESIAN_POINT('',(-47.03546656,43.808342977,12.486691565));
#5907=DIRECTION('',(0.,0.,1.));
#5908=DIRECTION('',(1.,0.,-0.));
#5909=AXIS2_PLACEMENT_3D('',#5906,#5907,#5908);
#5910=CONICAL_SURFACE('',#5909,0.5,45.);
#5911=CARTESIAN_POINT('',(-46.13546656,43.808342977,12.886691565));
#5912=DIRECTION('',(-0.707106781,-0.,-0.707106781));
#5913=VECTOR('',#5912,0.565685425);
#5914=LINE('',#5911,#5913);
#5915=EDGE_CURVE('',#44,#5885,#5914,.T.);
#5916=ORIENTED_EDGE('',*,*,#5915,.F.);
#5917=ORIENTED_EDGE('',*,*,#50,.F.);
#5918=ORIENTED_EDGE('',*,*,#5915,.T.);
#5919=ORIENTED_EDGE('',*,*,#5891,.F.);
#5920=ORIENTED_EDGE('',*,*,#5898,.F.);
#5921=EDGE_LOOP('',(#5916,#5917,#5918,#5919,#5920));
#5922=FACE_BOUND('',#5921,.T.);
#5923=ADVANCED_FACE('',(#5922),#5910,.F.);
#5924=CARTESIAN_POINT('',(-45.789461273,32.387761148,12.486691565));
#5925=DIRECTION('',(0.,0.,1.));
#5926=DIRECTION('',(1.,0.,-0.));
#5927=AXIS2_PLACEMENT_3D('',#5924,#5925,#5926);
#5928=CONICAL_SURFACE('',#5927,1.43806286,45.);
#5929=CARTESIAN_POINT('',(-43.951398413,32.387761148,12.886691565));
#5930=DIRECTION('',(-0.707106781,-0.,-0.707106781));
#5931=VECTOR('',#5930,0.565685425);
#5932=LINE('',#5929,#5931);
#5933=EDGE_CURVE('',#33,#5836,#5932,.T.);
#5934=ORIENTED_EDGE('',*,*,#5933,.F.);
#5935=ORIENTED_EDGE('',*,*,#39,.F.);
#5936=ORIENTED_EDGE('',*,*,#5933,.T.);
#5937=ORIENTED_EDGE('',*,*,#5842,.F.);
#5938=ORIENTED_EDGE('',*,*,#5849,.F.);
#5939=EDGE_LOOP('',(#5934,#5935,#5936,#5937,#5938));
#5940=FACE_BOUND('',#5939,.T.);
#5941=ADVANCED_FACE('',(#5940),#5928,.F.);
#5942=CARTESIAN_POINT('',(-45.789461273,32.387761148,9.861691565));
#5943=DIRECTION('',(0.,0.,-1.));
#5944=DIRECTION('',(-1.,0.,0.));
#5945=AXIS2_PLACEMENT_3D('',#5942,#5943,#5944);
#5946=CONICAL_SURFACE('',#5945,1.43806286,45.);
#5947=CARTESIAN_POINT('',(-47.727524134,32.387761148,9.361691565));
#5948=DIRECTION('',(0.707106781,-0.,0.707106781));
#5949=VECTOR('',#5948,0.707106781);
#5950=LINE('',#5947,#5949);
#5951=EDGE_CURVE('',#4455,#5853,#5950,.T.);
#5952=ORIENTED_EDGE('',*,*,#5951,.F.);
#5953=ORIENTED_EDGE('',*,*,#4461,.F.);
#5954=ORIENTED_EDGE('',*,*,#5951,.T.);
#5955=ORIENTED_EDGE('',*,*,#5859,.F.);
#5956=ORIENTED_EDGE('',*,*,#5866,.F.);
#5957=EDGE_LOOP('',(#5952,#5953,#5954,#5955,#5956));
#5958=FACE_BOUND('',#5957,.T.);
#5959=ADVANCED_FACE('',(#5958),#5946,.F.);
#5960=CLOSED_SHELL('',(#194,#236,#278,#309,#342,#373,#406,#428,#536,#1612,#1803,#1866,#1891,#1915,#1940,#1964,#1989,#2013,#2038,#2078,#2103,#2120,#2891,#2903,#2925,#2942,
#2963,#2987,#3004,#3021,#3033,#3050,#3067,#3084,#3101,#3113,#3135,#3152,#3169,#3181,#3203,#3220,#3241,#3266,#3283,#3300,#3312,#3329,#3346,#3363,#3380,
#3392,#3414,#3431,#3448,#3460,#3482,#3499,#3516,#3528,#3550,#3567,#3584,#3596,#3618,#3635,#3652,#3664,#3686,#3703,#3720,#3732,#3754,#3771,#3788,#3800,
#3822,#3839,#3856,#3868,#3890,#3907,#3924,#3936,#3958,#3975,#3992,#4004,#4026,#4043,#4060,#4072,#4094,#4111,#4128,#4140,#4162,#4179,#4196,#4208,#4230,
#4247,#4264,#4276,#4298,#4315,#4332,#4344,#4366,#4383,#4400,#4412,#4430,#4448,#4516,#4547,#4578,#4665,#4759,#4783,#4898,#4922,#5030,#5113,#5130,#5147,
#5164,#5181,#5198,#5215,#5227,#5248,#5265,#5286,#5303,#5324,#5341,#5357,#5375,#5393,#5415,#5432,#5449,#5466,#5483,#5500,#5517,#5529,#5547,#5569,#5586,
#5603,#5620,#5637,#5654,#5671,#5683,#5700,#5717,#5734,#5751,#5768,#5785,#5802,#5819,#5870,#5905,#5923,#5941,#5959));
#5961=MANIFOLD_SOLID_BREP('case_top',#5960);
#26=STYLED_ITEM('',(),#5961);
#16=SHAPE_REPRESENTATION('root',(#15),#10);
#17=ADVANCED_BREP_SHAPE_REPRESENTATION('root',(#5961),#10);
#5969=SHAPE_REPRESENTATION_RELATIONSHIP('','',#16,#17);
#5970=APPLICATION_CONTEXT('configuration controlled 3D design of mechanical parts and assemblies');
#5971=APPLICATION_PROTOCOL_DEFINITION('international standard','configuration_control_3d_design_ed2_mim',2004,#5970);
#5972=PRODUCT_CONTEXT('',#5970,'mechanical');
#5973=PRODUCT_DEFINITION_CONTEXT('part definition',#5970,'design');
#24=PRODUCT('root','root','',(#5972));
#5974=PRODUCT_RELATED_PRODUCT_CATEGORY('part','',(#24));
#5975=PRODUCT_DEFINITION_FORMATION_WITH_SPECIFIED_SOURCE('','',#24,.NOT_KNOWN.);
#25=PRODUCT_DEFINITION('design','',#5975,#5973);
#23=PRODUCT_DEFINITION_SHAPE('','',#25);
#5976=SHAPE_DEFINITION_REPRESENTATION(#23,#16);
#11=DRAUGHTING_MODEL('',(),#10);
#1=MECHANICAL_DESIGN_GEOMETRIC_PRESENTATION_REPRESENTATION('',(#26),#10);
ENDSEC;
END-ISO-10303-21;
