ISO-10303-21;
HEADER;

/* File generated by HOOPS Exchange Version 24.2.0 */

FILE_DESCRIPTION(('HOOPS Exchange Step'),'2;1');

FILE_NAME('C:\\Users\\sou16\\OneDrive\\\X2\30C730B930AF30C830C330D7\X0\\\\X2\81EA4F5C30AD30FC30DC30FC30C9\X0\\\\X2\78C16C1730AD30FC30DC30FC30C9\X0\\\xiao-test\\form.stp',
'2026-02-12T00:13:58-15:00',
('sou16'),
('Unknown organisation'),
'HOOPS Exchange 2024.2',
'HOOPS Exchange',
'Unknown authorisation');

FILE_SCHEMA( ('AP203_CONFIGURATION_CONTROLLED_3D_DESIGN_OF_MECHANICAL_PARTS_AND_ASSEMBLIES_MIM_LF') );

ENDSEC;

DATA;
#3=(NAMED_UNIT(*)PLANE_ANGLE_UNIT()SI_UNIT($,.RADIAN.));
#4=PLANE_ANGLE_MEASURE_WITH_UNIT(PLANE_ANGLE_MEASURE(0.0174532925),#3);
#5=(CONVERSION_BASED_UNIT('DEGREE',#4)NAMED_UNIT(#6)PLANE_ANGLE_UNIT());
#6=DIMENSIONAL_EXPONENTS(0.,0.,0.,0.,0.,0.,0.);
#7=(NAMED_UNIT(*)SI_UNIT($,.STERADIAN.)SOLID_ANGLE_UNIT());
#8=(LENGTH_UNIT()NAMED_UNIT(*)SI_UNIT(.MILLI.,.METRE.));
#9=UNCERTAINTY_MEASURE_WITH_UNIT(LENGTH_MEASURE(1.000000E-05),#8,'DISTANCE_ACCURACY_VALUE','Maximum Tolerance applied to model');
#10=(GEOMETRIC_REPRESENTATION_CONTEXT(3)GLOBAL_UNCERTAINTY_ASSIGNED_CONTEXT((#9))GLOBAL_UNIT_ASSIGNED_CONTEXT((#8,#5,#7))REPRESENTATION_CONTEXT('','root'));
#12=CARTESIAN_POINT('',(0.,0.,0.));
#13=DIRECTION('',(0.,0.,1.));
#14=DIRECTION('',(1.,0.,0.));
#15=AXIS2_PLACEMENT_3D('',#12,#13,#14);
#27=CARTESIAN_POINT('',(-104.25,-29.3,1.386691565));
#28=DIRECTION('',(0.,1.,0.));
#29=DIRECTION('',(0.,0.,1.));
#30=AXIS2_PLACEMENT_3D('',#27,#28,#29);
#31=PLANE('',#30);
#32=CARTESIAN_POINT('',(14.719029143,-29.3,1.386691565));
#33=VERTEX_POINT('',#32);
#34=CARTESIAN_POINT('',(14.719029143,-29.3,1.786691565));
#35=VERTEX_POINT('',#34);
#36=CARTESIAN_POINT('',(14.719029143,-29.3,1.386691565));
#37=DIRECTION('',(-0.,-0.,1.));
#38=VECTOR('',#37,0.4);
#39=LINE('',#36,#38);
#40=EDGE_CURVE('',#33,#35,#39,.T.);
#41=ORIENTED_EDGE('',*,*,#40,.F.);
#42=CARTESIAN_POINT('',(18.554970857,-29.3,1.386691565));
#43=VERTEX_POINT('',#42);
#44=CARTESIAN_POINT('',(18.554970857,-29.3,1.386691565));
#45=DIRECTION('',(-1.,-0.,-0.));
#46=VECTOR('',#45,3.835941715);
#47=LINE('',#44,#46);
#48=EDGE_CURVE('',#43,#33,#47,.T.);
#49=ORIENTED_EDGE('',*,*,#48,.F.);
#50=CARTESIAN_POINT('',(18.554970857,-29.3,1.786691565));
#51=VERTEX_POINT('',#50);
#52=CARTESIAN_POINT('',(18.554970857,-29.3,1.786691565));
#53=DIRECTION('',(0.,0.,-1.));
#54=VECTOR('',#53,0.4);
#55=LINE('',#52,#54);
#56=EDGE_CURVE('',#51,#43,#55,.T.);
#57=ORIENTED_EDGE('',*,*,#56,.F.);
#58=CARTESIAN_POINT('',(20.175,-29.3,1.786691565));
#59=VERTEX_POINT('',#58);
#60=CARTESIAN_POINT('',(18.554970857,-29.3,1.786691565));
#61=DIRECTION('',(1.,0.,-0.));
#62=VECTOR('',#61,1.620029143);
#63=LINE('',#60,#62);
#64=EDGE_CURVE('',#51,#59,#63,.T.);
#65=ORIENTED_EDGE('',*,*,#64,.T.);
#66=CARTESIAN_POINT('',(20.175,-29.3,4.886691565));
#67=VERTEX_POINT('',#66);
#68=CARTESIAN_POINT('',(20.175,-29.3,1.786691565));
#69=DIRECTION('',(0.,-0.,1.));
#70=VECTOR('',#69,3.1);
#71=LINE('',#68,#70);
#72=EDGE_CURVE('',#59,#67,#71,.T.);
#73=ORIENTED_EDGE('',*,*,#72,.T.);
#74=CARTESIAN_POINT('',(13.175,-29.3,4.886691565));
#75=VERTEX_POINT('',#74);
#76=CARTESIAN_POINT('',(20.175,-29.3,4.886691565));
#77=DIRECTION('',(-1.,-0.,-0.));
#78=VECTOR('',#77,7.);
#79=LINE('',#76,#78);
#80=EDGE_CURVE('',#67,#75,#79,.T.);
#81=ORIENTED_EDGE('',*,*,#80,.T.);
#82=CARTESIAN_POINT('',(13.175,-29.3,1.786691565));
#83=VERTEX_POINT('',#82);
#84=CARTESIAN_POINT('',(13.175,-29.3,1.786691565));
#85=DIRECTION('',(0.,-0.,1.));
#86=VECTOR('',#85,3.1);
#87=LINE('',#84,#86);
#88=EDGE_CURVE('',#83,#75,#87,.T.);
#89=ORIENTED_EDGE('',*,*,#88,.F.);
#90=CARTESIAN_POINT('',(13.175,-29.3,1.786691565));
#91=DIRECTION('',(1.,0.,-0.));
#92=VECTOR('',#91,1.544029143);
#93=LINE('',#90,#92);
#94=EDGE_CURVE('',#83,#35,#93,.T.);
#95=ORIENTED_EDGE('',*,*,#94,.T.);
#96=EDGE_LOOP('',(#41,#49,#57,#65,#73,#81,#89,#95));
#97=FACE_BOUND('',#96,.T.);
#98=ADVANCED_FACE('',(#97),#31,.F.);
#99=CARTESIAN_POINT('',(-104.25,-45.15,1.386691565));
#100=DIRECTION('',(0.,-1.,0.));
#101=DIRECTION('',(0.,0.,-1.));
#102=AXIS2_PLACEMENT_3D('',#99,#100,#101);
#103=PLANE('',#102);
#104=CARTESIAN_POINT('',(18.159613214,-45.15,1.386691565));
#105=VERTEX_POINT('',#104);
#106=CARTESIAN_POINT('',(18.159613214,-45.15,1.786691565));
#107=VERTEX_POINT('',#106);
#108=CARTESIAN_POINT('',(18.159613214,-45.15,1.386691565));
#109=DIRECTION('',(-0.,-0.,1.));
#110=VECTOR('',#109,0.4);
#111=LINE('',#108,#110);
#112=EDGE_CURVE('',#105,#107,#111,.T.);
#113=ORIENTED_EDGE('',*,*,#112,.F.);
#114=CARTESIAN_POINT('',(15.114386786,-45.15,1.386691565));
#115=VERTEX_POINT('',#114);
#116=CARTESIAN_POINT('',(15.114386786,-45.15,1.386691565));
#117=DIRECTION('',(1.,0.,0.));
#118=VECTOR('',#117,3.045226428);
#119=LINE('',#116,#118);
#120=EDGE_CURVE('',#115,#105,#119,.T.);
#121=ORIENTED_EDGE('',*,*,#120,.F.);
#122=CARTESIAN_POINT('',(15.114386786,-45.15,1.786691565));
#123=VERTEX_POINT('',#122);
#124=CARTESIAN_POINT('',(15.114386786,-45.15,1.786691565));
#125=DIRECTION('',(0.,0.,-1.));
#126=VECTOR('',#125,0.4);
#127=LINE('',#124,#126);
#128=EDGE_CURVE('',#123,#115,#127,.T.);
#129=ORIENTED_EDGE('',*,*,#128,.F.);
#130=CARTESIAN_POINT('',(12.,-45.15,1.786691565));
#131=VERTEX_POINT('',#130);
#132=CARTESIAN_POINT('',(15.114386786,-45.15,1.786691565));
#133=DIRECTION('',(-1.,0.,0.));
#134=VECTOR('',#133,3.114386786);
#135=LINE('',#132,#134);
#136=EDGE_CURVE('',#123,#131,#135,.T.);
#137=ORIENTED_EDGE('',*,*,#136,.T.);
#138=CARTESIAN_POINT('',(12.,-45.15,4.886691565));
#139=VERTEX_POINT('',#138);
#140=CARTESIAN_POINT('',(12.,-45.15,1.786691565));
#141=DIRECTION('',(-0.,-0.,1.));
#142=VECTOR('',#141,3.1);
#143=LINE('',#140,#142);
#144=EDGE_CURVE('',#131,#139,#143,.T.);
#145=ORIENTED_EDGE('',*,*,#144,.T.);
#146=CARTESIAN_POINT('',(21.525,-45.15,4.886691565));
#147=VERTEX_POINT('',#146);
#148=CARTESIAN_POINT('',(12.,-45.15,4.886691565));
#149=DIRECTION('',(1.,0.,0.));
#150=VECTOR('',#149,9.525);
#151=LINE('',#148,#150);
#152=EDGE_CURVE('',#139,#147,#151,.T.);
#153=ORIENTED_EDGE('',*,*,#152,.T.);
#154=CARTESIAN_POINT('',(21.525,-45.15,1.786691565));
#155=VERTEX_POINT('',#154);
#156=CARTESIAN_POINT('',(21.525,-45.15,1.786691565));
#157=DIRECTION('',(-0.,-0.,1.));
#158=VECTOR('',#157,3.1);
#159=LINE('',#156,#158);
#160=EDGE_CURVE('',#155,#147,#159,.T.);
#161=ORIENTED_EDGE('',*,*,#160,.F.);
#162=CARTESIAN_POINT('',(21.525,-45.15,1.786691565));
#163=DIRECTION('',(-1.,0.,0.));
#164=VECTOR('',#163,3.365386786);
#165=LINE('',#162,#164);
#166=EDGE_CURVE('',#155,#107,#165,.T.);
#167=ORIENTED_EDGE('',*,*,#166,.T.);
#168=EDGE_LOOP('',(#113,#121,#129,#137,#145,#153,#161,#167));
#169=FACE_BOUND('',#168,.T.);
#170=ADVANCED_FACE('',(#169),#103,.F.);
#171=CARTESIAN_POINT('',(-104.25,-45.15,1.386691565));
#172=DIRECTION('',(0.,-1.,0.));
#173=DIRECTION('',(0.,0.,-1.));
#174=AXIS2_PLACEMENT_3D('',#171,#172,#173);
#175=PLANE('',#174);
#176=CARTESIAN_POINT('',(42.035613214,-45.15,1.386691565));
#177=VERTEX_POINT('',#176);
#178=CARTESIAN_POINT('',(42.035613214,-45.15,1.786691565));
#179=VERTEX_POINT('',#178);
#180=CARTESIAN_POINT('',(42.035613214,-45.15,1.386691565));
#181=DIRECTION('',(-0.,-0.,1.));
#182=VECTOR('',#181,0.4);
#183=LINE('',#180,#182);
#184=EDGE_CURVE('',#177,#179,#183,.T.);
#185=ORIENTED_EDGE('',*,*,#184,.F.);
#186=CARTESIAN_POINT('',(38.990386786,-45.15,1.386691565));
#187=VERTEX_POINT('',#186);
#188=CARTESIAN_POINT('',(38.990386786,-45.15,1.386691565));
#189=DIRECTION('',(1.,0.,0.));
#190=VECTOR('',#189,3.045226428);
#191=LINE('',#188,#190);
#192=EDGE_CURVE('',#187,#177,#191,.T.);
#193=ORIENTED_EDGE('',*,*,#192,.F.);
#194=CARTESIAN_POINT('',(38.990386786,-45.15,1.786691565));
#195=VERTEX_POINT('',#194);
#196=CARTESIAN_POINT('',(38.990386786,-45.15,1.786691565));
#197=DIRECTION('',(0.,0.,-1.));
#198=VECTOR('',#197,0.4);
#199=LINE('',#196,#198);
#200=EDGE_CURVE('',#195,#187,#199,.T.);
#201=ORIENTED_EDGE('',*,*,#200,.F.);
#202=CARTESIAN_POINT('',(38.563183954,-45.15,1.786691565));
#203=VERTEX_POINT('',#202);
#204=CARTESIAN_POINT('',(38.990386786,-45.15,1.786691565));
#205=DIRECTION('',(-1.,0.,0.));
#206=VECTOR('',#205,0.427202832);
#207=LINE('',#204,#206);
#208=EDGE_CURVE('',#195,#203,#207,.T.);
#209=ORIENTED_EDGE('',*,*,#208,.T.);
#210=CARTESIAN_POINT('',(38.563183954,-45.15,4.886691565));
#211=VERTEX_POINT('',#210);
#212=CARTESIAN_POINT('',(38.563183954,-45.15,1.786691565));
#213=DIRECTION('',(-0.,-0.,1.));
#214=VECTOR('',#213,3.1);
#215=LINE('',#212,#214);
#216=EDGE_CURVE('',#203,#211,#215,.T.);
#217=ORIENTED_EDGE('',*,*,#216,.T.);
#218=CARTESIAN_POINT('',(45.15,-45.15,4.886691565));
#219=VERTEX_POINT('',#218);
#220=CARTESIAN_POINT('',(38.563183954,-45.15,4.886691565));
#221=DIRECTION('',(1.,0.,0.));
#222=VECTOR('',#221,6.586816046);
#223=LINE('',#220,#222);
#224=EDGE_CURVE('',#211,#219,#223,.T.);
#225=ORIENTED_EDGE('',*,*,#224,.T.);
#226=CARTESIAN_POINT('',(45.15,-45.15,1.786691565));
#227=VERTEX_POINT('',#226);
#228=CARTESIAN_POINT('',(45.15,-45.15,1.786691565));
#229=DIRECTION('',(-0.,-0.,1.));
#230=VECTOR('',#229,3.1);
#231=LINE('',#228,#230);
#232=EDGE_CURVE('',#227,#219,#231,.T.);
#233=ORIENTED_EDGE('',*,*,#232,.F.);
#234=CARTESIAN_POINT('',(45.15,-45.15,1.786691565));
#235=DIRECTION('',(-1.,0.,0.));
#236=VECTOR('',#235,3.114386786);
#237=LINE('',#234,#236);
#238=EDGE_CURVE('',#227,#179,#237,.T.);
#239=ORIENTED_EDGE('',*,*,#238,.T.);
#240=EDGE_LOOP('',(#185,#193,#201,#209,#217,#225,#233,#239));
#241=FACE_BOUND('',#240,.T.);
#242=ADVANCED_FACE('',(#241),#175,.F.);
#243=CARTESIAN_POINT('',(-104.25,-29.3,1.386691565));
#244=DIRECTION('',(0.,1.,0.));
#245=DIRECTION('',(0.,0.,1.));
#246=AXIS2_PLACEMENT_3D('',#243,#244,#245);
#247=PLANE('',#246);
#248=CARTESIAN_POINT('',(38.595029143,-29.3,1.386691565));
#249=VERTEX_POINT('',#248);
#250=CARTESIAN_POINT('',(38.595029143,-29.3,1.786691565));
#251=VERTEX_POINT('',#250);
#252=CARTESIAN_POINT('',(38.595029143,-29.3,1.386691565));
#253=DIRECTION('',(-0.,-0.,1.));
#254=VECTOR('',#253,0.4);
#255=LINE('',#252,#254);
#256=EDGE_CURVE('',#249,#251,#255,.T.);
#257=ORIENTED_EDGE('',*,*,#256,.F.);
#258=CARTESIAN_POINT('',(42.430970857,-29.3,1.386691565));
#259=VERTEX_POINT('',#258);
#260=CARTESIAN_POINT('',(42.430970857,-29.3,1.386691565));
#261=DIRECTION('',(-1.,-0.,-0.));
#262=VECTOR('',#261,3.835941715);
#263=LINE('',#260,#262);
#264=EDGE_CURVE('',#259,#249,#263,.T.);
#265=ORIENTED_EDGE('',*,*,#264,.F.);
#266=CARTESIAN_POINT('',(42.430970857,-29.3,1.786691565));
#267=VERTEX_POINT('',#266);
#268=CARTESIAN_POINT('',(42.430970857,-29.3,1.786691565));
#269=DIRECTION('',(0.,0.,-1.));
#270=VECTOR('',#269,0.4);
#271=LINE('',#268,#270);
#272=EDGE_CURVE('',#267,#259,#271,.T.);
#273=ORIENTED_EDGE('',*,*,#272,.F.);
#274=CARTESIAN_POINT('',(43.975,-29.3,1.786691565));
#275=VERTEX_POINT('',#274);
#276=CARTESIAN_POINT('',(42.430970857,-29.3,1.786691565));
#277=DIRECTION('',(1.,0.,-0.));
#278=VECTOR('',#277,1.544029143);
#279=LINE('',#276,#278);
#280=EDGE_CURVE('',#267,#275,#279,.T.);
#281=ORIENTED_EDGE('',*,*,#280,.T.);
#282=CARTESIAN_POINT('',(43.975,-29.3,4.886691565));
#283=VERTEX_POINT('',#282);
#284=CARTESIAN_POINT('',(43.975,-29.3,1.786691565));
#285=DIRECTION('',(0.,-0.,1.));
#286=VECTOR('',#285,3.1);
#287=LINE('',#284,#286);
#288=EDGE_CURVE('',#275,#283,#287,.T.);
#289=ORIENTED_EDGE('',*,*,#288,.T.);
#290=CARTESIAN_POINT('',(36.975,-29.3,4.886691565));
#291=VERTEX_POINT('',#290);
#292=CARTESIAN_POINT('',(43.975,-29.3,4.886691565));
#293=DIRECTION('',(-1.,-0.,-0.));
#294=VECTOR('',#293,7.);
#295=LINE('',#292,#294);
#296=EDGE_CURVE('',#283,#291,#295,.T.);
#297=ORIENTED_EDGE('',*,*,#296,.T.);
#298=CARTESIAN_POINT('',(36.975,-29.3,1.786691565));
#299=VERTEX_POINT('',#298);
#300=CARTESIAN_POINT('',(36.975,-29.3,1.786691565));
#301=DIRECTION('',(0.,-0.,1.));
#302=VECTOR('',#301,3.1);
#303=LINE('',#300,#302);
#304=EDGE_CURVE('',#299,#291,#303,.T.);
#305=ORIENTED_EDGE('',*,*,#304,.F.);
#306=CARTESIAN_POINT('',(36.975,-29.3,1.786691565));
#307=DIRECTION('',(1.,0.,-0.));
#308=VECTOR('',#307,1.620029143);
#309=LINE('',#306,#308);
#310=EDGE_CURVE('',#299,#251,#309,.T.);
#311=ORIENTED_EDGE('',*,*,#310,.T.);
#312=EDGE_LOOP('',(#257,#265,#273,#281,#289,#297,#305,#311));
#313=FACE_BOUND('',#312,.T.);
#314=ADVANCED_FACE('',(#313),#247,.F.);
#315=CARTESIAN_POINT('',(-104.25,-29.3,1.386691565));
#316=DIRECTION('',(0.,1.,0.));
#317=DIRECTION('',(0.,0.,1.));
#318=AXIS2_PLACEMENT_3D('',#315,#316,#317);
#319=PLANE('',#318);
#320=CARTESIAN_POINT('',(-42.430970857,-29.3,1.386691565));
#321=VERTEX_POINT('',#320);
#322=CARTESIAN_POINT('',(-42.430970857,-29.3,1.786691565));
#323=VERTEX_POINT('',#322);
#324=CARTESIAN_POINT('',(-42.430970857,-29.3,1.386691565));
#325=DIRECTION('',(-0.,-0.,1.));
#326=VECTOR('',#325,0.4);
#327=LINE('',#324,#326);
#328=EDGE_CURVE('',#321,#323,#327,.T.);
#329=ORIENTED_EDGE('',*,*,#328,.F.);
#330=CARTESIAN_POINT('',(-38.595029143,-29.3,1.386691565));
#331=VERTEX_POINT('',#330);
#332=CARTESIAN_POINT('',(-38.595029143,-29.3,1.386691565));
#333=DIRECTION('',(-1.,-0.,-0.));
#334=VECTOR('',#333,3.835941715);
#335=LINE('',#332,#334);
#336=EDGE_CURVE('',#331,#321,#335,.T.);
#337=ORIENTED_EDGE('',*,*,#336,.F.);
#338=CARTESIAN_POINT('',(-38.595029143,-29.3,1.786691565));
#339=VERTEX_POINT('',#338);
#340=CARTESIAN_POINT('',(-38.595029143,-29.3,1.786691565));
#341=DIRECTION('',(0.,0.,-1.));
#342=VECTOR('',#341,0.4);
#343=LINE('',#340,#342);
#344=EDGE_CURVE('',#339,#331,#343,.T.);
#345=ORIENTED_EDGE('',*,*,#344,.F.);
#346=CARTESIAN_POINT('',(-36.975,-29.3,1.786691565));
#347=VERTEX_POINT('',#346);
#348=CARTESIAN_POINT('',(-38.595029143,-29.3,1.786691565));
#349=DIRECTION('',(1.,0.,-0.));
#350=VECTOR('',#349,1.620029143);
#351=LINE('',#348,#350);
#352=EDGE_CURVE('',#339,#347,#351,.T.);
#353=ORIENTED_EDGE('',*,*,#352,.T.);
#354=CARTESIAN_POINT('',(-36.975,-29.3,4.886691565));
#355=VERTEX_POINT('',#354);
#356=CARTESIAN_POINT('',(-36.975,-29.3,1.786691565));
#357=DIRECTION('',(0.,-0.,1.));
#358=VECTOR('',#357,3.1);
#359=LINE('',#356,#358);
#360=EDGE_CURVE('',#347,#355,#359,.T.);
#361=ORIENTED_EDGE('',*,*,#360,.T.);
#362=CARTESIAN_POINT('',(-43.975,-29.3,4.886691565));
#363=VERTEX_POINT('',#362);
#364=CARTESIAN_POINT('',(-36.975,-29.3,4.886691565));
#365=DIRECTION('',(-1.,-0.,-0.));
#366=VECTOR('',#365,7.);
#367=LINE('',#364,#366);
#368=EDGE_CURVE('',#355,#363,#367,.T.);
#369=ORIENTED_EDGE('',*,*,#368,.T.);
#370=CARTESIAN_POINT('',(-43.975,-29.3,1.786691565));
#371=VERTEX_POINT('',#370);
#372=CARTESIAN_POINT('',(-43.975,-29.3,1.786691565));
#373=DIRECTION('',(0.,-0.,1.));
#374=VECTOR('',#373,3.1);
#375=LINE('',#372,#374);
#376=EDGE_CURVE('',#371,#363,#375,.T.);
#377=ORIENTED_EDGE('',*,*,#376,.F.);
#378=CARTESIAN_POINT('',(-43.975,-29.3,1.786691565));
#379=DIRECTION('',(1.,0.,-0.));
#380=VECTOR('',#379,1.544029143);
#381=LINE('',#378,#380);
#382=EDGE_CURVE('',#371,#323,#381,.T.);
#383=ORIENTED_EDGE('',*,*,#382,.T.);
#384=EDGE_LOOP('',(#329,#337,#345,#353,#361,#369,#377,#383));
#385=FACE_BOUND('',#384,.T.);
#386=ADVANCED_FACE('',(#385),#319,.F.);
#387=CARTESIAN_POINT('',(-104.25,-45.15,1.386691565));
#388=DIRECTION('',(0.,-1.,0.));
#389=DIRECTION('',(0.,0.,-1.));
#390=AXIS2_PLACEMENT_3D('',#387,#388,#389);
#391=PLANE('',#390);
#392=CARTESIAN_POINT('',(-38.990386786,-45.15,1.386691565));
#393=VERTEX_POINT('',#392);
#394=CARTESIAN_POINT('',(-38.990386786,-45.15,1.786691565));
#395=VERTEX_POINT('',#394);
#396=CARTESIAN_POINT('',(-38.990386786,-45.15,1.386691565));
#397=DIRECTION('',(-0.,-0.,1.));
#398=VECTOR('',#397,0.4);
#399=LINE('',#396,#398);
#400=EDGE_CURVE('',#393,#395,#399,.T.);
#401=ORIENTED_EDGE('',*,*,#400,.F.);
#402=CARTESIAN_POINT('',(-42.035613214,-45.15,1.386691565));
#403=VERTEX_POINT('',#402);
#404=CARTESIAN_POINT('',(-42.035613214,-45.15,1.386691565));
#405=DIRECTION('',(1.,0.,0.));
#406=VECTOR('',#405,3.045226428);
#407=LINE('',#404,#406);
#408=EDGE_CURVE('',#403,#393,#407,.T.);
#409=ORIENTED_EDGE('',*,*,#408,.F.);
#410=CARTESIAN_POINT('',(-42.035613214,-45.15,1.786691565));
#411=VERTEX_POINT('',#410);
#412=CARTESIAN_POINT('',(-42.035613214,-45.15,1.786691565));
#413=DIRECTION('',(0.,0.,-1.));
#414=VECTOR('',#413,0.4);
#415=LINE('',#412,#414);
#416=EDGE_CURVE('',#411,#403,#415,.T.);
#417=ORIENTED_EDGE('',*,*,#416,.F.);
#418=CARTESIAN_POINT('',(-45.15,-45.15,1.786691565));
#419=VERTEX_POINT('',#418);
#420=CARTESIAN_POINT('',(-42.035613214,-45.15,1.786691565));
#421=DIRECTION('',(-1.,0.,0.));
#422=VECTOR('',#421,3.114386786);
#423=LINE('',#420,#422);
#424=EDGE_CURVE('',#411,#419,#423,.T.);
#425=ORIENTED_EDGE('',*,*,#424,.T.);
#426=CARTESIAN_POINT('',(-45.15,-45.15,4.886691565));
#427=VERTEX_POINT('',#426);
#428=CARTESIAN_POINT('',(-45.15,-45.15,1.786691565));
#429=DIRECTION('',(-0.,-0.,1.));
#430=VECTOR('',#429,3.1);
#431=LINE('',#428,#430);
#432=EDGE_CURVE('',#419,#427,#431,.T.);
#433=ORIENTED_EDGE('',*,*,#432,.T.);
#434=CARTESIAN_POINT('',(-37.255782413,-45.15,4.886691565));
#435=VERTEX_POINT('',#434);
#436=CARTESIAN_POINT('',(-45.15,-45.15,4.886691565));
#437=DIRECTION('',(1.,0.,0.));
#438=VECTOR('',#437,7.894217587);
#439=LINE('',#436,#438);
#440=EDGE_CURVE('',#427,#435,#439,.T.);
#441=ORIENTED_EDGE('',*,*,#440,.T.);
#442=CARTESIAN_POINT('',(-37.255782413,-45.15,1.786691565));
#443=VERTEX_POINT('',#442);
#444=CARTESIAN_POINT('',(-37.255782413,-45.15,1.786691565));
#445=DIRECTION('',(-0.,-0.,1.));
#446=VECTOR('',#445,3.1);
#447=LINE('',#444,#446);
#448=EDGE_CURVE('',#443,#435,#447,.T.);
#449=ORIENTED_EDGE('',*,*,#448,.F.);
#450=CARTESIAN_POINT('',(-37.255782413,-45.15,1.786691565));
#451=DIRECTION('',(-1.,0.,0.));
#452=VECTOR('',#451,1.734604373);
#453=LINE('',#450,#452);
#454=EDGE_CURVE('',#443,#395,#453,.T.);
#455=ORIENTED_EDGE('',*,*,#454,.T.);
#456=EDGE_LOOP('',(#401,#409,#417,#425,#433,#441,#449,#455));
#457=FACE_BOUND('',#456,.T.);
#458=ADVANCED_FACE('',(#457),#391,.F.);
#459=CARTESIAN_POINT('',(-104.25,-45.15,1.386691565));
#460=DIRECTION('',(0.,-1.,0.));
#461=DIRECTION('',(0.,0.,-1.));
#462=AXIS2_PLACEMENT_3D('',#459,#460,#461);
#463=PLANE('',#462);
#464=CARTESIAN_POINT('',(-15.114386786,-45.15,1.386691565));
#465=VERTEX_POINT('',#464);
#466=CARTESIAN_POINT('',(-15.114386786,-45.15,1.786691565));
#467=VERTEX_POINT('',#466);
#468=CARTESIAN_POINT('',(-15.114386786,-45.15,1.386691565));
#469=DIRECTION('',(-0.,-0.,1.));
#470=VECTOR('',#469,0.4);
#471=LINE('',#468,#470);
#472=EDGE_CURVE('',#465,#467,#471,.T.);
#473=ORIENTED_EDGE('',*,*,#472,.F.);
#474=CARTESIAN_POINT('',(-18.159613214,-45.15,1.386691565));
#475=VERTEX_POINT('',#474);
#476=CARTESIAN_POINT('',(-18.159613214,-45.15,1.386691565));
#477=DIRECTION('',(1.,0.,0.));
#478=VECTOR('',#477,3.045226428);
#479=LINE('',#476,#478);
#480=EDGE_CURVE('',#475,#465,#479,.T.);
#481=ORIENTED_EDGE('',*,*,#480,.F.);
#482=CARTESIAN_POINT('',(-18.159613214,-45.15,1.786691565));
#483=VERTEX_POINT('',#482);
#484=CARTESIAN_POINT('',(-18.159613214,-45.15,1.786691565));
#485=DIRECTION('',(0.,0.,-1.));
#486=VECTOR('',#485,0.4);
#487=LINE('',#484,#486);
#488=EDGE_CURVE('',#483,#475,#487,.T.);
#489=ORIENTED_EDGE('',*,*,#488,.F.);
#490=CARTESIAN_POINT('',(-20.159198887,-45.15,1.786691565));
#491=VERTEX_POINT('',#490);
#492=CARTESIAN_POINT('',(-18.159613214,-45.15,1.786691565));
#493=DIRECTION('',(-1.,0.,0.));
#494=VECTOR('',#493,1.999585673);
#495=LINE('',#492,#494);
#496=EDGE_CURVE('',#483,#491,#495,.T.);
#497=ORIENTED_EDGE('',*,*,#496,.T.);
#498=CARTESIAN_POINT('',(-20.159198887,-45.15,4.886691565));
#499=VERTEX_POINT('',#498);
#500=CARTESIAN_POINT('',(-20.159198887,-45.15,1.786691565));
#501=DIRECTION('',(-0.,-0.,1.));
#502=VECTOR('',#501,3.1);
#503=LINE('',#500,#502);
#504=EDGE_CURVE('',#491,#499,#503,.T.);
#505=ORIENTED_EDGE('',*,*,#504,.T.);
#506=CARTESIAN_POINT('',(-12.,-45.15,4.886691565));
#507=VERTEX_POINT('',#506);
#508=CARTESIAN_POINT('',(-20.159198887,-45.15,4.886691565));
#509=DIRECTION('',(1.,0.,0.));
#510=VECTOR('',#509,8.159198887);
#511=LINE('',#508,#510);
#512=EDGE_CURVE('',#499,#507,#511,.T.);
#513=ORIENTED_EDGE('',*,*,#512,.T.);
#514=CARTESIAN_POINT('',(-12.,-45.15,1.786691565));
#515=VERTEX_POINT('',#514);
#516=CARTESIAN_POINT('',(-12.,-45.15,1.786691565));
#517=DIRECTION('',(-0.,-0.,1.));
#518=VECTOR('',#517,3.1);
#519=LINE('',#516,#518);
#520=EDGE_CURVE('',#515,#507,#519,.T.);
#521=ORIENTED_EDGE('',*,*,#520,.F.);
#522=CARTESIAN_POINT('',(-12.,-45.15,1.786691565));
#523=DIRECTION('',(-1.,0.,0.));
#524=VECTOR('',#523,3.114386786);
#525=LINE('',#522,#524);
#526=EDGE_CURVE('',#515,#467,#525,.T.);
#527=ORIENTED_EDGE('',*,*,#526,.T.);
#528=EDGE_LOOP('',(#473,#481,#489,#497,#505,#513,#521,#527));
#529=FACE_BOUND('',#528,.T.);
#530=ADVANCED_FACE('',(#529),#463,.F.);
#531=CARTESIAN_POINT('',(-104.25,-29.3,1.386691565));
#532=DIRECTION('',(0.,1.,0.));
#533=DIRECTION('',(0.,0.,1.));
#534=AXIS2_PLACEMENT_3D('',#531,#532,#533);
#535=PLANE('',#534);
#536=CARTESIAN_POINT('',(-18.554970857,-29.3,1.386691565));
#537=VERTEX_POINT('',#536);
#538=CARTESIAN_POINT('',(-18.554970857,-29.3,1.786691565));
#539=VERTEX_POINT('',#538);
#540=CARTESIAN_POINT('',(-18.554970857,-29.3,1.386691565));
#541=DIRECTION('',(-0.,-0.,1.));
#542=VECTOR('',#541,0.4);
#543=LINE('',#540,#542);
#544=EDGE_CURVE('',#537,#539,#543,.T.);
#545=ORIENTED_EDGE('',*,*,#544,.F.);
#546=CARTESIAN_POINT('',(-14.719029143,-29.3,1.386691565));
#547=VERTEX_POINT('',#546);
#548=CARTESIAN_POINT('',(-14.719029143,-29.3,1.386691565));
#549=DIRECTION('',(-1.,-0.,-0.));
#550=VECTOR('',#549,3.835941715);
#551=LINE('',#548,#550);
#552=EDGE_CURVE('',#547,#537,#551,.T.);
#553=ORIENTED_EDGE('',*,*,#552,.F.);
#554=CARTESIAN_POINT('',(-14.719029143,-29.3,1.786691565));
#555=VERTEX_POINT('',#554);
#556=CARTESIAN_POINT('',(-14.719029143,-29.3,1.786691565));
#557=DIRECTION('',(0.,0.,-1.));
#558=VECTOR('',#557,0.4);
#559=LINE('',#556,#558);
#560=EDGE_CURVE('',#555,#547,#559,.T.);
#561=ORIENTED_EDGE('',*,*,#560,.F.);
#562=CARTESIAN_POINT('',(-13.175,-29.3,1.786691565));
#563=VERTEX_POINT('',#562);
#564=CARTESIAN_POINT('',(-14.719029143,-29.3,1.786691565));
#565=DIRECTION('',(1.,0.,-0.));
#566=VECTOR('',#565,1.544029143);
#567=LINE('',#564,#566);
#568=EDGE_CURVE('',#555,#563,#567,.T.);
#569=ORIENTED_EDGE('',*,*,#568,.T.);
#570=CARTESIAN_POINT('',(-13.175,-29.3,4.886691565));
#571=VERTEX_POINT('',#570);
#572=CARTESIAN_POINT('',(-13.175,-29.3,1.786691565));
#573=DIRECTION('',(0.,-0.,1.));
#574=VECTOR('',#573,3.1);
#575=LINE('',#572,#574);
#576=EDGE_CURVE('',#563,#571,#575,.T.);
#577=ORIENTED_EDGE('',*,*,#576,.T.);
#578=CARTESIAN_POINT('',(-20.175,-29.3,4.886691565));
#579=VERTEX_POINT('',#578);
#580=CARTESIAN_POINT('',(-13.175,-29.3,4.886691565));
#581=DIRECTION('',(-1.,-0.,-0.));
#582=VECTOR('',#581,7.);
#583=LINE('',#580,#582);
#584=EDGE_CURVE('',#571,#579,#583,.T.);
#585=ORIENTED_EDGE('',*,*,#584,.T.);
#586=CARTESIAN_POINT('',(-20.175,-29.3,1.786691565));
#587=VERTEX_POINT('',#586);
#588=CARTESIAN_POINT('',(-20.175,-29.3,1.786691565));
#589=DIRECTION('',(0.,-0.,1.));
#590=VECTOR('',#589,3.1);
#591=LINE('',#588,#590);
#592=EDGE_CURVE('',#587,#579,#591,.T.);
#593=ORIENTED_EDGE('',*,*,#592,.F.);
#594=CARTESIAN_POINT('',(-20.175,-29.3,1.786691565));
#595=DIRECTION('',(1.,0.,-0.));
#596=VECTOR('',#595,1.620029143);
#597=LINE('',#594,#596);
#598=EDGE_CURVE('',#587,#539,#597,.T.);
#599=ORIENTED_EDGE('',*,*,#598,.T.);
#600=EDGE_LOOP('',(#545,#553,#561,#569,#577,#585,#593,#599));
#601=FACE_BOUND('',#600,.T.);
#602=ADVANCED_FACE('',(#601),#535,.F.);
#603=CARTESIAN_POINT('',(-104.25,-31.05,1.386691565));
#604=DIRECTION('',(0.,1.,0.));
#605=DIRECTION('',(0.,0.,1.));
#606=AXIS2_PLACEMENT_3D('',#603,#604,#605);
#607=PLANE('',#606);
#608=CARTESIAN_POINT('',(31.05,-31.05,1.786691565));
#609=VERTEX_POINT('',#608);
#610=CARTESIAN_POINT('',(31.05,-31.05,4.886691565));
#611=VERTEX_POINT('',#610);
#612=CARTESIAN_POINT('',(31.05,-31.05,1.786691565));
#613=DIRECTION('',(0.,-0.,1.));
#614=VECTOR('',#613,3.1);
#615=LINE('',#612,#614);
#616=EDGE_CURVE('',#609,#611,#615,.T.);
#617=ORIENTED_EDGE('',*,*,#616,.F.);
#618=CARTESIAN_POINT('',(36.975,-31.05,1.786691565));
#619=VERTEX_POINT('',#618);
#620=CARTESIAN_POINT('',(31.05,-31.05,1.786691565));
#621=DIRECTION('',(1.,0.,-0.));
#622=VECTOR('',#621,5.925);
#623=LINE('',#620,#622);
#624=EDGE_CURVE('',#609,#619,#623,.T.);
#625=ORIENTED_EDGE('',*,*,#624,.T.);
#626=CARTESIAN_POINT('',(36.975,-31.05,4.886691565));
#627=VERTEX_POINT('',#626);
#628=CARTESIAN_POINT('',(36.975,-31.05,1.786691565));
#629=DIRECTION('',(0.,-0.,1.));
#630=VECTOR('',#629,3.1);
#631=LINE('',#628,#630);
#632=EDGE_CURVE('',#619,#627,#631,.T.);
#633=ORIENTED_EDGE('',*,*,#632,.T.);
#634=CARTESIAN_POINT('',(36.975,-31.05,4.886691565));
#635=DIRECTION('',(-1.,-0.,0.));
#636=VECTOR('',#635,5.925);
#637=LINE('',#634,#636);
#638=EDGE_CURVE('',#627,#611,#637,.T.);
#639=ORIENTED_EDGE('',*,*,#638,.T.);
#640=EDGE_LOOP('',(#617,#625,#633,#639));
#641=FACE_BOUND('',#640,.T.);
#642=ADVANCED_FACE('',(#641),#607,.F.);
#643=CARTESIAN_POINT('',(-104.25,-31.05,1.386691565));
#644=DIRECTION('',(0.,1.,0.));
#645=DIRECTION('',(0.,0.,1.));
#646=AXIS2_PLACEMENT_3D('',#643,#644,#645);
#647=PLANE('',#646);
#648=CARTESIAN_POINT('',(27.687132457,-31.05,1.786691565));
#649=VERTEX_POINT('',#648);
#650=CARTESIAN_POINT('',(27.687132457,-31.05,4.886691565));
#651=VERTEX_POINT('',#650);
#652=CARTESIAN_POINT('',(27.687132457,-31.05,1.786691565));
#653=DIRECTION('',(0.,-0.,1.));
#654=VECTOR('',#653,3.1);
#655=LINE('',#652,#654);
#656=EDGE_CURVE('',#649,#651,#655,.T.);
#657=ORIENTED_EDGE('',*,*,#656,.F.);
#658=CARTESIAN_POINT('',(27.687132457,-31.05,1.786691565));
#659=DIRECTION('',(1.,0.,-0.));
#660=VECTOR('',#659,3.362867543);
#661=LINE('',#658,#660);
#662=EDGE_CURVE('',#649,#609,#661,.T.);
#663=ORIENTED_EDGE('',*,*,#662,.T.);
#664=ORIENTED_EDGE('',*,*,#616,.T.);
#665=CARTESIAN_POINT('',(31.05,-31.05,4.886691565));
#666=DIRECTION('',(-1.,-0.,-0.));
#667=VECTOR('',#666,3.362867543);
#668=LINE('',#665,#667);
#669=EDGE_CURVE('',#611,#651,#668,.T.);
#670=ORIENTED_EDGE('',*,*,#669,.T.);
#671=EDGE_LOOP('',(#657,#663,#664,#670));
#672=FACE_BOUND('',#671,.T.);
#673=ADVANCED_FACE('',(#672),#647,.F.);
#674=CARTESIAN_POINT('',(-104.25,-31.05,1.386691565));
#675=DIRECTION('',(0.,1.,0.));
#676=DIRECTION('',(0.,0.,1.));
#677=AXIS2_PLACEMENT_3D('',#674,#675,#676);
#678=PLANE('',#677);
#679=CARTESIAN_POINT('',(21.525,-31.05,1.786691565));
#680=VERTEX_POINT('',#679);
#681=CARTESIAN_POINT('',(21.525,-31.05,4.886691565));
#682=VERTEX_POINT('',#681);
#683=CARTESIAN_POINT('',(21.525,-31.05,1.786691565));
#684=DIRECTION('',(0.,-0.,1.));
#685=VECTOR('',#684,3.1);
#686=LINE('',#683,#685);
#687=EDGE_CURVE('',#680,#682,#686,.T.);
#688=ORIENTED_EDGE('',*,*,#687,.F.);
#689=CARTESIAN_POINT('',(21.525,-31.05,1.786691565));
#690=DIRECTION('',(1.,0.,-0.));
#691=VECTOR('',#690,6.162132457);
#692=LINE('',#689,#691);
#693=EDGE_CURVE('',#680,#649,#692,.T.);
#694=ORIENTED_EDGE('',*,*,#693,.T.);
#695=ORIENTED_EDGE('',*,*,#656,.T.);
#696=CARTESIAN_POINT('',(27.687132457,-31.05,4.886691565));
#697=DIRECTION('',(-1.,-0.,0.));
#698=VECTOR('',#697,6.162132457);
#699=LINE('',#696,#698);
#700=EDGE_CURVE('',#651,#682,#699,.T.);
#701=ORIENTED_EDGE('',*,*,#700,.T.);
#702=EDGE_LOOP('',(#688,#694,#695,#701));
#703=FACE_BOUND('',#702,.T.);
#704=ADVANCED_FACE('',(#703),#678,.F.);
#705=CARTESIAN_POINT('',(-104.25,-31.05,1.386691565));
#706=DIRECTION('',(0.,1.,0.));
#707=DIRECTION('',(0.,0.,1.));
#708=AXIS2_PLACEMENT_3D('',#705,#706,#707);
#709=PLANE('',#708);
#710=CARTESIAN_POINT('',(20.175,-31.05,1.786691565));
#711=VERTEX_POINT('',#710);
#712=CARTESIAN_POINT('',(20.175,-31.05,4.886691565));
#713=VERTEX_POINT('',#712);
#714=CARTESIAN_POINT('',(20.175,-31.05,1.786691565));
#715=DIRECTION('',(0.,-0.,1.));
#716=VECTOR('',#715,3.1);
#717=LINE('',#714,#716);
#718=EDGE_CURVE('',#711,#713,#717,.T.);
#719=ORIENTED_EDGE('',*,*,#718,.F.);
#720=CARTESIAN_POINT('',(20.175,-31.05,1.786691565));
#721=DIRECTION('',(1.,0.,-0.));
#722=VECTOR('',#721,1.35);
#723=LINE('',#720,#722);
#724=EDGE_CURVE('',#711,#680,#723,.T.);
#725=ORIENTED_EDGE('',*,*,#724,.T.);
#726=ORIENTED_EDGE('',*,*,#687,.T.);
#727=CARTESIAN_POINT('',(21.525,-31.05,4.886691565));
#728=DIRECTION('',(-1.,-0.,-0.));
#729=VECTOR('',#728,1.35);
#730=LINE('',#727,#729);
#731=EDGE_CURVE('',#682,#713,#730,.T.);
#732=ORIENTED_EDGE('',*,*,#731,.T.);
#733=EDGE_LOOP('',(#719,#725,#726,#732));
#734=FACE_BOUND('',#733,.T.);
#735=ADVANCED_FACE('',(#734),#709,.F.);
#736=CARTESIAN_POINT('',(20.175,85.2,1.386691565));
#737=DIRECTION('',(1.,0.,0.));
#738=DIRECTION('',(0.,0.,-1.));
#739=AXIS2_PLACEMENT_3D('',#736,#737,#738);
#740=PLANE('',#739);
#741=ORIENTED_EDGE('',*,*,#72,.F.);
#742=CARTESIAN_POINT('',(20.175,-29.3,1.786691565));
#743=DIRECTION('',(0.,-1.,0.));
#744=VECTOR('',#743,1.75);
#745=LINE('',#742,#744);
#746=EDGE_CURVE('',#59,#711,#745,.T.);
#747=ORIENTED_EDGE('',*,*,#746,.T.);
#748=ORIENTED_EDGE('',*,*,#718,.T.);
#749=CARTESIAN_POINT('',(20.175,-31.05,4.886691565));
#750=DIRECTION('',(-0.,1.,0.));
#751=VECTOR('',#750,1.75);
#752=LINE('',#749,#751);
#753=EDGE_CURVE('',#713,#67,#752,.T.);
#754=ORIENTED_EDGE('',*,*,#753,.T.);
#755=EDGE_LOOP('',(#741,#747,#748,#754));
#756=FACE_BOUND('',#755,.T.);
#757=ADVANCED_FACE('',(#756),#740,.F.);
#758=CARTESIAN_POINT('',(13.175,85.2,1.386691565));
#759=DIRECTION('',(-1.,0.,0.));
#760=DIRECTION('',(0.,0.,1.));
#761=AXIS2_PLACEMENT_3D('',#758,#759,#760);
#762=PLANE('',#761);
#763=CARTESIAN_POINT('',(13.175,-31.05,1.786691565));
#764=VERTEX_POINT('',#763);
#765=CARTESIAN_POINT('',(13.175,-31.05,4.886691565));
#766=VERTEX_POINT('',#765);
#767=CARTESIAN_POINT('',(13.175,-31.05,1.786691565));
#768=DIRECTION('',(0.,0.,1.));
#769=VECTOR('',#768,3.1);
#770=LINE('',#767,#769);
#771=EDGE_CURVE('',#764,#766,#770,.T.);
#772=ORIENTED_EDGE('',*,*,#771,.F.);
#773=CARTESIAN_POINT('',(13.175,-31.05,1.786691565));
#774=DIRECTION('',(0.,1.,0.));
#775=VECTOR('',#774,1.75);
#776=LINE('',#773,#775);
#777=EDGE_CURVE('',#764,#83,#776,.T.);
#778=ORIENTED_EDGE('',*,*,#777,.T.);
#779=ORIENTED_EDGE('',*,*,#88,.T.);
#780=CARTESIAN_POINT('',(13.175,-29.3,4.886691565));
#781=DIRECTION('',(-0.,-1.,-0.));
#782=VECTOR('',#781,1.75);
#783=LINE('',#780,#782);
#784=EDGE_CURVE('',#75,#766,#783,.T.);
#785=ORIENTED_EDGE('',*,*,#784,.T.);
#786=EDGE_LOOP('',(#772,#778,#779,#785));
#787=FACE_BOUND('',#786,.T.);
#788=ADVANCED_FACE('',(#787),#762,.F.);
#789=CARTESIAN_POINT('',(-104.25,-31.05,1.386691565));
#790=DIRECTION('',(0.,1.,0.));
#791=DIRECTION('',(0.,0.,1.));
#792=AXIS2_PLACEMENT_3D('',#789,#790,#791);
#793=PLANE('',#792);
#794=CARTESIAN_POINT('',(12.,-31.05,1.786691565));
#795=VERTEX_POINT('',#794);
#796=CARTESIAN_POINT('',(12.,-31.05,4.886691565));
#797=VERTEX_POINT('',#796);
#798=CARTESIAN_POINT('',(12.,-31.05,1.786691565));
#799=DIRECTION('',(0.,-0.,1.));
#800=VECTOR('',#799,3.1);
#801=LINE('',#798,#800);
#802=EDGE_CURVE('',#795,#797,#801,.T.);
#803=ORIENTED_EDGE('',*,*,#802,.F.);
#804=CARTESIAN_POINT('',(12.,-31.05,1.786691565));
#805=DIRECTION('',(1.,0.,-0.));
#806=VECTOR('',#805,1.175);
#807=LINE('',#804,#806);
#808=EDGE_CURVE('',#795,#764,#807,.T.);
#809=ORIENTED_EDGE('',*,*,#808,.T.);
#810=ORIENTED_EDGE('',*,*,#771,.T.);
#811=CARTESIAN_POINT('',(13.175,-31.05,4.886691565));
#812=DIRECTION('',(-1.,-0.,-0.));
#813=VECTOR('',#812,1.175);
#814=LINE('',#811,#813);
#815=EDGE_CURVE('',#766,#797,#814,.T.);
#816=ORIENTED_EDGE('',*,*,#815,.T.);
#817=EDGE_LOOP('',(#803,#809,#810,#816));
#818=FACE_BOUND('',#817,.T.);
#819=ADVANCED_FACE('',(#818),#793,.F.);
#820=CARTESIAN_POINT('',(12.,85.2,1.386691565));
#821=DIRECTION('',(-1.,0.,0.));
#822=DIRECTION('',(0.,0.,1.));
#823=AXIS2_PLACEMENT_3D('',#820,#821,#822);
#824=PLANE('',#823);
#825=ORIENTED_EDGE('',*,*,#144,.F.);
#826=CARTESIAN_POINT('',(12.,-45.15,1.786691565));
#827=DIRECTION('',(0.,1.,0.));
#828=VECTOR('',#827,14.1);
#829=LINE('',#826,#828);
#830=EDGE_CURVE('',#131,#795,#829,.T.);
#831=ORIENTED_EDGE('',*,*,#830,.T.);
#832=ORIENTED_EDGE('',*,*,#802,.T.);
#833=CARTESIAN_POINT('',(12.,-31.05,4.886691565));
#834=DIRECTION('',(-0.,-1.,-0.));
#835=VECTOR('',#834,14.1);
#836=LINE('',#833,#835);
#837=EDGE_CURVE('',#797,#139,#836,.T.);
#838=ORIENTED_EDGE('',*,*,#837,.T.);
#839=EDGE_LOOP('',(#825,#831,#832,#838));
#840=FACE_BOUND('',#839,.T.);
#841=ADVANCED_FACE('',(#840),#824,.F.);
#842=CARTESIAN_POINT('',(-104.25,-45.15,1.386691565));
#843=DIRECTION('',(0.,-1.,0.));
#844=DIRECTION('',(0.,0.,-1.));
#845=AXIS2_PLACEMENT_3D('',#842,#843,#844);
#846=PLANE('',#845);
#847=CARTESIAN_POINT('',(27.687132457,-45.15,1.786691565));
#848=VERTEX_POINT('',#847);
#849=CARTESIAN_POINT('',(27.687132457,-45.15,4.886691565));
#850=VERTEX_POINT('',#849);
#851=CARTESIAN_POINT('',(27.687132457,-45.15,1.786691565));
#852=DIRECTION('',(-0.,-0.,1.));
#853=VECTOR('',#852,3.1);
#854=LINE('',#851,#853);
#855=EDGE_CURVE('',#848,#850,#854,.T.);
#856=ORIENTED_EDGE('',*,*,#855,.F.);
#857=CARTESIAN_POINT('',(27.687132457,-45.15,1.786691565));
#858=DIRECTION('',(-1.,0.,0.));
#859=VECTOR('',#858,6.162132457);
#860=LINE('',#857,#859);
#861=EDGE_CURVE('',#848,#155,#860,.T.);
#862=ORIENTED_EDGE('',*,*,#861,.T.);
#863=ORIENTED_EDGE('',*,*,#160,.T.);
#864=CARTESIAN_POINT('',(21.525,-45.15,4.886691565));
#865=DIRECTION('',(1.,0.,-0.));
#866=VECTOR('',#865,6.162132457);
#867=LINE('',#864,#866);
#868=EDGE_CURVE('',#147,#850,#867,.T.);
#869=ORIENTED_EDGE('',*,*,#868,.T.);
#870=EDGE_LOOP('',(#856,#862,#863,#869));
#871=FACE_BOUND('',#870,.T.);
#872=ADVANCED_FACE('',(#871),#846,.F.);
#873=CARTESIAN_POINT('',(-104.25,-45.15,1.386691565));
#874=DIRECTION('',(0.,-1.,0.));
#875=DIRECTION('',(0.,0.,-1.));
#876=AXIS2_PLACEMENT_3D('',#873,#874,#875);
#877=PLANE('',#876);
#878=CARTESIAN_POINT('',(31.05,-45.15,1.786691565));
#879=VERTEX_POINT('',#878);
#880=CARTESIAN_POINT('',(31.05,-45.15,4.886691565));
#881=VERTEX_POINT('',#880);
#882=CARTESIAN_POINT('',(31.05,-45.15,1.786691565));
#883=DIRECTION('',(-0.,-0.,1.));
#884=VECTOR('',#883,3.1);
#885=LINE('',#882,#884);
#886=EDGE_CURVE('',#879,#881,#885,.T.);
#887=ORIENTED_EDGE('',*,*,#886,.F.);
#888=CARTESIAN_POINT('',(31.05,-45.15,1.786691565));
#889=DIRECTION('',(-1.,0.,0.));
#890=VECTOR('',#889,3.362867543);
#891=LINE('',#888,#890);
#892=EDGE_CURVE('',#879,#848,#891,.T.);
#893=ORIENTED_EDGE('',*,*,#892,.T.);
#894=ORIENTED_EDGE('',*,*,#855,.T.);
#895=CARTESIAN_POINT('',(27.687132457,-45.15,4.886691565));
#896=DIRECTION('',(1.,0.,0.));
#897=VECTOR('',#896,3.362867543);
#898=LINE('',#895,#897);
#899=EDGE_CURVE('',#850,#881,#898,.T.);
#900=ORIENTED_EDGE('',*,*,#899,.T.);
#901=EDGE_LOOP('',(#887,#893,#894,#900));
#902=FACE_BOUND('',#901,.T.);
#903=ADVANCED_FACE('',(#902),#877,.F.);
#904=CARTESIAN_POINT('',(-104.25,-45.15,1.386691565));
#905=DIRECTION('',(0.,-1.,0.));
#906=DIRECTION('',(0.,0.,-1.));
#907=AXIS2_PLACEMENT_3D('',#904,#905,#906);
#908=PLANE('',#907);
#909=ORIENTED_EDGE('',*,*,#216,.F.);
#910=CARTESIAN_POINT('',(38.563183954,-45.15,1.786691565));
#911=DIRECTION('',(-1.,0.,0.));
#912=VECTOR('',#911,7.513183954);
#913=LINE('',#910,#912);
#914=EDGE_CURVE('',#203,#879,#913,.T.);
#915=ORIENTED_EDGE('',*,*,#914,.T.);
#916=ORIENTED_EDGE('',*,*,#886,.T.);
#917=CARTESIAN_POINT('',(31.05,-45.15,4.886691565));
#918=DIRECTION('',(1.,0.,-0.));
#919=VECTOR('',#918,7.513183954);
#920=LINE('',#917,#919);
#921=EDGE_CURVE('',#881,#211,#920,.T.);
#922=ORIENTED_EDGE('',*,*,#921,.T.);
#923=EDGE_LOOP('',(#909,#915,#916,#922));
#924=FACE_BOUND('',#923,.T.);
#925=ADVANCED_FACE('',(#924),#908,.F.);
#926=CARTESIAN_POINT('',(45.15,85.2,1.386691565));
#927=DIRECTION('',(1.,0.,0.));
#928=DIRECTION('',(0.,0.,-1.));
#929=AXIS2_PLACEMENT_3D('',#926,#927,#928);
#930=PLANE('',#929);
#931=CARTESIAN_POINT('',(45.15,-31.05,1.786691565));
#932=VERTEX_POINT('',#931);
#933=CARTESIAN_POINT('',(45.15,-31.05,4.886691565));
#934=VERTEX_POINT('',#933);
#935=CARTESIAN_POINT('',(45.15,-31.05,1.786691565));
#936=DIRECTION('',(-0.,-0.,1.));
#937=VECTOR('',#936,3.1);
#938=LINE('',#935,#937);
#939=EDGE_CURVE('',#932,#934,#938,.T.);
#940=ORIENTED_EDGE('',*,*,#939,.F.);
#941=CARTESIAN_POINT('',(45.15,-31.05,1.786691565));
#942=DIRECTION('',(0.,-1.,0.));
#943=VECTOR('',#942,14.1);
#944=LINE('',#941,#943);
#945=EDGE_CURVE('',#932,#227,#944,.T.);
#946=ORIENTED_EDGE('',*,*,#945,.T.);
#947=ORIENTED_EDGE('',*,*,#232,.T.);
#948=CARTESIAN_POINT('',(45.15,-45.15,4.886691565));
#949=DIRECTION('',(-0.,1.,0.));
#950=VECTOR('',#949,14.1);
#951=LINE('',#948,#950);
#952=EDGE_CURVE('',#219,#934,#951,.T.);
#953=ORIENTED_EDGE('',*,*,#952,.T.);
#954=EDGE_LOOP('',(#940,#946,#947,#953));
#955=FACE_BOUND('',#954,.T.);
#956=ADVANCED_FACE('',(#955),#930,.F.);
#957=CARTESIAN_POINT('',(-104.25,-31.05,1.386691565));
#958=DIRECTION('',(0.,1.,0.));
#959=DIRECTION('',(0.,0.,1.));
#960=AXIS2_PLACEMENT_3D('',#957,#958,#959);
#961=PLANE('',#960);
#962=CARTESIAN_POINT('',(43.975,-31.05,1.786691565));
#963=VERTEX_POINT('',#962);
#964=CARTESIAN_POINT('',(43.975,-31.05,4.886691565));
#965=VERTEX_POINT('',#964);
#966=CARTESIAN_POINT('',(43.975,-31.05,1.786691565));
#967=DIRECTION('',(0.,-0.,1.));
#968=VECTOR('',#967,3.1);
#969=LINE('',#966,#968);
#970=EDGE_CURVE('',#963,#965,#969,.T.);
#971=ORIENTED_EDGE('',*,*,#970,.F.);
#972=CARTESIAN_POINT('',(43.975,-31.05,1.786691565));
#973=DIRECTION('',(1.,0.,-0.));
#974=VECTOR('',#973,1.175);
#975=LINE('',#972,#974);
#976=EDGE_CURVE('',#963,#932,#975,.T.);
#977=ORIENTED_EDGE('',*,*,#976,.T.);
#978=ORIENTED_EDGE('',*,*,#939,.T.);
#979=CARTESIAN_POINT('',(45.15,-31.05,4.886691565));
#980=DIRECTION('',(-1.,-0.,-0.));
#981=VECTOR('',#980,1.175);
#982=LINE('',#979,#981);
#983=EDGE_CURVE('',#934,#965,#982,.T.);
#984=ORIENTED_EDGE('',*,*,#983,.T.);
#985=EDGE_LOOP('',(#971,#977,#978,#984));
#986=FACE_BOUND('',#985,.T.);
#987=ADVANCED_FACE('',(#986),#961,.F.);
#988=CARTESIAN_POINT('',(43.975,85.2,1.386691565));
#989=DIRECTION('',(1.,0.,0.));
#990=DIRECTION('',(0.,0.,-1.));
#991=AXIS2_PLACEMENT_3D('',#988,#989,#990);
#992=PLANE('',#991);
#993=ORIENTED_EDGE('',*,*,#288,.F.);
#994=CARTESIAN_POINT('',(43.975,-29.3,1.786691565));
#995=DIRECTION('',(0.,-1.,0.));
#996=VECTOR('',#995,1.75);
#997=LINE('',#994,#996);
#998=EDGE_CURVE('',#275,#963,#997,.T.);
#999=ORIENTED_EDGE('',*,*,#998,.T.);
#1000=ORIENTED_EDGE('',*,*,#970,.T.);
#1001=CARTESIAN_POINT('',(43.975,-31.05,4.886691565));
#1002=DIRECTION('',(-0.,1.,0.));
#1003=VECTOR('',#1002,1.75);
#1004=LINE('',#1001,#1003);
#1005=EDGE_CURVE('',#965,#283,#1004,.T.);
#1006=ORIENTED_EDGE('',*,*,#1005,.T.);
#1007=EDGE_LOOP('',(#993,#999,#1000,#1006));
#1008=FACE_BOUND('',#1007,.T.);
#1009=ADVANCED_FACE('',(#1008),#992,.F.);
#1010=CARTESIAN_POINT('',(-104.25,-31.05,1.386691565));
#1011=DIRECTION('',(0.,1.,0.));
#1012=DIRECTION('',(0.,0.,1.));
#1013=AXIS2_PLACEMENT_3D('',#1010,#1011,#1012);
#1014=PLANE('',#1013);
#1015=CARTESIAN_POINT('',(-26.1,-31.05,1.786691565));
#1016=VERTEX_POINT('',#1015);
#1017=CARTESIAN_POINT('',(-26.1,-31.05,4.886691565));
#1018=VERTEX_POINT('',#1017);
#1019=CARTESIAN_POINT('',(-26.1,-31.05,1.786691565));
#1020=DIRECTION('',(0.,-0.,1.));
#1021=VECTOR('',#1020,3.1);
#1022=LINE('',#1019,#1021);
#1023=EDGE_CURVE('',#1016,#1018,#1022,.T.);
#1024=ORIENTED_EDGE('',*,*,#1023,.F.);
#1025=CARTESIAN_POINT('',(-20.175,-31.05,1.786691565));
#1026=VERTEX_POINT('',#1025);
#1027=CARTESIAN_POINT('',(-26.1,-31.05,1.786691565));
#1028=DIRECTION('',(1.,0.,-0.));
#1029=VECTOR('',#1028,5.925);
#1030=LINE('',#1027,#1029);
#1031=EDGE_CURVE('',#1016,#1026,#1030,.T.);
#1032=ORIENTED_EDGE('',*,*,#1031,.T.);
#1033=CARTESIAN_POINT('',(-20.175,-31.05,4.886691565));
#1034=VERTEX_POINT('',#1033);
#1035=CARTESIAN_POINT('',(-20.175,-31.05,1.786691565));
#1036=DIRECTION('',(0.,-0.,1.));
#1037=VECTOR('',#1036,3.1);
#1038=LINE('',#1035,#1037);
#1039=EDGE_CURVE('',#1026,#1034,#1038,.T.);
#1040=ORIENTED_EDGE('',*,*,#1039,.T.);
#1041=CARTESIAN_POINT('',(-20.175,-31.05,4.886691565));
#1042=DIRECTION('',(-1.,-0.,0.));
#1043=VECTOR('',#1042,5.925);
#1044=LINE('',#1041,#1043);
#1045=EDGE_CURVE('',#1034,#1018,#1044,.T.);
#1046=ORIENTED_EDGE('',*,*,#1045,.T.);
#1047=EDGE_LOOP('',(#1024,#1032,#1040,#1046));
#1048=FACE_BOUND('',#1047,.T.);
#1049=ADVANCED_FACE('',(#1048),#1014,.F.);
#1050=CARTESIAN_POINT('',(-104.25,-31.05,1.386691565));
#1051=DIRECTION('',(0.,1.,0.));
#1052=DIRECTION('',(0.,0.,1.));
#1053=AXIS2_PLACEMENT_3D('',#1050,#1051,#1052);
#1054=PLANE('',#1053);
#1055=CARTESIAN_POINT('',(-32.321089155,-31.05,1.786691565));
#1056=VERTEX_POINT('',#1055);
#1057=CARTESIAN_POINT('',(-32.321089155,-31.05,4.886691565));
#1058=VERTEX_POINT('',#1057);
#1059=CARTESIAN_POINT('',(-32.321089155,-31.05,1.786691565));
#1060=DIRECTION('',(0.,-0.,1.));
#1061=VECTOR('',#1060,3.1);
#1062=LINE('',#1059,#1061);
#1063=EDGE_CURVE('',#1056,#1058,#1062,.T.);
#1064=ORIENTED_EDGE('',*,*,#1063,.F.);
#1065=CARTESIAN_POINT('',(-32.321089155,-31.05,1.786691565));
#1066=DIRECTION('',(1.,0.,-0.));
#1067=VECTOR('',#1066,6.221089155);
#1068=LINE('',#1065,#1067);
#1069=EDGE_CURVE('',#1056,#1016,#1068,.T.);
#1070=ORIENTED_EDGE('',*,*,#1069,.T.);
#1071=ORIENTED_EDGE('',*,*,#1023,.T.);
#1072=CARTESIAN_POINT('',(-26.1,-31.05,4.886691565));
#1073=DIRECTION('',(-1.,-0.,-0.));
#1074=VECTOR('',#1073,6.221089155);
#1075=LINE('',#1072,#1074);
#1076=EDGE_CURVE('',#1018,#1058,#1075,.T.);
#1077=ORIENTED_EDGE('',*,*,#1076,.T.);
#1078=EDGE_LOOP('',(#1064,#1070,#1071,#1077));
#1079=FACE_BOUND('',#1078,.T.);
#1080=ADVANCED_FACE('',(#1079),#1054,.F.);
#1081=CARTESIAN_POINT('',(-104.25,-31.05,1.386691565));
#1082=DIRECTION('',(0.,1.,0.));
#1083=DIRECTION('',(0.,0.,1.));
#1084=AXIS2_PLACEMENT_3D('',#1081,#1082,#1083);
#1085=PLANE('',#1084);
#1086=CARTESIAN_POINT('',(-36.975,-31.05,1.786691565));
#1087=VERTEX_POINT('',#1086);
#1088=CARTESIAN_POINT('',(-36.975,-31.05,4.886691565));
#1089=VERTEX_POINT('',#1088);
#1090=CARTESIAN_POINT('',(-36.975,-31.05,1.786691565));
#1091=DIRECTION('',(0.,-0.,1.));
#1092=VECTOR('',#1091,3.1);
#1093=LINE('',#1090,#1092);
#1094=EDGE_CURVE('',#1087,#1089,#1093,.T.);
#1095=ORIENTED_EDGE('',*,*,#1094,.F.);
#1096=CARTESIAN_POINT('',(-36.975,-31.05,1.786691565));
#1097=DIRECTION('',(1.,0.,-0.));
#1098=VECTOR('',#1097,4.653910845);
#1099=LINE('',#1096,#1098);
#1100=EDGE_CURVE('',#1087,#1056,#1099,.T.);
#1101=ORIENTED_EDGE('',*,*,#1100,.T.);
#1102=ORIENTED_EDGE('',*,*,#1063,.T.);
#1103=CARTESIAN_POINT('',(-32.321089155,-31.05,4.886691565));
#1104=DIRECTION('',(-1.,-0.,0.));
#1105=VECTOR('',#1104,4.653910845);
#1106=LINE('',#1103,#1105);
#1107=EDGE_CURVE('',#1058,#1089,#1106,.T.);
#1108=ORIENTED_EDGE('',*,*,#1107,.T.);
#1109=EDGE_LOOP('',(#1095,#1101,#1102,#1108));
#1110=FACE_BOUND('',#1109,.T.);
#1111=ADVANCED_FACE('',(#1110),#1085,.F.);
#1112=CARTESIAN_POINT('',(-36.975,85.2,1.386691565));
#1113=DIRECTION('',(1.,0.,0.));
#1114=DIRECTION('',(0.,0.,-1.));
#1115=AXIS2_PLACEMENT_3D('',#1112,#1113,#1114);
#1116=PLANE('',#1115);
#1117=ORIENTED_EDGE('',*,*,#360,.F.);
#1118=CARTESIAN_POINT('',(-36.975,-29.3,1.786691565));
#1119=DIRECTION('',(0.,-1.,0.));
#1120=VECTOR('',#1119,1.75);
#1121=LINE('',#1118,#1120);
#1122=EDGE_CURVE('',#347,#1087,#1121,.T.);
#1123=ORIENTED_EDGE('',*,*,#1122,.T.);
#1124=ORIENTED_EDGE('',*,*,#1094,.T.);
#1125=CARTESIAN_POINT('',(-36.975,-31.05,4.886691565));
#1126=DIRECTION('',(-0.,1.,0.));
#1127=VECTOR('',#1126,1.75);
#1128=LINE('',#1125,#1127);
#1129=EDGE_CURVE('',#1089,#355,#1128,.T.);
#1130=ORIENTED_EDGE('',*,*,#1129,.T.);
#1131=EDGE_LOOP('',(#1117,#1123,#1124,#1130));
#1132=FACE_BOUND('',#1131,.T.);
#1133=ADVANCED_FACE('',(#1132),#1116,.F.);
#1134=CARTESIAN_POINT('',(-43.975,85.2,1.386691565));
#1135=DIRECTION('',(-1.,0.,0.));
#1136=DIRECTION('',(0.,0.,1.));
#1137=AXIS2_PLACEMENT_3D('',#1134,#1135,#1136);
#1138=PLANE('',#1137);
#1139=CARTESIAN_POINT('',(-43.975,-31.05,1.786691565));
#1140=VERTEX_POINT('',#1139);
#1141=CARTESIAN_POINT('',(-43.975,-31.05,4.886691565));
#1142=VERTEX_POINT('',#1141);
#1143=CARTESIAN_POINT('',(-43.975,-31.05,1.786691565));
#1144=DIRECTION('',(0.,0.,1.));
#1145=VECTOR('',#1144,3.1);
#1146=LINE('',#1143,#1145);
#1147=EDGE_CURVE('',#1140,#1142,#1146,.T.);
#1148=ORIENTED_EDGE('',*,*,#1147,.F.);
#1149=CARTESIAN_POINT('',(-43.975,-31.05,1.786691565));
#1150=DIRECTION('',(0.,1.,0.));
#1151=VECTOR('',#1150,1.75);
#1152=LINE('',#1149,#1151);
#1153=EDGE_CURVE('',#1140,#371,#1152,.T.);
#1154=ORIENTED_EDGE('',*,*,#1153,.T.);
#1155=ORIENTED_EDGE('',*,*,#376,.T.);
#1156=CARTESIAN_POINT('',(-43.975,-29.3,4.886691565));
#1157=DIRECTION('',(-0.,-1.,-0.));
#1158=VECTOR('',#1157,1.75);
#1159=LINE('',#1156,#1158);
#1160=EDGE_CURVE('',#363,#1142,#1159,.T.);
#1161=ORIENTED_EDGE('',*,*,#1160,.T.);
#1162=EDGE_LOOP('',(#1148,#1154,#1155,#1161));
#1163=FACE_BOUND('',#1162,.T.);
#1164=ADVANCED_FACE('',(#1163),#1138,.F.);
#1165=CARTESIAN_POINT('',(-104.25,-31.05,1.386691565));
#1166=DIRECTION('',(0.,1.,0.));
#1167=DIRECTION('',(0.,0.,1.));
#1168=AXIS2_PLACEMENT_3D('',#1165,#1166,#1167);
#1169=PLANE('',#1168);
#1170=CARTESIAN_POINT('',(-45.15,-31.05,1.786691565));
#1171=VERTEX_POINT('',#1170);
#1172=CARTESIAN_POINT('',(-45.15,-31.05,4.886691565));
#1173=VERTEX_POINT('',#1172);
#1174=CARTESIAN_POINT('',(-45.15,-31.05,1.786691565));
#1175=DIRECTION('',(0.,-0.,1.));
#1176=VECTOR('',#1175,3.1);
#1177=LINE('',#1174,#1176);
#1178=EDGE_CURVE('',#1171,#1173,#1177,.T.);
#1179=ORIENTED_EDGE('',*,*,#1178,.F.);
#1180=CARTESIAN_POINT('',(-45.15,-31.05,1.786691565));
#1181=DIRECTION('',(1.,0.,-0.));
#1182=VECTOR('',#1181,1.175);
#1183=LINE('',#1180,#1182);
#1184=EDGE_CURVE('',#1171,#1140,#1183,.T.);
#1185=ORIENTED_EDGE('',*,*,#1184,.T.);
#1186=ORIENTED_EDGE('',*,*,#1147,.T.);
#1187=CARTESIAN_POINT('',(-43.975,-31.05,4.886691565));
#1188=DIRECTION('',(-1.,-0.,-0.));
#1189=VECTOR('',#1188,1.175);
#1190=LINE('',#1187,#1189);
#1191=EDGE_CURVE('',#1142,#1173,#1190,.T.);
#1192=ORIENTED_EDGE('',*,*,#1191,.T.);
#1193=EDGE_LOOP('',(#1179,#1185,#1186,#1192));
#1194=FACE_BOUND('',#1193,.T.);
#1195=ADVANCED_FACE('',(#1194),#1169,.F.);
#1196=CARTESIAN_POINT('',(-45.15,85.2,1.386691565));
#1197=DIRECTION('',(-1.,0.,0.));
#1198=DIRECTION('',(0.,0.,1.));
#1199=AXIS2_PLACEMENT_3D('',#1196,#1197,#1198);
#1200=PLANE('',#1199);
#1201=ORIENTED_EDGE('',*,*,#432,.F.);
#1202=CARTESIAN_POINT('',(-45.15,-45.15,1.786691565));
#1203=DIRECTION('',(0.,1.,0.));
#1204=VECTOR('',#1203,14.1);
#1205=LINE('',#1202,#1204);
#1206=EDGE_CURVE('',#419,#1171,#1205,.T.);
#1207=ORIENTED_EDGE('',*,*,#1206,.T.);
#1208=ORIENTED_EDGE('',*,*,#1178,.T.);
#1209=CARTESIAN_POINT('',(-45.15,-31.05,4.886691565));
#1210=DIRECTION('',(-0.,-1.,-0.));
#1211=VECTOR('',#1210,14.1);
#1212=LINE('',#1209,#1211);
#1213=EDGE_CURVE('',#1173,#427,#1212,.T.);
#1214=ORIENTED_EDGE('',*,*,#1213,.T.);
#1215=EDGE_LOOP('',(#1201,#1207,#1208,#1214));
#1216=FACE_BOUND('',#1215,.T.);
#1217=ADVANCED_FACE('',(#1216),#1200,.F.);
#1218=CARTESIAN_POINT('',(-104.25,-45.15,1.386691565));
#1219=DIRECTION('',(0.,-1.,0.));
#1220=DIRECTION('',(0.,0.,-1.));
#1221=AXIS2_PLACEMENT_3D('',#1218,#1219,#1220);
#1222=PLANE('',#1221);
#1223=CARTESIAN_POINT('',(-32.321089155,-45.15,1.786691565));
#1224=VERTEX_POINT('',#1223);
#1225=CARTESIAN_POINT('',(-32.321089155,-45.15,4.886691565));
#1226=VERTEX_POINT('',#1225);
#1227=CARTESIAN_POINT('',(-32.321089155,-45.15,1.786691565));
#1228=DIRECTION('',(-0.,-0.,1.));
#1229=VECTOR('',#1228,3.1);
#1230=LINE('',#1227,#1229);
#1231=EDGE_CURVE('',#1224,#1226,#1230,.T.);
#1232=ORIENTED_EDGE('',*,*,#1231,.F.);
#1233=CARTESIAN_POINT('',(-32.321089155,-45.15,1.786691565));
#1234=DIRECTION('',(-1.,0.,0.));
#1235=VECTOR('',#1234,4.934693258);
#1236=LINE('',#1233,#1235);
#1237=EDGE_CURVE('',#1224,#443,#1236,.T.);
#1238=ORIENTED_EDGE('',*,*,#1237,.T.);
#1239=ORIENTED_EDGE('',*,*,#448,.T.);
#1240=CARTESIAN_POINT('',(-37.255782413,-45.15,4.886691565));
#1241=DIRECTION('',(1.,0.,-0.));
#1242=VECTOR('',#1241,4.934693258);
#1243=LINE('',#1240,#1242);
#1244=EDGE_CURVE('',#435,#1226,#1243,.T.);
#1245=ORIENTED_EDGE('',*,*,#1244,.T.);
#1246=EDGE_LOOP('',(#1232,#1238,#1239,#1245));
#1247=FACE_BOUND('',#1246,.T.);
#1248=ADVANCED_FACE('',(#1247),#1222,.F.);
#1249=CARTESIAN_POINT('',(-104.25,-45.15,1.386691565));
#1250=DIRECTION('',(0.,-1.,0.));
#1251=DIRECTION('',(0.,0.,-1.));
#1252=AXIS2_PLACEMENT_3D('',#1249,#1250,#1251);
#1253=PLANE('',#1252);
#1254=CARTESIAN_POINT('',(-26.1,-45.15,1.786691565));
#1255=VERTEX_POINT('',#1254);
#1256=CARTESIAN_POINT('',(-26.1,-45.15,4.886691565));
#1257=VERTEX_POINT('',#1256);
#1258=CARTESIAN_POINT('',(-26.1,-45.15,1.786691565));
#1259=DIRECTION('',(-0.,-0.,1.));
#1260=VECTOR('',#1259,3.1);
#1261=LINE('',#1258,#1260);
#1262=EDGE_CURVE('',#1255,#1257,#1261,.T.);
#1263=ORIENTED_EDGE('',*,*,#1262,.F.);
#1264=CARTESIAN_POINT('',(-26.1,-45.15,1.786691565));
#1265=DIRECTION('',(-1.,0.,0.));
#1266=VECTOR('',#1265,6.221089155);
#1267=LINE('',#1264,#1266);
#1268=EDGE_CURVE('',#1255,#1224,#1267,.T.);
#1269=ORIENTED_EDGE('',*,*,#1268,.T.);
#1270=ORIENTED_EDGE('',*,*,#1231,.T.);
#1271=CARTESIAN_POINT('',(-32.321089155,-45.15,4.886691565));
#1272=DIRECTION('',(1.,0.,0.));
#1273=VECTOR('',#1272,6.221089155);
#1274=LINE('',#1271,#1273);
#1275=EDGE_CURVE('',#1226,#1257,#1274,.T.);
#1276=ORIENTED_EDGE('',*,*,#1275,.T.);
#1277=EDGE_LOOP('',(#1263,#1269,#1270,#1276));
#1278=FACE_BOUND('',#1277,.T.);
#1279=ADVANCED_FACE('',(#1278),#1253,.F.);
#1280=CARTESIAN_POINT('',(-104.25,-45.15,1.386691565));
#1281=DIRECTION('',(0.,-1.,0.));
#1282=DIRECTION('',(0.,0.,-1.));
#1283=AXIS2_PLACEMENT_3D('',#1280,#1281,#1282);
#1284=PLANE('',#1283);
#1285=ORIENTED_EDGE('',*,*,#504,.F.);
#1286=CARTESIAN_POINT('',(-20.159198887,-45.15,1.786691565));
#1287=DIRECTION('',(-1.,0.,0.));
#1288=VECTOR('',#1287,5.940801113);
#1289=LINE('',#1286,#1288);
#1290=EDGE_CURVE('',#491,#1255,#1289,.T.);
#1291=ORIENTED_EDGE('',*,*,#1290,.T.);
#1292=ORIENTED_EDGE('',*,*,#1262,.T.);
#1293=CARTESIAN_POINT('',(-26.1,-45.15,4.886691565));
#1294=DIRECTION('',(1.,0.,-0.));
#1295=VECTOR('',#1294,5.940801113);
#1296=LINE('',#1293,#1295);
#1297=EDGE_CURVE('',#1257,#499,#1296,.T.);
#1298=ORIENTED_EDGE('',*,*,#1297,.T.);
#1299=EDGE_LOOP('',(#1285,#1291,#1292,#1298));
#1300=FACE_BOUND('',#1299,.T.);
#1301=ADVANCED_FACE('',(#1300),#1284,.F.);
#1302=CARTESIAN_POINT('',(-12.,85.2,1.386691565));
#1303=DIRECTION('',(1.,0.,0.));
#1304=DIRECTION('',(0.,0.,-1.));
#1305=AXIS2_PLACEMENT_3D('',#1302,#1303,#1304);
#1306=PLANE('',#1305);
#1307=CARTESIAN_POINT('',(-12.,-31.05,1.786691565));
#1308=VERTEX_POINT('',#1307);
#1309=CARTESIAN_POINT('',(-12.,-31.05,4.886691565));
#1310=VERTEX_POINT('',#1309);
#1311=CARTESIAN_POINT('',(-12.,-31.05,1.786691565));
#1312=DIRECTION('',(-0.,-0.,1.));
#1313=VECTOR('',#1312,3.1);
#1314=LINE('',#1311,#1313);
#1315=EDGE_CURVE('',#1308,#1310,#1314,.T.);
#1316=ORIENTED_EDGE('',*,*,#1315,.F.);
#1317=CARTESIAN_POINT('',(-12.,-31.05,1.786691565));
#1318=DIRECTION('',(0.,-1.,0.));
#1319=VECTOR('',#1318,14.1);
#1320=LINE('',#1317,#1319);
#1321=EDGE_CURVE('',#1308,#515,#1320,.T.);
#1322=ORIENTED_EDGE('',*,*,#1321,.T.);
#1323=ORIENTED_EDGE('',*,*,#520,.T.);
#1324=CARTESIAN_POINT('',(-12.,-45.15,4.886691565));
#1325=DIRECTION('',(-0.,1.,0.));
#1326=VECTOR('',#1325,14.1);
#1327=LINE('',#1324,#1326);
#1328=EDGE_CURVE('',#507,#1310,#1327,.T.);
#1329=ORIENTED_EDGE('',*,*,#1328,.T.);
#1330=EDGE_LOOP('',(#1316,#1322,#1323,#1329));
#1331=FACE_BOUND('',#1330,.T.);
#1332=ADVANCED_FACE('',(#1331),#1306,.F.);
#1333=CARTESIAN_POINT('',(-104.25,-31.05,1.386691565));
#1334=DIRECTION('',(0.,1.,0.));
#1335=DIRECTION('',(0.,0.,1.));
#1336=AXIS2_PLACEMENT_3D('',#1333,#1334,#1335);
#1337=PLANE('',#1336);
#1338=CARTESIAN_POINT('',(-13.175,-31.05,1.786691565));
#1339=VERTEX_POINT('',#1338);
#1340=CARTESIAN_POINT('',(-13.175,-31.05,4.886691565));
#1341=VERTEX_POINT('',#1340);
#1342=CARTESIAN_POINT('',(-13.175,-31.05,1.786691565));
#1343=DIRECTION('',(0.,-0.,1.));
#1344=VECTOR('',#1343,3.1);
#1345=LINE('',#1342,#1344);
#1346=EDGE_CURVE('',#1339,#1341,#1345,.T.);
#1347=ORIENTED_EDGE('',*,*,#1346,.F.);
#1348=CARTESIAN_POINT('',(-13.175,-31.05,1.786691565));
#1349=DIRECTION('',(1.,0.,-0.));
#1350=VECTOR('',#1349,1.175);
#1351=LINE('',#1348,#1350);
#1352=EDGE_CURVE('',#1339,#1308,#1351,.T.);
#1353=ORIENTED_EDGE('',*,*,#1352,.T.);
#1354=ORIENTED_EDGE('',*,*,#1315,.T.);
#1355=CARTESIAN_POINT('',(-12.,-31.05,4.886691565));
#1356=DIRECTION('',(-1.,-0.,-0.));
#1357=VECTOR('',#1356,1.175);
#1358=LINE('',#1355,#1357);
#1359=EDGE_CURVE('',#1310,#1341,#1358,.T.);
#1360=ORIENTED_EDGE('',*,*,#1359,.T.);
#1361=EDGE_LOOP('',(#1347,#1353,#1354,#1360));
#1362=FACE_BOUND('',#1361,.T.);
#1363=ADVANCED_FACE('',(#1362),#1337,.F.);
#1364=CARTESIAN_POINT('',(-13.175,85.2,1.386691565));
#1365=DIRECTION('',(1.,0.,0.));
#1366=DIRECTION('',(0.,0.,-1.));
#1367=AXIS2_PLACEMENT_3D('',#1364,#1365,#1366);
#1368=PLANE('',#1367);
#1369=ORIENTED_EDGE('',*,*,#576,.F.);
#1370=CARTESIAN_POINT('',(-13.175,-29.3,1.786691565));
#1371=DIRECTION('',(0.,-1.,0.));
#1372=VECTOR('',#1371,1.75);
#1373=LINE('',#1370,#1372);
#1374=EDGE_CURVE('',#563,#1339,#1373,.T.);
#1375=ORIENTED_EDGE('',*,*,#1374,.T.);
#1376=ORIENTED_EDGE('',*,*,#1346,.T.);
#1377=CARTESIAN_POINT('',(-13.175,-31.05,4.886691565));
#1378=DIRECTION('',(-0.,1.,0.));
#1379=VECTOR('',#1378,1.75);
#1380=LINE('',#1377,#1379);
#1381=EDGE_CURVE('',#1341,#571,#1380,.T.);
#1382=ORIENTED_EDGE('',*,*,#1381,.T.);
#1383=EDGE_LOOP('',(#1369,#1375,#1376,#1382));
#1384=FACE_BOUND('',#1383,.T.);
#1385=ADVANCED_FACE('',(#1384),#1368,.F.);
#1386=CARTESIAN_POINT('',(-104.25,12.,1.386691565));
#1387=DIRECTION('',(0.,-1.,0.));
#1388=DIRECTION('',(0.,0.,-1.));
#1389=AXIS2_PLACEMENT_3D('',#1386,#1387,#1388);
#1390=PLANE('',#1389);
#1391=CARTESIAN_POINT('',(45.15,12.,1.786691565));
#1392=VERTEX_POINT('',#1391);
#1393=CARTESIAN_POINT('',(45.15,12.,4.886691565));
#1394=VERTEX_POINT('',#1393);
#1395=CARTESIAN_POINT('',(45.15,12.,1.786691565));
#1396=DIRECTION('',(-0.,-0.,1.));
#1397=VECTOR('',#1396,3.1);
#1398=LINE('',#1395,#1397);
#1399=EDGE_CURVE('',#1392,#1394,#1398,.T.);
#1400=ORIENTED_EDGE('',*,*,#1399,.F.);
#1401=CARTESIAN_POINT('',(31.05,12.,1.786691565));
#1402=VERTEX_POINT('',#1401);
#1403=CARTESIAN_POINT('',(45.15,12.,1.786691565));
#1404=DIRECTION('',(-1.,0.,0.));
#1405=VECTOR('',#1404,14.1);
#1406=LINE('',#1403,#1405);
#1407=EDGE_CURVE('',#1392,#1402,#1406,.T.);
#1408=ORIENTED_EDGE('',*,*,#1407,.T.);
#1409=CARTESIAN_POINT('',(31.05,12.,4.886691565));
#1410=VERTEX_POINT('',#1409);
#1411=CARTESIAN_POINT('',(31.05,12.,1.786691565));
#1412=DIRECTION('',(-0.,-0.,1.));
#1413=VECTOR('',#1412,3.1);
#1414=LINE('',#1411,#1413);
#1415=EDGE_CURVE('',#1402,#1410,#1414,.T.);
#1416=ORIENTED_EDGE('',*,*,#1415,.T.);
#1417=CARTESIAN_POINT('',(31.05,12.,4.886691565));
#1418=DIRECTION('',(1.,0.,0.));
#1419=VECTOR('',#1418,14.1);
#1420=LINE('',#1417,#1419);
#1421=EDGE_CURVE('',#1410,#1394,#1420,.T.);
#1422=ORIENTED_EDGE('',*,*,#1421,.T.);
#1423=EDGE_LOOP('',(#1400,#1408,#1416,#1422));
#1424=FACE_BOUND('',#1423,.T.);
#1425=ADVANCED_FACE('',(#1424),#1390,.F.);
#1426=CARTESIAN_POINT('',(45.15,85.2,1.386691565));
#1427=DIRECTION('',(1.,0.,0.));
#1428=DIRECTION('',(0.,0.,-1.));
#1429=AXIS2_PLACEMENT_3D('',#1426,#1427,#1428);
#1430=PLANE('',#1429);
#1431=CARTESIAN_POINT('',(45.15,26.1,1.786691565));
#1432=VERTEX_POINT('',#1431);
#1433=CARTESIAN_POINT('',(45.15,26.1,4.886691565));
#1434=VERTEX_POINT('',#1433);
#1435=CARTESIAN_POINT('',(45.15,26.1,1.786691565));
#1436=DIRECTION('',(-0.,-0.,1.));
#1437=VECTOR('',#1436,3.1);
#1438=LINE('',#1435,#1437);
#1439=EDGE_CURVE('',#1432,#1434,#1438,.T.);
#1440=ORIENTED_EDGE('',*,*,#1439,.F.);
#1441=CARTESIAN_POINT('',(45.15,26.1,1.786691565));
#1442=DIRECTION('',(0.,-1.,0.));
#1443=VECTOR('',#1442,14.1);
#1444=LINE('',#1441,#1443);
#1445=EDGE_CURVE('',#1432,#1392,#1444,.T.);
#1446=ORIENTED_EDGE('',*,*,#1445,.T.);
#1447=ORIENTED_EDGE('',*,*,#1399,.T.);
#1448=CARTESIAN_POINT('',(45.15,12.,4.886691565));
#1449=DIRECTION('',(-0.,1.,0.));
#1450=VECTOR('',#1449,14.1);
#1451=LINE('',#1448,#1450);
#1452=EDGE_CURVE('',#1394,#1434,#1451,.T.);
#1453=ORIENTED_EDGE('',*,*,#1452,.T.);
#1454=EDGE_LOOP('',(#1440,#1446,#1447,#1453));
#1455=FACE_BOUND('',#1454,.T.);
#1456=ADVANCED_FACE('',(#1455),#1430,.F.);
#1457=CARTESIAN_POINT('',(-104.25,26.1,1.386691565));
#1458=DIRECTION('',(0.,1.,0.));
#1459=DIRECTION('',(0.,0.,1.));
#1460=AXIS2_PLACEMENT_3D('',#1457,#1458,#1459);
#1461=PLANE('',#1460);
#1462=CARTESIAN_POINT('',(31.05,26.1,1.786691565));
#1463=VERTEX_POINT('',#1462);
#1464=CARTESIAN_POINT('',(31.05,26.1,4.886691565));
#1465=VERTEX_POINT('',#1464);
#1466=CARTESIAN_POINT('',(31.05,26.1,1.786691565));
#1467=DIRECTION('',(0.,-0.,1.));
#1468=VECTOR('',#1467,3.1);
#1469=LINE('',#1466,#1468);
#1470=EDGE_CURVE('',#1463,#1465,#1469,.T.);
#1471=ORIENTED_EDGE('',*,*,#1470,.F.);
#1472=CARTESIAN_POINT('',(31.05,26.1,1.786691565));
#1473=DIRECTION('',(1.,0.,-0.));
#1474=VECTOR('',#1473,14.1);
#1475=LINE('',#1472,#1474);
#1476=EDGE_CURVE('',#1463,#1432,#1475,.T.);
#1477=ORIENTED_EDGE('',*,*,#1476,.T.);
#1478=ORIENTED_EDGE('',*,*,#1439,.T.);
#1479=CARTESIAN_POINT('',(45.15,26.1,4.886691565));
#1480=DIRECTION('',(-1.,-0.,-0.));
#1481=VECTOR('',#1480,14.1);
#1482=LINE('',#1479,#1481);
#1483=EDGE_CURVE('',#1434,#1465,#1482,.T.);
#1484=ORIENTED_EDGE('',*,*,#1483,.T.);
#1485=EDGE_LOOP('',(#1471,#1477,#1478,#1484));
#1486=FACE_BOUND('',#1485,.T.);
#1487=ADVANCED_FACE('',(#1486),#1461,.F.);
#1488=CARTESIAN_POINT('',(-104.25,12.,1.386691565));
#1489=DIRECTION('',(0.,-1.,0.));
#1490=DIRECTION('',(0.,0.,-1.));
#1491=AXIS2_PLACEMENT_3D('',#1488,#1489,#1490);
#1492=PLANE('',#1491);
#1493=CARTESIAN_POINT('',(26.1,12.,1.786691565));
#1494=VERTEX_POINT('',#1493);
#1495=CARTESIAN_POINT('',(26.1,12.,4.886691565));
#1496=VERTEX_POINT('',#1495);
#1497=CARTESIAN_POINT('',(26.1,12.,1.786691565));
#1498=DIRECTION('',(-0.,-0.,1.));
#1499=VECTOR('',#1498,3.1);
#1500=LINE('',#1497,#1499);
#1501=EDGE_CURVE('',#1494,#1496,#1500,.T.);
#1502=ORIENTED_EDGE('',*,*,#1501,.F.);
#1503=CARTESIAN_POINT('',(12.,12.,1.786691565));
#1504=VERTEX_POINT('',#1503);
#1505=CARTESIAN_POINT('',(26.1,12.,1.786691565));
#1506=DIRECTION('',(-1.,0.,0.));
#1507=VECTOR('',#1506,14.1);
#1508=LINE('',#1505,#1507);
#1509=EDGE_CURVE('',#1494,#1504,#1508,.T.);
#1510=ORIENTED_EDGE('',*,*,#1509,.T.);
#1511=CARTESIAN_POINT('',(12.,12.,4.886691565));
#1512=VERTEX_POINT('',#1511);
#1513=CARTESIAN_POINT('',(12.,12.,1.786691565));
#1514=DIRECTION('',(-0.,-0.,1.));
#1515=VECTOR('',#1514,3.1);
#1516=LINE('',#1513,#1515);
#1517=EDGE_CURVE('',#1504,#1512,#1516,.T.);
#1518=ORIENTED_EDGE('',*,*,#1517,.T.);
#1519=CARTESIAN_POINT('',(12.,12.,4.886691565));
#1520=DIRECTION('',(1.,0.,0.));
#1521=VECTOR('',#1520,14.1);
#1522=LINE('',#1519,#1521);
#1523=EDGE_CURVE('',#1512,#1496,#1522,.T.);
#1524=ORIENTED_EDGE('',*,*,#1523,.T.);
#1525=EDGE_LOOP('',(#1502,#1510,#1518,#1524));
#1526=FACE_BOUND('',#1525,.T.);
#1527=ADVANCED_FACE('',(#1526),#1492,.F.);
#1528=CARTESIAN_POINT('',(26.1,85.2,1.386691565));
#1529=DIRECTION('',(1.,0.,0.));
#1530=DIRECTION('',(0.,0.,-1.));
#1531=AXIS2_PLACEMENT_3D('',#1528,#1529,#1530);
#1532=PLANE('',#1531);
#1533=CARTESIAN_POINT('',(26.1,26.1,1.786691565));
#1534=VERTEX_POINT('',#1533);
#1535=CARTESIAN_POINT('',(26.1,26.1,4.886691565));
#1536=VERTEX_POINT('',#1535);
#1537=CARTESIAN_POINT('',(26.1,26.1,1.786691565));
#1538=DIRECTION('',(-0.,-0.,1.));
#1539=VECTOR('',#1538,3.1);
#1540=LINE('',#1537,#1539);
#1541=EDGE_CURVE('',#1534,#1536,#1540,.T.);
#1542=ORIENTED_EDGE('',*,*,#1541,.F.);
#1543=CARTESIAN_POINT('',(26.1,26.1,1.786691565));
#1544=DIRECTION('',(0.,-1.,0.));
#1545=VECTOR('',#1544,14.1);
#1546=LINE('',#1543,#1545);
#1547=EDGE_CURVE('',#1534,#1494,#1546,.T.);
#1548=ORIENTED_EDGE('',*,*,#1547,.T.);
#1549=ORIENTED_EDGE('',*,*,#1501,.T.);
#1550=CARTESIAN_POINT('',(26.1,12.,4.886691565));
#1551=DIRECTION('',(-0.,1.,0.));
#1552=VECTOR('',#1551,14.1);
#1553=LINE('',#1550,#1552);
#1554=EDGE_CURVE('',#1496,#1536,#1553,.T.);
#1555=ORIENTED_EDGE('',*,*,#1554,.T.);
#1556=EDGE_LOOP('',(#1542,#1548,#1549,#1555));
#1557=FACE_BOUND('',#1556,.T.);
#1558=ADVANCED_FACE('',(#1557),#1532,.F.);
#1559=CARTESIAN_POINT('',(-104.25,26.1,1.386691565));
#1560=DIRECTION('',(0.,1.,0.));
#1561=DIRECTION('',(0.,0.,1.));
#1562=AXIS2_PLACEMENT_3D('',#1559,#1560,#1561);
#1563=PLANE('',#1562);
#1564=CARTESIAN_POINT('',(12.,26.1,1.786691565));
#1565=VERTEX_POINT('',#1564);
#1566=CARTESIAN_POINT('',(12.,26.1,4.886691565));
#1567=VERTEX_POINT('',#1566);
#1568=CARTESIAN_POINT('',(12.,26.1,1.786691565));
#1569=DIRECTION('',(0.,-0.,1.));
#1570=VECTOR('',#1569,3.1);
#1571=LINE('',#1568,#1570);
#1572=EDGE_CURVE('',#1565,#1567,#1571,.T.);
#1573=ORIENTED_EDGE('',*,*,#1572,.F.);
#1574=CARTESIAN_POINT('',(12.,26.1,1.786691565));
#1575=DIRECTION('',(1.,0.,-0.));
#1576=VECTOR('',#1575,14.1);
#1577=LINE('',#1574,#1576);
#1578=EDGE_CURVE('',#1565,#1534,#1577,.T.);
#1579=ORIENTED_EDGE('',*,*,#1578,.T.);
#1580=ORIENTED_EDGE('',*,*,#1541,.T.);
#1581=CARTESIAN_POINT('',(26.1,26.1,4.886691565));
#1582=DIRECTION('',(-1.,-0.,-0.));
#1583=VECTOR('',#1582,14.1);
#1584=LINE('',#1581,#1583);
#1585=EDGE_CURVE('',#1536,#1567,#1584,.T.);
#1586=ORIENTED_EDGE('',*,*,#1585,.T.);
#1587=EDGE_LOOP('',(#1573,#1579,#1580,#1586));
#1588=FACE_BOUND('',#1587,.T.);
#1589=ADVANCED_FACE('',(#1588),#1563,.F.);
#1590=CARTESIAN_POINT('',(-104.25,12.,1.386691565));
#1591=DIRECTION('',(0.,-1.,0.));
#1592=DIRECTION('',(0.,0.,-1.));
#1593=AXIS2_PLACEMENT_3D('',#1590,#1591,#1592);
#1594=PLANE('',#1593);
#1595=CARTESIAN_POINT('',(7.05,12.,1.786691565));
#1596=VERTEX_POINT('',#1595);
#1597=CARTESIAN_POINT('',(7.05,12.,4.886691565));
#1598=VERTEX_POINT('',#1597);
#1599=CARTESIAN_POINT('',(7.05,12.,1.786691565));
#1600=DIRECTION('',(-0.,-0.,1.));
#1601=VECTOR('',#1600,3.1);
#1602=LINE('',#1599,#1601);
#1603=EDGE_CURVE('',#1596,#1598,#1602,.T.);
#1604=ORIENTED_EDGE('',*,*,#1603,.F.);
#1605=CARTESIAN_POINT('',(-7.05,12.,1.786691565));
#1606=VERTEX_POINT('',#1605);
#1607=CARTESIAN_POINT('',(7.05,12.,1.786691565));
#1608=DIRECTION('',(-1.,0.,0.));
#1609=VECTOR('',#1608,14.1);
#1610=LINE('',#1607,#1609);
#1611=EDGE_CURVE('',#1596,#1606,#1610,.T.);
#1612=ORIENTED_EDGE('',*,*,#1611,.T.);
#1613=CARTESIAN_POINT('',(-7.05,12.,4.886691565));
#1614=VERTEX_POINT('',#1613);
#1615=CARTESIAN_POINT('',(-7.05,12.,1.786691565));
#1616=DIRECTION('',(-0.,-0.,1.));
#1617=VECTOR('',#1616,3.1);
#1618=LINE('',#1615,#1617);
#1619=EDGE_CURVE('',#1606,#1614,#1618,.T.);
#1620=ORIENTED_EDGE('',*,*,#1619,.T.);
#1621=CARTESIAN_POINT('',(-7.05,12.,4.886691565));
#1622=DIRECTION('',(1.,0.,0.));
#1623=VECTOR('',#1622,14.1);
#1624=LINE('',#1621,#1623);
#1625=EDGE_CURVE('',#1614,#1598,#1624,.T.);
#1626=ORIENTED_EDGE('',*,*,#1625,.T.);
#1627=EDGE_LOOP('',(#1604,#1612,#1620,#1626));
#1628=FACE_BOUND('',#1627,.T.);
#1629=ADVANCED_FACE('',(#1628),#1594,.F.);
#1630=CARTESIAN_POINT('',(7.05,85.2,1.386691565));
#1631=DIRECTION('',(1.,0.,0.));
#1632=DIRECTION('',(0.,0.,-1.));
#1633=AXIS2_PLACEMENT_3D('',#1630,#1631,#1632);
#1634=PLANE('',#1633);
#1635=CARTESIAN_POINT('',(7.05,26.1,1.786691565));
#1636=VERTEX_POINT('',#1635);
#1637=CARTESIAN_POINT('',(7.05,26.1,4.886691565));
#1638=VERTEX_POINT('',#1637);
#1639=CARTESIAN_POINT('',(7.05,26.1,1.786691565));
#1640=DIRECTION('',(-0.,-0.,1.));
#1641=VECTOR('',#1640,3.1);
#1642=LINE('',#1639,#1641);
#1643=EDGE_CURVE('',#1636,#1638,#1642,.T.);
#1644=ORIENTED_EDGE('',*,*,#1643,.F.);
#1645=CARTESIAN_POINT('',(7.05,26.1,1.786691565));
#1646=DIRECTION('',(0.,-1.,0.));
#1647=VECTOR('',#1646,14.1);
#1648=LINE('',#1645,#1647);
#1649=EDGE_CURVE('',#1636,#1596,#1648,.T.);
#1650=ORIENTED_EDGE('',*,*,#1649,.T.);
#1651=ORIENTED_EDGE('',*,*,#1603,.T.);
#1652=CARTESIAN_POINT('',(7.05,12.,4.886691565));
#1653=DIRECTION('',(-0.,1.,0.));
#1654=VECTOR('',#1653,14.1);
#1655=LINE('',#1652,#1654);
#1656=EDGE_CURVE('',#1598,#1638,#1655,.T.);
#1657=ORIENTED_EDGE('',*,*,#1656,.T.);
#1658=EDGE_LOOP('',(#1644,#1650,#1651,#1657));
#1659=FACE_BOUND('',#1658,.T.);
#1660=ADVANCED_FACE('',(#1659),#1634,.F.);
#1661=CARTESIAN_POINT('',(-104.25,26.1,1.386691565));
#1662=DIRECTION('',(0.,1.,0.));
#1663=DIRECTION('',(0.,0.,1.));
#1664=AXIS2_PLACEMENT_3D('',#1661,#1662,#1663);
#1665=PLANE('',#1664);
#1666=CARTESIAN_POINT('',(-7.05,26.1,1.786691565));
#1667=VERTEX_POINT('',#1666);
#1668=CARTESIAN_POINT('',(-7.05,26.1,4.886691565));
#1669=VERTEX_POINT('',#1668);
#1670=CARTESIAN_POINT('',(-7.05,26.1,1.786691565));
#1671=DIRECTION('',(0.,-0.,1.));
#1672=VECTOR('',#1671,3.1);
#1673=LINE('',#1670,#1672);
#1674=EDGE_CURVE('',#1667,#1669,#1673,.T.);
#1675=ORIENTED_EDGE('',*,*,#1674,.F.);
#1676=CARTESIAN_POINT('',(-7.05,26.1,1.786691565));
#1677=DIRECTION('',(1.,0.,-0.));
#1678=VECTOR('',#1677,14.1);
#1679=LINE('',#1676,#1678);
#1680=EDGE_CURVE('',#1667,#1636,#1679,.T.);
#1681=ORIENTED_EDGE('',*,*,#1680,.T.);
#1682=ORIENTED_EDGE('',*,*,#1643,.T.);
#1683=CARTESIAN_POINT('',(7.05,26.1,4.886691565));
#1684=DIRECTION('',(-1.,-0.,-0.));
#1685=VECTOR('',#1684,14.1);
#1686=LINE('',#1683,#1685);
#1687=EDGE_CURVE('',#1638,#1669,#1686,.T.);
#1688=ORIENTED_EDGE('',*,*,#1687,.T.);
#1689=EDGE_LOOP('',(#1675,#1681,#1682,#1688));
#1690=FACE_BOUND('',#1689,.T.);
#1691=ADVANCED_FACE('',(#1690),#1665,.F.);
#1692=CARTESIAN_POINT('',(-104.25,12.,1.386691565));
#1693=DIRECTION('',(0.,-1.,0.));
#1694=DIRECTION('',(0.,0.,-1.));
#1695=AXIS2_PLACEMENT_3D('',#1692,#1693,#1694);
#1696=PLANE('',#1695);
#1697=CARTESIAN_POINT('',(-12.,12.,1.786691565));
#1698=VERTEX_POINT('',#1697);
#1699=CARTESIAN_POINT('',(-12.,12.,4.886691565));
#1700=VERTEX_POINT('',#1699);
#1701=CARTESIAN_POINT('',(-12.,12.,1.786691565));
#1702=DIRECTION('',(-0.,-0.,1.));
#1703=VECTOR('',#1702,3.1);
#1704=LINE('',#1701,#1703);
#1705=EDGE_CURVE('',#1698,#1700,#1704,.T.);
#1706=ORIENTED_EDGE('',*,*,#1705,.F.);
#1707=CARTESIAN_POINT('',(-26.1,12.,1.786691565));
#1708=VERTEX_POINT('',#1707);
#1709=CARTESIAN_POINT('',(-12.,12.,1.786691565));
#1710=DIRECTION('',(-1.,0.,0.));
#1711=VECTOR('',#1710,14.1);
#1712=LINE('',#1709,#1711);
#1713=EDGE_CURVE('',#1698,#1708,#1712,.T.);
#1714=ORIENTED_EDGE('',*,*,#1713,.T.);
#1715=CARTESIAN_POINT('',(-26.1,12.,4.886691565));
#1716=VERTEX_POINT('',#1715);
#1717=CARTESIAN_POINT('',(-26.1,12.,1.786691565));
#1718=DIRECTION('',(-0.,-0.,1.));
#1719=VECTOR('',#1718,3.1);
#1720=LINE('',#1717,#1719);
#1721=EDGE_CURVE('',#1708,#1716,#1720,.T.);
#1722=ORIENTED_EDGE('',*,*,#1721,.T.);
#1723=CARTESIAN_POINT('',(-26.1,12.,4.886691565));
#1724=DIRECTION('',(1.,0.,0.));
#1725=VECTOR('',#1724,14.1);
#1726=LINE('',#1723,#1725);
#1727=EDGE_CURVE('',#1716,#1700,#1726,.T.);
#1728=ORIENTED_EDGE('',*,*,#1727,.T.);
#1729=EDGE_LOOP('',(#1706,#1714,#1722,#1728));
#1730=FACE_BOUND('',#1729,.T.);
#1731=ADVANCED_FACE('',(#1730),#1696,.F.);
#1732=CARTESIAN_POINT('',(-12.,85.2,1.386691565));
#1733=DIRECTION('',(1.,0.,0.));
#1734=DIRECTION('',(0.,0.,-1.));
#1735=AXIS2_PLACEMENT_3D('',#1732,#1733,#1734);
#1736=PLANE('',#1735);
#1737=CARTESIAN_POINT('',(-12.,26.1,1.786691565));
#1738=VERTEX_POINT('',#1737);
#1739=CARTESIAN_POINT('',(-12.,26.1,4.886691565));
#1740=VERTEX_POINT('',#1739);
#1741=CARTESIAN_POINT('',(-12.,26.1,1.786691565));
#1742=DIRECTION('',(-0.,-0.,1.));
#1743=VECTOR('',#1742,3.1);
#1744=LINE('',#1741,#1743);
#1745=EDGE_CURVE('',#1738,#1740,#1744,.T.);
#1746=ORIENTED_EDGE('',*,*,#1745,.F.);
#1747=CARTESIAN_POINT('',(-12.,26.1,1.786691565));
#1748=DIRECTION('',(0.,-1.,0.));
#1749=VECTOR('',#1748,14.1);
#1750=LINE('',#1747,#1749);
#1751=EDGE_CURVE('',#1738,#1698,#1750,.T.);
#1752=ORIENTED_EDGE('',*,*,#1751,.T.);
#1753=ORIENTED_EDGE('',*,*,#1705,.T.);
#1754=CARTESIAN_POINT('',(-12.,12.,4.886691565));
#1755=DIRECTION('',(-0.,1.,0.));
#1756=VECTOR('',#1755,14.1);
#1757=LINE('',#1754,#1756);
#1758=EDGE_CURVE('',#1700,#1740,#1757,.T.);
#1759=ORIENTED_EDGE('',*,*,#1758,.T.);
#1760=EDGE_LOOP('',(#1746,#1752,#1753,#1759));
#1761=FACE_BOUND('',#1760,.T.);
#1762=ADVANCED_FACE('',(#1761),#1736,.F.);
#1763=CARTESIAN_POINT('',(-104.25,26.1,1.386691565));
#1764=DIRECTION('',(0.,1.,0.));
#1765=DIRECTION('',(0.,0.,1.));
#1766=AXIS2_PLACEMENT_3D('',#1763,#1764,#1765);
#1767=PLANE('',#1766);
#1768=CARTESIAN_POINT('',(-26.1,26.1,1.786691565));
#1769=VERTEX_POINT('',#1768);
#1770=CARTESIAN_POINT('',(-26.1,26.1,4.886691565));
#1771=VERTEX_POINT('',#1770);
#1772=CARTESIAN_POINT('',(-26.1,26.1,1.786691565));
#1773=DIRECTION('',(0.,-0.,1.));
#1774=VECTOR('',#1773,3.1);
#1775=LINE('',#1772,#1774);
#1776=EDGE_CURVE('',#1769,#1771,#1775,.T.);
#1777=ORIENTED_EDGE('',*,*,#1776,.F.);
#1778=CARTESIAN_POINT('',(-26.1,26.1,1.786691565));
#1779=DIRECTION('',(1.,0.,-0.));
#1780=VECTOR('',#1779,14.1);
#1781=LINE('',#1778,#1780);
#1782=EDGE_CURVE('',#1769,#1738,#1781,.T.);
#1783=ORIENTED_EDGE('',*,*,#1782,.T.);
#1784=ORIENTED_EDGE('',*,*,#1745,.T.);
#1785=CARTESIAN_POINT('',(-12.,26.1,4.886691565));
#1786=DIRECTION('',(-1.,-0.,-0.));
#1787=VECTOR('',#1786,14.1);
#1788=LINE('',#1785,#1787);
#1789=EDGE_CURVE('',#1740,#1771,#1788,.T.);
#1790=ORIENTED_EDGE('',*,*,#1789,.T.);
#1791=EDGE_LOOP('',(#1777,#1783,#1784,#1790));
#1792=FACE_BOUND('',#1791,.T.);
#1793=ADVANCED_FACE('',(#1792),#1767,.F.);
#1794=CARTESIAN_POINT('',(-104.25,12.,1.386691565));
#1795=DIRECTION('',(0.,-1.,0.));
#1796=DIRECTION('',(0.,0.,-1.));
#1797=AXIS2_PLACEMENT_3D('',#1794,#1795,#1796);
#1798=PLANE('',#1797);
#1799=CARTESIAN_POINT('',(-31.05,12.,1.786691565));
#1800=VERTEX_POINT('',#1799);
#1801=CARTESIAN_POINT('',(-31.05,12.,4.886691565));
#1802=VERTEX_POINT('',#1801);
#1803=CARTESIAN_POINT('',(-31.05,12.,1.786691565));
#1804=DIRECTION('',(-0.,-0.,1.));
#1805=VECTOR('',#1804,3.1);
#1806=LINE('',#1803,#1805);
#1807=EDGE_CURVE('',#1800,#1802,#1806,.T.);
#1808=ORIENTED_EDGE('',*,*,#1807,.F.);
#1809=CARTESIAN_POINT('',(-45.15,12.,1.786691565));
#1810=VERTEX_POINT('',#1809);
#1811=CARTESIAN_POINT('',(-31.05,12.,1.786691565));
#1812=DIRECTION('',(-1.,0.,0.));
#1813=VECTOR('',#1812,14.1);
#1814=LINE('',#1811,#1813);
#1815=EDGE_CURVE('',#1800,#1810,#1814,.T.);
#1816=ORIENTED_EDGE('',*,*,#1815,.T.);
#1817=CARTESIAN_POINT('',(-45.15,12.,4.886691565));
#1818=VERTEX_POINT('',#1817);
#1819=CARTESIAN_POINT('',(-45.15,12.,1.786691565));
#1820=DIRECTION('',(-0.,-0.,1.));
#1821=VECTOR('',#1820,3.1);
#1822=LINE('',#1819,#1821);
#1823=EDGE_CURVE('',#1810,#1818,#1822,.T.);
#1824=ORIENTED_EDGE('',*,*,#1823,.T.);
#1825=CARTESIAN_POINT('',(-45.15,12.,4.886691565));
#1826=DIRECTION('',(1.,0.,0.));
#1827=VECTOR('',#1826,14.1);
#1828=LINE('',#1825,#1827);
#1829=EDGE_CURVE('',#1818,#1802,#1828,.T.);
#1830=ORIENTED_EDGE('',*,*,#1829,.T.);
#1831=EDGE_LOOP('',(#1808,#1816,#1824,#1830));
#1832=FACE_BOUND('',#1831,.T.);
#1833=ADVANCED_FACE('',(#1832),#1798,.F.);
#1834=CARTESIAN_POINT('',(-31.05,85.2,1.386691565));
#1835=DIRECTION('',(1.,0.,0.));
#1836=DIRECTION('',(0.,0.,-1.));
#1837=AXIS2_PLACEMENT_3D('',#1834,#1835,#1836);
#1838=PLANE('',#1837);
#1839=CARTESIAN_POINT('',(-31.05,26.1,1.786691565));
#1840=VERTEX_POINT('',#1839);
#1841=CARTESIAN_POINT('',(-31.05,26.1,4.886691565));
#1842=VERTEX_POINT('',#1841);
#1843=CARTESIAN_POINT('',(-31.05,26.1,1.786691565));
#1844=DIRECTION('',(-0.,-0.,1.));
#1845=VECTOR('',#1844,3.1);
#1846=LINE('',#1843,#1845);
#1847=EDGE_CURVE('',#1840,#1842,#1846,.T.);
#1848=ORIENTED_EDGE('',*,*,#1847,.F.);
#1849=CARTESIAN_POINT('',(-31.05,26.1,1.786691565));
#1850=DIRECTION('',(0.,-1.,0.));
#1851=VECTOR('',#1850,14.1);
#1852=LINE('',#1849,#1851);
#1853=EDGE_CURVE('',#1840,#1800,#1852,.T.);
#1854=ORIENTED_EDGE('',*,*,#1853,.T.);
#1855=ORIENTED_EDGE('',*,*,#1807,.T.);
#1856=CARTESIAN_POINT('',(-31.05,12.,4.886691565));
#1857=DIRECTION('',(-0.,1.,0.));
#1858=VECTOR('',#1857,14.1);
#1859=LINE('',#1856,#1858);
#1860=EDGE_CURVE('',#1802,#1842,#1859,.T.);
#1861=ORIENTED_EDGE('',*,*,#1860,.T.);
#1862=EDGE_LOOP('',(#1848,#1854,#1855,#1861));
#1863=FACE_BOUND('',#1862,.T.);
#1864=ADVANCED_FACE('',(#1863),#1838,.F.);
#1865=CARTESIAN_POINT('',(-104.25,26.1,1.386691565));
#1866=DIRECTION('',(0.,1.,0.));
#1867=DIRECTION('',(0.,0.,1.));
#1868=AXIS2_PLACEMENT_3D('',#1865,#1866,#1867);
#1869=PLANE('',#1868);
#1870=CARTESIAN_POINT('',(-45.15,26.1,1.786691565));
#1871=VERTEX_POINT('',#1870);
#1872=CARTESIAN_POINT('',(-45.15,26.1,4.886691565));
#1873=VERTEX_POINT('',#1872);
#1874=CARTESIAN_POINT('',(-45.15,26.1,1.786691565));
#1875=DIRECTION('',(0.,-0.,1.));
#1876=VECTOR('',#1875,3.1);
#1877=LINE('',#1874,#1876);
#1878=EDGE_CURVE('',#1871,#1873,#1877,.T.);
#1879=ORIENTED_EDGE('',*,*,#1878,.F.);
#1880=CARTESIAN_POINT('',(-45.15,26.1,1.786691565));
#1881=DIRECTION('',(1.,0.,-0.));
#1882=VECTOR('',#1881,14.1);
#1883=LINE('',#1880,#1882);
#1884=EDGE_CURVE('',#1871,#1840,#1883,.T.);
#1885=ORIENTED_EDGE('',*,*,#1884,.T.);
#1886=ORIENTED_EDGE('',*,*,#1847,.T.);
#1887=CARTESIAN_POINT('',(-31.05,26.1,4.886691565));
#1888=DIRECTION('',(-1.,-0.,-0.));
#1889=VECTOR('',#1888,14.1);
#1890=LINE('',#1887,#1889);
#1891=EDGE_CURVE('',#1842,#1873,#1890,.T.);
#1892=ORIENTED_EDGE('',*,*,#1891,.T.);
#1893=EDGE_LOOP('',(#1879,#1885,#1886,#1892));
#1894=FACE_BOUND('',#1893,.T.);
#1895=ADVANCED_FACE('',(#1894),#1869,.F.);
#1896=CARTESIAN_POINT('',(-104.25,-7.05,1.386691565));
#1897=DIRECTION('',(0.,-1.,0.));
#1898=DIRECTION('',(0.,0.,-1.));
#1899=AXIS2_PLACEMENT_3D('',#1896,#1897,#1898);
#1900=PLANE('',#1899);
#1901=CARTESIAN_POINT('',(45.15,-7.05,1.786691565));
#1902=VERTEX_POINT('',#1901);
#1903=CARTESIAN_POINT('',(45.15,-7.05,4.886691565));
#1904=VERTEX_POINT('',#1903);
#1905=CARTESIAN_POINT('',(45.15,-7.05,1.786691565));
#1906=DIRECTION('',(-0.,-0.,1.));
#1907=VECTOR('',#1906,3.1);
#1908=LINE('',#1905,#1907);
#1909=EDGE_CURVE('',#1902,#1904,#1908,.T.);
#1910=ORIENTED_EDGE('',*,*,#1909,.F.);
#1911=CARTESIAN_POINT('',(31.05,-7.05,1.786691565));
#1912=VERTEX_POINT('',#1911);
#1913=CARTESIAN_POINT('',(45.15,-7.05,1.786691565));
#1914=DIRECTION('',(-1.,0.,0.));
#1915=VECTOR('',#1914,14.1);
#1916=LINE('',#1913,#1915);
#1917=EDGE_CURVE('',#1902,#1912,#1916,.T.);
#1918=ORIENTED_EDGE('',*,*,#1917,.T.);
#1919=CARTESIAN_POINT('',(31.05,-7.05,4.886691565));
#1920=VERTEX_POINT('',#1919);
#1921=CARTESIAN_POINT('',(31.05,-7.05,1.786691565));
#1922=DIRECTION('',(-0.,-0.,1.));
#1923=VECTOR('',#1922,3.1);
#1924=LINE('',#1921,#1923);
#1925=EDGE_CURVE('',#1912,#1920,#1924,.T.);
#1926=ORIENTED_EDGE('',*,*,#1925,.T.);
#1927=CARTESIAN_POINT('',(31.05,-7.05,4.886691565));
#1928=DIRECTION('',(1.,0.,0.));
#1929=VECTOR('',#1928,14.1);
#1930=LINE('',#1927,#1929);
#1931=EDGE_CURVE('',#1920,#1904,#1930,.T.);
#1932=ORIENTED_EDGE('',*,*,#1931,.T.);
#1933=EDGE_LOOP('',(#1910,#1918,#1926,#1932));
#1934=FACE_BOUND('',#1933,.T.);
#1935=ADVANCED_FACE('',(#1934),#1900,.F.);
#1936=CARTESIAN_POINT('',(45.15,85.2,1.386691565));
#1937=DIRECTION('',(1.,0.,0.));
#1938=DIRECTION('',(0.,0.,-1.));
#1939=AXIS2_PLACEMENT_3D('',#1936,#1937,#1938);
#1940=PLANE('',#1939);
#1941=CARTESIAN_POINT('',(45.15,7.05,1.786691565));
#1942=VERTEX_POINT('',#1941);
#1943=CARTESIAN_POINT('',(45.15,7.05,4.886691565));
#1944=VERTEX_POINT('',#1943);
#1945=CARTESIAN_POINT('',(45.15,7.05,1.786691565));
#1946=DIRECTION('',(-0.,-0.,1.));
#1947=VECTOR('',#1946,3.1);
#1948=LINE('',#1945,#1947);
#1949=EDGE_CURVE('',#1942,#1944,#1948,.T.);
#1950=ORIENTED_EDGE('',*,*,#1949,.F.);
#1951=CARTESIAN_POINT('',(45.15,7.05,1.786691565));
#1952=DIRECTION('',(0.,-1.,0.));
#1953=VECTOR('',#1952,14.1);
#1954=LINE('',#1951,#1953);
#1955=EDGE_CURVE('',#1942,#1902,#1954,.T.);
#1956=ORIENTED_EDGE('',*,*,#1955,.T.);
#1957=ORIENTED_EDGE('',*,*,#1909,.T.);
#1958=CARTESIAN_POINT('',(45.15,-7.05,4.886691565));
#1959=DIRECTION('',(-0.,1.,0.));
#1960=VECTOR('',#1959,14.1);
#1961=LINE('',#1958,#1960);
#1962=EDGE_CURVE('',#1904,#1944,#1961,.T.);
#1963=ORIENTED_EDGE('',*,*,#1962,.T.);
#1964=EDGE_LOOP('',(#1950,#1956,#1957,#1963));
#1965=FACE_BOUND('',#1964,.T.);
#1966=ADVANCED_FACE('',(#1965),#1940,.F.);
#1967=CARTESIAN_POINT('',(-104.25,7.05,1.386691565));
#1968=DIRECTION('',(0.,1.,0.));
#1969=DIRECTION('',(0.,0.,1.));
#1970=AXIS2_PLACEMENT_3D('',#1967,#1968,#1969);
#1971=PLANE('',#1970);
#1972=CARTESIAN_POINT('',(31.05,7.05,1.786691565));
#1973=VERTEX_POINT('',#1972);
#1974=CARTESIAN_POINT('',(31.05,7.05,4.886691565));
#1975=VERTEX_POINT('',#1974);
#1976=CARTESIAN_POINT('',(31.05,7.05,1.786691565));
#1977=DIRECTION('',(0.,-0.,1.));
#1978=VECTOR('',#1977,3.1);
#1979=LINE('',#1976,#1978);
#1980=EDGE_CURVE('',#1973,#1975,#1979,.T.);
#1981=ORIENTED_EDGE('',*,*,#1980,.F.);
#1982=CARTESIAN_POINT('',(31.05,7.05,1.786691565));
#1983=DIRECTION('',(1.,0.,-0.));
#1984=VECTOR('',#1983,14.1);
#1985=LINE('',#1982,#1984);
#1986=EDGE_CURVE('',#1973,#1942,#1985,.T.);
#1987=ORIENTED_EDGE('',*,*,#1986,.T.);
#1988=ORIENTED_EDGE('',*,*,#1949,.T.);
#1989=CARTESIAN_POINT('',(45.15,7.05,4.886691565));
#1990=DIRECTION('',(-1.,-0.,-0.));
#1991=VECTOR('',#1990,14.1);
#1992=LINE('',#1989,#1991);
#1993=EDGE_CURVE('',#1944,#1975,#1992,.T.);
#1994=ORIENTED_EDGE('',*,*,#1993,.T.);
#1995=EDGE_LOOP('',(#1981,#1987,#1988,#1994));
#1996=FACE_BOUND('',#1995,.T.);
#1997=ADVANCED_FACE('',(#1996),#1971,.F.);
#1998=CARTESIAN_POINT('',(-104.25,-7.05,1.386691565));
#1999=DIRECTION('',(0.,-1.,0.));
#2000=DIRECTION('',(0.,0.,-1.));
#2001=AXIS2_PLACEMENT_3D('',#1998,#1999,#2000);
#2002=PLANE('',#2001);
#2003=CARTESIAN_POINT('',(26.1,-7.05,1.786691565));
#2004=VERTEX_POINT('',#2003);
#2005=CARTESIAN_POINT('',(26.1,-7.05,4.886691565));
#2006=VERTEX_POINT('',#2005);
#2007=CARTESIAN_POINT('',(26.1,-7.05,1.786691565));
#2008=DIRECTION('',(-0.,-0.,1.));
#2009=VECTOR('',#2008,3.1);
#2010=LINE('',#2007,#2009);
#2011=EDGE_CURVE('',#2004,#2006,#2010,.T.);
#2012=ORIENTED_EDGE('',*,*,#2011,.F.);
#2013=CARTESIAN_POINT('',(12.,-7.05,1.786691565));
#2014=VERTEX_POINT('',#2013);
#2015=CARTESIAN_POINT('',(26.1,-7.05,1.786691565));
#2016=DIRECTION('',(-1.,0.,0.));
#2017=VECTOR('',#2016,14.1);
#2018=LINE('',#2015,#2017);
#2019=EDGE_CURVE('',#2004,#2014,#2018,.T.);
#2020=ORIENTED_EDGE('',*,*,#2019,.T.);
#2021=CARTESIAN_POINT('',(12.,-7.05,4.886691565));
#2022=VERTEX_POINT('',#2021);
#2023=CARTESIAN_POINT('',(12.,-7.05,1.786691565));
#2024=DIRECTION('',(-0.,-0.,1.));
#2025=VECTOR('',#2024,3.1);
#2026=LINE('',#2023,#2025);
#2027=EDGE_CURVE('',#2014,#2022,#2026,.T.);
#2028=ORIENTED_EDGE('',*,*,#2027,.T.);
#2029=CARTESIAN_POINT('',(12.,-7.05,4.886691565));
#2030=DIRECTION('',(1.,0.,0.));
#2031=VECTOR('',#2030,14.1);
#2032=LINE('',#2029,#2031);
#2033=EDGE_CURVE('',#2022,#2006,#2032,.T.);
#2034=ORIENTED_EDGE('',*,*,#2033,.T.);
#2035=EDGE_LOOP('',(#2012,#2020,#2028,#2034));
#2036=FACE_BOUND('',#2035,.T.);
#2037=ADVANCED_FACE('',(#2036),#2002,.F.);
#2038=CARTESIAN_POINT('',(26.1,85.2,1.386691565));
#2039=DIRECTION('',(1.,0.,0.));
#2040=DIRECTION('',(0.,0.,-1.));
#2041=AXIS2_PLACEMENT_3D('',#2038,#2039,#2040);
#2042=PLANE('',#2041);
#2043=CARTESIAN_POINT('',(26.1,7.05,1.786691565));
#2044=VERTEX_POINT('',#2043);
#2045=CARTESIAN_POINT('',(26.1,7.05,4.886691565));
#2046=VERTEX_POINT('',#2045);
#2047=CARTESIAN_POINT('',(26.1,7.05,1.786691565));
#2048=DIRECTION('',(-0.,-0.,1.));
#2049=VECTOR('',#2048,3.1);
#2050=LINE('',#2047,#2049);
#2051=EDGE_CURVE('',#2044,#2046,#2050,.T.);
#2052=ORIENTED_EDGE('',*,*,#2051,.F.);
#2053=CARTESIAN_POINT('',(26.1,7.05,1.786691565));
#2054=DIRECTION('',(0.,-1.,0.));
#2055=VECTOR('',#2054,14.1);
#2056=LINE('',#2053,#2055);
#2057=EDGE_CURVE('',#2044,#2004,#2056,.T.);
#2058=ORIENTED_EDGE('',*,*,#2057,.T.);
#2059=ORIENTED_EDGE('',*,*,#2011,.T.);
#2060=CARTESIAN_POINT('',(26.1,-7.05,4.886691565));
#2061=DIRECTION('',(-0.,1.,0.));
#2062=VECTOR('',#2061,14.1);
#2063=LINE('',#2060,#2062);
#2064=EDGE_CURVE('',#2006,#2046,#2063,.T.);
#2065=ORIENTED_EDGE('',*,*,#2064,.T.);
#2066=EDGE_LOOP('',(#2052,#2058,#2059,#2065));
#2067=FACE_BOUND('',#2066,.T.);
#2068=ADVANCED_FACE('',(#2067),#2042,.F.);
#2069=CARTESIAN_POINT('',(-104.25,7.05,1.386691565));
#2070=DIRECTION('',(0.,1.,0.));
#2071=DIRECTION('',(0.,0.,1.));
#2072=AXIS2_PLACEMENT_3D('',#2069,#2070,#2071);
#2073=PLANE('',#2072);
#2074=CARTESIAN_POINT('',(12.,7.05,1.786691565));
#2075=VERTEX_POINT('',#2074);
#2076=CARTESIAN_POINT('',(12.,7.05,4.886691565));
#2077=VERTEX_POINT('',#2076);
#2078=CARTESIAN_POINT('',(12.,7.05,1.786691565));
#2079=DIRECTION('',(0.,-0.,1.));
#2080=VECTOR('',#2079,3.1);
#2081=LINE('',#2078,#2080);
#2082=EDGE_CURVE('',#2075,#2077,#2081,.T.);
#2083=ORIENTED_EDGE('',*,*,#2082,.F.);
#2084=CARTESIAN_POINT('',(12.,7.05,1.786691565));
#2085=DIRECTION('',(1.,0.,-0.));
#2086=VECTOR('',#2085,14.1);
#2087=LINE('',#2084,#2086);
#2088=EDGE_CURVE('',#2075,#2044,#2087,.T.);
#2089=ORIENTED_EDGE('',*,*,#2088,.T.);
#2090=ORIENTED_EDGE('',*,*,#2051,.T.);
#2091=CARTESIAN_POINT('',(26.1,7.05,4.886691565));
#2092=DIRECTION('',(-1.,-0.,-0.));
#2093=VECTOR('',#2092,14.1);
#2094=LINE('',#2091,#2093);
#2095=EDGE_CURVE('',#2046,#2077,#2094,.T.);
#2096=ORIENTED_EDGE('',*,*,#2095,.T.);
#2097=EDGE_LOOP('',(#2083,#2089,#2090,#2096));
#2098=FACE_BOUND('',#2097,.T.);
#2099=ADVANCED_FACE('',(#2098),#2073,.F.);
#2100=CARTESIAN_POINT('',(-104.25,-7.05,1.386691565));
#2101=DIRECTION('',(0.,-1.,0.));
#2102=DIRECTION('',(0.,0.,-1.));
#2103=AXIS2_PLACEMENT_3D('',#2100,#2101,#2102);
#2104=PLANE('',#2103);
#2105=CARTESIAN_POINT('',(7.05,-7.05,1.786691565));
#2106=VERTEX_POINT('',#2105);
#2107=CARTESIAN_POINT('',(7.05,-7.05,4.886691565));
#2108=VERTEX_POINT('',#2107);
#2109=CARTESIAN_POINT('',(7.05,-7.05,1.786691565));
#2110=DIRECTION('',(-0.,-0.,1.));
#2111=VECTOR('',#2110,3.1);
#2112=LINE('',#2109,#2111);
#2113=EDGE_CURVE('',#2106,#2108,#2112,.T.);
#2114=ORIENTED_EDGE('',*,*,#2113,.F.);
#2115=CARTESIAN_POINT('',(-7.05,-7.05,1.786691565));
#2116=VERTEX_POINT('',#2115);
#2117=CARTESIAN_POINT('',(7.05,-7.05,1.786691565));
#2118=DIRECTION('',(-1.,0.,0.));
#2119=VECTOR('',#2118,14.1);
#2120=LINE('',#2117,#2119);
#2121=EDGE_CURVE('',#2106,#2116,#2120,.T.);
#2122=ORIENTED_EDGE('',*,*,#2121,.T.);
#2123=CARTESIAN_POINT('',(-7.05,-7.05,4.886691565));
#2124=VERTEX_POINT('',#2123);
#2125=CARTESIAN_POINT('',(-7.05,-7.05,1.786691565));
#2126=DIRECTION('',(-0.,-0.,1.));
#2127=VECTOR('',#2126,3.1);
#2128=LINE('',#2125,#2127);
#2129=EDGE_CURVE('',#2116,#2124,#2128,.T.);
#2130=ORIENTED_EDGE('',*,*,#2129,.T.);
#2131=CARTESIAN_POINT('',(-7.05,-7.05,4.886691565));
#2132=DIRECTION('',(1.,0.,0.));
#2133=VECTOR('',#2132,14.1);
#2134=LINE('',#2131,#2133);
#2135=EDGE_CURVE('',#2124,#2108,#2134,.T.);
#2136=ORIENTED_EDGE('',*,*,#2135,.T.);
#2137=EDGE_LOOP('',(#2114,#2122,#2130,#2136));
#2138=FACE_BOUND('',#2137,.T.);
#2139=ADVANCED_FACE('',(#2138),#2104,.F.);
#2140=CARTESIAN_POINT('',(7.05,85.2,1.386691565));
#2141=DIRECTION('',(1.,0.,0.));
#2142=DIRECTION('',(0.,0.,-1.));
#2143=AXIS2_PLACEMENT_3D('',#2140,#2141,#2142);
#2144=PLANE('',#2143);
#2145=CARTESIAN_POINT('',(7.05,7.05,1.786691565));
#2146=VERTEX_POINT('',#2145);
#2147=CARTESIAN_POINT('',(7.05,7.05,4.886691565));
#2148=VERTEX_POINT('',#2147);
#2149=CARTESIAN_POINT('',(7.05,7.05,1.786691565));
#2150=DIRECTION('',(-0.,-0.,1.));
#2151=VECTOR('',#2150,3.1);
#2152=LINE('',#2149,#2151);
#2153=EDGE_CURVE('',#2146,#2148,#2152,.T.);
#2154=ORIENTED_EDGE('',*,*,#2153,.F.);
#2155=CARTESIAN_POINT('',(7.05,7.05,1.786691565));
#2156=DIRECTION('',(0.,-1.,0.));
#2157=VECTOR('',#2156,14.1);
#2158=LINE('',#2155,#2157);
#2159=EDGE_CURVE('',#2146,#2106,#2158,.T.);
#2160=ORIENTED_EDGE('',*,*,#2159,.T.);
#2161=ORIENTED_EDGE('',*,*,#2113,.T.);
#2162=CARTESIAN_POINT('',(7.05,-7.05,4.886691565));
#2163=DIRECTION('',(-0.,1.,0.));
#2164=VECTOR('',#2163,14.1);
#2165=LINE('',#2162,#2164);
#2166=EDGE_CURVE('',#2108,#2148,#2165,.T.);
#2167=ORIENTED_EDGE('',*,*,#2166,.T.);
#2168=EDGE_LOOP('',(#2154,#2160,#2161,#2167));
#2169=FACE_BOUND('',#2168,.T.);
#2170=ADVANCED_FACE('',(#2169),#2144,.F.);
#2171=CARTESIAN_POINT('',(-104.25,7.05,1.386691565));
#2172=DIRECTION('',(0.,1.,0.));
#2173=DIRECTION('',(0.,0.,1.));
#2174=AXIS2_PLACEMENT_3D('',#2171,#2172,#2173);
#2175=PLANE('',#2174);
#2176=CARTESIAN_POINT('',(-7.05,7.05,1.786691565));
#2177=VERTEX_POINT('',#2176);
#2178=CARTESIAN_POINT('',(-7.05,7.05,4.886691565));
#2179=VERTEX_POINT('',#2178);
#2180=CARTESIAN_POINT('',(-7.05,7.05,1.786691565));
#2181=DIRECTION('',(0.,-0.,1.));
#2182=VECTOR('',#2181,3.1);
#2183=LINE('',#2180,#2182);
#2184=EDGE_CURVE('',#2177,#2179,#2183,.T.);
#2185=ORIENTED_EDGE('',*,*,#2184,.F.);
#2186=CARTESIAN_POINT('',(-7.05,7.05,1.786691565));
#2187=DIRECTION('',(1.,0.,-0.));
#2188=VECTOR('',#2187,14.1);
#2189=LINE('',#2186,#2188);
#2190=EDGE_CURVE('',#2177,#2146,#2189,.T.);
#2191=ORIENTED_EDGE('',*,*,#2190,.T.);
#2192=ORIENTED_EDGE('',*,*,#2153,.T.);
#2193=CARTESIAN_POINT('',(7.05,7.05,4.886691565));
#2194=DIRECTION('',(-1.,-0.,-0.));
#2195=VECTOR('',#2194,14.1);
#2196=LINE('',#2193,#2195);
#2197=EDGE_CURVE('',#2148,#2179,#2196,.T.);
#2198=ORIENTED_EDGE('',*,*,#2197,.T.);
#2199=EDGE_LOOP('',(#2185,#2191,#2192,#2198));
#2200=FACE_BOUND('',#2199,.T.);
#2201=ADVANCED_FACE('',(#2200),#2175,.F.);
#2202=CARTESIAN_POINT('',(-104.25,-7.05,1.386691565));
#2203=DIRECTION('',(0.,-1.,0.));
#2204=DIRECTION('',(0.,0.,-1.));
#2205=AXIS2_PLACEMENT_3D('',#2202,#2203,#2204);
#2206=PLANE('',#2205);
#2207=CARTESIAN_POINT('',(-12.,-7.05,1.786691565));
#2208=VERTEX_POINT('',#2207);
#2209=CARTESIAN_POINT('',(-12.,-7.05,4.886691565));
#2210=VERTEX_POINT('',#2209);
#2211=CARTESIAN_POINT('',(-12.,-7.05,1.786691565));
#2212=DIRECTION('',(-0.,-0.,1.));
#2213=VECTOR('',#2212,3.1);
#2214=LINE('',#2211,#2213);
#2215=EDGE_CURVE('',#2208,#2210,#2214,.T.);
#2216=ORIENTED_EDGE('',*,*,#2215,.F.);
#2217=CARTESIAN_POINT('',(-26.1,-7.05,1.786691565));
#2218=VERTEX_POINT('',#2217);
#2219=CARTESIAN_POINT('',(-12.,-7.05,1.786691565));
#2220=DIRECTION('',(-1.,0.,0.));
#2221=VECTOR('',#2220,14.1);
#2222=LINE('',#2219,#2221);
#2223=EDGE_CURVE('',#2208,#2218,#2222,.T.);
#2224=ORIENTED_EDGE('',*,*,#2223,.T.);
#2225=CARTESIAN_POINT('',(-26.1,-7.05,4.886691565));
#2226=VERTEX_POINT('',#2225);
#2227=CARTESIAN_POINT('',(-26.1,-7.05,1.786691565));
#2228=DIRECTION('',(-0.,-0.,1.));
#2229=VECTOR('',#2228,3.1);
#2230=LINE('',#2227,#2229);
#2231=EDGE_CURVE('',#2218,#2226,#2230,.T.);
#2232=ORIENTED_EDGE('',*,*,#2231,.T.);
#2233=CARTESIAN_POINT('',(-26.1,-7.05,4.886691565));
#2234=DIRECTION('',(1.,0.,0.));
#2235=VECTOR('',#2234,14.1);
#2236=LINE('',#2233,#2235);
#2237=EDGE_CURVE('',#2226,#2210,#2236,.T.);
#2238=ORIENTED_EDGE('',*,*,#2237,.T.);
#2239=EDGE_LOOP('',(#2216,#2224,#2232,#2238));
#2240=FACE_BOUND('',#2239,.T.);
#2241=ADVANCED_FACE('',(#2240),#2206,.F.);
#2242=CARTESIAN_POINT('',(-12.,85.2,1.386691565));
#2243=DIRECTION('',(1.,0.,0.));
#2244=DIRECTION('',(0.,0.,-1.));
#2245=AXIS2_PLACEMENT_3D('',#2242,#2243,#2244);
#2246=PLANE('',#2245);
#2247=CARTESIAN_POINT('',(-12.,7.05,1.786691565));
#2248=VERTEX_POINT('',#2247);
#2249=CARTESIAN_POINT('',(-12.,7.05,4.886691565));
#2250=VERTEX_POINT('',#2249);
#2251=CARTESIAN_POINT('',(-12.,7.05,1.786691565));
#2252=DIRECTION('',(-0.,-0.,1.));
#2253=VECTOR('',#2252,3.1);
#2254=LINE('',#2251,#2253);
#2255=EDGE_CURVE('',#2248,#2250,#2254,.T.);
#2256=ORIENTED_EDGE('',*,*,#2255,.F.);
#2257=CARTESIAN_POINT('',(-12.,7.05,1.786691565));
#2258=DIRECTION('',(0.,-1.,0.));
#2259=VECTOR('',#2258,14.1);
#2260=LINE('',#2257,#2259);
#2261=EDGE_CURVE('',#2248,#2208,#2260,.T.);
#2262=ORIENTED_EDGE('',*,*,#2261,.T.);
#2263=ORIENTED_EDGE('',*,*,#2215,.T.);
#2264=CARTESIAN_POINT('',(-12.,-7.05,4.886691565));
#2265=DIRECTION('',(-0.,1.,0.));
#2266=VECTOR('',#2265,14.1);
#2267=LINE('',#2264,#2266);
#2268=EDGE_CURVE('',#2210,#2250,#2267,.T.);
#2269=ORIENTED_EDGE('',*,*,#2268,.T.);
#2270=EDGE_LOOP('',(#2256,#2262,#2263,#2269));
#2271=FACE_BOUND('',#2270,.T.);
#2272=ADVANCED_FACE('',(#2271),#2246,.F.);
#2273=CARTESIAN_POINT('',(-104.25,7.05,1.386691565));
#2274=DIRECTION('',(0.,1.,0.));
#2275=DIRECTION('',(0.,0.,1.));
#2276=AXIS2_PLACEMENT_3D('',#2273,#2274,#2275);
#2277=PLANE('',#2276);
#2278=CARTESIAN_POINT('',(-26.1,7.05,1.786691565));
#2279=VERTEX_POINT('',#2278);
#2280=CARTESIAN_POINT('',(-26.1,7.05,4.886691565));
#2281=VERTEX_POINT('',#2280);
#2282=CARTESIAN_POINT('',(-26.1,7.05,1.786691565));
#2283=DIRECTION('',(0.,-0.,1.));
#2284=VECTOR('',#2283,3.1);
#2285=LINE('',#2282,#2284);
#2286=EDGE_CURVE('',#2279,#2281,#2285,.T.);
#2287=ORIENTED_EDGE('',*,*,#2286,.F.);
#2288=CARTESIAN_POINT('',(-26.1,7.05,1.786691565));
#2289=DIRECTION('',(1.,0.,-0.));
#2290=VECTOR('',#2289,14.1);
#2291=LINE('',#2288,#2290);
#2292=EDGE_CURVE('',#2279,#2248,#2291,.T.);
#2293=ORIENTED_EDGE('',*,*,#2292,.T.);
#2294=ORIENTED_EDGE('',*,*,#2255,.T.);
#2295=CARTESIAN_POINT('',(-12.,7.05,4.886691565));
#2296=DIRECTION('',(-1.,-0.,-0.));
#2297=VECTOR('',#2296,14.1);
#2298=LINE('',#2295,#2297);
#2299=EDGE_CURVE('',#2250,#2281,#2298,.T.);
#2300=ORIENTED_EDGE('',*,*,#2299,.T.);
#2301=EDGE_LOOP('',(#2287,#2293,#2294,#2300));
#2302=FACE_BOUND('',#2301,.T.);
#2303=ADVANCED_FACE('',(#2302),#2277,.F.);
#2304=CARTESIAN_POINT('',(-104.25,-7.05,1.386691565));
#2305=DIRECTION('',(0.,-1.,0.));
#2306=DIRECTION('',(0.,0.,-1.));
#2307=AXIS2_PLACEMENT_3D('',#2304,#2305,#2306);
#2308=PLANE('',#2307);
#2309=CARTESIAN_POINT('',(-31.05,-7.05,1.786691565));
#2310=VERTEX_POINT('',#2309);
#2311=CARTESIAN_POINT('',(-31.05,-7.05,4.886691565));
#2312=VERTEX_POINT('',#2311);
#2313=CARTESIAN_POINT('',(-31.05,-7.05,1.786691565));
#2314=DIRECTION('',(-0.,-0.,1.));
#2315=VECTOR('',#2314,3.1);
#2316=LINE('',#2313,#2315);
#2317=EDGE_CURVE('',#2310,#2312,#2316,.T.);
#2318=ORIENTED_EDGE('',*,*,#2317,.F.);
#2319=CARTESIAN_POINT('',(-45.15,-7.05,1.786691565));
#2320=VERTEX_POINT('',#2319);
#2321=CARTESIAN_POINT('',(-31.05,-7.05,1.786691565));
#2322=DIRECTION('',(-1.,0.,0.));
#2323=VECTOR('',#2322,14.1);
#2324=LINE('',#2321,#2323);
#2325=EDGE_CURVE('',#2310,#2320,#2324,.T.);
#2326=ORIENTED_EDGE('',*,*,#2325,.T.);
#2327=CARTESIAN_POINT('',(-45.15,-7.05,4.886691565));
#2328=VERTEX_POINT('',#2327);
#2329=CARTESIAN_POINT('',(-45.15,-7.05,1.786691565));
#2330=DIRECTION('',(-0.,-0.,1.));
#2331=VECTOR('',#2330,3.1);
#2332=LINE('',#2329,#2331);
#2333=EDGE_CURVE('',#2320,#2328,#2332,.T.);
#2334=ORIENTED_EDGE('',*,*,#2333,.T.);
#2335=CARTESIAN_POINT('',(-45.15,-7.05,4.886691565));
#2336=DIRECTION('',(1.,0.,0.));
#2337=VECTOR('',#2336,14.1);
#2338=LINE('',#2335,#2337);
#2339=EDGE_CURVE('',#2328,#2312,#2338,.T.);
#2340=ORIENTED_EDGE('',*,*,#2339,.T.);
#2341=EDGE_LOOP('',(#2318,#2326,#2334,#2340));
#2342=FACE_BOUND('',#2341,.T.);
#2343=ADVANCED_FACE('',(#2342),#2308,.F.);
#2344=CARTESIAN_POINT('',(-31.05,85.2,1.386691565));
#2345=DIRECTION('',(1.,0.,0.));
#2346=DIRECTION('',(0.,0.,-1.));
#2347=AXIS2_PLACEMENT_3D('',#2344,#2345,#2346);
#2348=PLANE('',#2347);
#2349=CARTESIAN_POINT('',(-31.05,7.05,1.786691565));
#2350=VERTEX_POINT('',#2349);
#2351=CARTESIAN_POINT('',(-31.05,7.05,4.886691565));
#2352=VERTEX_POINT('',#2351);
#2353=CARTESIAN_POINT('',(-31.05,7.05,1.786691565));
#2354=DIRECTION('',(-0.,-0.,1.));
#2355=VECTOR('',#2354,3.1);
#2356=LINE('',#2353,#2355);
#2357=EDGE_CURVE('',#2350,#2352,#2356,.T.);
#2358=ORIENTED_EDGE('',*,*,#2357,.F.);
#2359=CARTESIAN_POINT('',(-31.05,7.05,1.786691565));
#2360=DIRECTION('',(0.,-1.,0.));
#2361=VECTOR('',#2360,14.1);
#2362=LINE('',#2359,#2361);
#2363=EDGE_CURVE('',#2350,#2310,#2362,.T.);
#2364=ORIENTED_EDGE('',*,*,#2363,.T.);
#2365=ORIENTED_EDGE('',*,*,#2317,.T.);
#2366=CARTESIAN_POINT('',(-31.05,-7.05,4.886691565));
#2367=DIRECTION('',(-0.,1.,0.));
#2368=VECTOR('',#2367,14.1);
#2369=LINE('',#2366,#2368);
#2370=EDGE_CURVE('',#2312,#2352,#2369,.T.);
#2371=ORIENTED_EDGE('',*,*,#2370,.T.);
#2372=EDGE_LOOP('',(#2358,#2364,#2365,#2371));
#2373=FACE_BOUND('',#2372,.T.);
#2374=ADVANCED_FACE('',(#2373),#2348,.F.);
#2375=CARTESIAN_POINT('',(-104.25,7.05,1.386691565));
#2376=DIRECTION('',(0.,1.,0.));
#2377=DIRECTION('',(0.,0.,1.));
#2378=AXIS2_PLACEMENT_3D('',#2375,#2376,#2377);
#2379=PLANE('',#2378);
#2380=CARTESIAN_POINT('',(-45.15,7.05,1.786691565));
#2381=VERTEX_POINT('',#2380);
#2382=CARTESIAN_POINT('',(-45.15,7.05,4.886691565));
#2383=VERTEX_POINT('',#2382);
#2384=CARTESIAN_POINT('',(-45.15,7.05,1.786691565));
#2385=DIRECTION('',(0.,-0.,1.));
#2386=VECTOR('',#2385,3.1);
#2387=LINE('',#2384,#2386);
#2388=EDGE_CURVE('',#2381,#2383,#2387,.T.);
#2389=ORIENTED_EDGE('',*,*,#2388,.F.);
#2390=CARTESIAN_POINT('',(-45.15,7.05,1.786691565));
#2391=DIRECTION('',(1.,0.,-0.));
#2392=VECTOR('',#2391,14.1);
#2393=LINE('',#2390,#2392);
#2394=EDGE_CURVE('',#2381,#2350,#2393,.T.);
#2395=ORIENTED_EDGE('',*,*,#2394,.T.);
#2396=ORIENTED_EDGE('',*,*,#2357,.T.);
#2397=CARTESIAN_POINT('',(-31.05,7.05,4.886691565));
#2398=DIRECTION('',(-1.,-0.,-0.));
#2399=VECTOR('',#2398,14.1);
#2400=LINE('',#2397,#2399);
#2401=EDGE_CURVE('',#2352,#2383,#2400,.T.);
#2402=ORIENTED_EDGE('',*,*,#2401,.T.);
#2403=EDGE_LOOP('',(#2389,#2395,#2396,#2402));
#2404=FACE_BOUND('',#2403,.T.);
#2405=ADVANCED_FACE('',(#2404),#2379,.F.);
#2406=CARTESIAN_POINT('',(-104.25,-26.1,1.386691565));
#2407=DIRECTION('',(0.,-1.,0.));
#2408=DIRECTION('',(0.,0.,-1.));
#2409=AXIS2_PLACEMENT_3D('',#2406,#2407,#2408);
#2410=PLANE('',#2409);
#2411=CARTESIAN_POINT('',(45.15,-26.1,1.786691565));
#2412=VERTEX_POINT('',#2411);
#2413=CARTESIAN_POINT('',(45.15,-26.1,4.886691565));
#2414=VERTEX_POINT('',#2413);
#2415=CARTESIAN_POINT('',(45.15,-26.1,1.786691565));
#2416=DIRECTION('',(-0.,-0.,1.));
#2417=VECTOR('',#2416,3.1);
#2418=LINE('',#2415,#2417);
#2419=EDGE_CURVE('',#2412,#2414,#2418,.T.);
#2420=ORIENTED_EDGE('',*,*,#2419,.F.);
#2421=CARTESIAN_POINT('',(31.05,-26.1,1.786691565));
#2422=VERTEX_POINT('',#2421);
#2423=CARTESIAN_POINT('',(45.15,-26.1,1.786691565));
#2424=DIRECTION('',(-1.,0.,0.));
#2425=VECTOR('',#2424,14.1);
#2426=LINE('',#2423,#2425);
#2427=EDGE_CURVE('',#2412,#2422,#2426,.T.);
#2428=ORIENTED_EDGE('',*,*,#2427,.T.);
#2429=CARTESIAN_POINT('',(31.05,-26.1,4.886691565));
#2430=VERTEX_POINT('',#2429);
#2431=CARTESIAN_POINT('',(31.05,-26.1,1.786691565));
#2432=DIRECTION('',(-0.,-0.,1.));
#2433=VECTOR('',#2432,3.1);
#2434=LINE('',#2431,#2433);
#2435=EDGE_CURVE('',#2422,#2430,#2434,.T.);
#2436=ORIENTED_EDGE('',*,*,#2435,.T.);
#2437=CARTESIAN_POINT('',(31.05,-26.1,4.886691565));
#2438=DIRECTION('',(1.,0.,0.));
#2439=VECTOR('',#2438,14.1);
#2440=LINE('',#2437,#2439);
#2441=EDGE_CURVE('',#2430,#2414,#2440,.T.);
#2442=ORIENTED_EDGE('',*,*,#2441,.T.);
#2443=EDGE_LOOP('',(#2420,#2428,#2436,#2442));
#2444=FACE_BOUND('',#2443,.T.);
#2445=ADVANCED_FACE('',(#2444),#2410,.F.);
#2446=CARTESIAN_POINT('',(45.15,85.2,1.386691565));
#2447=DIRECTION('',(1.,0.,0.));
#2448=DIRECTION('',(0.,0.,-1.));
#2449=AXIS2_PLACEMENT_3D('',#2446,#2447,#2448);
#2450=PLANE('',#2449);
#2451=CARTESIAN_POINT('',(45.15,-12.,1.786691565));
#2452=VERTEX_POINT('',#2451);
#2453=CARTESIAN_POINT('',(45.15,-12.,4.886691565));
#2454=VERTEX_POINT('',#2453);
#2455=CARTESIAN_POINT('',(45.15,-12.,1.786691565));
#2456=DIRECTION('',(-0.,-0.,1.));
#2457=VECTOR('',#2456,3.1);
#2458=LINE('',#2455,#2457);
#2459=EDGE_CURVE('',#2452,#2454,#2458,.T.);
#2460=ORIENTED_EDGE('',*,*,#2459,.F.);
#2461=CARTESIAN_POINT('',(45.15,-12.,1.786691565));
#2462=DIRECTION('',(0.,-1.,0.));
#2463=VECTOR('',#2462,14.1);
#2464=LINE('',#2461,#2463);
#2465=EDGE_CURVE('',#2452,#2412,#2464,.T.);
#2466=ORIENTED_EDGE('',*,*,#2465,.T.);
#2467=ORIENTED_EDGE('',*,*,#2419,.T.);
#2468=CARTESIAN_POINT('',(45.15,-26.1,4.886691565));
#2469=DIRECTION('',(-0.,1.,0.));
#2470=VECTOR('',#2469,14.1);
#2471=LINE('',#2468,#2470);
#2472=EDGE_CURVE('',#2414,#2454,#2471,.T.);
#2473=ORIENTED_EDGE('',*,*,#2472,.T.);
#2474=EDGE_LOOP('',(#2460,#2466,#2467,#2473));
#2475=FACE_BOUND('',#2474,.T.);
#2476=ADVANCED_FACE('',(#2475),#2450,.F.);
#2477=CARTESIAN_POINT('',(-104.25,-12.,1.386691565));
#2478=DIRECTION('',(0.,1.,0.));
#2479=DIRECTION('',(0.,0.,1.));
#2480=AXIS2_PLACEMENT_3D('',#2477,#2478,#2479);
#2481=PLANE('',#2480);
#2482=CARTESIAN_POINT('',(31.05,-12.,1.786691565));
#2483=VERTEX_POINT('',#2482);
#2484=CARTESIAN_POINT('',(31.05,-12.,4.886691565));
#2485=VERTEX_POINT('',#2484);
#2486=CARTESIAN_POINT('',(31.05,-12.,1.786691565));
#2487=DIRECTION('',(0.,-0.,1.));
#2488=VECTOR('',#2487,3.1);
#2489=LINE('',#2486,#2488);
#2490=EDGE_CURVE('',#2483,#2485,#2489,.T.);
#2491=ORIENTED_EDGE('',*,*,#2490,.F.);
#2492=CARTESIAN_POINT('',(31.05,-12.,1.786691565));
#2493=DIRECTION('',(1.,0.,-0.));
#2494=VECTOR('',#2493,14.1);
#2495=LINE('',#2492,#2494);
#2496=EDGE_CURVE('',#2483,#2452,#2495,.T.);
#2497=ORIENTED_EDGE('',*,*,#2496,.T.);
#2498=ORIENTED_EDGE('',*,*,#2459,.T.);
#2499=CARTESIAN_POINT('',(45.15,-12.,4.886691565));
#2500=DIRECTION('',(-1.,-0.,-0.));
#2501=VECTOR('',#2500,14.1);
#2502=LINE('',#2499,#2501);
#2503=EDGE_CURVE('',#2454,#2485,#2502,.T.);
#2504=ORIENTED_EDGE('',*,*,#2503,.T.);
#2505=EDGE_LOOP('',(#2491,#2497,#2498,#2504));
#2506=FACE_BOUND('',#2505,.T.);
#2507=ADVANCED_FACE('',(#2506),#2481,.F.);
#2508=CARTESIAN_POINT('',(-104.25,-26.1,1.386691565));
#2509=DIRECTION('',(0.,-1.,0.));
#2510=DIRECTION('',(0.,0.,-1.));
#2511=AXIS2_PLACEMENT_3D('',#2508,#2509,#2510);
#2512=PLANE('',#2511);
#2513=CARTESIAN_POINT('',(26.1,-26.1,1.786691565));
#2514=VERTEX_POINT('',#2513);
#2515=CARTESIAN_POINT('',(26.1,-26.1,4.886691565));
#2516=VERTEX_POINT('',#2515);
#2517=CARTESIAN_POINT('',(26.1,-26.1,1.786691565));
#2518=DIRECTION('',(-0.,-0.,1.));
#2519=VECTOR('',#2518,3.1);
#2520=LINE('',#2517,#2519);
#2521=EDGE_CURVE('',#2514,#2516,#2520,.T.);
#2522=ORIENTED_EDGE('',*,*,#2521,.F.);
#2523=CARTESIAN_POINT('',(12.,-26.1,1.786691565));
#2524=VERTEX_POINT('',#2523);
#2525=CARTESIAN_POINT('',(26.1,-26.1,1.786691565));
#2526=DIRECTION('',(-1.,0.,0.));
#2527=VECTOR('',#2526,14.1);
#2528=LINE('',#2525,#2527);
#2529=EDGE_CURVE('',#2514,#2524,#2528,.T.);
#2530=ORIENTED_EDGE('',*,*,#2529,.T.);
#2531=CARTESIAN_POINT('',(12.,-26.1,4.886691565));
#2532=VERTEX_POINT('',#2531);
#2533=CARTESIAN_POINT('',(12.,-26.1,1.786691565));
#2534=DIRECTION('',(-0.,-0.,1.));
#2535=VECTOR('',#2534,3.1);
#2536=LINE('',#2533,#2535);
#2537=EDGE_CURVE('',#2524,#2532,#2536,.T.);
#2538=ORIENTED_EDGE('',*,*,#2537,.T.);
#2539=CARTESIAN_POINT('',(12.,-26.1,4.886691565));
#2540=DIRECTION('',(1.,0.,0.));
#2541=VECTOR('',#2540,14.1);
#2542=LINE('',#2539,#2541);
#2543=EDGE_CURVE('',#2532,#2516,#2542,.T.);
#2544=ORIENTED_EDGE('',*,*,#2543,.T.);
#2545=EDGE_LOOP('',(#2522,#2530,#2538,#2544));
#2546=FACE_BOUND('',#2545,.T.);
#2547=ADVANCED_FACE('',(#2546),#2512,.F.);
#2548=CARTESIAN_POINT('',(26.1,85.2,1.386691565));
#2549=DIRECTION('',(1.,0.,0.));
#2550=DIRECTION('',(0.,0.,-1.));
#2551=AXIS2_PLACEMENT_3D('',#2548,#2549,#2550);
#2552=PLANE('',#2551);
#2553=CARTESIAN_POINT('',(26.1,-12.,1.786691565));
#2554=VERTEX_POINT('',#2553);
#2555=CARTESIAN_POINT('',(26.1,-12.,4.886691565));
#2556=VERTEX_POINT('',#2555);
#2557=CARTESIAN_POINT('',(26.1,-12.,1.786691565));
#2558=DIRECTION('',(-0.,-0.,1.));
#2559=VECTOR('',#2558,3.1);
#2560=LINE('',#2557,#2559);
#2561=EDGE_CURVE('',#2554,#2556,#2560,.T.);
#2562=ORIENTED_EDGE('',*,*,#2561,.F.);
#2563=CARTESIAN_POINT('',(26.1,-12.,1.786691565));
#2564=DIRECTION('',(0.,-1.,0.));
#2565=VECTOR('',#2564,14.1);
#2566=LINE('',#2563,#2565);
#2567=EDGE_CURVE('',#2554,#2514,#2566,.T.);
#2568=ORIENTED_EDGE('',*,*,#2567,.T.);
#2569=ORIENTED_EDGE('',*,*,#2521,.T.);
#2570=CARTESIAN_POINT('',(26.1,-26.1,4.886691565));
#2571=DIRECTION('',(-0.,1.,0.));
#2572=VECTOR('',#2571,14.1);
#2573=LINE('',#2570,#2572);
#2574=EDGE_CURVE('',#2516,#2556,#2573,.T.);
#2575=ORIENTED_EDGE('',*,*,#2574,.T.);
#2576=EDGE_LOOP('',(#2562,#2568,#2569,#2575));
#2577=FACE_BOUND('',#2576,.T.);
#2578=ADVANCED_FACE('',(#2577),#2552,.F.);
#2579=CARTESIAN_POINT('',(-104.25,-12.,1.386691565));
#2580=DIRECTION('',(0.,1.,0.));
#2581=DIRECTION('',(0.,0.,1.));
#2582=AXIS2_PLACEMENT_3D('',#2579,#2580,#2581);
#2583=PLANE('',#2582);
#2584=CARTESIAN_POINT('',(12.,-12.,1.786691565));
#2585=VERTEX_POINT('',#2584);
#2586=CARTESIAN_POINT('',(12.,-12.,4.886691565));
#2587=VERTEX_POINT('',#2586);
#2588=CARTESIAN_POINT('',(12.,-12.,1.786691565));
#2589=DIRECTION('',(0.,-0.,1.));
#2590=VECTOR('',#2589,3.1);
#2591=LINE('',#2588,#2590);
#2592=EDGE_CURVE('',#2585,#2587,#2591,.T.);
#2593=ORIENTED_EDGE('',*,*,#2592,.F.);
#2594=CARTESIAN_POINT('',(12.,-12.,1.786691565));
#2595=DIRECTION('',(1.,0.,-0.));
#2596=VECTOR('',#2595,14.1);
#2597=LINE('',#2594,#2596);
#2598=EDGE_CURVE('',#2585,#2554,#2597,.T.);
#2599=ORIENTED_EDGE('',*,*,#2598,.T.);
#2600=ORIENTED_EDGE('',*,*,#2561,.T.);
#2601=CARTESIAN_POINT('',(26.1,-12.,4.886691565));
#2602=DIRECTION('',(-1.,-0.,-0.));
#2603=VECTOR('',#2602,14.1);
#2604=LINE('',#2601,#2603);
#2605=EDGE_CURVE('',#2556,#2587,#2604,.T.);
#2606=ORIENTED_EDGE('',*,*,#2605,.T.);
#2607=EDGE_LOOP('',(#2593,#2599,#2600,#2606));
#2608=FACE_BOUND('',#2607,.T.);
#2609=ADVANCED_FACE('',(#2608),#2583,.F.);
#2610=CARTESIAN_POINT('',(-104.25,-26.1,1.386691565));
#2611=DIRECTION('',(0.,-1.,0.));
#2612=DIRECTION('',(0.,0.,-1.));
#2613=AXIS2_PLACEMENT_3D('',#2610,#2611,#2612);
#2614=PLANE('',#2613);
#2615=CARTESIAN_POINT('',(7.05,-26.1,1.786691565));
#2616=VERTEX_POINT('',#2615);
#2617=CARTESIAN_POINT('',(7.05,-26.1,4.886691565));
#2618=VERTEX_POINT('',#2617);
#2619=CARTESIAN_POINT('',(7.05,-26.1,1.786691565));
#2620=DIRECTION('',(-0.,-0.,1.));
#2621=VECTOR('',#2620,3.1);
#2622=LINE('',#2619,#2621);
#2623=EDGE_CURVE('',#2616,#2618,#2622,.T.);
#2624=ORIENTED_EDGE('',*,*,#2623,.F.);
#2625=CARTESIAN_POINT('',(-7.05,-26.1,1.786691565));
#2626=VERTEX_POINT('',#2625);
#2627=CARTESIAN_POINT('',(7.05,-26.1,1.786691565));
#2628=DIRECTION('',(-1.,0.,0.));
#2629=VECTOR('',#2628,14.1);
#2630=LINE('',#2627,#2629);
#2631=EDGE_CURVE('',#2616,#2626,#2630,.T.);
#2632=ORIENTED_EDGE('',*,*,#2631,.T.);
#2633=CARTESIAN_POINT('',(-7.05,-26.1,4.886691565));
#2634=VERTEX_POINT('',#2633);
#2635=CARTESIAN_POINT('',(-7.05,-26.1,1.786691565));
#2636=DIRECTION('',(-0.,-0.,1.));
#2637=VECTOR('',#2636,3.1);
#2638=LINE('',#2635,#2637);
#2639=EDGE_CURVE('',#2626,#2634,#2638,.T.);
#2640=ORIENTED_EDGE('',*,*,#2639,.T.);
#2641=CARTESIAN_POINT('',(-7.05,-26.1,4.886691565));
#2642=DIRECTION('',(1.,0.,0.));
#2643=VECTOR('',#2642,14.1);
#2644=LINE('',#2641,#2643);
#2645=EDGE_CURVE('',#2634,#2618,#2644,.T.);
#2646=ORIENTED_EDGE('',*,*,#2645,.T.);
#2647=EDGE_LOOP('',(#2624,#2632,#2640,#2646));
#2648=FACE_BOUND('',#2647,.T.);
#2649=ADVANCED_FACE('',(#2648),#2614,.F.);
#2650=CARTESIAN_POINT('',(7.05,85.2,1.386691565));
#2651=DIRECTION('',(1.,0.,0.));
#2652=DIRECTION('',(0.,0.,-1.));
#2653=AXIS2_PLACEMENT_3D('',#2650,#2651,#2652);
#2654=PLANE('',#2653);
#2655=CARTESIAN_POINT('',(7.05,-12.,1.786691565));
#2656=VERTEX_POINT('',#2655);
#2657=CARTESIAN_POINT('',(7.05,-12.,4.886691565));
#2658=VERTEX_POINT('',#2657);
#2659=CARTESIAN_POINT('',(7.05,-12.,1.786691565));
#2660=DIRECTION('',(-0.,-0.,1.));
#2661=VECTOR('',#2660,3.1);
#2662=LINE('',#2659,#2661);
#2663=EDGE_CURVE('',#2656,#2658,#2662,.T.);
#2664=ORIENTED_EDGE('',*,*,#2663,.F.);
#2665=CARTESIAN_POINT('',(7.05,-12.,1.786691565));
#2666=DIRECTION('',(0.,-1.,0.));
#2667=VECTOR('',#2666,14.1);
#2668=LINE('',#2665,#2667);
#2669=EDGE_CURVE('',#2656,#2616,#2668,.T.);
#2670=ORIENTED_EDGE('',*,*,#2669,.T.);
#2671=ORIENTED_EDGE('',*,*,#2623,.T.);
#2672=CARTESIAN_POINT('',(7.05,-26.1,4.886691565));
#2673=DIRECTION('',(-0.,1.,0.));
#2674=VECTOR('',#2673,14.1);
#2675=LINE('',#2672,#2674);
#2676=EDGE_CURVE('',#2618,#2658,#2675,.T.);
#2677=ORIENTED_EDGE('',*,*,#2676,.T.);
#2678=EDGE_LOOP('',(#2664,#2670,#2671,#2677));
#2679=FACE_BOUND('',#2678,.T.);
#2680=ADVANCED_FACE('',(#2679),#2654,.F.);
#2681=CARTESIAN_POINT('',(-104.25,-12.,1.386691565));
#2682=DIRECTION('',(0.,1.,0.));
#2683=DIRECTION('',(0.,0.,1.));
#2684=AXIS2_PLACEMENT_3D('',#2681,#2682,#2683);
#2685=PLANE('',#2684);
#2686=CARTESIAN_POINT('',(-7.05,-12.,1.786691565));
#2687=VERTEX_POINT('',#2686);
#2688=CARTESIAN_POINT('',(-7.05,-12.,4.886691565));
#2689=VERTEX_POINT('',#2688);
#2690=CARTESIAN_POINT('',(-7.05,-12.,1.786691565));
#2691=DIRECTION('',(0.,-0.,1.));
#2692=VECTOR('',#2691,3.1);
#2693=LINE('',#2690,#2692);
#2694=EDGE_CURVE('',#2687,#2689,#2693,.T.);
#2695=ORIENTED_EDGE('',*,*,#2694,.F.);
#2696=CARTESIAN_POINT('',(-7.05,-12.,1.786691565));
#2697=DIRECTION('',(1.,0.,-0.));
#2698=VECTOR('',#2697,14.1);
#2699=LINE('',#2696,#2698);
#2700=EDGE_CURVE('',#2687,#2656,#2699,.T.);
#2701=ORIENTED_EDGE('',*,*,#2700,.T.);
#2702=ORIENTED_EDGE('',*,*,#2663,.T.);
#2703=CARTESIAN_POINT('',(7.05,-12.,4.886691565));
#2704=DIRECTION('',(-1.,-0.,-0.));
#2705=VECTOR('',#2704,14.1);
#2706=LINE('',#2703,#2705);
#2707=EDGE_CURVE('',#2658,#2689,#2706,.T.);
#2708=ORIENTED_EDGE('',*,*,#2707,.T.);
#2709=EDGE_LOOP('',(#2695,#2701,#2702,#2708));
#2710=FACE_BOUND('',#2709,.T.);
#2711=ADVANCED_FACE('',(#2710),#2685,.F.);
#2712=CARTESIAN_POINT('',(-104.25,-26.1,1.386691565));
#2713=DIRECTION('',(0.,-1.,0.));
#2714=DIRECTION('',(0.,0.,-1.));
#2715=AXIS2_PLACEMENT_3D('',#2712,#2713,#2714);
#2716=PLANE('',#2715);
#2717=CARTESIAN_POINT('',(-12.,-26.1,1.786691565));
#2718=VERTEX_POINT('',#2717);
#2719=CARTESIAN_POINT('',(-12.,-26.1,4.886691565));
#2720=VERTEX_POINT('',#2719);
#2721=CARTESIAN_POINT('',(-12.,-26.1,1.786691565));
#2722=DIRECTION('',(-0.,-0.,1.));
#2723=VECTOR('',#2722,3.1);
#2724=LINE('',#2721,#2723);
#2725=EDGE_CURVE('',#2718,#2720,#2724,.T.);
#2726=ORIENTED_EDGE('',*,*,#2725,.F.);
#2727=CARTESIAN_POINT('',(-26.1,-26.1,1.786691565));
#2728=VERTEX_POINT('',#2727);
#2729=CARTESIAN_POINT('',(-12.,-26.1,1.786691565));
#2730=DIRECTION('',(-1.,0.,0.));
#2731=VECTOR('',#2730,14.1);
#2732=LINE('',#2729,#2731);
#2733=EDGE_CURVE('',#2718,#2728,#2732,.T.);
#2734=ORIENTED_EDGE('',*,*,#2733,.T.);
#2735=CARTESIAN_POINT('',(-26.1,-26.1,4.886691565));
#2736=VERTEX_POINT('',#2735);
#2737=CARTESIAN_POINT('',(-26.1,-26.1,1.786691565));
#2738=DIRECTION('',(-0.,-0.,1.));
#2739=VECTOR('',#2738,3.1);
#2740=LINE('',#2737,#2739);
#2741=EDGE_CURVE('',#2728,#2736,#2740,.T.);
#2742=ORIENTED_EDGE('',*,*,#2741,.T.);
#2743=CARTESIAN_POINT('',(-26.1,-26.1,4.886691565));
#2744=DIRECTION('',(1.,0.,0.));
#2745=VECTOR('',#2744,14.1);
#2746=LINE('',#2743,#2745);
#2747=EDGE_CURVE('',#2736,#2720,#2746,.T.);
#2748=ORIENTED_EDGE('',*,*,#2747,.T.);
#2749=EDGE_LOOP('',(#2726,#2734,#2742,#2748));
#2750=FACE_BOUND('',#2749,.T.);
#2751=ADVANCED_FACE('',(#2750),#2716,.F.);
#2752=CARTESIAN_POINT('',(-12.,85.2,1.386691565));
#2753=DIRECTION('',(1.,0.,0.));
#2754=DIRECTION('',(0.,0.,-1.));
#2755=AXIS2_PLACEMENT_3D('',#2752,#2753,#2754);
#2756=PLANE('',#2755);
#2757=CARTESIAN_POINT('',(-12.,-12.,1.786691565));
#2758=VERTEX_POINT('',#2757);
#2759=CARTESIAN_POINT('',(-12.,-12.,4.886691565));
#2760=VERTEX_POINT('',#2759);
#2761=CARTESIAN_POINT('',(-12.,-12.,1.786691565));
#2762=DIRECTION('',(-0.,-0.,1.));
#2763=VECTOR('',#2762,3.1);
#2764=LINE('',#2761,#2763);
#2765=EDGE_CURVE('',#2758,#2760,#2764,.T.);
#2766=ORIENTED_EDGE('',*,*,#2765,.F.);
#2767=CARTESIAN_POINT('',(-12.,-12.,1.786691565));
#2768=DIRECTION('',(0.,-1.,0.));
#2769=VECTOR('',#2768,14.1);
#2770=LINE('',#2767,#2769);
#2771=EDGE_CURVE('',#2758,#2718,#2770,.T.);
#2772=ORIENTED_EDGE('',*,*,#2771,.T.);
#2773=ORIENTED_EDGE('',*,*,#2725,.T.);
#2774=CARTESIAN_POINT('',(-12.,-26.1,4.886691565));
#2775=DIRECTION('',(-0.,1.,0.));
#2776=VECTOR('',#2775,14.1);
#2777=LINE('',#2774,#2776);
#2778=EDGE_CURVE('',#2720,#2760,#2777,.T.);
#2779=ORIENTED_EDGE('',*,*,#2778,.T.);
#2780=EDGE_LOOP('',(#2766,#2772,#2773,#2779));
#2781=FACE_BOUND('',#2780,.T.);
#2782=ADVANCED_FACE('',(#2781),#2756,.F.);
#2783=CARTESIAN_POINT('',(-104.25,-12.,1.386691565));
#2784=DIRECTION('',(0.,1.,0.));
#2785=DIRECTION('',(0.,0.,1.));
#2786=AXIS2_PLACEMENT_3D('',#2783,#2784,#2785);
#2787=PLANE('',#2786);
#2788=CARTESIAN_POINT('',(-26.1,-12.,1.786691565));
#2789=VERTEX_POINT('',#2788);
#2790=CARTESIAN_POINT('',(-26.1,-12.,4.886691565));
#2791=VERTEX_POINT('',#2790);
#2792=CARTESIAN_POINT('',(-26.1,-12.,1.786691565));
#2793=DIRECTION('',(0.,-0.,1.));
#2794=VECTOR('',#2793,3.1);
#2795=LINE('',#2792,#2794);
#2796=EDGE_CURVE('',#2789,#2791,#2795,.T.);
#2797=ORIENTED_EDGE('',*,*,#2796,.F.);
#2798=CARTESIAN_POINT('',(-26.1,-12.,1.786691565));
#2799=DIRECTION('',(1.,0.,-0.));
#2800=VECTOR('',#2799,14.1);
#2801=LINE('',#2798,#2800);
#2802=EDGE_CURVE('',#2789,#2758,#2801,.T.);
#2803=ORIENTED_EDGE('',*,*,#2802,.T.);
#2804=ORIENTED_EDGE('',*,*,#2765,.T.);
#2805=CARTESIAN_POINT('',(-12.,-12.,4.886691565));
#2806=DIRECTION('',(-1.,-0.,-0.));
#2807=VECTOR('',#2806,14.1);
#2808=LINE('',#2805,#2807);
#2809=EDGE_CURVE('',#2760,#2791,#2808,.T.);
#2810=ORIENTED_EDGE('',*,*,#2809,.T.);
#2811=EDGE_LOOP('',(#2797,#2803,#2804,#2810));
#2812=FACE_BOUND('',#2811,.T.);
#2813=ADVANCED_FACE('',(#2812),#2787,.F.);
#2814=CARTESIAN_POINT('',(-104.25,-26.1,1.386691565));
#2815=DIRECTION('',(0.,-1.,0.));
#2816=DIRECTION('',(0.,0.,-1.));
#2817=AXIS2_PLACEMENT_3D('',#2814,#2815,#2816);
#2818=PLANE('',#2817);
#2819=CARTESIAN_POINT('',(-31.05,-26.1,1.786691565));
#2820=VERTEX_POINT('',#2819);
#2821=CARTESIAN_POINT('',(-31.05,-26.1,4.886691565));
#2822=VERTEX_POINT('',#2821);
#2823=CARTESIAN_POINT('',(-31.05,-26.1,1.786691565));
#2824=DIRECTION('',(-0.,-0.,1.));
#2825=VECTOR('',#2824,3.1);
#2826=LINE('',#2823,#2825);
#2827=EDGE_CURVE('',#2820,#2822,#2826,.T.);
#2828=ORIENTED_EDGE('',*,*,#2827,.F.);
#2829=CARTESIAN_POINT('',(-45.15,-26.1,1.786691565));
#2830=VERTEX_POINT('',#2829);
#2831=CARTESIAN_POINT('',(-31.05,-26.1,1.786691565));
#2832=DIRECTION('',(-1.,0.,0.));
#2833=VECTOR('',#2832,14.1);
#2834=LINE('',#2831,#2833);
#2835=EDGE_CURVE('',#2820,#2830,#2834,.T.);
#2836=ORIENTED_EDGE('',*,*,#2835,.T.);
#2837=CARTESIAN_POINT('',(-45.15,-26.1,4.886691565));
#2838=VERTEX_POINT('',#2837);
#2839=CARTESIAN_POINT('',(-45.15,-26.1,1.786691565));
#2840=DIRECTION('',(-0.,-0.,1.));
#2841=VECTOR('',#2840,3.1);
#2842=LINE('',#2839,#2841);
#2843=EDGE_CURVE('',#2830,#2838,#2842,.T.);
#2844=ORIENTED_EDGE('',*,*,#2843,.T.);
#2845=CARTESIAN_POINT('',(-45.15,-26.1,4.886691565));
#2846=DIRECTION('',(1.,0.,0.));
#2847=VECTOR('',#2846,14.1);
#2848=LINE('',#2845,#2847);
#2849=EDGE_CURVE('',#2838,#2822,#2848,.T.);
#2850=ORIENTED_EDGE('',*,*,#2849,.T.);
#2851=EDGE_LOOP('',(#2828,#2836,#2844,#2850));
#2852=FACE_BOUND('',#2851,.T.);
#2853=ADVANCED_FACE('',(#2852),#2818,.F.);
#2854=CARTESIAN_POINT('',(-31.05,85.2,1.386691565));
#2855=DIRECTION('',(1.,0.,0.));
#2856=DIRECTION('',(0.,0.,-1.));
#2857=AXIS2_PLACEMENT_3D('',#2854,#2855,#2856);
#2858=PLANE('',#2857);
#2859=CARTESIAN_POINT('',(-31.05,-12.,1.786691565));
#2860=VERTEX_POINT('',#2859);
#2861=CARTESIAN_POINT('',(-31.05,-12.,4.886691565));
#2862=VERTEX_POINT('',#2861);
#2863=CARTESIAN_POINT('',(-31.05,-12.,1.786691565));
#2864=DIRECTION('',(-0.,-0.,1.));
#2865=VECTOR('',#2864,3.1);
#2866=LINE('',#2863,#2865);
#2867=EDGE_CURVE('',#2860,#2862,#2866,.T.);
#2868=ORIENTED_EDGE('',*,*,#2867,.F.);
#2869=CARTESIAN_POINT('',(-31.05,-12.,1.786691565));
#2870=DIRECTION('',(0.,-1.,0.));
#2871=VECTOR('',#2870,14.1);
#2872=LINE('',#2869,#2871);
#2873=EDGE_CURVE('',#2860,#2820,#2872,.T.);
#2874=ORIENTED_EDGE('',*,*,#2873,.T.);
#2875=ORIENTED_EDGE('',*,*,#2827,.T.);
#2876=CARTESIAN_POINT('',(-31.05,-26.1,4.886691565));
#2877=DIRECTION('',(-0.,1.,0.));
#2878=VECTOR('',#2877,14.1);
#2879=LINE('',#2876,#2878);
#2880=EDGE_CURVE('',#2822,#2862,#2879,.T.);
#2881=ORIENTED_EDGE('',*,*,#2880,.T.);
#2882=EDGE_LOOP('',(#2868,#2874,#2875,#2881));
#2883=FACE_BOUND('',#2882,.T.);
#2884=ADVANCED_FACE('',(#2883),#2858,.F.);
#2885=CARTESIAN_POINT('',(-104.25,-12.,1.386691565));
#2886=DIRECTION('',(0.,1.,0.));
#2887=DIRECTION('',(0.,0.,1.));
#2888=AXIS2_PLACEMENT_3D('',#2885,#2886,#2887);
#2889=PLANE('',#2888);
#2890=CARTESIAN_POINT('',(-45.15,-12.,1.786691565));
#2891=VERTEX_POINT('',#2890);
#2892=CARTESIAN_POINT('',(-45.15,-12.,4.886691565));
#2893=VERTEX_POINT('',#2892);
#2894=CARTESIAN_POINT('',(-45.15,-12.,1.786691565));
#2895=DIRECTION('',(0.,-0.,1.));
#2896=VECTOR('',#2895,3.1);
#2897=LINE('',#2894,#2896);
#2898=EDGE_CURVE('',#2891,#2893,#2897,.T.);
#2899=ORIENTED_EDGE('',*,*,#2898,.F.);
#2900=CARTESIAN_POINT('',(-45.15,-12.,1.786691565));
#2901=DIRECTION('',(1.,0.,-0.));
#2902=VECTOR('',#2901,14.1);
#2903=LINE('',#2900,#2902);
#2904=EDGE_CURVE('',#2891,#2860,#2903,.T.);
#2905=ORIENTED_EDGE('',*,*,#2904,.T.);
#2906=ORIENTED_EDGE('',*,*,#2867,.T.);
#2907=CARTESIAN_POINT('',(-31.05,-12.,4.886691565));
#2908=DIRECTION('',(-1.,-0.,-0.));
#2909=VECTOR('',#2908,14.1);
#2910=LINE('',#2907,#2909);
#2911=EDGE_CURVE('',#2862,#2893,#2910,.T.);
#2912=ORIENTED_EDGE('',*,*,#2911,.T.);
#2913=EDGE_LOOP('',(#2899,#2905,#2906,#2912));
#2914=FACE_BOUND('',#2913,.T.);
#2915=ADVANCED_FACE('',(#2914),#2889,.F.);
#2916=CARTESIAN_POINT('',(-104.25,-45.15,1.386691565));
#2917=DIRECTION('',(0.,-1.,0.));
#2918=DIRECTION('',(0.,0.,-1.));
#2919=AXIS2_PLACEMENT_3D('',#2916,#2917,#2918);
#2920=PLANE('',#2919);
#2921=CARTESIAN_POINT('',(7.05,-45.15,1.786691565));
#2922=VERTEX_POINT('',#2921);
#2923=CARTESIAN_POINT('',(7.05,-45.15,4.886691565));
#2924=VERTEX_POINT('',#2923);
#2925=CARTESIAN_POINT('',(7.05,-45.15,1.786691565));
#2926=DIRECTION('',(-0.,-0.,1.));
#2927=VECTOR('',#2926,3.1);
#2928=LINE('',#2925,#2927);
#2929=EDGE_CURVE('',#2922,#2924,#2928,.T.);
#2930=ORIENTED_EDGE('',*,*,#2929,.F.);
#2931=CARTESIAN_POINT('',(-7.05,-45.15,1.786691565));
#2932=VERTEX_POINT('',#2931);
#2933=CARTESIAN_POINT('',(7.05,-45.15,1.786691565));
#2934=DIRECTION('',(-1.,0.,0.));
#2935=VECTOR('',#2934,14.1);
#2936=LINE('',#2933,#2935);
#2937=EDGE_CURVE('',#2922,#2932,#2936,.T.);
#2938=ORIENTED_EDGE('',*,*,#2937,.T.);
#2939=CARTESIAN_POINT('',(-7.05,-45.15,4.886691565));
#2940=VERTEX_POINT('',#2939);
#2941=CARTESIAN_POINT('',(-7.05,-45.15,1.786691565));
#2942=DIRECTION('',(-0.,-0.,1.));
#2943=VECTOR('',#2942,3.1);
#2944=LINE('',#2941,#2943);
#2945=EDGE_CURVE('',#2932,#2940,#2944,.T.);
#2946=ORIENTED_EDGE('',*,*,#2945,.T.);
#2947=CARTESIAN_POINT('',(-7.05,-45.15,4.886691565));
#2948=DIRECTION('',(1.,0.,0.));
#2949=VECTOR('',#2948,14.1);
#2950=LINE('',#2947,#2949);
#2951=EDGE_CURVE('',#2940,#2924,#2950,.T.);
#2952=ORIENTED_EDGE('',*,*,#2951,.T.);
#2953=EDGE_LOOP('',(#2930,#2938,#2946,#2952));
#2954=FACE_BOUND('',#2953,.T.);
#2955=ADVANCED_FACE('',(#2954),#2920,.F.);
#2956=CARTESIAN_POINT('',(7.05,85.2,1.386691565));
#2957=DIRECTION('',(1.,0.,0.));
#2958=DIRECTION('',(0.,0.,-1.));
#2959=AXIS2_PLACEMENT_3D('',#2956,#2957,#2958);
#2960=PLANE('',#2959);
#2961=CARTESIAN_POINT('',(7.05,-31.05,1.786691565));
#2962=VERTEX_POINT('',#2961);
#2963=CARTESIAN_POINT('',(7.05,-31.05,4.886691565));
#2964=VERTEX_POINT('',#2963);
#2965=CARTESIAN_POINT('',(7.05,-31.05,1.786691565));
#2966=DIRECTION('',(-0.,-0.,1.));
#2967=VECTOR('',#2966,3.1);
#2968=LINE('',#2965,#2967);
#2969=EDGE_CURVE('',#2962,#2964,#2968,.T.);
#2970=ORIENTED_EDGE('',*,*,#2969,.F.);
#2971=CARTESIAN_POINT('',(7.05,-31.05,1.786691565));
#2972=DIRECTION('',(0.,-1.,0.));
#2973=VECTOR('',#2972,14.1);
#2974=LINE('',#2971,#2973);
#2975=EDGE_CURVE('',#2962,#2922,#2974,.T.);
#2976=ORIENTED_EDGE('',*,*,#2975,.T.);
#2977=ORIENTED_EDGE('',*,*,#2929,.T.);
#2978=CARTESIAN_POINT('',(7.05,-45.15,4.886691565));
#2979=DIRECTION('',(-0.,1.,0.));
#2980=VECTOR('',#2979,14.1);
#2981=LINE('',#2978,#2980);
#2982=EDGE_CURVE('',#2924,#2964,#2981,.T.);
#2983=ORIENTED_EDGE('',*,*,#2982,.T.);
#2984=EDGE_LOOP('',(#2970,#2976,#2977,#2983));
#2985=FACE_BOUND('',#2984,.T.);
#2986=ADVANCED_FACE('',(#2985),#2960,.F.);
#2987=CARTESIAN_POINT('',(-104.25,-31.05,1.386691565));
#2988=DIRECTION('',(0.,1.,0.));
#2989=DIRECTION('',(0.,0.,1.));
#2990=AXIS2_PLACEMENT_3D('',#2987,#2988,#2989);
#2991=PLANE('',#2990);
#2992=CARTESIAN_POINT('',(-7.05,-31.05,1.786691565));
#2993=VERTEX_POINT('',#2992);
#2994=CARTESIAN_POINT('',(-7.05,-31.05,4.886691565));
#2995=VERTEX_POINT('',#2994);
#2996=CARTESIAN_POINT('',(-7.05,-31.05,1.786691565));
#2997=DIRECTION('',(0.,-0.,1.));
#2998=VECTOR('',#2997,3.1);
#2999=LINE('',#2996,#2998);
#3000=EDGE_CURVE('',#2993,#2995,#2999,.T.);
#3001=ORIENTED_EDGE('',*,*,#3000,.F.);
#3002=CARTESIAN_POINT('',(-7.05,-31.05,1.786691565));
#3003=DIRECTION('',(1.,0.,-0.));
#3004=VECTOR('',#3003,14.1);
#3005=LINE('',#3002,#3004);
#3006=EDGE_CURVE('',#2993,#2962,#3005,.T.);
#3007=ORIENTED_EDGE('',*,*,#3006,.T.);
#3008=ORIENTED_EDGE('',*,*,#2969,.T.);
#3009=CARTESIAN_POINT('',(7.05,-31.05,4.886691565));
#3010=DIRECTION('',(-1.,-0.,-0.));
#3011=VECTOR('',#3010,14.1);
#3012=LINE('',#3009,#3011);
#3013=EDGE_CURVE('',#2964,#2995,#3012,.T.);
#3014=ORIENTED_EDGE('',*,*,#3013,.T.);
#3015=EDGE_LOOP('',(#3001,#3007,#3008,#3014));
#3016=FACE_BOUND('',#3015,.T.);
#3017=ADVANCED_FACE('',(#3016),#2991,.F.);
#3018=CARTESIAN_POINT('',(45.625001494,26.575001494,1.386691565));
#3019=DIRECTION('',(0.,0.,1.));
#3020=DIRECTION('',(1.,0.,-0.));
#3021=AXIS2_PLACEMENT_3D('',#3018,#3019,#3020);
#3022=CYLINDRICAL_SURFACE('',#3021,1.999998506);
#3023=CARTESIAN_POINT('',(45.625001431,28.575,1.386691565));
#3024=VERTEX_POINT('',#3023);
#3025=CARTESIAN_POINT('',(45.625001431,28.575,4.886691565));
#3026=VERTEX_POINT('',#3025);
#3027=CARTESIAN_POINT('',(45.625001431,28.575,1.386691565));
#3028=DIRECTION('',(0.,0.,1.));
#3029=VECTOR('',#3028,3.5);
#3030=LINE('',#3027,#3029);
#3031=EDGE_CURVE('',#3024,#3026,#3030,.T.);
#3032=ORIENTED_EDGE('',*,*,#3031,.T.);
#3033=CARTESIAN_POINT('',(47.625,26.575001494,4.886691565));
#3034=VERTEX_POINT('',#3033);
#3035=CARTESIAN_POINT('',(45.625001494,26.575001494,4.886691565));
#3036=DIRECTION('',(-0.,-0.,-1.));
#3037=DIRECTION('',(1.,0.,-0.));
#3038=AXIS2_PLACEMENT_3D('',#3035,#3036,#3037);
#3039=CIRCLE('',#3038,1.999998506);
#3040=EDGE_CURVE('',#3026,#3034,#3039,.T.);
#3041=ORIENTED_EDGE('',*,*,#3040,.T.);
#3042=CARTESIAN_POINT('',(47.625,26.575001494,1.386691565));
#3043=VERTEX_POINT('',#3042);
#3044=CARTESIAN_POINT('',(47.625,26.575001494,1.386691565));
#3045=DIRECTION('',(0.,0.,1.));
#3046=VECTOR('',#3045,3.5);
#3047=LINE('',#3044,#3046);
#3048=EDGE_CURVE('',#3043,#3034,#3047,.T.);
#3049=ORIENTED_EDGE('',*,*,#3048,.F.);
#3050=CARTESIAN_POINT('',(45.625001494,26.575001494,1.386691565));
#3051=DIRECTION('',(-0.,-0.,-1.));
#3052=DIRECTION('',(1.,0.,-0.));
#3053=AXIS2_PLACEMENT_3D('',#3050,#3051,#3052);
#3054=CIRCLE('',#3053,1.999998506);
#3055=EDGE_CURVE('',#3024,#3043,#3054,.T.);
#3056=ORIENTED_EDGE('',*,*,#3055,.F.);
#3057=EDGE_LOOP('',(#3032,#3041,#3049,#3056));
#3058=FACE_BOUND('',#3057,.T.);
#3059=ADVANCED_FACE('',(#3058),#3022,.T.);
#3060=CARTESIAN_POINT('',(47.625,85.2,1.386691565));
#3061=DIRECTION('',(-1.,0.,0.));
#3062=DIRECTION('',(0.,0.,1.));
#3063=AXIS2_PLACEMENT_3D('',#3060,#3061,#3062);
#3064=PLANE('',#3063);
#3065=CARTESIAN_POINT('',(47.625,-26.575000747,1.386691565));
#3066=VERTEX_POINT('',#3065);
#3067=CARTESIAN_POINT('',(47.625,-30.574999253,1.386691565));
#3068=VERTEX_POINT('',#3067);
#3069=CARTESIAN_POINT('',(47.625,-26.575000747,1.386691565));
#3070=DIRECTION('',(-0.,-1.,-0.));
#3071=VECTOR('',#3070,3.999998506);
#3072=LINE('',#3069,#3071);
#3073=EDGE_CURVE('',#3066,#3068,#3072,.T.);
#3074=ORIENTED_EDGE('',*,*,#3073,.F.);
#3075=CARTESIAN_POINT('',(47.625,7.525000747,1.386691565));
#3076=VERTEX_POINT('',#3075);
#3077=CARTESIAN_POINT('',(47.625,7.525000747,1.386691565));
#3078=DIRECTION('',(-0.,-1.,-0.));
#3079=VECTOR('',#3078,34.100001494);
#3080=LINE('',#3077,#3079);
#3081=EDGE_CURVE('',#3076,#3066,#3080,.T.);
#3082=ORIENTED_EDGE('',*,*,#3081,.F.);
#3083=CARTESIAN_POINT('',(47.625,11.524999253,1.386691565));
#3084=VERTEX_POINT('',#3083);
#3085=CARTESIAN_POINT('',(47.625,11.524999253,1.386691565));
#3086=DIRECTION('',(-0.,-1.,-0.));
#3087=VECTOR('',#3086,3.999998506);
#3088=LINE('',#3085,#3087);
#3089=EDGE_CURVE('',#3084,#3076,#3088,.T.);
#3090=ORIENTED_EDGE('',*,*,#3089,.F.);
#3091=CARTESIAN_POINT('',(47.625,26.575001494,1.386691565));
#3092=DIRECTION('',(-0.,-1.,-0.));
#3093=VECTOR('',#3092,15.050002241);
#3094=LINE('',#3091,#3093);
#3095=EDGE_CURVE('',#3043,#3084,#3094,.T.);
#3096=ORIENTED_EDGE('',*,*,#3095,.F.);
#3097=ORIENTED_EDGE('',*,*,#3048,.T.);
#3098=CARTESIAN_POINT('',(47.625,-45.625,4.886691565));
#3099=VERTEX_POINT('',#3098);
#3100=CARTESIAN_POINT('',(47.625,26.575001494,4.886691565));
#3101=DIRECTION('',(-0.,-1.,-0.));
#3102=VECTOR('',#3101,72.200001494);
#3103=LINE('',#3100,#3102);
#3104=EDGE_CURVE('',#3034,#3099,#3103,.T.);
#3105=ORIENTED_EDGE('',*,*,#3104,.T.);
#3106=CARTESIAN_POINT('',(47.625,-45.625,1.386691565));
#3107=VERTEX_POINT('',#3106);
#3108=CARTESIAN_POINT('',(47.625,-45.625,1.386691565));
#3109=DIRECTION('',(0.,0.,1.));
#3110=VECTOR('',#3109,3.5);
#3111=LINE('',#3108,#3110);
#3112=EDGE_CURVE('',#3107,#3099,#3111,.T.);
#3113=ORIENTED_EDGE('',*,*,#3112,.F.);
#3114=CARTESIAN_POINT('',(47.625,-30.574999253,1.386691565));
#3115=DIRECTION('',(-0.,-1.,-0.));
#3116=VECTOR('',#3115,15.050000747);
#3117=LINE('',#3114,#3116);
#3118=EDGE_CURVE('',#3068,#3107,#3117,.T.);
#3119=ORIENTED_EDGE('',*,*,#3118,.F.);
#3120=EDGE_LOOP('',(#3074,#3082,#3090,#3096,#3097,#3105,#3113,#3119));
#3121=FACE_BOUND('',#3120,.T.);
#3122=ADVANCED_FACE('',(#3121),#3064,.F.);
#3123=CARTESIAN_POINT('',(47.625,-45.625,1.386691565));
#3124=CARTESIAN_POINT('',(47.625,-45.625,4.886691565));
#3125=CARTESIAN_POINT('',(47.625000619,-46.453427381,1.386691565));
#3126=CARTESIAN_POINT('',(47.625000619,-46.453427381,4.886691565));
#3127=CARTESIAN_POINT('',(47.039214,-47.039214,1.386691565));
#3128=CARTESIAN_POINT('',(47.039214,-47.039214,4.886691565));
#3129=CARTESIAN_POINT('',(46.453427381,-47.625000619,1.386691565));
#3130=CARTESIAN_POINT('',(46.453427381,-47.625000619,4.886691565));
#3131=CARTESIAN_POINT('',(45.625,-47.625,1.386691565));
#3132=CARTESIAN_POINT('',(45.625,-47.625,4.886691565));
#3133=(BOUNDED_SURFACE()
B_SPLINE_SURFACE(2,1,((#3123,#3124),(#3125,#3126),(#3127,#3128),(#3129,#3130),(#3131,#3132)),.UNSPECIFIED.,.F.,.F.,.U.)
B_SPLINE_SURFACE_WITH_KNOTS((3,2,3),(2,2),(0.000000001,45.000042805,90.000085609),(0.,1.),.UNSPECIFIED.)
GEOMETRIC_REPRESENTATION_ITEM()
RATIONAL_B_SPLINE_SURFACE(((1.,1.),(0.92387939,0.92387939),(1.,1.),(0.92387939,0.92387939),(1.,1.)))
REPRESENTATION_ITEM('')
SURFACE()
);
#3134=ORIENTED_EDGE('',*,*,#3112,.T.);
#3135=CARTESIAN_POINT('',(45.625,-47.625,4.886691565));
#3136=VERTEX_POINT('',#3135);
#3137=CARTESIAN_POINT('',(47.625,-45.625,4.886691565));
#3138=CARTESIAN_POINT('',(47.625000619,-46.453427381,4.886691565));
#3139=CARTESIAN_POINT('',(47.039214,-47.039214,4.886691565));
#3140=CARTESIAN_POINT('',(46.453427381,-47.625000619,4.886691565));
#3141=CARTESIAN_POINT('',(45.625,-47.625,4.886691565));
#3142=(BOUNDED_CURVE()
B_SPLINE_CURVE(2,(#3137,#3138,#3139,#3140,#3141),.UNSPECIFIED.,.F.,.F.)
B_SPLINE_CURVE_WITH_KNOTS((3,2,3),(0.000000001,45.000042805,90.000085609),.UNSPECIFIED.)
CURVE()
GEOMETRIC_REPRESENTATION_ITEM()
RATIONAL_B_SPLINE_CURVE((1.,0.92387939,1.,0.92387939,1.))
REPRESENTATION_ITEM(''));
#3143=EDGE_CURVE('',#3099,#3136,#3142,.T.);
#3144=ORIENTED_EDGE('',*,*,#3143,.T.);
#3145=CARTESIAN_POINT('',(45.625,-47.625,1.386691565));
#3146=VERTEX_POINT('',#3145);
#3147=CARTESIAN_POINT('',(45.625,-47.625,1.386691565));
#3148=DIRECTION('',(0.,-0.,1.));
#3149=VECTOR('',#3148,3.5);
#3150=LINE('',#3147,#3149);
#3151=EDGE_CURVE('',#3146,#3136,#3150,.T.);
#3152=ORIENTED_EDGE('',*,*,#3151,.F.);
#3153=CARTESIAN_POINT('',(47.625,-45.625,1.386691565));
#3154=CARTESIAN_POINT('',(47.625000619,-46.453427381,1.386691565));
#3155=CARTESIAN_POINT('',(47.039214,-47.039214,1.386691565));
#3156=CARTESIAN_POINT('',(46.453427381,-47.625000619,1.386691565));
#3157=CARTESIAN_POINT('',(45.625,-47.625,1.386691565));
#3158=(BOUNDED_CURVE()
B_SPLINE_CURVE(2,(#3153,#3154,#3155,#3156,#3157),.UNSPECIFIED.,.F.,.F.)
B_SPLINE_CURVE_WITH_KNOTS((3,2,3),(0.000000001,45.000042805,90.000085609),.UNSPECIFIED.)
CURVE()
GEOMETRIC_REPRESENTATION_ITEM()
RATIONAL_B_SPLINE_CURVE((1.,0.92387939,1.,0.92387939,1.))
REPRESENTATION_ITEM(''));
#3159=EDGE_CURVE('',#3107,#3146,#3158,.T.);
#3160=ORIENTED_EDGE('',*,*,#3159,.F.);
#3161=EDGE_LOOP('',(#3134,#3144,#3152,#3160));
#3162=FACE_BOUND('',#3161,.T.);
#3163=ADVANCED_FACE('',(#3162),#3133,.F.);
#3164=CARTESIAN_POINT('',(-104.25,-47.625,1.386691565));
#3165=DIRECTION('',(0.,1.,0.));
#3166=DIRECTION('',(0.,0.,1.));
#3167=AXIS2_PLACEMENT_3D('',#3164,#3165,#3166);
#3168=PLANE('',#3167);
#3169=ORIENTED_EDGE('',*,*,#3151,.T.);
#3170=CARTESIAN_POINT('',(-45.625,-47.625,4.886691565));
#3171=VERTEX_POINT('',#3170);
#3172=CARTESIAN_POINT('',(45.625,-47.625,4.886691565));
#3173=DIRECTION('',(-1.,-0.,-0.));
#3174=VECTOR('',#3173,91.25);
#3175=LINE('',#3172,#3174);
#3176=EDGE_CURVE('',#3136,#3171,#3175,.T.);
#3177=ORIENTED_EDGE('',*,*,#3176,.T.);
#3178=CARTESIAN_POINT('',(-45.625,-47.625,1.386691565));
#3179=VERTEX_POINT('',#3178);
#3180=CARTESIAN_POINT('',(-45.625,-47.625,1.386691565));
#3181=DIRECTION('',(0.,-0.,1.));
#3182=VECTOR('',#3181,3.5);
#3183=LINE('',#3180,#3182);
#3184=EDGE_CURVE('',#3179,#3171,#3183,.T.);
#3185=ORIENTED_EDGE('',*,*,#3184,.F.);
#3186=CARTESIAN_POINT('',(45.625,-47.625,1.386691565));
#3187=DIRECTION('',(-1.,-0.,0.));
#3188=VECTOR('',#3187,91.25);
#3189=LINE('',#3186,#3188);
#3190=EDGE_CURVE('',#3146,#3179,#3189,.T.);
#3191=ORIENTED_EDGE('',*,*,#3190,.F.);
#3192=EDGE_LOOP('',(#3169,#3177,#3185,#3191));
#3193=FACE_BOUND('',#3192,.T.);
#3194=ADVANCED_FACE('',(#3193),#3168,.F.);
#3195=CARTESIAN_POINT('',(-45.625,-47.625,1.386691565));
#3196=CARTESIAN_POINT('',(-45.625,-47.625,4.886691565));
#3197=CARTESIAN_POINT('',(-46.453427381,-47.625000619,1.386691565));
#3198=CARTESIAN_POINT('',(-46.453427381,-47.625000619,4.886691565));
#3199=CARTESIAN_POINT('',(-47.039214,-47.039214,1.386691565));
#3200=CARTESIAN_POINT('',(-47.039214,-47.039214,4.886691565));
#3201=CARTESIAN_POINT('',(-47.625000619,-46.453427381,1.386691565));
#3202=CARTESIAN_POINT('',(-47.625000619,-46.453427381,4.886691565));
#3203=CARTESIAN_POINT('',(-47.625,-45.625,1.386691565));
#3204=CARTESIAN_POINT('',(-47.625,-45.625,4.886691565));
#3205=(BOUNDED_SURFACE()
B_SPLINE_SURFACE(2,1,((#3195,#3196),(#3197,#3198),(#3199,#3200),(#3201,#3202),(#3203,#3204)),.UNSPECIFIED.,.F.,.F.,.U.)
B_SPLINE_SURFACE_WITH_KNOTS((3,2,3),(2,2),(0.,45.000042804,90.000085607),(0.,1.),.UNSPECIFIED.)
GEOMETRIC_REPRESENTATION_ITEM()
RATIONAL_B_SPLINE_SURFACE(((1.,1.),(0.92387939,0.92387939),(1.,1.),(0.92387939,0.92387939),(1.,1.)))
REPRESENTATION_ITEM('')
SURFACE()
);
#3206=ORIENTED_EDGE('',*,*,#3184,.T.);
#3207=CARTESIAN_POINT('',(-47.625,-45.625,4.886691565));
#3208=VERTEX_POINT('',#3207);
#3209=CARTESIAN_POINT('',(-45.625,-47.625,4.886691565));
#3210=CARTESIAN_POINT('',(-46.453427381,-47.625000619,4.886691565));
#3211=CARTESIAN_POINT('',(-47.039214,-47.039214,4.886691565));
#3212=CARTESIAN_POINT('',(-47.625000619,-46.453427381,4.886691565));
#3213=CARTESIAN_POINT('',(-47.625,-45.625,4.886691565));
#3214=(BOUNDED_CURVE()
B_SPLINE_CURVE(2,(#3209,#3210,#3211,#3212,#3213),.UNSPECIFIED.,.F.,.F.)
B_SPLINE_CURVE_WITH_KNOTS((3,2,3),(0.,45.000042804,90.000085607),.UNSPECIFIED.)
CURVE()
GEOMETRIC_REPRESENTATION_ITEM()
RATIONAL_B_SPLINE_CURVE((1.,0.92387939,1.,0.92387939,1.))
REPRESENTATION_ITEM(''));
#3215=EDGE_CURVE('',#3171,#3208,#3214,.T.);
#3216=ORIENTED_EDGE('',*,*,#3215,.T.);
#3217=CARTESIAN_POINT('',(-47.625,-45.625,1.386691565));
#3218=VERTEX_POINT('',#3217);
#3219=CARTESIAN_POINT('',(-47.625,-45.625,1.386691565));
#3220=DIRECTION('',(-0.,-0.,1.));
#3221=VECTOR('',#3220,3.5);
#3222=LINE('',#3219,#3221);
#3223=EDGE_CURVE('',#3218,#3208,#3222,.T.);
#3224=ORIENTED_EDGE('',*,*,#3223,.F.);
#3225=CARTESIAN_POINT('',(-45.625,-47.625,1.386691565));
#3226=CARTESIAN_POINT('',(-46.453427381,-47.625000619,1.386691565));
#3227=CARTESIAN_POINT('',(-47.039214,-47.039214,1.386691565));
#3228=CARTESIAN_POINT('',(-47.625000619,-46.453427381,1.386691565));
#3229=CARTESIAN_POINT('',(-47.625,-45.625,1.386691565));
#3230=(BOUNDED_CURVE()
B_SPLINE_CURVE(2,(#3225,#3226,#3227,#3228,#3229),.UNSPECIFIED.,.F.,.F.)
B_SPLINE_CURVE_WITH_KNOTS((3,2,3),(0.,45.000042804,90.000085607),.UNSPECIFIED.)
CURVE()
GEOMETRIC_REPRESENTATION_ITEM()
RATIONAL_B_SPLINE_CURVE((1.,0.92387939,1.,0.92387939,1.))
REPRESENTATION_ITEM(''));
#3231=EDGE_CURVE('',#3179,#3218,#3230,.T.);
#3232=ORIENTED_EDGE('',*,*,#3231,.F.);
#3233=EDGE_LOOP('',(#3206,#3216,#3224,#3232));
#3234=FACE_BOUND('',#3233,.T.);
#3235=ADVANCED_FACE('',(#3234),#3205,.F.);
#3236=CARTESIAN_POINT('',(-47.625,85.2,1.386691565));
#3237=DIRECTION('',(1.,0.,0.));
#3238=DIRECTION('',(0.,0.,-1.));
#3239=AXIS2_PLACEMENT_3D('',#3236,#3237,#3238);
#3240=PLANE('',#3239);
#3241=CARTESIAN_POINT('',(-47.625,7.525000747,1.386691565));
#3242=VERTEX_POINT('',#3241);
#3243=CARTESIAN_POINT('',(-47.625,11.524999253,1.386691565));
#3244=VERTEX_POINT('',#3243);
#3245=CARTESIAN_POINT('',(-47.625,7.525000747,1.386691565));
#3246=DIRECTION('',(-0.,1.,0.));
#3247=VECTOR('',#3246,3.999998506);
#3248=LINE('',#3245,#3247);
#3249=EDGE_CURVE('',#3242,#3244,#3248,.T.);
#3250=ORIENTED_EDGE('',*,*,#3249,.F.);
#3251=CARTESIAN_POINT('',(-47.625,-26.575000747,1.386691565));
#3252=VERTEX_POINT('',#3251);
#3253=CARTESIAN_POINT('',(-47.625,-26.575000747,1.386691565));
#3254=DIRECTION('',(0.,1.,0.));
#3255=VECTOR('',#3254,34.100001494);
#3256=LINE('',#3253,#3255);
#3257=EDGE_CURVE('',#3252,#3242,#3256,.T.);
#3258=ORIENTED_EDGE('',*,*,#3257,.F.);
#3259=CARTESIAN_POINT('',(-47.625,-30.574999253,1.386691565));
#3260=VERTEX_POINT('',#3259);
#3261=CARTESIAN_POINT('',(-47.625,-30.574999253,1.386691565));
#3262=DIRECTION('',(-0.,1.,0.));
#3263=VECTOR('',#3262,3.999998506);
#3264=LINE('',#3261,#3263);
#3265=EDGE_CURVE('',#3260,#3252,#3264,.T.);
#3266=ORIENTED_EDGE('',*,*,#3265,.F.);
#3267=CARTESIAN_POINT('',(-47.625,-45.625,1.386691565));
#3268=DIRECTION('',(0.,1.,0.));
#3269=VECTOR('',#3268,15.050000747);
#3270=LINE('',#3267,#3269);
#3271=EDGE_CURVE('',#3218,#3260,#3270,.T.);
#3272=ORIENTED_EDGE('',*,*,#3271,.F.);
#3273=ORIENTED_EDGE('',*,*,#3223,.T.);
#3274=CARTESIAN_POINT('',(-47.625,26.575001494,4.886691565));
#3275=VERTEX_POINT('',#3274);
#3276=CARTESIAN_POINT('',(-47.625,-45.625,4.886691565));
#3277=DIRECTION('',(-0.,1.,0.));
#3278=VECTOR('',#3277,72.200001494);
#3279=LINE('',#3276,#3278);
#3280=EDGE_CURVE('',#3208,#3275,#3279,.T.);
#3281=ORIENTED_EDGE('',*,*,#3280,.T.);
#3282=CARTESIAN_POINT('',(-47.625,26.575001494,1.386691565));
#3283=VERTEX_POINT('',#3282);
#3284=CARTESIAN_POINT('',(-47.625,26.575001494,1.386691565));
#3285=DIRECTION('',(-0.,-0.,1.));
#3286=VECTOR('',#3285,3.5);
#3287=LINE('',#3284,#3286);
#3288=EDGE_CURVE('',#3283,#3275,#3287,.T.);
#3289=ORIENTED_EDGE('',*,*,#3288,.F.);
#3290=CARTESIAN_POINT('',(-47.625,11.524999253,1.386691565));
#3291=DIRECTION('',(0.,1.,0.));
#3292=VECTOR('',#3291,15.050002241);
#3293=LINE('',#3290,#3292);
#3294=EDGE_CURVE('',#3244,#3283,#3293,.T.);
#3295=ORIENTED_EDGE('',*,*,#3294,.F.);
#3296=EDGE_LOOP('',(#3250,#3258,#3266,#3272,#3273,#3281,#3289,#3295));
#3297=FACE_BOUND('',#3296,.T.);
#3298=ADVANCED_FACE('',(#3297),#3240,.F.);
#3299=CARTESIAN_POINT('',(-45.625001494,26.575001494,1.386691565));
#3300=DIRECTION('',(0.,0.,1.));
#3301=DIRECTION('',(1.,0.,-0.));
#3302=AXIS2_PLACEMENT_3D('',#3299,#3300,#3301);
#3303=CYLINDRICAL_SURFACE('',#3302,1.999998506);
#3304=ORIENTED_EDGE('',*,*,#3288,.T.);
#3305=CARTESIAN_POINT('',(-45.625001369,28.575,4.886691565));
#3306=VERTEX_POINT('',#3305);
#3307=CARTESIAN_POINT('',(-45.625001494,26.575001494,4.886691565));
#3308=DIRECTION('',(-0.,-0.,-1.));
#3309=DIRECTION('',(1.,0.,-0.));
#3310=AXIS2_PLACEMENT_3D('',#3307,#3308,#3309);
#3311=CIRCLE('',#3310,1.999998506);
#3312=EDGE_CURVE('',#3275,#3306,#3311,.T.);
#3313=ORIENTED_EDGE('',*,*,#3312,.T.);
#3314=CARTESIAN_POINT('',(-45.625001369,28.575,1.386691565));
#3315=VERTEX_POINT('',#3314);
#3316=CARTESIAN_POINT('',(-45.625001369,28.575,1.386691565));
#3317=DIRECTION('',(0.,0.,1.));
#3318=VECTOR('',#3317,3.5);
#3319=LINE('',#3316,#3318);
#3320=EDGE_CURVE('',#3315,#3306,#3319,.T.);
#3321=ORIENTED_EDGE('',*,*,#3320,.F.);
#3322=CARTESIAN_POINT('',(-45.625001494,26.575001494,1.386691565));
#3323=DIRECTION('',(-0.,-0.,-1.));
#3324=DIRECTION('',(1.,0.,-0.));
#3325=AXIS2_PLACEMENT_3D('',#3322,#3323,#3324);
#3326=CIRCLE('',#3325,1.999998506);
#3327=EDGE_CURVE('',#3283,#3315,#3326,.T.);
#3328=ORIENTED_EDGE('',*,*,#3327,.F.);
#3329=EDGE_LOOP('',(#3304,#3313,#3321,#3328));
#3330=FACE_BOUND('',#3329,.T.);
#3331=ADVANCED_FACE('',(#3330),#3303,.T.);
#3332=CARTESIAN_POINT('',(-20.175,85.2,1.386691565));
#3333=DIRECTION('',(-1.,0.,0.));
#3334=DIRECTION('',(0.,0.,1.));
#3335=AXIS2_PLACEMENT_3D('',#3332,#3333,#3334);
#3336=PLANE('',#3335);
#3337=ORIENTED_EDGE('',*,*,#1039,.F.);
#3338=CARTESIAN_POINT('',(-20.175,-31.05,1.786691565));
#3339=DIRECTION('',(0.,1.,0.));
#3340=VECTOR('',#3339,1.75);
#3341=LINE('',#3338,#3340);
#3342=EDGE_CURVE('',#1026,#587,#3341,.T.);
#3343=ORIENTED_EDGE('',*,*,#3342,.T.);
#3344=ORIENTED_EDGE('',*,*,#592,.T.);
#3345=CARTESIAN_POINT('',(-20.175,-29.3,4.886691565));
#3346=DIRECTION('',(-0.,-1.,-0.));
#3347=VECTOR('',#3346,1.75);
#3348=LINE('',#3345,#3347);
#3349=EDGE_CURVE('',#579,#1034,#3348,.T.);
#3350=ORIENTED_EDGE('',*,*,#3349,.T.);
#3351=EDGE_LOOP('',(#3337,#3343,#3344,#3350));
#3352=FACE_BOUND('',#3351,.T.);
#3353=ADVANCED_FACE('',(#3352),#3336,.F.);
#3354=CARTESIAN_POINT('',(31.05,85.2,1.386691565));
#3355=DIRECTION('',(-1.,0.,0.));
#3356=DIRECTION('',(0.,0.,1.));
#3357=AXIS2_PLACEMENT_3D('',#3354,#3355,#3356);
#3358=PLANE('',#3357);
#3359=ORIENTED_EDGE('',*,*,#1415,.F.);
#3360=CARTESIAN_POINT('',(31.05,12.,1.786691565));
#3361=DIRECTION('',(0.,1.,0.));
#3362=VECTOR('',#3361,14.1);
#3363=LINE('',#3360,#3362);
#3364=EDGE_CURVE('',#1402,#1463,#3363,.T.);
#3365=ORIENTED_EDGE('',*,*,#3364,.T.);
#3366=ORIENTED_EDGE('',*,*,#1470,.T.);
#3367=CARTESIAN_POINT('',(31.05,26.1,4.886691565));
#3368=DIRECTION('',(-0.,-1.,-0.));
#3369=VECTOR('',#3368,14.1);
#3370=LINE('',#3367,#3369);
#3371=EDGE_CURVE('',#1465,#1410,#3370,.T.);
#3372=ORIENTED_EDGE('',*,*,#3371,.T.);
#3373=EDGE_LOOP('',(#3359,#3365,#3366,#3372));
#3374=FACE_BOUND('',#3373,.T.);
#3375=ADVANCED_FACE('',(#3374),#3358,.F.);
#3376=CARTESIAN_POINT('',(12.,85.2,1.386691565));
#3377=DIRECTION('',(-1.,0.,0.));
#3378=DIRECTION('',(0.,0.,1.));
#3379=AXIS2_PLACEMENT_3D('',#3376,#3377,#3378);
#3380=PLANE('',#3379);
#3381=ORIENTED_EDGE('',*,*,#1517,.F.);
#3382=CARTESIAN_POINT('',(12.,12.,1.786691565));
#3383=DIRECTION('',(0.,1.,0.));
#3384=VECTOR('',#3383,14.1);
#3385=LINE('',#3382,#3384);
#3386=EDGE_CURVE('',#1504,#1565,#3385,.T.);
#3387=ORIENTED_EDGE('',*,*,#3386,.T.);
#3388=ORIENTED_EDGE('',*,*,#1572,.T.);
#3389=CARTESIAN_POINT('',(12.,26.1,4.886691565));
#3390=DIRECTION('',(-0.,-1.,-0.));
#3391=VECTOR('',#3390,14.1);
#3392=LINE('',#3389,#3391);
#3393=EDGE_CURVE('',#1567,#1512,#3392,.T.);
#3394=ORIENTED_EDGE('',*,*,#3393,.T.);
#3395=EDGE_LOOP('',(#3381,#3387,#3388,#3394));
#3396=FACE_BOUND('',#3395,.T.);
#3397=ADVANCED_FACE('',(#3396),#3380,.F.);
#3398=CARTESIAN_POINT('',(-7.05,85.2,1.386691565));
#3399=DIRECTION('',(-1.,0.,0.));
#3400=DIRECTION('',(0.,0.,1.));
#3401=AXIS2_PLACEMENT_3D('',#3398,#3399,#3400);
#3402=PLANE('',#3401);
#3403=ORIENTED_EDGE('',*,*,#1619,.F.);
#3404=CARTESIAN_POINT('',(-7.05,12.,1.786691565));
#3405=DIRECTION('',(0.,1.,0.));
#3406=VECTOR('',#3405,14.1);
#3407=LINE('',#3404,#3406);
#3408=EDGE_CURVE('',#1606,#1667,#3407,.T.);
#3409=ORIENTED_EDGE('',*,*,#3408,.T.);
#3410=ORIENTED_EDGE('',*,*,#1674,.T.);
#3411=CARTESIAN_POINT('',(-7.05,26.1,4.886691565));
#3412=DIRECTION('',(-0.,-1.,-0.));
#3413=VECTOR('',#3412,14.1);
#3414=LINE('',#3411,#3413);
#3415=EDGE_CURVE('',#1669,#1614,#3414,.T.);
#3416=ORIENTED_EDGE('',*,*,#3415,.T.);
#3417=EDGE_LOOP('',(#3403,#3409,#3410,#3416));
#3418=FACE_BOUND('',#3417,.T.);
#3419=ADVANCED_FACE('',(#3418),#3402,.F.);
#3420=CARTESIAN_POINT('',(-26.1,85.2,1.386691565));
#3421=DIRECTION('',(-1.,0.,0.));
#3422=DIRECTION('',(0.,0.,1.));
#3423=AXIS2_PLACEMENT_3D('',#3420,#3421,#3422);
#3424=PLANE('',#3423);
#3425=ORIENTED_EDGE('',*,*,#1721,.F.);
#3426=CARTESIAN_POINT('',(-26.1,12.,1.786691565));
#3427=DIRECTION('',(0.,1.,0.));
#3428=VECTOR('',#3427,14.1);
#3429=LINE('',#3426,#3428);
#3430=EDGE_CURVE('',#1708,#1769,#3429,.T.);
#3431=ORIENTED_EDGE('',*,*,#3430,.T.);
#3432=ORIENTED_EDGE('',*,*,#1776,.T.);
#3433=CARTESIAN_POINT('',(-26.1,26.1,4.886691565));
#3434=DIRECTION('',(-0.,-1.,-0.));
#3435=VECTOR('',#3434,14.1);
#3436=LINE('',#3433,#3435);
#3437=EDGE_CURVE('',#1771,#1716,#3436,.T.);
#3438=ORIENTED_EDGE('',*,*,#3437,.T.);
#3439=EDGE_LOOP('',(#3425,#3431,#3432,#3438));
#3440=FACE_BOUND('',#3439,.T.);
#3441=ADVANCED_FACE('',(#3440),#3424,.F.);
#3442=CARTESIAN_POINT('',(-45.15,85.2,1.386691565));
#3443=DIRECTION('',(-1.,0.,0.));
#3444=DIRECTION('',(0.,0.,1.));
#3445=AXIS2_PLACEMENT_3D('',#3442,#3443,#3444);
#3446=PLANE('',#3445);
#3447=ORIENTED_EDGE('',*,*,#1823,.F.);
#3448=CARTESIAN_POINT('',(-45.15,12.,1.786691565));
#3449=DIRECTION('',(0.,1.,0.));
#3450=VECTOR('',#3449,14.1);
#3451=LINE('',#3448,#3450);
#3452=EDGE_CURVE('',#1810,#1871,#3451,.T.);
#3453=ORIENTED_EDGE('',*,*,#3452,.T.);
#3454=ORIENTED_EDGE('',*,*,#1878,.T.);
#3455=CARTESIAN_POINT('',(-45.15,26.1,4.886691565));
#3456=DIRECTION('',(-0.,-1.,-0.));
#3457=VECTOR('',#3456,14.1);
#3458=LINE('',#3455,#3457);
#3459=EDGE_CURVE('',#1873,#1818,#3458,.T.);
#3460=ORIENTED_EDGE('',*,*,#3459,.T.);
#3461=EDGE_LOOP('',(#3447,#3453,#3454,#3460));
#3462=FACE_BOUND('',#3461,.T.);
#3463=ADVANCED_FACE('',(#3462),#3446,.F.);
#3464=CARTESIAN_POINT('',(31.05,85.2,1.386691565));
#3465=DIRECTION('',(-1.,0.,0.));
#3466=DIRECTION('',(0.,0.,1.));
#3467=AXIS2_PLACEMENT_3D('',#3464,#3465,#3466);
#3468=PLANE('',#3467);
#3469=ORIENTED_EDGE('',*,*,#1925,.F.);
#3470=CARTESIAN_POINT('',(31.05,-7.05,1.786691565));
#3471=DIRECTION('',(0.,1.,0.));
#3472=VECTOR('',#3471,14.1);
#3473=LINE('',#3470,#3472);
#3474=EDGE_CURVE('',#1912,#1973,#3473,.T.);
#3475=ORIENTED_EDGE('',*,*,#3474,.T.);
#3476=ORIENTED_EDGE('',*,*,#1980,.T.);
#3477=CARTESIAN_POINT('',(31.05,7.05,4.886691565));
#3478=DIRECTION('',(-0.,-1.,-0.));
#3479=VECTOR('',#3478,14.1);
#3480=LINE('',#3477,#3479);
#3481=EDGE_CURVE('',#1975,#1920,#3480,.T.);
#3482=ORIENTED_EDGE('',*,*,#3481,.T.);
#3483=EDGE_LOOP('',(#3469,#3475,#3476,#3482));
#3484=FACE_BOUND('',#3483,.T.);
#3485=ADVANCED_FACE('',(#3484),#3468,.F.);
#3486=CARTESIAN_POINT('',(12.,85.2,1.386691565));
#3487=DIRECTION('',(-1.,0.,0.));
#3488=DIRECTION('',(0.,0.,1.));
#3489=AXIS2_PLACEMENT_3D('',#3486,#3487,#3488);
#3490=PLANE('',#3489);
#3491=ORIENTED_EDGE('',*,*,#2027,.F.);
#3492=CARTESIAN_POINT('',(12.,-7.05,1.786691565));
#3493=DIRECTION('',(0.,1.,0.));
#3494=VECTOR('',#3493,14.1);
#3495=LINE('',#3492,#3494);
#3496=EDGE_CURVE('',#2014,#2075,#3495,.T.);
#3497=ORIENTED_EDGE('',*,*,#3496,.T.);
#3498=ORIENTED_EDGE('',*,*,#2082,.T.);
#3499=CARTESIAN_POINT('',(12.,7.05,4.886691565));
#3500=DIRECTION('',(-0.,-1.,-0.));
#3501=VECTOR('',#3500,14.1);
#3502=LINE('',#3499,#3501);
#3503=EDGE_CURVE('',#2077,#2022,#3502,.T.);
#3504=ORIENTED_EDGE('',*,*,#3503,.T.);
#3505=EDGE_LOOP('',(#3491,#3497,#3498,#3504));
#3506=FACE_BOUND('',#3505,.T.);
#3507=ADVANCED_FACE('',(#3506),#3490,.F.);
#3508=CARTESIAN_POINT('',(-7.05,85.2,1.386691565));
#3509=DIRECTION('',(-1.,0.,0.));
#3510=DIRECTION('',(0.,0.,1.));
#3511=AXIS2_PLACEMENT_3D('',#3508,#3509,#3510);
#3512=PLANE('',#3511);
#3513=ORIENTED_EDGE('',*,*,#2129,.F.);
#3514=CARTESIAN_POINT('',(-7.05,-7.05,1.786691565));
#3515=DIRECTION('',(0.,1.,0.));
#3516=VECTOR('',#3515,14.1);
#3517=LINE('',#3514,#3516);
#3518=EDGE_CURVE('',#2116,#2177,#3517,.T.);
#3519=ORIENTED_EDGE('',*,*,#3518,.T.);
#3520=ORIENTED_EDGE('',*,*,#2184,.T.);
#3521=CARTESIAN_POINT('',(-7.05,7.05,4.886691565));
#3522=DIRECTION('',(-0.,-1.,-0.));
#3523=VECTOR('',#3522,14.1);
#3524=LINE('',#3521,#3523);
#3525=EDGE_CURVE('',#2179,#2124,#3524,.T.);
#3526=ORIENTED_EDGE('',*,*,#3525,.T.);
#3527=EDGE_LOOP('',(#3513,#3519,#3520,#3526));
#3528=FACE_BOUND('',#3527,.T.);
#3529=ADVANCED_FACE('',(#3528),#3512,.F.);
#3530=CARTESIAN_POINT('',(-26.1,85.2,1.386691565));
#3531=DIRECTION('',(-1.,0.,0.));
#3532=DIRECTION('',(0.,0.,1.));
#3533=AXIS2_PLACEMENT_3D('',#3530,#3531,#3532);
#3534=PLANE('',#3533);
#3535=ORIENTED_EDGE('',*,*,#2231,.F.);
#3536=CARTESIAN_POINT('',(-26.1,-7.05,1.786691565));
#3537=DIRECTION('',(0.,1.,0.));
#3538=VECTOR('',#3537,14.1);
#3539=LINE('',#3536,#3538);
#3540=EDGE_CURVE('',#2218,#2279,#3539,.T.);
#3541=ORIENTED_EDGE('',*,*,#3540,.T.);
#3542=ORIENTED_EDGE('',*,*,#2286,.T.);
#3543=CARTESIAN_POINT('',(-26.1,7.05,4.886691565));
#3544=DIRECTION('',(-0.,-1.,-0.));
#3545=VECTOR('',#3544,14.1);
#3546=LINE('',#3543,#3545);
#3547=EDGE_CURVE('',#2281,#2226,#3546,.T.);
#3548=ORIENTED_EDGE('',*,*,#3547,.T.);
#3549=EDGE_LOOP('',(#3535,#3541,#3542,#3548));
#3550=FACE_BOUND('',#3549,.T.);
#3551=ADVANCED_FACE('',(#3550),#3534,.F.);
#3552=CARTESIAN_POINT('',(-45.15,85.2,1.386691565));
#3553=DIRECTION('',(-1.,0.,0.));
#3554=DIRECTION('',(0.,0.,1.));
#3555=AXIS2_PLACEMENT_3D('',#3552,#3553,#3554);
#3556=PLANE('',#3555);
#3557=ORIENTED_EDGE('',*,*,#2333,.F.);
#3558=CARTESIAN_POINT('',(-45.15,-7.05,1.786691565));
#3559=DIRECTION('',(0.,1.,0.));
#3560=VECTOR('',#3559,14.1);
#3561=LINE('',#3558,#3560);
#3562=EDGE_CURVE('',#2320,#2381,#3561,.T.);
#3563=ORIENTED_EDGE('',*,*,#3562,.T.);
#3564=ORIENTED_EDGE('',*,*,#2388,.T.);
#3565=CARTESIAN_POINT('',(-45.15,7.05,4.886691565));
#3566=DIRECTION('',(-0.,-1.,-0.));
#3567=VECTOR('',#3566,14.1);
#3568=LINE('',#3565,#3567);
#3569=EDGE_CURVE('',#2383,#2328,#3568,.T.);
#3570=ORIENTED_EDGE('',*,*,#3569,.T.);
#3571=EDGE_LOOP('',(#3557,#3563,#3564,#3570));
#3572=FACE_BOUND('',#3571,.T.);
#3573=ADVANCED_FACE('',(#3572),#3556,.F.);
#3574=CARTESIAN_POINT('',(31.05,85.2,1.386691565));
#3575=DIRECTION('',(-1.,0.,0.));
#3576=DIRECTION('',(0.,0.,1.));
#3577=AXIS2_PLACEMENT_3D('',#3574,#3575,#3576);
#3578=PLANE('',#3577);
#3579=ORIENTED_EDGE('',*,*,#2435,.F.);
#3580=CARTESIAN_POINT('',(31.05,-26.1,1.786691565));
#3581=DIRECTION('',(0.,1.,0.));
#3582=VECTOR('',#3581,14.1);
#3583=LINE('',#3580,#3582);
#3584=EDGE_CURVE('',#2422,#2483,#3583,.T.);
#3585=ORIENTED_EDGE('',*,*,#3584,.T.);
#3586=ORIENTED_EDGE('',*,*,#2490,.T.);
#3587=CARTESIAN_POINT('',(31.05,-12.,4.886691565));
#3588=DIRECTION('',(-0.,-1.,-0.));
#3589=VECTOR('',#3588,14.1);
#3590=LINE('',#3587,#3589);
#3591=EDGE_CURVE('',#2485,#2430,#3590,.T.);
#3592=ORIENTED_EDGE('',*,*,#3591,.T.);
#3593=EDGE_LOOP('',(#3579,#3585,#3586,#3592));
#3594=FACE_BOUND('',#3593,.T.);
#3595=ADVANCED_FACE('',(#3594),#3578,.F.);
#3596=CARTESIAN_POINT('',(12.,85.2,1.386691565));
#3597=DIRECTION('',(-1.,0.,0.));
#3598=DIRECTION('',(0.,0.,1.));
#3599=AXIS2_PLACEMENT_3D('',#3596,#3597,#3598);
#3600=PLANE('',#3599);
#3601=ORIENTED_EDGE('',*,*,#2537,.F.);
#3602=CARTESIAN_POINT('',(12.,-26.1,1.786691565));
#3603=DIRECTION('',(0.,1.,0.));
#3604=VECTOR('',#3603,14.1);
#3605=LINE('',#3602,#3604);
#3606=EDGE_CURVE('',#2524,#2585,#3605,.T.);
#3607=ORIENTED_EDGE('',*,*,#3606,.T.);
#3608=ORIENTED_EDGE('',*,*,#2592,.T.);
#3609=CARTESIAN_POINT('',(12.,-12.,4.886691565));
#3610=DIRECTION('',(-0.,-1.,-0.));
#3611=VECTOR('',#3610,14.1);
#3612=LINE('',#3609,#3611);
#3613=EDGE_CURVE('',#2587,#2532,#3612,.T.);
#3614=ORIENTED_EDGE('',*,*,#3613,.T.);
#3615=EDGE_LOOP('',(#3601,#3607,#3608,#3614));
#3616=FACE_BOUND('',#3615,.T.);
#3617=ADVANCED_FACE('',(#3616),#3600,.F.);
#3618=CARTESIAN_POINT('',(-7.05,85.2,1.386691565));
#3619=DIRECTION('',(-1.,0.,0.));
#3620=DIRECTION('',(0.,0.,1.));
#3621=AXIS2_PLACEMENT_3D('',#3618,#3619,#3620);
#3622=PLANE('',#3621);
#3623=ORIENTED_EDGE('',*,*,#2639,.F.);
#3624=CARTESIAN_POINT('',(-7.05,-26.1,1.786691565));
#3625=DIRECTION('',(0.,1.,0.));
#3626=VECTOR('',#3625,14.1);
#3627=LINE('',#3624,#3626);
#3628=EDGE_CURVE('',#2626,#2687,#3627,.T.);
#3629=ORIENTED_EDGE('',*,*,#3628,.T.);
#3630=ORIENTED_EDGE('',*,*,#2694,.T.);
#3631=CARTESIAN_POINT('',(-7.05,-12.,4.886691565));
#3632=DIRECTION('',(-0.,-1.,-0.));
#3633=VECTOR('',#3632,14.1);
#3634=LINE('',#3631,#3633);
#3635=EDGE_CURVE('',#2689,#2634,#3634,.T.);
#3636=ORIENTED_EDGE('',*,*,#3635,.T.);
#3637=EDGE_LOOP('',(#3623,#3629,#3630,#3636));
#3638=FACE_BOUND('',#3637,.T.);
#3639=ADVANCED_FACE('',(#3638),#3622,.F.);
#3640=CARTESIAN_POINT('',(-26.1,85.2,1.386691565));
#3641=DIRECTION('',(-1.,0.,0.));
#3642=DIRECTION('',(0.,0.,1.));
#3643=AXIS2_PLACEMENT_3D('',#3640,#3641,#3642);
#3644=PLANE('',#3643);
#3645=ORIENTED_EDGE('',*,*,#2741,.F.);
#3646=CARTESIAN_POINT('',(-26.1,-26.1,1.786691565));
#3647=DIRECTION('',(0.,1.,0.));
#3648=VECTOR('',#3647,14.1);
#3649=LINE('',#3646,#3648);
#3650=EDGE_CURVE('',#2728,#2789,#3649,.T.);
#3651=ORIENTED_EDGE('',*,*,#3650,.T.);
#3652=ORIENTED_EDGE('',*,*,#2796,.T.);
#3653=CARTESIAN_POINT('',(-26.1,-12.,4.886691565));
#3654=DIRECTION('',(-0.,-1.,-0.));
#3655=VECTOR('',#3654,14.1);
#3656=LINE('',#3653,#3655);
#3657=EDGE_CURVE('',#2791,#2736,#3656,.T.);
#3658=ORIENTED_EDGE('',*,*,#3657,.T.);
#3659=EDGE_LOOP('',(#3645,#3651,#3652,#3658));
#3660=FACE_BOUND('',#3659,.T.);
#3661=ADVANCED_FACE('',(#3660),#3644,.F.);
#3662=CARTESIAN_POINT('',(-45.15,85.2,1.386691565));
#3663=DIRECTION('',(-1.,0.,0.));
#3664=DIRECTION('',(0.,0.,1.));
#3665=AXIS2_PLACEMENT_3D('',#3662,#3663,#3664);
#3666=PLANE('',#3665);
#3667=ORIENTED_EDGE('',*,*,#2843,.F.);
#3668=CARTESIAN_POINT('',(-45.15,-26.1,1.786691565));
#3669=DIRECTION('',(0.,1.,0.));
#3670=VECTOR('',#3669,14.1);
#3671=LINE('',#3668,#3670);
#3672=EDGE_CURVE('',#2830,#2891,#3671,.T.);
#3673=ORIENTED_EDGE('',*,*,#3672,.T.);
#3674=ORIENTED_EDGE('',*,*,#2898,.T.);
#3675=CARTESIAN_POINT('',(-45.15,-12.,4.886691565));
#3676=DIRECTION('',(-0.,-1.,-0.));
#3677=VECTOR('',#3676,14.1);
#3678=LINE('',#3675,#3677);
#3679=EDGE_CURVE('',#2893,#2838,#3678,.T.);
#3680=ORIENTED_EDGE('',*,*,#3679,.T.);
#3681=EDGE_LOOP('',(#3667,#3673,#3674,#3680));
#3682=FACE_BOUND('',#3681,.T.);
#3683=ADVANCED_FACE('',(#3682),#3666,.F.);
#3684=CARTESIAN_POINT('',(-7.05,85.2,1.386691565));
#3685=DIRECTION('',(-1.,0.,0.));
#3686=DIRECTION('',(0.,0.,1.));
#3687=AXIS2_PLACEMENT_3D('',#3684,#3685,#3686);
#3688=PLANE('',#3687);
#3689=ORIENTED_EDGE('',*,*,#2945,.F.);
#3690=CARTESIAN_POINT('',(-7.05,-45.15,1.786691565));
#3691=DIRECTION('',(0.,1.,0.));
#3692=VECTOR('',#3691,14.1);
#3693=LINE('',#3690,#3692);
#3694=EDGE_CURVE('',#2932,#2993,#3693,.T.);
#3695=ORIENTED_EDGE('',*,*,#3694,.T.);
#3696=ORIENTED_EDGE('',*,*,#3000,.T.);
#3697=CARTESIAN_POINT('',(-7.05,-31.05,4.886691565));
#3698=DIRECTION('',(-0.,-1.,-0.));
#3699=VECTOR('',#3698,14.1);
#3700=LINE('',#3697,#3699);
#3701=EDGE_CURVE('',#2995,#2940,#3700,.T.);
#3702=ORIENTED_EDGE('',*,*,#3701,.T.);
#3703=EDGE_LOOP('',(#3689,#3695,#3696,#3702));
#3704=FACE_BOUND('',#3703,.T.);
#3705=ADVANCED_FACE('',(#3704),#3688,.F.);
#3706=CARTESIAN_POINT('',(-45.625,28.575,1.386691565));
#3707=DIRECTION('',(0.,-1.,0.));
#3708=DIRECTION('',(0.,0.,-1.));
#3709=AXIS2_PLACEMENT_3D('',#3706,#3707,#3708);
#3710=PLANE('',#3709);
#3711=ORIENTED_EDGE('',*,*,#3320,.T.);
#3712=CARTESIAN_POINT('',(-45.625001369,28.575,4.886691565));
#3713=DIRECTION('',(1.,0.,-0.));
#3714=VECTOR('',#3713,91.2500028);
#3715=LINE('',#3712,#3714);
#3716=EDGE_CURVE('',#3306,#3026,#3715,.T.);
#3717=ORIENTED_EDGE('',*,*,#3716,.T.);
#3718=ORIENTED_EDGE('',*,*,#3031,.F.);
#3719=CARTESIAN_POINT('',(-45.625001369,28.575,1.386691565));
#3720=DIRECTION('',(1.,0.,-0.));
#3721=VECTOR('',#3720,91.2500028);
#3722=LINE('',#3719,#3721);
#3723=EDGE_CURVE('',#3315,#3024,#3722,.T.);
#3724=ORIENTED_EDGE('',*,*,#3723,.F.);
#3725=EDGE_LOOP('',(#3711,#3717,#3718,#3724));
#3726=FACE_BOUND('',#3725,.T.);
#3727=ADVANCED_FACE('',(#3726),#3710,.F.);
#3728=CARTESIAN_POINT('',(36.975,85.2,1.386691565));
#3729=DIRECTION('',(-1.,0.,0.));
#3730=DIRECTION('',(0.,0.,1.));
#3731=AXIS2_PLACEMENT_3D('',#3728,#3729,#3730);
#3732=PLANE('',#3731);
#3733=ORIENTED_EDGE('',*,*,#632,.F.);
#3734=CARTESIAN_POINT('',(36.975,-31.05,1.786691565));
#3735=DIRECTION('',(0.,1.,0.));
#3736=VECTOR('',#3735,1.75);
#3737=LINE('',#3734,#3736);
#3738=EDGE_CURVE('',#619,#299,#3737,.T.);
#3739=ORIENTED_EDGE('',*,*,#3738,.T.);
#3740=ORIENTED_EDGE('',*,*,#304,.T.);
#3741=CARTESIAN_POINT('',(36.975,-29.3,4.886691565));
#3742=DIRECTION('',(-0.,-1.,-0.));
#3743=VECTOR('',#3742,1.75);
#3744=LINE('',#3741,#3743);
#3745=EDGE_CURVE('',#291,#627,#3744,.T.);
#3746=ORIENTED_EDGE('',*,*,#3745,.T.);
#3747=EDGE_LOOP('',(#3733,#3739,#3740,#3746));
#3748=FACE_BOUND('',#3747,.T.);
#3749=ADVANCED_FACE('',(#3748),#3732,.F.);
#3750=CARTESIAN_POINT('',(-104.25,85.2,1.386691565));
#3751=DIRECTION('',(0.,0.,1.));
#3752=DIRECTION('',(1.,0.,0.));
#3753=AXIS2_PLACEMENT_3D('',#3750,#3751,#3752);
#3754=PLANE('',#3753);
#3755=CARTESIAN_POINT('',(-42.5069,-29.845,1.386691565));
#3756=VERTEX_POINT('',#3755);
#3757=CARTESIAN_POINT('',(-40.513,-29.845,1.386691565));
#3758=DIRECTION('',(-0.,-0.,-1.));
#3759=DIRECTION('',(1.,0.,-0.));
#3760=AXIS2_PLACEMENT_3D('',#3757,#3758,#3759);
#3761=CIRCLE('',#3760,1.9939);
#3762=EDGE_CURVE('',#3756,#321,#3761,.T.);
#3763=ORIENTED_EDGE('',*,*,#3762,.F.);
#3764=CARTESIAN_POINT('',(-40.513,-29.845,1.386691565));
#3765=DIRECTION('',(-0.,-0.,-1.));
#3766=DIRECTION('',(1.,0.,-0.));
#3767=AXIS2_PLACEMENT_3D('',#3764,#3765,#3766);
#3768=CIRCLE('',#3767,1.9939);
#3769=EDGE_CURVE('',#331,#3756,#3768,.T.);
#3770=ORIENTED_EDGE('',*,*,#3769,.F.);
#3771=ORIENTED_EDGE('',*,*,#336,.T.);
#3772=EDGE_LOOP('',(#3763,#3770,#3771));
#3773=FACE_BOUND('',#3772,.T.);
#3774=CARTESIAN_POINT('',(-42.037,-45.085,1.386691565));
#3775=VERTEX_POINT('',#3774);
#3776=CARTESIAN_POINT('',(-40.513,-45.085,1.386691565));
#3777=DIRECTION('',(-0.,-0.,-1.));
#3778=DIRECTION('',(1.,0.,-0.));
#3779=AXIS2_PLACEMENT_3D('',#3776,#3777,#3778);
#3780=CIRCLE('',#3779,1.524);
#3781=EDGE_CURVE('',#3775,#393,#3780,.T.);
#3782=ORIENTED_EDGE('',*,*,#3781,.F.);
#3783=CARTESIAN_POINT('',(-40.513,-45.085,1.386691565));
#3784=DIRECTION('',(-0.,-0.,-1.));
#3785=DIRECTION('',(1.,0.,-0.));
#3786=AXIS2_PLACEMENT_3D('',#3783,#3784,#3785);
#3787=CIRCLE('',#3786,1.524);
#3788=EDGE_CURVE('',#403,#3775,#3787,.T.);
#3789=ORIENTED_EDGE('',*,*,#3788,.F.);
#3790=ORIENTED_EDGE('',*,*,#408,.T.);
#3791=EDGE_LOOP('',(#3782,#3789,#3790));
#3792=FACE_BOUND('',#3791,.T.);
#3793=CARTESIAN_POINT('',(-18.161,-45.085,1.386691565));
#3794=VERTEX_POINT('',#3793);
#3795=CARTESIAN_POINT('',(-16.637,-45.085,1.386691565));
#3796=DIRECTION('',(-0.,-0.,-1.));
#3797=DIRECTION('',(1.,0.,-0.));
#3798=AXIS2_PLACEMENT_3D('',#3795,#3796,#3797);
#3799=CIRCLE('',#3798,1.524);
#3800=EDGE_CURVE('',#3794,#465,#3799,.T.);
#3801=ORIENTED_EDGE('',*,*,#3800,.F.);
#3802=CARTESIAN_POINT('',(-16.637,-45.085,1.386691565));
#3803=DIRECTION('',(-0.,-0.,-1.));
#3804=DIRECTION('',(1.,0.,-0.));
#3805=AXIS2_PLACEMENT_3D('',#3802,#3803,#3804);
#3806=CIRCLE('',#3805,1.524);
#3807=EDGE_CURVE('',#475,#3794,#3806,.T.);
#3808=ORIENTED_EDGE('',*,*,#3807,.F.);
#3809=ORIENTED_EDGE('',*,*,#480,.T.);
#3810=EDGE_LOOP('',(#3801,#3808,#3809));
#3811=FACE_BOUND('',#3810,.T.);
#3812=CARTESIAN_POINT('',(-18.6309,-29.845,1.386691565));
#3813=VERTEX_POINT('',#3812);
#3814=CARTESIAN_POINT('',(-16.637,-29.845,1.386691565));
#3815=DIRECTION('',(-0.,-0.,-1.));
#3816=DIRECTION('',(1.,0.,-0.));
#3817=AXIS2_PLACEMENT_3D('',#3814,#3815,#3816);
#3818=CIRCLE('',#3817,1.9939);
#3819=EDGE_CURVE('',#3813,#537,#3818,.T.);
#3820=ORIENTED_EDGE('',*,*,#3819,.F.);
#3821=CARTESIAN_POINT('',(-16.637,-29.845,1.386691565));
#3822=DIRECTION('',(-0.,-0.,-1.));
#3823=DIRECTION('',(1.,0.,-0.));
#3824=AXIS2_PLACEMENT_3D('',#3821,#3822,#3823);
#3825=CIRCLE('',#3824,1.9939);
#3826=EDGE_CURVE('',#547,#3813,#3825,.T.);
#3827=ORIENTED_EDGE('',*,*,#3826,.F.);
#3828=ORIENTED_EDGE('',*,*,#552,.T.);
#3829=EDGE_LOOP('',(#3820,#3827,#3828));
#3830=FACE_BOUND('',#3829,.T.);
#3831=CARTESIAN_POINT('',(14.6431,-29.845,1.386691565));
#3832=VERTEX_POINT('',#3831);
#3833=CARTESIAN_POINT('',(16.637,-29.845,1.386691565));
#3834=DIRECTION('',(-0.,-0.,-1.));
#3835=DIRECTION('',(1.,0.,-0.));
#3836=AXIS2_PLACEMENT_3D('',#3833,#3834,#3835);
#3837=CIRCLE('',#3836,1.9939);
#3838=EDGE_CURVE('',#3832,#33,#3837,.T.);
#3839=ORIENTED_EDGE('',*,*,#3838,.F.);
#3840=CARTESIAN_POINT('',(16.637,-29.845,1.386691565));
#3841=DIRECTION('',(-0.,-0.,-1.));
#3842=DIRECTION('',(1.,0.,-0.));
#3843=AXIS2_PLACEMENT_3D('',#3840,#3841,#3842);
#3844=CIRCLE('',#3843,1.9939);
#3845=EDGE_CURVE('',#43,#3832,#3844,.T.);
#3846=ORIENTED_EDGE('',*,*,#3845,.F.);
#3847=ORIENTED_EDGE('',*,*,#48,.T.);
#3848=EDGE_LOOP('',(#3839,#3846,#3847));
#3849=FACE_BOUND('',#3848,.T.);
#3850=CARTESIAN_POINT('',(15.113,-45.085,1.386691565));
#3851=VERTEX_POINT('',#3850);
#3852=CARTESIAN_POINT('',(16.637,-45.085,1.386691565));
#3853=DIRECTION('',(-0.,-0.,-1.));
#3854=DIRECTION('',(1.,0.,-0.));
#3855=AXIS2_PLACEMENT_3D('',#3852,#3853,#3854);
#3856=CIRCLE('',#3855,1.524);
#3857=EDGE_CURVE('',#3851,#105,#3856,.T.);
#3858=ORIENTED_EDGE('',*,*,#3857,.F.);
#3859=CARTESIAN_POINT('',(16.637,-45.085,1.386691565));
#3860=DIRECTION('',(-0.,-0.,-1.));
#3861=DIRECTION('',(1.,0.,-0.));
#3862=AXIS2_PLACEMENT_3D('',#3859,#3860,#3861);
#3863=CIRCLE('',#3862,1.524);
#3864=EDGE_CURVE('',#115,#3851,#3863,.T.);
#3865=ORIENTED_EDGE('',*,*,#3864,.F.);
#3866=ORIENTED_EDGE('',*,*,#120,.T.);
#3867=EDGE_LOOP('',(#3858,#3865,#3866));
#3868=FACE_BOUND('',#3867,.T.);
#3869=CARTESIAN_POINT('',(38.989,-45.085,1.386691565));
#3870=VERTEX_POINT('',#3869);
#3871=CARTESIAN_POINT('',(40.513,-45.085,1.386691565));
#3872=DIRECTION('',(-0.,-0.,-1.));
#3873=DIRECTION('',(1.,0.,-0.));
#3874=AXIS2_PLACEMENT_3D('',#3871,#3872,#3873);
#3875=CIRCLE('',#3874,1.524);
#3876=EDGE_CURVE('',#3870,#177,#3875,.T.);
#3877=ORIENTED_EDGE('',*,*,#3876,.F.);
#3878=CARTESIAN_POINT('',(40.513,-45.085,1.386691565));
#3879=DIRECTION('',(-0.,-0.,-1.));
#3880=DIRECTION('',(1.,0.,-0.));
#3881=AXIS2_PLACEMENT_3D('',#3878,#3879,#3880);
#3882=CIRCLE('',#3881,1.524);
#3883=EDGE_CURVE('',#187,#3870,#3882,.T.);
#3884=ORIENTED_EDGE('',*,*,#3883,.F.);
#3885=ORIENTED_EDGE('',*,*,#192,.T.);
#3886=EDGE_LOOP('',(#3877,#3884,#3885));
#3887=FACE_BOUND('',#3886,.T.);
#3888=CARTESIAN_POINT('',(38.5191,-29.845,1.386691565));
#3889=VERTEX_POINT('',#3888);
#3890=CARTESIAN_POINT('',(40.513,-29.845,1.386691565));
#3891=DIRECTION('',(-0.,-0.,-1.));
#3892=DIRECTION('',(1.,0.,-0.));
#3893=AXIS2_PLACEMENT_3D('',#3890,#3891,#3892);
#3894=CIRCLE('',#3893,1.9939);
#3895=EDGE_CURVE('',#3889,#249,#3894,.T.);
#3896=ORIENTED_EDGE('',*,*,#3895,.F.);
#3897=CARTESIAN_POINT('',(40.513,-29.845,1.386691565));
#3898=DIRECTION('',(-0.,-0.,-1.));
#3899=DIRECTION('',(1.,0.,-0.));
#3900=AXIS2_PLACEMENT_3D('',#3897,#3898,#3899);
#3901=CIRCLE('',#3900,1.9939);
#3902=EDGE_CURVE('',#259,#3889,#3901,.T.);
#3903=ORIENTED_EDGE('',*,*,#3902,.F.);
#3904=ORIENTED_EDGE('',*,*,#264,.T.);
#3905=EDGE_LOOP('',(#3896,#3903,#3904));
#3906=FACE_BOUND('',#3905,.T.);
#3907=ORIENTED_EDGE('',*,*,#3089,.T.);
#3908=ORIENTED_EDGE('',*,*,#3081,.T.);
#3909=ORIENTED_EDGE('',*,*,#3073,.T.);
#3910=ORIENTED_EDGE('',*,*,#3118,.T.);
#3911=ORIENTED_EDGE('',*,*,#3159,.T.);
#3912=ORIENTED_EDGE('',*,*,#3190,.T.);
#3913=ORIENTED_EDGE('',*,*,#3231,.T.);
#3914=ORIENTED_EDGE('',*,*,#3271,.T.);
#3915=ORIENTED_EDGE('',*,*,#3265,.T.);
#3916=ORIENTED_EDGE('',*,*,#3257,.T.);
#3917=ORIENTED_EDGE('',*,*,#3249,.T.);
#3918=ORIENTED_EDGE('',*,*,#3294,.T.);
#3919=ORIENTED_EDGE('',*,*,#3327,.T.);
#3920=ORIENTED_EDGE('',*,*,#3723,.T.);
#3921=ORIENTED_EDGE('',*,*,#3055,.T.);
#3922=ORIENTED_EDGE('',*,*,#3095,.T.);
#3923=EDGE_LOOP('',(#3907,#3908,#3909,#3910,#3911,#3912,#3913,#3914,#3915,#3916,#3917,#3918,#3919,#3920,#3921,#3922));
#3924=FACE_BOUND('',#3923,.T.);
#3925=CARTESIAN_POINT('',(-19.925,-33.02,1.386691565));
#3926=VERTEX_POINT('',#3925);
#3927=CARTESIAN_POINT('',(-18.175,-33.02,1.386691565));
#3928=VERTEX_POINT('',#3927);
#3929=CARTESIAN_POINT('',(-19.05,-33.02,1.386691565));
#3930=DIRECTION('',(-0.,-0.,-1.));
#3931=DIRECTION('',(1.,0.,-0.));
#3932=AXIS2_PLACEMENT_3D('',#3929,#3930,#3931);
#3933=CIRCLE('',#3932,0.875);
#3934=EDGE_CURVE('',#3926,#3928,#3933,.T.);
#3935=ORIENTED_EDGE('',*,*,#3934,.F.);
#3936=CARTESIAN_POINT('',(-19.05,-33.02,1.386691565));
#3937=DIRECTION('',(-0.,-0.,-1.));
#3938=DIRECTION('',(1.,0.,-0.));
#3939=AXIS2_PLACEMENT_3D('',#3936,#3937,#3938);
#3940=CIRCLE('',#3939,0.875);
#3941=EDGE_CURVE('',#3928,#3926,#3940,.T.);
#3942=ORIENTED_EDGE('',*,*,#3941,.F.);
#3943=EDGE_LOOP('',(#3935,#3942));
#3944=FACE_BOUND('',#3943,.T.);
#3945=CARTESIAN_POINT('',(-14.845,-38.1,1.386691565));
#3946=VERTEX_POINT('',#3945);
#3947=CARTESIAN_POINT('',(-13.095,-38.1,1.386691565));
#3948=VERTEX_POINT('',#3947);
#3949=CARTESIAN_POINT('',(-13.97,-38.1,1.386691565));
#3950=DIRECTION('',(-0.,-0.,-1.));
#3951=DIRECTION('',(1.,0.,-0.));
#3952=AXIS2_PLACEMENT_3D('',#3949,#3950,#3951);
#3953=CIRCLE('',#3952,0.875);
#3954=EDGE_CURVE('',#3946,#3948,#3953,.T.);
#3955=ORIENTED_EDGE('',*,*,#3954,.F.);
#3956=CARTESIAN_POINT('',(-13.97,-38.1,1.386691565));
#3957=DIRECTION('',(-0.,-0.,-1.));
#3958=DIRECTION('',(1.,0.,-0.));
#3959=AXIS2_PLACEMENT_3D('',#3956,#3957,#3958);
#3960=CIRCLE('',#3959,0.875);
#3961=EDGE_CURVE('',#3948,#3946,#3960,.T.);
#3962=ORIENTED_EDGE('',*,*,#3961,.F.);
#3963=EDGE_LOOP('',(#3955,#3962));
#3964=FACE_BOUND('',#3963,.T.);
#3965=CARTESIAN_POINT('',(-19.925,-43.18,1.386691565));
#3966=VERTEX_POINT('',#3965);
#3967=CARTESIAN_POINT('',(-18.175,-43.18,1.386691565));
#3968=VERTEX_POINT('',#3967);
#3969=CARTESIAN_POINT('',(-19.05,-43.18,1.386691565));
#3970=DIRECTION('',(-0.,-0.,-1.));
#3971=DIRECTION('',(1.,0.,-0.));
#3972=AXIS2_PLACEMENT_3D('',#3969,#3970,#3971);
#3973=CIRCLE('',#3972,0.875);
#3974=EDGE_CURVE('',#3966,#3968,#3973,.T.);
#3975=ORIENTED_EDGE('',*,*,#3974,.F.);
#3976=CARTESIAN_POINT('',(-19.05,-43.18,1.386691565));
#3977=DIRECTION('',(-0.,-0.,-1.));
#3978=DIRECTION('',(1.,0.,-0.));
#3979=AXIS2_PLACEMENT_3D('',#3976,#3977,#3978);
#3980=CIRCLE('',#3979,0.875);
#3981=EDGE_CURVE('',#3968,#3966,#3980,.T.);
#3982=ORIENTED_EDGE('',*,*,#3981,.F.);
#3983=EDGE_LOOP('',(#3975,#3982));
#3984=FACE_BOUND('',#3983,.T.);
#3985=CARTESIAN_POINT('',(-29.45,-33.02,1.386691565));
#3986=VERTEX_POINT('',#3985);
#3987=CARTESIAN_POINT('',(-27.7,-33.02,1.386691565));
#3988=VERTEX_POINT('',#3987);
#3989=CARTESIAN_POINT('',(-28.575,-33.02,1.386691565));
#3990=DIRECTION('',(-0.,-0.,-1.));
#3991=DIRECTION('',(1.,0.,-0.));
#3992=AXIS2_PLACEMENT_3D('',#3989,#3990,#3991);
#3993=CIRCLE('',#3992,0.875);
#3994=EDGE_CURVE('',#3986,#3988,#3993,.T.);
#3995=ORIENTED_EDGE('',*,*,#3994,.F.);
#3996=CARTESIAN_POINT('',(-28.575,-33.02,1.386691565));
#3997=DIRECTION('',(-0.,-0.,-1.));
#3998=DIRECTION('',(1.,0.,-0.));
#3999=AXIS2_PLACEMENT_3D('',#3996,#3997,#3998);
#4000=CIRCLE('',#3999,0.875);
#4001=EDGE_CURVE('',#3988,#3986,#4000,.T.);
#4002=ORIENTED_EDGE('',*,*,#4001,.F.);
#4003=EDGE_LOOP('',(#3995,#4002));
#4004=FACE_BOUND('',#4003,.T.);
#4005=CARTESIAN_POINT('',(-38.975,-33.02,1.386691565));
#4006=VERTEX_POINT('',#4005);
#4007=CARTESIAN_POINT('',(-37.225,-33.02,1.386691565));
#4008=VERTEX_POINT('',#4007);
#4009=CARTESIAN_POINT('',(-38.1,-33.02,1.386691565));
#4010=DIRECTION('',(-0.,-0.,-1.));
#4011=DIRECTION('',(1.,0.,-0.));
#4012=AXIS2_PLACEMENT_3D('',#4009,#4010,#4011);
#4013=CIRCLE('',#4012,0.875);
#4014=EDGE_CURVE('',#4006,#4008,#4013,.T.);
#4015=ORIENTED_EDGE('',*,*,#4014,.F.);
#4016=CARTESIAN_POINT('',(-38.1,-33.02,1.386691565));
#4017=DIRECTION('',(-0.,-0.,-1.));
#4018=DIRECTION('',(1.,0.,-0.));
#4019=AXIS2_PLACEMENT_3D('',#4016,#4017,#4018);
#4020=CIRCLE('',#4019,0.875);
#4021=EDGE_CURVE('',#4008,#4006,#4020,.T.);
#4022=ORIENTED_EDGE('',*,*,#4021,.F.);
#4023=EDGE_LOOP('',(#4015,#4022));
#4024=FACE_BOUND('',#4023,.T.);
#4025=CARTESIAN_POINT('',(-23.8125,-37.284635818,1.386691565));
#4026=VERTEX_POINT('',#4025);
#4027=CARTESIAN_POINT('',(-23.8125,-38.915364182,1.386691565));
#4028=VERTEX_POINT('',#4027);
#4029=CARTESIAN_POINT('',(-23.495,-38.1,1.386691565));
#4030=DIRECTION('',(-0.,-0.,-1.));
#4031=DIRECTION('',(1.,0.,-0.));
#4032=AXIS2_PLACEMENT_3D('',#4029,#4030,#4031);
#4033=CIRCLE('',#4032,0.875);
#4034=EDGE_CURVE('',#4026,#4028,#4033,.T.);
#4035=ORIENTED_EDGE('',*,*,#4034,.F.);
#4036=CARTESIAN_POINT('',(-25.005,-38.1,1.386691565));
#4037=VERTEX_POINT('',#4036);
#4038=CARTESIAN_POINT('',(-24.13,-38.1,1.386691565));
#4039=DIRECTION('',(-0.,-0.,-1.));
#4040=DIRECTION('',(1.,0.,-0.));
#4041=AXIS2_PLACEMENT_3D('',#4038,#4039,#4040);
#4042=CIRCLE('',#4041,0.875);
#4043=EDGE_CURVE('',#4037,#4026,#4042,.T.);
#4044=ORIENTED_EDGE('',*,*,#4043,.F.);
#4045=CARTESIAN_POINT('',(-24.13,-38.1,1.386691565));
#4046=DIRECTION('',(-0.,-0.,-1.));
#4047=DIRECTION('',(1.,0.,-0.));
#4048=AXIS2_PLACEMENT_3D('',#4045,#4046,#4047);
#4049=CIRCLE('',#4048,0.875);
#4050=EDGE_CURVE('',#4028,#4037,#4049,.T.);
#4051=ORIENTED_EDGE('',*,*,#4050,.F.);
#4052=EDGE_LOOP('',(#4035,#4044,#4051));
#4053=FACE_BOUND('',#4052,.T.);
#4054=CARTESIAN_POINT('',(-34.53,-38.1,1.386691565));
#4055=VERTEX_POINT('',#4054);
#4056=CARTESIAN_POINT('',(-33.3375,-37.284635818,1.386691565));
#4057=VERTEX_POINT('',#4056);
#4058=CARTESIAN_POINT('',(-33.655,-38.1,1.386691565));
#4059=DIRECTION('',(-0.,-0.,-1.));
#4060=DIRECTION('',(1.,0.,-0.));
#4061=AXIS2_PLACEMENT_3D('',#4058,#4059,#4060);
#4062=CIRCLE('',#4061,0.875);
#4063=EDGE_CURVE('',#4055,#4057,#4062,.T.);
#4064=ORIENTED_EDGE('',*,*,#4063,.F.);
#4065=CARTESIAN_POINT('',(-33.3375,-38.915364182,1.386691565));
#4066=VERTEX_POINT('',#4065);
#4067=CARTESIAN_POINT('',(-33.655,-38.1,1.386691565));
#4068=DIRECTION('',(-0.,-0.,-1.));
#4069=DIRECTION('',(1.,0.,-0.));
#4070=AXIS2_PLACEMENT_3D('',#4067,#4068,#4069);
#4071=CIRCLE('',#4070,0.875);
#4072=EDGE_CURVE('',#4066,#4055,#4071,.T.);
#4073=ORIENTED_EDGE('',*,*,#4072,.F.);
#4074=CARTESIAN_POINT('',(-33.02,-38.1,1.386691565));
#4075=DIRECTION('',(-0.,-0.,-1.));
#4076=DIRECTION('',(1.,0.,-0.));
#4077=AXIS2_PLACEMENT_3D('',#4074,#4075,#4076);
#4078=CIRCLE('',#4077,0.875);
#4079=EDGE_CURVE('',#4057,#4066,#4078,.T.);
#4080=ORIENTED_EDGE('',*,*,#4079,.F.);
#4081=EDGE_LOOP('',(#4064,#4073,#4080));
#4082=FACE_BOUND('',#4081,.T.);
#4083=CARTESIAN_POINT('',(-29.45,-43.18,1.386691565));
#4084=VERTEX_POINT('',#4083);
#4085=CARTESIAN_POINT('',(-27.7,-43.18,1.386691565));
#4086=VERTEX_POINT('',#4085);
#4087=CARTESIAN_POINT('',(-28.575,-43.18,1.386691565));
#4088=DIRECTION('',(-0.,-0.,-1.));
#4089=DIRECTION('',(1.,0.,-0.));
#4090=AXIS2_PLACEMENT_3D('',#4087,#4088,#4089);
#4091=CIRCLE('',#4090,0.875);
#4092=EDGE_CURVE('',#4084,#4086,#4091,.T.);
#4093=ORIENTED_EDGE('',*,*,#4092,.F.);
#4094=CARTESIAN_POINT('',(-28.575,-43.18,1.386691565));
#4095=DIRECTION('',(-0.,-0.,-1.));
#4096=DIRECTION('',(1.,0.,-0.));
#4097=AXIS2_PLACEMENT_3D('',#4094,#4095,#4096);
#4098=CIRCLE('',#4097,0.875);
#4099=EDGE_CURVE('',#4086,#4084,#4098,.T.);
#4100=ORIENTED_EDGE('',*,*,#4099,.F.);
#4101=EDGE_LOOP('',(#4093,#4100));
#4102=FACE_BOUND('',#4101,.T.);
#4103=CARTESIAN_POINT('',(-44.055,-38.1,1.386691565));
#4104=VERTEX_POINT('',#4103);
#4105=CARTESIAN_POINT('',(-42.305,-38.1,1.386691565));
#4106=VERTEX_POINT('',#4105);
#4107=CARTESIAN_POINT('',(-43.18,-38.1,1.386691565));
#4108=DIRECTION('',(-0.,-0.,-1.));
#4109=DIRECTION('',(1.,0.,-0.));
#4110=AXIS2_PLACEMENT_3D('',#4107,#4108,#4109);
#4111=CIRCLE('',#4110,0.875);
#4112=EDGE_CURVE('',#4104,#4106,#4111,.T.);
#4113=ORIENTED_EDGE('',*,*,#4112,.F.);
#4114=CARTESIAN_POINT('',(-43.18,-38.1,1.386691565));
#4115=DIRECTION('',(-0.,-0.,-1.));
#4116=DIRECTION('',(1.,0.,-0.));
#4117=AXIS2_PLACEMENT_3D('',#4114,#4115,#4116);
#4118=CIRCLE('',#4117,0.875);
#4119=EDGE_CURVE('',#4106,#4104,#4118,.T.);
#4120=ORIENTED_EDGE('',*,*,#4119,.F.);
#4121=EDGE_LOOP('',(#4113,#4120));
#4122=FACE_BOUND('',#4121,.T.);
#4123=CARTESIAN_POINT('',(-38.975,-43.18,1.386691565));
#4124=VERTEX_POINT('',#4123);
#4125=CARTESIAN_POINT('',(-37.225,-43.18,1.386691565));
#4126=VERTEX_POINT('',#4125);
#4127=CARTESIAN_POINT('',(-38.1,-43.18,1.386691565));
#4128=DIRECTION('',(-0.,-0.,-1.));
#4129=DIRECTION('',(1.,0.,-0.));
#4130=AXIS2_PLACEMENT_3D('',#4127,#4128,#4129);
#4131=CIRCLE('',#4130,0.875);
#4132=EDGE_CURVE('',#4124,#4126,#4131,.T.);
#4133=ORIENTED_EDGE('',*,*,#4132,.F.);
#4134=CARTESIAN_POINT('',(-38.1,-43.18,1.386691565));
#4135=DIRECTION('',(-0.,-0.,-1.));
#4136=DIRECTION('',(1.,0.,-0.));
#4137=AXIS2_PLACEMENT_3D('',#4134,#4135,#4136);
#4138=CIRCLE('',#4137,0.875);
#4139=EDGE_CURVE('',#4126,#4124,#4138,.T.);
#4140=ORIENTED_EDGE('',*,*,#4139,.F.);
#4141=EDGE_LOOP('',(#4133,#4140));
#4142=FACE_BOUND('',#4141,.T.);
#4143=CARTESIAN_POINT('',(18.175,-43.18,1.386691565));
#4144=VERTEX_POINT('',#4143);
#4145=CARTESIAN_POINT('',(19.925,-43.18,1.386691565));
#4146=VERTEX_POINT('',#4145);
#4147=CARTESIAN_POINT('',(19.05,-43.18,1.386691565));
#4148=DIRECTION('',(-0.,-0.,-1.));
#4149=DIRECTION('',(1.,0.,-0.));
#4150=AXIS2_PLACEMENT_3D('',#4147,#4148,#4149);
#4151=CIRCLE('',#4150,0.875);
#4152=EDGE_CURVE('',#4144,#4146,#4151,.T.);
#4153=ORIENTED_EDGE('',*,*,#4152,.F.);
#4154=CARTESIAN_POINT('',(19.05,-43.18,1.386691565));
#4155=DIRECTION('',(-0.,-0.,-1.));
#4156=DIRECTION('',(1.,0.,-0.));
#4157=AXIS2_PLACEMENT_3D('',#4154,#4155,#4156);
#4158=CIRCLE('',#4157,0.875);
#4159=EDGE_CURVE('',#4146,#4144,#4158,.T.);
#4160=ORIENTED_EDGE('',*,*,#4159,.F.);
#4161=EDGE_LOOP('',(#4153,#4160));
#4162=FACE_BOUND('',#4161,.T.);
#4163=CARTESIAN_POINT('',(13.095,-38.1,1.386691565));
#4164=VERTEX_POINT('',#4163);
#4165=CARTESIAN_POINT('',(14.845,-38.1,1.386691565));
#4166=VERTEX_POINT('',#4165);
#4167=CARTESIAN_POINT('',(13.97,-38.1,1.386691565));
#4168=DIRECTION('',(-0.,-0.,-1.));
#4169=DIRECTION('',(1.,0.,-0.));
#4170=AXIS2_PLACEMENT_3D('',#4167,#4168,#4169);
#4171=CIRCLE('',#4170,0.875);
#4172=EDGE_CURVE('',#4164,#4166,#4171,.T.);
#4173=ORIENTED_EDGE('',*,*,#4172,.F.);
#4174=CARTESIAN_POINT('',(13.97,-38.1,1.386691565));
#4175=DIRECTION('',(-0.,-0.,-1.));
#4176=DIRECTION('',(1.,0.,-0.));
#4177=AXIS2_PLACEMENT_3D('',#4174,#4175,#4176);
#4178=CIRCLE('',#4177,0.875);
#4179=EDGE_CURVE('',#4166,#4164,#4178,.T.);
#4180=ORIENTED_EDGE('',*,*,#4179,.F.);
#4181=EDGE_LOOP('',(#4173,#4180));
#4182=FACE_BOUND('',#4181,.T.);
#4183=CARTESIAN_POINT('',(18.175,-33.02,1.386691565));
#4184=VERTEX_POINT('',#4183);
#4185=CARTESIAN_POINT('',(19.925,-33.02,1.386691565));
#4186=VERTEX_POINT('',#4185);
#4187=CARTESIAN_POINT('',(19.05,-33.02,1.386691565));
#4188=DIRECTION('',(-0.,-0.,-1.));
#4189=DIRECTION('',(1.,0.,-0.));
#4190=AXIS2_PLACEMENT_3D('',#4187,#4188,#4189);
#4191=CIRCLE('',#4190,0.875);
#4192=EDGE_CURVE('',#4184,#4186,#4191,.T.);
#4193=ORIENTED_EDGE('',*,*,#4192,.F.);
#4194=CARTESIAN_POINT('',(19.05,-33.02,1.386691565));
#4195=DIRECTION('',(-0.,-0.,-1.));
#4196=DIRECTION('',(1.,0.,-0.));
#4197=AXIS2_PLACEMENT_3D('',#4194,#4195,#4196);
#4198=CIRCLE('',#4197,0.875);
#4199=EDGE_CURVE('',#4186,#4184,#4198,.T.);
#4200=ORIENTED_EDGE('',*,*,#4199,.F.);
#4201=EDGE_LOOP('',(#4193,#4200));
#4202=FACE_BOUND('',#4201,.T.);
#4203=CARTESIAN_POINT('',(27.7,-43.18,1.386691565));
#4204=VERTEX_POINT('',#4203);
#4205=CARTESIAN_POINT('',(29.45,-43.18,1.386691565));
#4206=VERTEX_POINT('',#4205);
#4207=CARTESIAN_POINT('',(28.575,-43.18,1.386691565));
#4208=DIRECTION('',(-0.,-0.,-1.));
#4209=DIRECTION('',(1.,0.,-0.));
#4210=AXIS2_PLACEMENT_3D('',#4207,#4208,#4209);
#4211=CIRCLE('',#4210,0.875);
#4212=EDGE_CURVE('',#4204,#4206,#4211,.T.);
#4213=ORIENTED_EDGE('',*,*,#4212,.F.);
#4214=CARTESIAN_POINT('',(28.575,-43.18,1.386691565));
#4215=DIRECTION('',(-0.,-0.,-1.));
#4216=DIRECTION('',(1.,0.,-0.));
#4217=AXIS2_PLACEMENT_3D('',#4214,#4215,#4216);
#4218=CIRCLE('',#4217,0.875);
#4219=EDGE_CURVE('',#4206,#4204,#4218,.T.);
#4220=ORIENTED_EDGE('',*,*,#4219,.F.);
#4221=EDGE_LOOP('',(#4213,#4220));
#4222=FACE_BOUND('',#4221,.T.);
#4223=CARTESIAN_POINT('',(22.62,-38.1,1.386691565));
#4224=VERTEX_POINT('',#4223);
#4225=CARTESIAN_POINT('',(23.8125,-37.284635818,1.386691565));
#4226=VERTEX_POINT('',#4225);
#4227=CARTESIAN_POINT('',(23.495,-38.1,1.386691565));
#4228=DIRECTION('',(-0.,-0.,-1.));
#4229=DIRECTION('',(1.,0.,-0.));
#4230=AXIS2_PLACEMENT_3D('',#4227,#4228,#4229);
#4231=CIRCLE('',#4230,0.875);
#4232=EDGE_CURVE('',#4224,#4226,#4231,.T.);
#4233=ORIENTED_EDGE('',*,*,#4232,.F.);
#4234=CARTESIAN_POINT('',(23.8125,-38.915364182,1.386691565));
#4235=VERTEX_POINT('',#4234);
#4236=CARTESIAN_POINT('',(23.495,-38.1,1.386691565));
#4237=DIRECTION('',(-0.,-0.,-1.));
#4238=DIRECTION('',(1.,0.,-0.));
#4239=AXIS2_PLACEMENT_3D('',#4236,#4237,#4238);
#4240=CIRCLE('',#4239,0.875);
#4241=EDGE_CURVE('',#4235,#4224,#4240,.T.);
#4242=ORIENTED_EDGE('',*,*,#4241,.F.);
#4243=CARTESIAN_POINT('',(24.13,-38.1,1.386691565));
#4244=DIRECTION('',(-0.,-0.,-1.));
#4245=DIRECTION('',(1.,0.,-0.));
#4246=AXIS2_PLACEMENT_3D('',#4243,#4244,#4245);
#4247=CIRCLE('',#4246,0.875);
#4248=EDGE_CURVE('',#4226,#4235,#4247,.T.);
#4249=ORIENTED_EDGE('',*,*,#4248,.F.);
#4250=EDGE_LOOP('',(#4233,#4242,#4249));
#4251=FACE_BOUND('',#4250,.T.);
#4252=CARTESIAN_POINT('',(37.225,-43.18,1.386691565));
#4253=VERTEX_POINT('',#4252);
#4254=CARTESIAN_POINT('',(38.975,-43.18,1.386691565));
#4255=VERTEX_POINT('',#4254);
#4256=CARTESIAN_POINT('',(38.1,-43.18,1.386691565));
#4257=DIRECTION('',(-0.,-0.,-1.));
#4258=DIRECTION('',(1.,0.,-0.));
#4259=AXIS2_PLACEMENT_3D('',#4256,#4257,#4258);
#4260=CIRCLE('',#4259,0.875);
#4261=EDGE_CURVE('',#4253,#4255,#4260,.T.);
#4262=ORIENTED_EDGE('',*,*,#4261,.F.);
#4263=CARTESIAN_POINT('',(38.1,-43.18,1.386691565));
#4264=DIRECTION('',(-0.,-0.,-1.));
#4265=DIRECTION('',(1.,0.,-0.));
#4266=AXIS2_PLACEMENT_3D('',#4263,#4264,#4265);
#4267=CIRCLE('',#4266,0.875);
#4268=EDGE_CURVE('',#4255,#4253,#4267,.T.);
#4269=ORIENTED_EDGE('',*,*,#4268,.F.);
#4270=EDGE_LOOP('',(#4262,#4269));
#4271=FACE_BOUND('',#4270,.T.);
#4272=CARTESIAN_POINT('',(33.3375,-37.284635818,1.386691565));
#4273=VERTEX_POINT('',#4272);
#4274=CARTESIAN_POINT('',(33.3375,-38.915364182,1.386691565));
#4275=VERTEX_POINT('',#4274);
#4276=CARTESIAN_POINT('',(33.655,-38.1,1.386691565));
#4277=DIRECTION('',(-0.,-0.,-1.));
#4278=DIRECTION('',(1.,0.,-0.));
#4279=AXIS2_PLACEMENT_3D('',#4276,#4277,#4278);
#4280=CIRCLE('',#4279,0.875);
#4281=EDGE_CURVE('',#4273,#4275,#4280,.T.);
#4282=ORIENTED_EDGE('',*,*,#4281,.F.);
#4283=CARTESIAN_POINT('',(32.145,-38.1,1.386691565));
#4284=VERTEX_POINT('',#4283);
#4285=CARTESIAN_POINT('',(33.02,-38.1,1.386691565));
#4286=DIRECTION('',(-0.,-0.,-1.));
#4287=DIRECTION('',(1.,0.,-0.));
#4288=AXIS2_PLACEMENT_3D('',#4285,#4286,#4287);
#4289=CIRCLE('',#4288,0.875);
#4290=EDGE_CURVE('',#4284,#4273,#4289,.T.);
#4291=ORIENTED_EDGE('',*,*,#4290,.F.);
#4292=CARTESIAN_POINT('',(33.02,-38.1,1.386691565));
#4293=DIRECTION('',(-0.,-0.,-1.));
#4294=DIRECTION('',(1.,0.,-0.));
#4295=AXIS2_PLACEMENT_3D('',#4292,#4293,#4294);
#4296=CIRCLE('',#4295,0.875);
#4297=EDGE_CURVE('',#4275,#4284,#4296,.T.);
#4298=ORIENTED_EDGE('',*,*,#4297,.F.);
#4299=EDGE_LOOP('',(#4282,#4291,#4298));
#4300=FACE_BOUND('',#4299,.T.);
#4301=CARTESIAN_POINT('',(42.305,-38.1,1.386691565));
#4302=VERTEX_POINT('',#4301);
#4303=CARTESIAN_POINT('',(44.055,-38.1,1.386691565));
#4304=VERTEX_POINT('',#4303);
#4305=CARTESIAN_POINT('',(43.18,-38.1,1.386691565));
#4306=DIRECTION('',(-0.,-0.,-1.));
#4307=DIRECTION('',(1.,0.,-0.));
#4308=AXIS2_PLACEMENT_3D('',#4305,#4306,#4307);
#4309=CIRCLE('',#4308,0.875);
#4310=EDGE_CURVE('',#4302,#4304,#4309,.T.);
#4311=ORIENTED_EDGE('',*,*,#4310,.F.);
#4312=CARTESIAN_POINT('',(43.18,-38.1,1.386691565));
#4313=DIRECTION('',(-0.,-0.,-1.));
#4314=DIRECTION('',(1.,0.,-0.));
#4315=AXIS2_PLACEMENT_3D('',#4312,#4313,#4314);
#4316=CIRCLE('',#4315,0.875);
#4317=EDGE_CURVE('',#4304,#4302,#4316,.T.);
#4318=ORIENTED_EDGE('',*,*,#4317,.F.);
#4319=EDGE_LOOP('',(#4311,#4318));
#4320=FACE_BOUND('',#4319,.T.);
#4321=CARTESIAN_POINT('',(27.7,-33.02,1.386691565));
#4322=VERTEX_POINT('',#4321);
#4323=CARTESIAN_POINT('',(29.45,-33.02,1.386691565));
#4324=VERTEX_POINT('',#4323);
#4325=CARTESIAN_POINT('',(28.575,-33.02,1.386691565));
#4326=DIRECTION('',(-0.,-0.,-1.));
#4327=DIRECTION('',(1.,0.,-0.));
#4328=AXIS2_PLACEMENT_3D('',#4325,#4326,#4327);
#4329=CIRCLE('',#4328,0.875);
#4330=EDGE_CURVE('',#4322,#4324,#4329,.T.);
#4331=ORIENTED_EDGE('',*,*,#4330,.F.);
#4332=CARTESIAN_POINT('',(28.575,-33.02,1.386691565));
#4333=DIRECTION('',(-0.,-0.,-1.));
#4334=DIRECTION('',(1.,0.,-0.));
#4335=AXIS2_PLACEMENT_3D('',#4332,#4333,#4334);
#4336=CIRCLE('',#4335,0.875);
#4337=EDGE_CURVE('',#4324,#4322,#4336,.T.);
#4338=ORIENTED_EDGE('',*,*,#4337,.F.);
#4339=EDGE_LOOP('',(#4331,#4338));
#4340=FACE_BOUND('',#4339,.T.);
#4341=CARTESIAN_POINT('',(37.225,-33.02,1.386691565));
#4342=VERTEX_POINT('',#4341);
#4343=CARTESIAN_POINT('',(38.975,-33.02,1.386691565));
#4344=VERTEX_POINT('',#4343);
#4345=CARTESIAN_POINT('',(38.1,-33.02,1.386691565));
#4346=DIRECTION('',(-0.,-0.,-1.));
#4347=DIRECTION('',(1.,0.,-0.));
#4348=AXIS2_PLACEMENT_3D('',#4345,#4346,#4347);
#4349=CIRCLE('',#4348,0.875);
#4350=EDGE_CURVE('',#4342,#4344,#4349,.T.);
#4351=ORIENTED_EDGE('',*,*,#4350,.F.);
#4352=CARTESIAN_POINT('',(38.1,-33.02,1.386691565));
#4353=DIRECTION('',(-0.,-0.,-1.));
#4354=DIRECTION('',(1.,0.,-0.));
#4355=AXIS2_PLACEMENT_3D('',#4352,#4353,#4354);
#4356=CIRCLE('',#4355,0.875);
#4357=EDGE_CURVE('',#4344,#4342,#4356,.T.);
#4358=ORIENTED_EDGE('',*,*,#4357,.F.);
#4359=EDGE_LOOP('',(#4351,#4358));
#4360=FACE_BOUND('',#4359,.T.);
#4361=CARTESIAN_POINT('',(37.225,13.97,1.386691565));
#4362=VERTEX_POINT('',#4361);
#4363=CARTESIAN_POINT('',(38.975,13.97,1.386691565));
#4364=VERTEX_POINT('',#4363);
#4365=CARTESIAN_POINT('',(38.1,13.97,1.386691565));
#4366=DIRECTION('',(-0.,-0.,-1.));
#4367=DIRECTION('',(1.,0.,-0.));
#4368=AXIS2_PLACEMENT_3D('',#4365,#4366,#4367);
#4369=CIRCLE('',#4368,0.875);
#4370=EDGE_CURVE('',#4362,#4364,#4369,.T.);
#4371=ORIENTED_EDGE('',*,*,#4370,.F.);
#4372=CARTESIAN_POINT('',(38.1,13.97,1.386691565));
#4373=DIRECTION('',(-0.,-0.,-1.));
#4374=DIRECTION('',(1.,0.,-0.));
#4375=AXIS2_PLACEMENT_3D('',#4372,#4373,#4374);
#4376=CIRCLE('',#4375,0.875);
#4377=EDGE_CURVE('',#4364,#4362,#4376,.T.);
#4378=ORIENTED_EDGE('',*,*,#4377,.F.);
#4379=EDGE_LOOP('',(#4371,#4378));
#4380=FACE_BOUND('',#4379,.T.);
#4381=CARTESIAN_POINT('',(32.145,19.05,1.386691565));
#4382=VERTEX_POINT('',#4381);
#4383=CARTESIAN_POINT('',(33.895,19.05,1.386691565));
#4384=VERTEX_POINT('',#4383);
#4385=CARTESIAN_POINT('',(33.02,19.05,1.386691565));
#4386=DIRECTION('',(-0.,-0.,-1.));
#4387=DIRECTION('',(1.,0.,-0.));
#4388=AXIS2_PLACEMENT_3D('',#4385,#4386,#4387);
#4389=CIRCLE('',#4388,0.875);
#4390=EDGE_CURVE('',#4382,#4384,#4389,.T.);
#4391=ORIENTED_EDGE('',*,*,#4390,.F.);
#4392=CARTESIAN_POINT('',(33.02,19.05,1.386691565));
#4393=DIRECTION('',(-0.,-0.,-1.));
#4394=DIRECTION('',(1.,0.,-0.));
#4395=AXIS2_PLACEMENT_3D('',#4392,#4393,#4394);
#4396=CIRCLE('',#4395,0.875);
#4397=EDGE_CURVE('',#4384,#4382,#4396,.T.);
#4398=ORIENTED_EDGE('',*,*,#4397,.F.);
#4399=EDGE_LOOP('',(#4391,#4398));
#4400=FACE_BOUND('',#4399,.T.);
#4401=CARTESIAN_POINT('',(42.305,19.05,1.386691565));
#4402=VERTEX_POINT('',#4401);
#4403=CARTESIAN_POINT('',(44.055,19.05,1.386691565));
#4404=VERTEX_POINT('',#4403);
#4405=CARTESIAN_POINT('',(43.18,19.05,1.386691565));
#4406=DIRECTION('',(-0.,-0.,-1.));
#4407=DIRECTION('',(1.,0.,-0.));
#4408=AXIS2_PLACEMENT_3D('',#4405,#4406,#4407);
#4409=CIRCLE('',#4408,0.875);
#4410=EDGE_CURVE('',#4402,#4404,#4409,.T.);
#4411=ORIENTED_EDGE('',*,*,#4410,.F.);
#4412=CARTESIAN_POINT('',(43.18,19.05,1.386691565));
#4413=DIRECTION('',(-0.,-0.,-1.));
#4414=DIRECTION('',(1.,0.,-0.));
#4415=AXIS2_PLACEMENT_3D('',#4412,#4413,#4414);
#4416=CIRCLE('',#4415,0.875);
#4417=EDGE_CURVE('',#4404,#4402,#4416,.T.);
#4418=ORIENTED_EDGE('',*,*,#4417,.F.);
#4419=EDGE_LOOP('',(#4411,#4418));
#4420=FACE_BOUND('',#4419,.T.);
#4421=CARTESIAN_POINT('',(37.225,24.13,1.386691565));
#4422=VERTEX_POINT('',#4421);
#4423=CARTESIAN_POINT('',(38.975,24.13,1.386691565));
#4424=VERTEX_POINT('',#4423);
#4425=CARTESIAN_POINT('',(38.1,24.13,1.386691565));
#4426=DIRECTION('',(-0.,-0.,-1.));
#4427=DIRECTION('',(1.,0.,-0.));
#4428=AXIS2_PLACEMENT_3D('',#4425,#4426,#4427);
#4429=CIRCLE('',#4428,0.875);
#4430=EDGE_CURVE('',#4422,#4424,#4429,.T.);
#4431=ORIENTED_EDGE('',*,*,#4430,.F.);
#4432=CARTESIAN_POINT('',(38.1,24.13,1.386691565));
#4433=DIRECTION('',(-0.,-0.,-1.));
#4434=DIRECTION('',(1.,0.,-0.));
#4435=AXIS2_PLACEMENT_3D('',#4432,#4433,#4434);
#4436=CIRCLE('',#4435,0.875);
#4437=EDGE_CURVE('',#4424,#4422,#4436,.T.);
#4438=ORIENTED_EDGE('',*,*,#4437,.F.);
#4439=EDGE_LOOP('',(#4431,#4438));
#4440=FACE_BOUND('',#4439,.T.);
#4441=CARTESIAN_POINT('',(18.175,24.13,1.386691565));
#4442=VERTEX_POINT('',#4441);
#4443=CARTESIAN_POINT('',(19.925,24.13,1.386691565));
#4444=VERTEX_POINT('',#4443);
#4445=CARTESIAN_POINT('',(19.05,24.13,1.386691565));
#4446=DIRECTION('',(-0.,-0.,-1.));
#4447=DIRECTION('',(1.,0.,-0.));
#4448=AXIS2_PLACEMENT_3D('',#4445,#4446,#4447);
#4449=CIRCLE('',#4448,0.875);
#4450=EDGE_CURVE('',#4442,#4444,#4449,.T.);
#4451=ORIENTED_EDGE('',*,*,#4450,.F.);
#4452=CARTESIAN_POINT('',(19.05,24.13,1.386691565));
#4453=DIRECTION('',(-0.,-0.,-1.));
#4454=DIRECTION('',(1.,0.,-0.));
#4455=AXIS2_PLACEMENT_3D('',#4452,#4453,#4454);
#4456=CIRCLE('',#4455,0.875);
#4457=EDGE_CURVE('',#4444,#4442,#4456,.T.);
#4458=ORIENTED_EDGE('',*,*,#4457,.F.);
#4459=EDGE_LOOP('',(#4451,#4458));
#4460=FACE_BOUND('',#4459,.T.);
#4461=CARTESIAN_POINT('',(23.255,19.05,1.386691565));
#4462=VERTEX_POINT('',#4461);
#4463=CARTESIAN_POINT('',(25.005,19.05,1.386691565));
#4464=VERTEX_POINT('',#4463);
#4465=CARTESIAN_POINT('',(24.13,19.05,1.386691565));
#4466=DIRECTION('',(-0.,-0.,-1.));
#4467=DIRECTION('',(1.,0.,-0.));
#4468=AXIS2_PLACEMENT_3D('',#4465,#4466,#4467);
#4469=CIRCLE('',#4468,0.875);
#4470=EDGE_CURVE('',#4462,#4464,#4469,.T.);
#4471=ORIENTED_EDGE('',*,*,#4470,.F.);
#4472=CARTESIAN_POINT('',(24.13,19.05,1.386691565));
#4473=DIRECTION('',(-0.,-0.,-1.));
#4474=DIRECTION('',(1.,0.,-0.));
#4475=AXIS2_PLACEMENT_3D('',#4472,#4473,#4474);
#4476=CIRCLE('',#4475,0.875);
#4477=EDGE_CURVE('',#4464,#4462,#4476,.T.);
#4478=ORIENTED_EDGE('',*,*,#4477,.F.);
#4479=EDGE_LOOP('',(#4471,#4478));
#4480=FACE_BOUND('',#4479,.T.);
#4481=CARTESIAN_POINT('',(13.095,19.05,1.386691565));
#4482=VERTEX_POINT('',#4481);
#4483=CARTESIAN_POINT('',(14.845,19.05,1.386691565));
#4484=VERTEX_POINT('',#4483);
#4485=CARTESIAN_POINT('',(13.97,19.05,1.386691565));
#4486=DIRECTION('',(-0.,-0.,-1.));
#4487=DIRECTION('',(1.,0.,-0.));
#4488=AXIS2_PLACEMENT_3D('',#4485,#4486,#4487);
#4489=CIRCLE('',#4488,0.875);
#4490=EDGE_CURVE('',#4482,#4484,#4489,.T.);
#4491=ORIENTED_EDGE('',*,*,#4490,.F.);
#4492=CARTESIAN_POINT('',(13.97,19.05,1.386691565));
#4493=DIRECTION('',(-0.,-0.,-1.));
#4494=DIRECTION('',(1.,0.,-0.));
#4495=AXIS2_PLACEMENT_3D('',#4492,#4493,#4494);
#4496=CIRCLE('',#4495,0.875);
#4497=EDGE_CURVE('',#4484,#4482,#4496,.T.);
#4498=ORIENTED_EDGE('',*,*,#4497,.F.);
#4499=EDGE_LOOP('',(#4491,#4498));
#4500=FACE_BOUND('',#4499,.T.);
#4501=CARTESIAN_POINT('',(18.175,13.97,1.386691565));
#4502=VERTEX_POINT('',#4501);
#4503=CARTESIAN_POINT('',(19.925,13.97,1.386691565));
#4504=VERTEX_POINT('',#4503);
#4505=CARTESIAN_POINT('',(19.05,13.97,1.386691565));
#4506=DIRECTION('',(-0.,-0.,-1.));
#4507=DIRECTION('',(1.,0.,-0.));
#4508=AXIS2_PLACEMENT_3D('',#4505,#4506,#4507);
#4509=CIRCLE('',#4508,0.875);
#4510=EDGE_CURVE('',#4502,#4504,#4509,.T.);
#4511=ORIENTED_EDGE('',*,*,#4510,.F.);
#4512=CARTESIAN_POINT('',(19.05,13.97,1.386691565));
#4513=DIRECTION('',(-0.,-0.,-1.));
#4514=DIRECTION('',(1.,0.,-0.));
#4515=AXIS2_PLACEMENT_3D('',#4512,#4513,#4514);
#4516=CIRCLE('',#4515,0.875);
#4517=EDGE_CURVE('',#4504,#4502,#4516,.T.);
#4518=ORIENTED_EDGE('',*,*,#4517,.F.);
#4519=EDGE_LOOP('',(#4511,#4518));
#4520=FACE_BOUND('',#4519,.T.);
#4521=CARTESIAN_POINT('',(-5.955,19.05,1.386691565));
#4522=VERTEX_POINT('',#4521);
#4523=CARTESIAN_POINT('',(-4.205,19.05,1.386691565));
#4524=VERTEX_POINT('',#4523);
#4525=CARTESIAN_POINT('',(-5.08,19.05,1.386691565));
#4526=DIRECTION('',(-0.,-0.,-1.));
#4527=DIRECTION('',(1.,0.,-0.));
#4528=AXIS2_PLACEMENT_3D('',#4525,#4526,#4527);
#4529=CIRCLE('',#4528,0.875);
#4530=EDGE_CURVE('',#4522,#4524,#4529,.T.);
#4531=ORIENTED_EDGE('',*,*,#4530,.F.);
#4532=CARTESIAN_POINT('',(-5.08,19.05,1.386691565));
#4533=DIRECTION('',(-0.,-0.,-1.));
#4534=DIRECTION('',(1.,0.,-0.));
#4535=AXIS2_PLACEMENT_3D('',#4532,#4533,#4534);
#4536=CIRCLE('',#4535,0.875);
#4537=EDGE_CURVE('',#4524,#4522,#4536,.T.);
#4538=ORIENTED_EDGE('',*,*,#4537,.F.);
#4539=EDGE_LOOP('',(#4531,#4538));
#4540=FACE_BOUND('',#4539,.T.);
#4541=CARTESIAN_POINT('',(-0.875,13.97,1.386691565));
#4542=VERTEX_POINT('',#4541);
#4543=CARTESIAN_POINT('',(0.875,13.97,1.386691565));
#4544=VERTEX_POINT('',#4543);
#4545=CARTESIAN_POINT('',(0.,13.97,1.386691565));
#4546=DIRECTION('',(-0.,-0.,-1.));
#4547=DIRECTION('',(1.,0.,-0.));
#4548=AXIS2_PLACEMENT_3D('',#4545,#4546,#4547);
#4549=CIRCLE('',#4548,0.875);
#4550=EDGE_CURVE('',#4542,#4544,#4549,.T.);
#4551=ORIENTED_EDGE('',*,*,#4550,.F.);
#4552=CARTESIAN_POINT('',(0.,13.97,1.386691565));
#4553=DIRECTION('',(-0.,-0.,-1.));
#4554=DIRECTION('',(1.,0.,-0.));
#4555=AXIS2_PLACEMENT_3D('',#4552,#4553,#4554);
#4556=CIRCLE('',#4555,0.875);
#4557=EDGE_CURVE('',#4544,#4542,#4556,.T.);
#4558=ORIENTED_EDGE('',*,*,#4557,.F.);
#4559=EDGE_LOOP('',(#4551,#4558));
#4560=FACE_BOUND('',#4559,.T.);
#4561=CARTESIAN_POINT('',(4.205,19.05,1.386691565));
#4562=VERTEX_POINT('',#4561);
#4563=CARTESIAN_POINT('',(5.955,19.05,1.386691565));
#4564=VERTEX_POINT('',#4563);
#4565=CARTESIAN_POINT('',(5.08,19.05,1.386691565));
#4566=DIRECTION('',(-0.,-0.,-1.));
#4567=DIRECTION('',(1.,0.,-0.));
#4568=AXIS2_PLACEMENT_3D('',#4565,#4566,#4567);
#4569=CIRCLE('',#4568,0.875);
#4570=EDGE_CURVE('',#4562,#4564,#4569,.T.);
#4571=ORIENTED_EDGE('',*,*,#4570,.F.);
#4572=CARTESIAN_POINT('',(5.08,19.05,1.386691565));
#4573=DIRECTION('',(-0.,-0.,-1.));
#4574=DIRECTION('',(1.,0.,-0.));
#4575=AXIS2_PLACEMENT_3D('',#4572,#4573,#4574);
#4576=CIRCLE('',#4575,0.875);
#4577=EDGE_CURVE('',#4564,#4562,#4576,.T.);
#4578=ORIENTED_EDGE('',*,*,#4577,.F.);
#4579=EDGE_LOOP('',(#4571,#4578));
#4580=FACE_BOUND('',#4579,.T.);
#4581=CARTESIAN_POINT('',(-0.875,24.13,1.386691565));
#4582=VERTEX_POINT('',#4581);
#4583=CARTESIAN_POINT('',(0.875,24.13,1.386691565));
#4584=VERTEX_POINT('',#4583);
#4585=CARTESIAN_POINT('',(0.,24.13,1.386691565));
#4586=DIRECTION('',(-0.,-0.,-1.));
#4587=DIRECTION('',(1.,0.,-0.));
#4588=AXIS2_PLACEMENT_3D('',#4585,#4586,#4587);
#4589=CIRCLE('',#4588,0.875);
#4590=EDGE_CURVE('',#4582,#4584,#4589,.T.);
#4591=ORIENTED_EDGE('',*,*,#4590,.F.);
#4592=CARTESIAN_POINT('',(0.,24.13,1.386691565));
#4593=DIRECTION('',(-0.,-0.,-1.));
#4594=DIRECTION('',(1.,0.,-0.));
#4595=AXIS2_PLACEMENT_3D('',#4592,#4593,#4594);
#4596=CIRCLE('',#4595,0.875);
#4597=EDGE_CURVE('',#4584,#4582,#4596,.T.);
#4598=ORIENTED_EDGE('',*,*,#4597,.F.);
#4599=EDGE_LOOP('',(#4591,#4598));
#4600=FACE_BOUND('',#4599,.T.);
#4601=CARTESIAN_POINT('',(-19.925,24.13,1.386691565));
#4602=VERTEX_POINT('',#4601);
#4603=CARTESIAN_POINT('',(-18.175,24.13,1.386691565));
#4604=VERTEX_POINT('',#4603);
#4605=CARTESIAN_POINT('',(-19.05,24.13,1.386691565));
#4606=DIRECTION('',(-0.,-0.,-1.));
#4607=DIRECTION('',(1.,0.,-0.));
#4608=AXIS2_PLACEMENT_3D('',#4605,#4606,#4607);
#4609=CIRCLE('',#4608,0.875);
#4610=EDGE_CURVE('',#4602,#4604,#4609,.T.);
#4611=ORIENTED_EDGE('',*,*,#4610,.F.);
#4612=CARTESIAN_POINT('',(-19.05,24.13,1.386691565));
#4613=DIRECTION('',(-0.,-0.,-1.));
#4614=DIRECTION('',(1.,0.,-0.));
#4615=AXIS2_PLACEMENT_3D('',#4612,#4613,#4614);
#4616=CIRCLE('',#4615,0.875);
#4617=EDGE_CURVE('',#4604,#4602,#4616,.T.);
#4618=ORIENTED_EDGE('',*,*,#4617,.F.);
#4619=EDGE_LOOP('',(#4611,#4618));
#4620=FACE_BOUND('',#4619,.T.);
#4621=CARTESIAN_POINT('',(-14.845,19.05,1.386691565));
#4622=VERTEX_POINT('',#4621);
#4623=CARTESIAN_POINT('',(-13.095,19.05,1.386691565));
#4624=VERTEX_POINT('',#4623);
#4625=CARTESIAN_POINT('',(-13.97,19.05,1.386691565));
#4626=DIRECTION('',(-0.,-0.,-1.));
#4627=DIRECTION('',(1.,0.,-0.));
#4628=AXIS2_PLACEMENT_3D('',#4625,#4626,#4627);
#4629=CIRCLE('',#4628,0.875);
#4630=EDGE_CURVE('',#4622,#4624,#4629,.T.);
#4631=ORIENTED_EDGE('',*,*,#4630,.F.);
#4632=CARTESIAN_POINT('',(-13.97,19.05,1.386691565));
#4633=DIRECTION('',(-0.,-0.,-1.));
#4634=DIRECTION('',(1.,0.,-0.));
#4635=AXIS2_PLACEMENT_3D('',#4632,#4633,#4634);
#4636=CIRCLE('',#4635,0.875);
#4637=EDGE_CURVE('',#4624,#4622,#4636,.T.);
#4638=ORIENTED_EDGE('',*,*,#4637,.F.);
#4639=EDGE_LOOP('',(#4631,#4638));
#4640=FACE_BOUND('',#4639,.T.);
#4641=CARTESIAN_POINT('',(-19.925,13.97,1.386691565));
#4642=VERTEX_POINT('',#4641);
#4643=CARTESIAN_POINT('',(-18.175,13.97,1.386691565));
#4644=VERTEX_POINT('',#4643);
#4645=CARTESIAN_POINT('',(-19.05,13.97,1.386691565));
#4646=DIRECTION('',(-0.,-0.,-1.));
#4647=DIRECTION('',(1.,0.,-0.));
#4648=AXIS2_PLACEMENT_3D('',#4645,#4646,#4647);
#4649=CIRCLE('',#4648,0.875);
#4650=EDGE_CURVE('',#4642,#4644,#4649,.T.);
#4651=ORIENTED_EDGE('',*,*,#4650,.F.);
#4652=CARTESIAN_POINT('',(-19.05,13.97,1.386691565));
#4653=DIRECTION('',(-0.,-0.,-1.));
#4654=DIRECTION('',(1.,0.,-0.));
#4655=AXIS2_PLACEMENT_3D('',#4652,#4653,#4654);
#4656=CIRCLE('',#4655,0.875);
#4657=EDGE_CURVE('',#4644,#4642,#4656,.T.);
#4658=ORIENTED_EDGE('',*,*,#4657,.F.);
#4659=EDGE_LOOP('',(#4651,#4658));
#4660=FACE_BOUND('',#4659,.T.);
#4661=CARTESIAN_POINT('',(-25.005,19.05,1.386691565));
#4662=VERTEX_POINT('',#4661);
#4663=CARTESIAN_POINT('',(-23.255,19.05,1.386691565));
#4664=VERTEX_POINT('',#4663);
#4665=CARTESIAN_POINT('',(-24.13,19.05,1.386691565));
#4666=DIRECTION('',(-0.,-0.,-1.));
#4667=DIRECTION('',(1.,0.,-0.));
#4668=AXIS2_PLACEMENT_3D('',#4665,#4666,#4667);
#4669=CIRCLE('',#4668,0.875);
#4670=EDGE_CURVE('',#4662,#4664,#4669,.T.);
#4671=ORIENTED_EDGE('',*,*,#4670,.F.);
#4672=CARTESIAN_POINT('',(-24.13,19.05,1.386691565));
#4673=DIRECTION('',(-0.,-0.,-1.));
#4674=DIRECTION('',(1.,0.,-0.));
#4675=AXIS2_PLACEMENT_3D('',#4672,#4673,#4674);
#4676=CIRCLE('',#4675,0.875);
#4677=EDGE_CURVE('',#4664,#4662,#4676,.T.);
#4678=ORIENTED_EDGE('',*,*,#4677,.F.);
#4679=EDGE_LOOP('',(#4671,#4678));
#4680=FACE_BOUND('',#4679,.T.);
#4681=CARTESIAN_POINT('',(-38.975,13.97,1.386691565));
#4682=VERTEX_POINT('',#4681);
#4683=CARTESIAN_POINT('',(-37.225,13.97,1.386691565));
#4684=VERTEX_POINT('',#4683);
#4685=CARTESIAN_POINT('',(-38.1,13.97,1.386691565));
#4686=DIRECTION('',(-0.,-0.,-1.));
#4687=DIRECTION('',(1.,0.,-0.));
#4688=AXIS2_PLACEMENT_3D('',#4685,#4686,#4687);
#4689=CIRCLE('',#4688,0.875);
#4690=EDGE_CURVE('',#4682,#4684,#4689,.T.);
#4691=ORIENTED_EDGE('',*,*,#4690,.F.);
#4692=CARTESIAN_POINT('',(-38.1,13.97,1.386691565));
#4693=DIRECTION('',(-0.,-0.,-1.));
#4694=DIRECTION('',(1.,0.,-0.));
#4695=AXIS2_PLACEMENT_3D('',#4692,#4693,#4694);
#4696=CIRCLE('',#4695,0.875);
#4697=EDGE_CURVE('',#4684,#4682,#4696,.T.);
#4698=ORIENTED_EDGE('',*,*,#4697,.F.);
#4699=EDGE_LOOP('',(#4691,#4698));
#4700=FACE_BOUND('',#4699,.T.);
#4701=CARTESIAN_POINT('',(-44.055,19.05,1.386691565));
#4702=VERTEX_POINT('',#4701);
#4703=CARTESIAN_POINT('',(-42.305,19.05,1.386691565));
#4704=VERTEX_POINT('',#4703);
#4705=CARTESIAN_POINT('',(-43.18,19.05,1.386691565));
#4706=DIRECTION('',(-0.,-0.,-1.));
#4707=DIRECTION('',(1.,0.,-0.));
#4708=AXIS2_PLACEMENT_3D('',#4705,#4706,#4707);
#4709=CIRCLE('',#4708,0.875);
#4710=EDGE_CURVE('',#4702,#4704,#4709,.T.);
#4711=ORIENTED_EDGE('',*,*,#4710,.F.);
#4712=CARTESIAN_POINT('',(-43.18,19.05,1.386691565));
#4713=DIRECTION('',(-0.,-0.,-1.));
#4714=DIRECTION('',(1.,0.,-0.));
#4715=AXIS2_PLACEMENT_3D('',#4712,#4713,#4714);
#4716=CIRCLE('',#4715,0.875);
#4717=EDGE_CURVE('',#4704,#4702,#4716,.T.);
#4718=ORIENTED_EDGE('',*,*,#4717,.F.);
#4719=EDGE_LOOP('',(#4711,#4718));
#4720=FACE_BOUND('',#4719,.T.);
#4721=CARTESIAN_POINT('',(-33.895,19.05,1.386691565));
#4722=VERTEX_POINT('',#4721);
#4723=CARTESIAN_POINT('',(-32.145,19.05,1.386691565));
#4724=VERTEX_POINT('',#4723);
#4725=CARTESIAN_POINT('',(-33.02,19.05,1.386691565));
#4726=DIRECTION('',(-0.,-0.,-1.));
#4727=DIRECTION('',(1.,0.,-0.));
#4728=AXIS2_PLACEMENT_3D('',#4725,#4726,#4727);
#4729=CIRCLE('',#4728,0.875);
#4730=EDGE_CURVE('',#4722,#4724,#4729,.T.);
#4731=ORIENTED_EDGE('',*,*,#4730,.F.);
#4732=CARTESIAN_POINT('',(-33.02,19.05,1.386691565));
#4733=DIRECTION('',(-0.,-0.,-1.));
#4734=DIRECTION('',(1.,0.,-0.));
#4735=AXIS2_PLACEMENT_3D('',#4732,#4733,#4734);
#4736=CIRCLE('',#4735,0.875);
#4737=EDGE_CURVE('',#4724,#4722,#4736,.T.);
#4738=ORIENTED_EDGE('',*,*,#4737,.F.);
#4739=EDGE_LOOP('',(#4731,#4738));
#4740=FACE_BOUND('',#4739,.T.);
#4741=CARTESIAN_POINT('',(-38.975,24.13,1.386691565));
#4742=VERTEX_POINT('',#4741);
#4743=CARTESIAN_POINT('',(-37.225,24.13,1.386691565));
#4744=VERTEX_POINT('',#4743);
#4745=CARTESIAN_POINT('',(-38.1,24.13,1.386691565));
#4746=DIRECTION('',(-0.,-0.,-1.));
#4747=DIRECTION('',(1.,0.,-0.));
#4748=AXIS2_PLACEMENT_3D('',#4745,#4746,#4747);
#4749=CIRCLE('',#4748,0.875);
#4750=EDGE_CURVE('',#4742,#4744,#4749,.T.);
#4751=ORIENTED_EDGE('',*,*,#4750,.F.);
#4752=CARTESIAN_POINT('',(-38.1,24.13,1.386691565));
#4753=DIRECTION('',(-0.,-0.,-1.));
#4754=DIRECTION('',(1.,0.,-0.));
#4755=AXIS2_PLACEMENT_3D('',#4752,#4753,#4754);
#4756=CIRCLE('',#4755,0.875);
#4757=EDGE_CURVE('',#4744,#4742,#4756,.T.);
#4758=ORIENTED_EDGE('',*,*,#4757,.F.);
#4759=EDGE_LOOP('',(#4751,#4758));
#4760=FACE_BOUND('',#4759,.T.);
#4761=CARTESIAN_POINT('',(42.305,-0.,1.386691565));
#4762=VERTEX_POINT('',#4761);
#4763=CARTESIAN_POINT('',(44.055,-0.,1.386691565));
#4764=VERTEX_POINT('',#4763);
#4765=CARTESIAN_POINT('',(43.18,-0.,1.386691565));
#4766=DIRECTION('',(-0.,-0.,-1.));
#4767=DIRECTION('',(1.,0.,-0.));
#4768=AXIS2_PLACEMENT_3D('',#4765,#4766,#4767);
#4769=CIRCLE('',#4768,0.875);
#4770=EDGE_CURVE('',#4762,#4764,#4769,.T.);
#4771=ORIENTED_EDGE('',*,*,#4770,.F.);
#4772=CARTESIAN_POINT('',(43.18,-0.,1.386691565));
#4773=DIRECTION('',(-0.,-0.,-1.));
#4774=DIRECTION('',(1.,0.,-0.));
#4775=AXIS2_PLACEMENT_3D('',#4772,#4773,#4774);
#4776=CIRCLE('',#4775,0.875);
#4777=EDGE_CURVE('',#4764,#4762,#4776,.T.);
#4778=ORIENTED_EDGE('',*,*,#4777,.F.);
#4779=EDGE_LOOP('',(#4771,#4778));
#4780=FACE_BOUND('',#4779,.T.);
#4781=CARTESIAN_POINT('',(37.225,5.08,1.386691565));
#4782=VERTEX_POINT('',#4781);
#4783=CARTESIAN_POINT('',(38.975,5.08,1.386691565));
#4784=VERTEX_POINT('',#4783);
#4785=CARTESIAN_POINT('',(38.1,5.08,1.386691565));
#4786=DIRECTION('',(-0.,-0.,-1.));
#4787=DIRECTION('',(1.,0.,-0.));
#4788=AXIS2_PLACEMENT_3D('',#4785,#4786,#4787);
#4789=CIRCLE('',#4788,0.875);
#4790=EDGE_CURVE('',#4782,#4784,#4789,.T.);
#4791=ORIENTED_EDGE('',*,*,#4790,.F.);
#4792=CARTESIAN_POINT('',(38.1,5.08,1.386691565));
#4793=DIRECTION('',(-0.,-0.,-1.));
#4794=DIRECTION('',(1.,0.,-0.));
#4795=AXIS2_PLACEMENT_3D('',#4792,#4793,#4794);
#4796=CIRCLE('',#4795,0.875);
#4797=EDGE_CURVE('',#4784,#4782,#4796,.T.);
#4798=ORIENTED_EDGE('',*,*,#4797,.F.);
#4799=EDGE_LOOP('',(#4791,#4798));
#4800=FACE_BOUND('',#4799,.T.);
#4801=CARTESIAN_POINT('',(32.145,-0.,1.386691565));
#4802=VERTEX_POINT('',#4801);
#4803=CARTESIAN_POINT('',(33.895,-0.,1.386691565));
#4804=VERTEX_POINT('',#4803);
#4805=CARTESIAN_POINT('',(33.02,-0.,1.386691565));
#4806=DIRECTION('',(-0.,-0.,-1.));
#4807=DIRECTION('',(1.,0.,-0.));
#4808=AXIS2_PLACEMENT_3D('',#4805,#4806,#4807);
#4809=CIRCLE('',#4808,0.875);
#4810=EDGE_CURVE('',#4802,#4804,#4809,.T.);
#4811=ORIENTED_EDGE('',*,*,#4810,.F.);
#4812=CARTESIAN_POINT('',(33.02,-0.,1.386691565));
#4813=DIRECTION('',(-0.,-0.,-1.));
#4814=DIRECTION('',(1.,0.,-0.));
#4815=AXIS2_PLACEMENT_3D('',#4812,#4813,#4814);
#4816=CIRCLE('',#4815,0.875);
#4817=EDGE_CURVE('',#4804,#4802,#4816,.T.);
#4818=ORIENTED_EDGE('',*,*,#4817,.F.);
#4819=EDGE_LOOP('',(#4811,#4818));
#4820=FACE_BOUND('',#4819,.T.);
#4821=CARTESIAN_POINT('',(37.225,-5.08,1.386691565));
#4822=VERTEX_POINT('',#4821);
#4823=CARTESIAN_POINT('',(38.975,-5.08,1.386691565));
#4824=VERTEX_POINT('',#4823);
#4825=CARTESIAN_POINT('',(38.1,-5.08,1.386691565));
#4826=DIRECTION('',(-0.,-0.,-1.));
#4827=DIRECTION('',(1.,0.,-0.));
#4828=AXIS2_PLACEMENT_3D('',#4825,#4826,#4827);
#4829=CIRCLE('',#4828,0.875);
#4830=EDGE_CURVE('',#4822,#4824,#4829,.T.);
#4831=ORIENTED_EDGE('',*,*,#4830,.F.);
#4832=CARTESIAN_POINT('',(38.1,-5.08,1.386691565));
#4833=DIRECTION('',(-0.,-0.,-1.));
#4834=DIRECTION('',(1.,0.,-0.));
#4835=AXIS2_PLACEMENT_3D('',#4832,#4833,#4834);
#4836=CIRCLE('',#4835,0.875);
#4837=EDGE_CURVE('',#4824,#4822,#4836,.T.);
#4838=ORIENTED_EDGE('',*,*,#4837,.F.);
#4839=EDGE_LOOP('',(#4831,#4838));
#4840=FACE_BOUND('',#4839,.T.);
#4841=CARTESIAN_POINT('',(18.175,-5.08,1.386691565));
#4842=VERTEX_POINT('',#4841);
#4843=CARTESIAN_POINT('',(19.925,-5.08,1.386691565));
#4844=VERTEX_POINT('',#4843);
#4845=CARTESIAN_POINT('',(19.05,-5.08,1.386691565));
#4846=DIRECTION('',(-0.,-0.,-1.));
#4847=DIRECTION('',(1.,0.,-0.));
#4848=AXIS2_PLACEMENT_3D('',#4845,#4846,#4847);
#4849=CIRCLE('',#4848,0.875);
#4850=EDGE_CURVE('',#4842,#4844,#4849,.T.);
#4851=ORIENTED_EDGE('',*,*,#4850,.F.);
#4852=CARTESIAN_POINT('',(19.05,-5.08,1.386691565));
#4853=DIRECTION('',(-0.,-0.,-1.));
#4854=DIRECTION('',(1.,0.,-0.));
#4855=AXIS2_PLACEMENT_3D('',#4852,#4853,#4854);
#4856=CIRCLE('',#4855,0.875);
#4857=EDGE_CURVE('',#4844,#4842,#4856,.T.);
#4858=ORIENTED_EDGE('',*,*,#4857,.F.);
#4859=EDGE_LOOP('',(#4851,#4858));
#4860=FACE_BOUND('',#4859,.T.);
#4861=CARTESIAN_POINT('',(13.095,-0.,1.386691565));
#4862=VERTEX_POINT('',#4861);
#4863=CARTESIAN_POINT('',(14.845,-0.,1.386691565));
#4864=VERTEX_POINT('',#4863);
#4865=CARTESIAN_POINT('',(13.97,-0.,1.386691565));
#4866=DIRECTION('',(-0.,-0.,-1.));
#4867=DIRECTION('',(1.,0.,-0.));
#4868=AXIS2_PLACEMENT_3D('',#4865,#4866,#4867);
#4869=CIRCLE('',#4868,0.875);
#4870=EDGE_CURVE('',#4862,#4864,#4869,.T.);
#4871=ORIENTED_EDGE('',*,*,#4870,.F.);
#4872=CARTESIAN_POINT('',(13.97,-0.,1.386691565));
#4873=DIRECTION('',(-0.,-0.,-1.));
#4874=DIRECTION('',(1.,0.,-0.));
#4875=AXIS2_PLACEMENT_3D('',#4872,#4873,#4874);
#4876=CIRCLE('',#4875,0.875);
#4877=EDGE_CURVE('',#4864,#4862,#4876,.T.);
#4878=ORIENTED_EDGE('',*,*,#4877,.F.);
#4879=EDGE_LOOP('',(#4871,#4878));
#4880=FACE_BOUND('',#4879,.T.);
#4881=CARTESIAN_POINT('',(18.175,5.08,1.386691565));
#4882=VERTEX_POINT('',#4881);
#4883=CARTESIAN_POINT('',(19.925,5.08,1.386691565));
#4884=VERTEX_POINT('',#4883);
#4885=CARTESIAN_POINT('',(19.05,5.08,1.386691565));
#4886=DIRECTION('',(-0.,-0.,-1.));
#4887=DIRECTION('',(1.,0.,-0.));
#4888=AXIS2_PLACEMENT_3D('',#4885,#4886,#4887);
#4889=CIRCLE('',#4888,0.875);
#4890=EDGE_CURVE('',#4882,#4884,#4889,.T.);
#4891=ORIENTED_EDGE('',*,*,#4890,.F.);
#4892=CARTESIAN_POINT('',(19.05,5.08,1.386691565));
#4893=DIRECTION('',(-0.,-0.,-1.));
#4894=DIRECTION('',(1.,0.,-0.));
#4895=AXIS2_PLACEMENT_3D('',#4892,#4893,#4894);
#4896=CIRCLE('',#4895,0.875);
#4897=EDGE_CURVE('',#4884,#4882,#4896,.T.);
#4898=ORIENTED_EDGE('',*,*,#4897,.F.);
#4899=EDGE_LOOP('',(#4891,#4898));
#4900=FACE_BOUND('',#4899,.T.);
#4901=CARTESIAN_POINT('',(23.255,-0.,1.386691565));
#4902=VERTEX_POINT('',#4901);
#4903=CARTESIAN_POINT('',(25.005,-0.,1.386691565));
#4904=VERTEX_POINT('',#4903);
#4905=CARTESIAN_POINT('',(24.13,-0.,1.386691565));
#4906=DIRECTION('',(-0.,-0.,-1.));
#4907=DIRECTION('',(1.,0.,-0.));
#4908=AXIS2_PLACEMENT_3D('',#4905,#4906,#4907);
#4909=CIRCLE('',#4908,0.875);
#4910=EDGE_CURVE('',#4902,#4904,#4909,.T.);
#4911=ORIENTED_EDGE('',*,*,#4910,.F.);
#4912=CARTESIAN_POINT('',(24.13,-0.,1.386691565));
#4913=DIRECTION('',(-0.,-0.,-1.));
#4914=DIRECTION('',(1.,0.,-0.));
#4915=AXIS2_PLACEMENT_3D('',#4912,#4913,#4914);
#4916=CIRCLE('',#4915,0.875);
#4917=EDGE_CURVE('',#4904,#4902,#4916,.T.);
#4918=ORIENTED_EDGE('',*,*,#4917,.F.);
#4919=EDGE_LOOP('',(#4911,#4918));
#4920=FACE_BOUND('',#4919,.T.);
#4921=CARTESIAN_POINT('',(4.205,-0.,1.386691565));
#4922=VERTEX_POINT('',#4921);
#4923=CARTESIAN_POINT('',(5.955,-0.,1.386691565));
#4924=VERTEX_POINT('',#4923);
#4925=CARTESIAN_POINT('',(5.08,-0.,1.386691565));
#4926=DIRECTION('',(-0.,-0.,-1.));
#4927=DIRECTION('',(1.,0.,-0.));
#4928=AXIS2_PLACEMENT_3D('',#4925,#4926,#4927);
#4929=CIRCLE('',#4928,0.875);
#4930=EDGE_CURVE('',#4922,#4924,#4929,.T.);
#4931=ORIENTED_EDGE('',*,*,#4930,.F.);
#4932=CARTESIAN_POINT('',(5.08,-0.,1.386691565));
#4933=DIRECTION('',(-0.,-0.,-1.));
#4934=DIRECTION('',(1.,0.,-0.));
#4935=AXIS2_PLACEMENT_3D('',#4932,#4933,#4934);
#4936=CIRCLE('',#4935,0.875);
#4937=EDGE_CURVE('',#4924,#4922,#4936,.T.);
#4938=ORIENTED_EDGE('',*,*,#4937,.F.);
#4939=EDGE_LOOP('',(#4931,#4938));
#4940=FACE_BOUND('',#4939,.T.);
#4941=CARTESIAN_POINT('',(-0.875,5.08,1.386691565));
#4942=VERTEX_POINT('',#4941);
#4943=CARTESIAN_POINT('',(0.875,5.08,1.386691565));
#4944=VERTEX_POINT('',#4943);
#4945=CARTESIAN_POINT('',(0.,5.08,1.386691565));
#4946=DIRECTION('',(-0.,-0.,-1.));
#4947=DIRECTION('',(1.,0.,-0.));
#4948=AXIS2_PLACEMENT_3D('',#4945,#4946,#4947);
#4949=CIRCLE('',#4948,0.875);
#4950=EDGE_CURVE('',#4942,#4944,#4949,.T.);
#4951=ORIENTED_EDGE('',*,*,#4950,.F.);
#4952=CARTESIAN_POINT('',(0.,5.08,1.386691565));
#4953=DIRECTION('',(-0.,-0.,-1.));
#4954=DIRECTION('',(1.,0.,-0.));
#4955=AXIS2_PLACEMENT_3D('',#4952,#4953,#4954);
#4956=CIRCLE('',#4955,0.875);
#4957=EDGE_CURVE('',#4944,#4942,#4956,.T.);
#4958=ORIENTED_EDGE('',*,*,#4957,.F.);
#4959=EDGE_LOOP('',(#4951,#4958));
#4960=FACE_BOUND('',#4959,.T.);
#4961=CARTESIAN_POINT('',(-5.955,-0.,1.386691565));
#4962=VERTEX_POINT('',#4961);
#4963=CARTESIAN_POINT('',(-4.205,-0.,1.386691565));
#4964=VERTEX_POINT('',#4963);
#4965=CARTESIAN_POINT('',(-5.08,-0.,1.386691565));
#4966=DIRECTION('',(-0.,-0.,-1.));
#4967=DIRECTION('',(1.,0.,-0.));
#4968=AXIS2_PLACEMENT_3D('',#4965,#4966,#4967);
#4969=CIRCLE('',#4968,0.875);
#4970=EDGE_CURVE('',#4962,#4964,#4969,.T.);
#4971=ORIENTED_EDGE('',*,*,#4970,.F.);
#4972=CARTESIAN_POINT('',(-5.08,-0.,1.386691565));
#4973=DIRECTION('',(-0.,-0.,-1.));
#4974=DIRECTION('',(1.,0.,-0.));
#4975=AXIS2_PLACEMENT_3D('',#4972,#4973,#4974);
#4976=CIRCLE('',#4975,0.875);
#4977=EDGE_CURVE('',#4964,#4962,#4976,.T.);
#4978=ORIENTED_EDGE('',*,*,#4977,.F.);
#4979=EDGE_LOOP('',(#4971,#4978));
#4980=FACE_BOUND('',#4979,.T.);
#4981=CARTESIAN_POINT('',(-0.875,-5.08,1.386691565));
#4982=VERTEX_POINT('',#4981);
#4983=CARTESIAN_POINT('',(0.875,-5.08,1.386691565));
#4984=VERTEX_POINT('',#4983);
#4985=CARTESIAN_POINT('',(0.,-5.08,1.386691565));
#4986=DIRECTION('',(-0.,-0.,-1.));
#4987=DIRECTION('',(1.,0.,-0.));
#4988=AXIS2_PLACEMENT_3D('',#4985,#4986,#4987);
#4989=CIRCLE('',#4988,0.875);
#4990=EDGE_CURVE('',#4982,#4984,#4989,.T.);
#4991=ORIENTED_EDGE('',*,*,#4990,.F.);
#4992=CARTESIAN_POINT('',(0.,-5.08,1.386691565));
#4993=DIRECTION('',(-0.,-0.,-1.));
#4994=DIRECTION('',(1.,0.,-0.));
#4995=AXIS2_PLACEMENT_3D('',#4992,#4993,#4994);
#4996=CIRCLE('',#4995,0.875);
#4997=EDGE_CURVE('',#4984,#4982,#4996,.T.);
#4998=ORIENTED_EDGE('',*,*,#4997,.F.);
#4999=EDGE_LOOP('',(#4991,#4998));
#5000=FACE_BOUND('',#4999,.T.);
#5001=CARTESIAN_POINT('',(-19.925,-5.08,1.386691565));
#5002=VERTEX_POINT('',#5001);
#5003=CARTESIAN_POINT('',(-18.175,-5.08,1.386691565));
#5004=VERTEX_POINT('',#5003);
#5005=CARTESIAN_POINT('',(-19.05,-5.08,1.386691565));
#5006=DIRECTION('',(-0.,-0.,-1.));
#5007=DIRECTION('',(1.,0.,-0.));
#5008=AXIS2_PLACEMENT_3D('',#5005,#5006,#5007);
#5009=CIRCLE('',#5008,0.875);
#5010=EDGE_CURVE('',#5002,#5004,#5009,.T.);
#5011=ORIENTED_EDGE('',*,*,#5010,.F.);
#5012=CARTESIAN_POINT('',(-19.05,-5.08,1.386691565));
#5013=DIRECTION('',(-0.,-0.,-1.));
#5014=DIRECTION('',(1.,0.,-0.));
#5015=AXIS2_PLACEMENT_3D('',#5012,#5013,#5014);
#5016=CIRCLE('',#5015,0.875);
#5017=EDGE_CURVE('',#5004,#5002,#5016,.T.);
#5018=ORIENTED_EDGE('',*,*,#5017,.F.);
#5019=EDGE_LOOP('',(#5011,#5018));
#5020=FACE_BOUND('',#5019,.T.);
#5021=CARTESIAN_POINT('',(-25.005,-0.,1.386691565));
#5022=VERTEX_POINT('',#5021);
#5023=CARTESIAN_POINT('',(-23.255,-0.,1.386691565));
#5024=VERTEX_POINT('',#5023);
#5025=CARTESIAN_POINT('',(-24.13,-0.,1.386691565));
#5026=DIRECTION('',(-0.,-0.,-1.));
#5027=DIRECTION('',(1.,0.,-0.));
#5028=AXIS2_PLACEMENT_3D('',#5025,#5026,#5027);
#5029=CIRCLE('',#5028,0.875);
#5030=EDGE_CURVE('',#5022,#5024,#5029,.T.);
#5031=ORIENTED_EDGE('',*,*,#5030,.F.);
#5032=CARTESIAN_POINT('',(-24.13,-0.,1.386691565));
#5033=DIRECTION('',(-0.,-0.,-1.));
#5034=DIRECTION('',(1.,0.,-0.));
#5035=AXIS2_PLACEMENT_3D('',#5032,#5033,#5034);
#5036=CIRCLE('',#5035,0.875);
#5037=EDGE_CURVE('',#5024,#5022,#5036,.T.);
#5038=ORIENTED_EDGE('',*,*,#5037,.F.);
#5039=EDGE_LOOP('',(#5031,#5038));
#5040=FACE_BOUND('',#5039,.T.);
#5041=CARTESIAN_POINT('',(-19.925,5.08,1.386691565));
#5042=VERTEX_POINT('',#5041);
#5043=CARTESIAN_POINT('',(-18.175,5.08,1.386691565));
#5044=VERTEX_POINT('',#5043);
#5045=CARTESIAN_POINT('',(-19.05,5.08,1.386691565));
#5046=DIRECTION('',(-0.,-0.,-1.));
#5047=DIRECTION('',(1.,0.,-0.));
#5048=AXIS2_PLACEMENT_3D('',#5045,#5046,#5047);
#5049=CIRCLE('',#5048,0.875);
#5050=EDGE_CURVE('',#5042,#5044,#5049,.T.);
#5051=ORIENTED_EDGE('',*,*,#5050,.F.);
#5052=CARTESIAN_POINT('',(-19.05,5.08,1.386691565));
#5053=DIRECTION('',(-0.,-0.,-1.));
#5054=DIRECTION('',(1.,0.,-0.));
#5055=AXIS2_PLACEMENT_3D('',#5052,#5053,#5054);
#5056=CIRCLE('',#5055,0.875);
#5057=EDGE_CURVE('',#5044,#5042,#5056,.T.);
#5058=ORIENTED_EDGE('',*,*,#5057,.F.);
#5059=EDGE_LOOP('',(#5051,#5058));
#5060=FACE_BOUND('',#5059,.T.);
#5061=CARTESIAN_POINT('',(-14.845,-0.,1.386691565));
#5062=VERTEX_POINT('',#5061);
#5063=CARTESIAN_POINT('',(-13.095,-0.,1.386691565));
#5064=VERTEX_POINT('',#5063);
#5065=CARTESIAN_POINT('',(-13.97,-0.,1.386691565));
#5066=DIRECTION('',(-0.,-0.,-1.));
#5067=DIRECTION('',(1.,0.,-0.));
#5068=AXIS2_PLACEMENT_3D('',#5065,#5066,#5067);
#5069=CIRCLE('',#5068,0.875);
#5070=EDGE_CURVE('',#5062,#5064,#5069,.T.);
#5071=ORIENTED_EDGE('',*,*,#5070,.F.);
#5072=CARTESIAN_POINT('',(-13.97,-0.,1.386691565));
#5073=DIRECTION('',(-0.,-0.,-1.));
#5074=DIRECTION('',(1.,0.,-0.));
#5075=AXIS2_PLACEMENT_3D('',#5072,#5073,#5074);
#5076=CIRCLE('',#5075,0.875);
#5077=EDGE_CURVE('',#5064,#5062,#5076,.T.);
#5078=ORIENTED_EDGE('',*,*,#5077,.F.);
#5079=EDGE_LOOP('',(#5071,#5078));
#5080=FACE_BOUND('',#5079,.T.);
#5081=CARTESIAN_POINT('',(-33.895,-0.,1.386691565));
#5082=VERTEX_POINT('',#5081);
#5083=CARTESIAN_POINT('',(-32.145,-0.,1.386691565));
#5084=VERTEX_POINT('',#5083);
#5085=CARTESIAN_POINT('',(-33.02,-0.,1.386691565));
#5086=DIRECTION('',(-0.,-0.,-1.));
#5087=DIRECTION('',(1.,0.,-0.));
#5088=AXIS2_PLACEMENT_3D('',#5085,#5086,#5087);
#5089=CIRCLE('',#5088,0.875);
#5090=EDGE_CURVE('',#5082,#5084,#5089,.T.);
#5091=ORIENTED_EDGE('',*,*,#5090,.F.);
#5092=CARTESIAN_POINT('',(-33.02,-0.,1.386691565));
#5093=DIRECTION('',(-0.,-0.,-1.));
#5094=DIRECTION('',(1.,0.,-0.));
#5095=AXIS2_PLACEMENT_3D('',#5092,#5093,#5094);
#5096=CIRCLE('',#5095,0.875);
#5097=EDGE_CURVE('',#5084,#5082,#5096,.T.);
#5098=ORIENTED_EDGE('',*,*,#5097,.F.);
#5099=EDGE_LOOP('',(#5091,#5098));
#5100=FACE_BOUND('',#5099,.T.);
#5101=CARTESIAN_POINT('',(-38.975,5.08,1.386691565));
#5102=VERTEX_POINT('',#5101);
#5103=CARTESIAN_POINT('',(-37.225,5.08,1.386691565));
#5104=VERTEX_POINT('',#5103);
#5105=CARTESIAN_POINT('',(-38.1,5.08,1.386691565));
#5106=DIRECTION('',(-0.,-0.,-1.));
#5107=DIRECTION('',(1.,0.,-0.));
#5108=AXIS2_PLACEMENT_3D('',#5105,#5106,#5107);
#5109=CIRCLE('',#5108,0.875);
#5110=EDGE_CURVE('',#5102,#5104,#5109,.T.);
#5111=ORIENTED_EDGE('',*,*,#5110,.F.);
#5112=CARTESIAN_POINT('',(-38.1,5.08,1.386691565));
#5113=DIRECTION('',(-0.,-0.,-1.));
#5114=DIRECTION('',(1.,0.,-0.));
#5115=AXIS2_PLACEMENT_3D('',#5112,#5113,#5114);
#5116=CIRCLE('',#5115,0.875);
#5117=EDGE_CURVE('',#5104,#5102,#5116,.T.);
#5118=ORIENTED_EDGE('',*,*,#5117,.F.);
#5119=EDGE_LOOP('',(#5111,#5118));
#5120=FACE_BOUND('',#5119,.T.);
#5121=CARTESIAN_POINT('',(-44.055,-0.,1.386691565));
#5122=VERTEX_POINT('',#5121);
#5123=CARTESIAN_POINT('',(-42.305,-0.,1.386691565));
#5124=VERTEX_POINT('',#5123);
#5125=CARTESIAN_POINT('',(-43.18,-0.,1.386691565));
#5126=DIRECTION('',(-0.,-0.,-1.));
#5127=DIRECTION('',(1.,0.,-0.));
#5128=AXIS2_PLACEMENT_3D('',#5125,#5126,#5127);
#5129=CIRCLE('',#5128,0.875);
#5130=EDGE_CURVE('',#5122,#5124,#5129,.T.);
#5131=ORIENTED_EDGE('',*,*,#5130,.F.);
#5132=CARTESIAN_POINT('',(-43.18,-0.,1.386691565));
#5133=DIRECTION('',(-0.,-0.,-1.));
#5134=DIRECTION('',(1.,0.,-0.));
#5135=AXIS2_PLACEMENT_3D('',#5132,#5133,#5134);
#5136=CIRCLE('',#5135,0.875);
#5137=EDGE_CURVE('',#5124,#5122,#5136,.T.);
#5138=ORIENTED_EDGE('',*,*,#5137,.F.);
#5139=EDGE_LOOP('',(#5131,#5138));
#5140=FACE_BOUND('',#5139,.T.);
#5141=CARTESIAN_POINT('',(-38.975,-5.08,1.386691565));
#5142=VERTEX_POINT('',#5141);
#5143=CARTESIAN_POINT('',(-37.225,-5.08,1.386691565));
#5144=VERTEX_POINT('',#5143);
#5145=CARTESIAN_POINT('',(-38.1,-5.08,1.386691565));
#5146=DIRECTION('',(-0.,-0.,-1.));
#5147=DIRECTION('',(1.,0.,-0.));
#5148=AXIS2_PLACEMENT_3D('',#5145,#5146,#5147);
#5149=CIRCLE('',#5148,0.875);
#5150=EDGE_CURVE('',#5142,#5144,#5149,.T.);
#5151=ORIENTED_EDGE('',*,*,#5150,.F.);
#5152=CARTESIAN_POINT('',(-38.1,-5.08,1.386691565));
#5153=DIRECTION('',(-0.,-0.,-1.));
#5154=DIRECTION('',(1.,0.,-0.));
#5155=AXIS2_PLACEMENT_3D('',#5152,#5153,#5154);
#5156=CIRCLE('',#5155,0.875);
#5157=EDGE_CURVE('',#5144,#5142,#5156,.T.);
#5158=ORIENTED_EDGE('',*,*,#5157,.F.);
#5159=EDGE_LOOP('',(#5151,#5158));
#5160=FACE_BOUND('',#5159,.T.);
#5161=CARTESIAN_POINT('',(37.225,-24.13,1.386691565));
#5162=VERTEX_POINT('',#5161);
#5163=CARTESIAN_POINT('',(38.975,-24.13,1.386691565));
#5164=VERTEX_POINT('',#5163);
#5165=CARTESIAN_POINT('',(38.1,-24.13,1.386691565));
#5166=DIRECTION('',(-0.,-0.,-1.));
#5167=DIRECTION('',(1.,0.,-0.));
#5168=AXIS2_PLACEMENT_3D('',#5165,#5166,#5167);
#5169=CIRCLE('',#5168,0.875);
#5170=EDGE_CURVE('',#5162,#5164,#5169,.T.);
#5171=ORIENTED_EDGE('',*,*,#5170,.F.);
#5172=CARTESIAN_POINT('',(38.1,-24.13,1.386691565));
#5173=DIRECTION('',(-0.,-0.,-1.));
#5174=DIRECTION('',(1.,0.,-0.));
#5175=AXIS2_PLACEMENT_3D('',#5172,#5173,#5174);
#5176=CIRCLE('',#5175,0.875);
#5177=EDGE_CURVE('',#5164,#5162,#5176,.T.);
#5178=ORIENTED_EDGE('',*,*,#5177,.F.);
#5179=EDGE_LOOP('',(#5171,#5178));
#5180=FACE_BOUND('',#5179,.T.);
#5181=CARTESIAN_POINT('',(32.145,-19.05,1.386691565));
#5182=VERTEX_POINT('',#5181);
#5183=CARTESIAN_POINT('',(33.895,-19.05,1.386691565));
#5184=VERTEX_POINT('',#5183);
#5185=CARTESIAN_POINT('',(33.02,-19.05,1.386691565));
#5186=DIRECTION('',(-0.,-0.,-1.));
#5187=DIRECTION('',(1.,0.,-0.));
#5188=AXIS2_PLACEMENT_3D('',#5185,#5186,#5187);
#5189=CIRCLE('',#5188,0.875);
#5190=EDGE_CURVE('',#5182,#5184,#5189,.T.);
#5191=ORIENTED_EDGE('',*,*,#5190,.F.);
#5192=CARTESIAN_POINT('',(33.02,-19.05,1.386691565));
#5193=DIRECTION('',(-0.,-0.,-1.));
#5194=DIRECTION('',(1.,0.,-0.));
#5195=AXIS2_PLACEMENT_3D('',#5192,#5193,#5194);
#5196=CIRCLE('',#5195,0.875);
#5197=EDGE_CURVE('',#5184,#5182,#5196,.T.);
#5198=ORIENTED_EDGE('',*,*,#5197,.F.);
#5199=EDGE_LOOP('',(#5191,#5198));
#5200=FACE_BOUND('',#5199,.T.);
#5201=CARTESIAN_POINT('',(42.305,-19.05,1.386691565));
#5202=VERTEX_POINT('',#5201);
#5203=CARTESIAN_POINT('',(44.055,-19.05,1.386691565));
#5204=VERTEX_POINT('',#5203);
#5205=CARTESIAN_POINT('',(43.18,-19.05,1.386691565));
#5206=DIRECTION('',(-0.,-0.,-1.));
#5207=DIRECTION('',(1.,0.,-0.));
#5208=AXIS2_PLACEMENT_3D('',#5205,#5206,#5207);
#5209=CIRCLE('',#5208,0.875);
#5210=EDGE_CURVE('',#5202,#5204,#5209,.T.);
#5211=ORIENTED_EDGE('',*,*,#5210,.F.);
#5212=CARTESIAN_POINT('',(43.18,-19.05,1.386691565));
#5213=DIRECTION('',(-0.,-0.,-1.));
#5214=DIRECTION('',(1.,0.,-0.));
#5215=AXIS2_PLACEMENT_3D('',#5212,#5213,#5214);
#5216=CIRCLE('',#5215,0.875);
#5217=EDGE_CURVE('',#5204,#5202,#5216,.T.);
#5218=ORIENTED_EDGE('',*,*,#5217,.F.);
#5219=EDGE_LOOP('',(#5211,#5218));
#5220=FACE_BOUND('',#5219,.T.);
#5221=CARTESIAN_POINT('',(37.225,-13.97,1.386691565));
#5222=VERTEX_POINT('',#5221);
#5223=CARTESIAN_POINT('',(38.975,-13.97,1.386691565));
#5224=VERTEX_POINT('',#5223);
#5225=CARTESIAN_POINT('',(38.1,-13.97,1.386691565));
#5226=DIRECTION('',(-0.,-0.,-1.));
#5227=DIRECTION('',(1.,0.,-0.));
#5228=AXIS2_PLACEMENT_3D('',#5225,#5226,#5227);
#5229=CIRCLE('',#5228,0.875);
#5230=EDGE_CURVE('',#5222,#5224,#5229,.T.);
#5231=ORIENTED_EDGE('',*,*,#5230,.F.);
#5232=CARTESIAN_POINT('',(38.1,-13.97,1.386691565));
#5233=DIRECTION('',(-0.,-0.,-1.));
#5234=DIRECTION('',(1.,0.,-0.));
#5235=AXIS2_PLACEMENT_3D('',#5232,#5233,#5234);
#5236=CIRCLE('',#5235,0.875);
#5237=EDGE_CURVE('',#5224,#5222,#5236,.T.);
#5238=ORIENTED_EDGE('',*,*,#5237,.F.);
#5239=EDGE_LOOP('',(#5231,#5238));
#5240=FACE_BOUND('',#5239,.T.);
#5241=CARTESIAN_POINT('',(23.255,-19.05,1.386691565));
#5242=VERTEX_POINT('',#5241);
#5243=CARTESIAN_POINT('',(25.005,-19.05,1.386691565));
#5244=VERTEX_POINT('',#5243);
#5245=CARTESIAN_POINT('',(24.13,-19.05,1.386691565));
#5246=DIRECTION('',(-0.,-0.,-1.));
#5247=DIRECTION('',(1.,0.,-0.));
#5248=AXIS2_PLACEMENT_3D('',#5245,#5246,#5247);
#5249=CIRCLE('',#5248,0.875);
#5250=EDGE_CURVE('',#5242,#5244,#5249,.T.);
#5251=ORIENTED_EDGE('',*,*,#5250,.F.);
#5252=CARTESIAN_POINT('',(24.13,-19.05,1.386691565));
#5253=DIRECTION('',(-0.,-0.,-1.));
#5254=DIRECTION('',(1.,0.,-0.));
#5255=AXIS2_PLACEMENT_3D('',#5252,#5253,#5254);
#5256=CIRCLE('',#5255,0.875);
#5257=EDGE_CURVE('',#5244,#5242,#5256,.T.);
#5258=ORIENTED_EDGE('',*,*,#5257,.F.);
#5259=EDGE_LOOP('',(#5251,#5258));
#5260=FACE_BOUND('',#5259,.T.);
#5261=CARTESIAN_POINT('',(18.175,-13.97,1.386691565));
#5262=VERTEX_POINT('',#5261);
#5263=CARTESIAN_POINT('',(19.925,-13.97,1.386691565));
#5264=VERTEX_POINT('',#5263);
#5265=CARTESIAN_POINT('',(19.05,-13.97,1.386691565));
#5266=DIRECTION('',(-0.,-0.,-1.));
#5267=DIRECTION('',(1.,0.,-0.));
#5268=AXIS2_PLACEMENT_3D('',#5265,#5266,#5267);
#5269=CIRCLE('',#5268,0.875);
#5270=EDGE_CURVE('',#5262,#5264,#5269,.T.);
#5271=ORIENTED_EDGE('',*,*,#5270,.F.);
#5272=CARTESIAN_POINT('',(19.05,-13.97,1.386691565));
#5273=DIRECTION('',(-0.,-0.,-1.));
#5274=DIRECTION('',(1.,0.,-0.));
#5275=AXIS2_PLACEMENT_3D('',#5272,#5273,#5274);
#5276=CIRCLE('',#5275,0.875);
#5277=EDGE_CURVE('',#5264,#5262,#5276,.T.);
#5278=ORIENTED_EDGE('',*,*,#5277,.F.);
#5279=EDGE_LOOP('',(#5271,#5278));
#5280=FACE_BOUND('',#5279,.T.);
#5281=CARTESIAN_POINT('',(13.095,-19.05,1.386691565));
#5282=VERTEX_POINT('',#5281);
#5283=CARTESIAN_POINT('',(14.845,-19.05,1.386691565));
#5284=VERTEX_POINT('',#5283);
#5285=CARTESIAN_POINT('',(13.97,-19.05,1.386691565));
#5286=DIRECTION('',(-0.,-0.,-1.));
#5287=DIRECTION('',(1.,0.,-0.));
#5288=AXIS2_PLACEMENT_3D('',#5285,#5286,#5287);
#5289=CIRCLE('',#5288,0.875);
#5290=EDGE_CURVE('',#5282,#5284,#5289,.T.);
#5291=ORIENTED_EDGE('',*,*,#5290,.F.);
#5292=CARTESIAN_POINT('',(13.97,-19.05,1.386691565));
#5293=DIRECTION('',(-0.,-0.,-1.));
#5294=DIRECTION('',(1.,0.,-0.));
#5295=AXIS2_PLACEMENT_3D('',#5292,#5293,#5294);
#5296=CIRCLE('',#5295,0.875);
#5297=EDGE_CURVE('',#5284,#5282,#5296,.T.);
#5298=ORIENTED_EDGE('',*,*,#5297,.F.);
#5299=EDGE_LOOP('',(#5291,#5298));
#5300=FACE_BOUND('',#5299,.T.);
#5301=CARTESIAN_POINT('',(18.175,-24.13,1.386691565));
#5302=VERTEX_POINT('',#5301);
#5303=CARTESIAN_POINT('',(19.925,-24.13,1.386691565));
#5304=VERTEX_POINT('',#5303);
#5305=CARTESIAN_POINT('',(19.05,-24.13,1.386691565));
#5306=DIRECTION('',(-0.,-0.,-1.));
#5307=DIRECTION('',(1.,0.,-0.));
#5308=AXIS2_PLACEMENT_3D('',#5305,#5306,#5307);
#5309=CIRCLE('',#5308,0.875);
#5310=EDGE_CURVE('',#5302,#5304,#5309,.T.);
#5311=ORIENTED_EDGE('',*,*,#5310,.F.);
#5312=CARTESIAN_POINT('',(19.05,-24.13,1.386691565));
#5313=DIRECTION('',(-0.,-0.,-1.));
#5314=DIRECTION('',(1.,0.,-0.));
#5315=AXIS2_PLACEMENT_3D('',#5312,#5313,#5314);
#5316=CIRCLE('',#5315,0.875);
#5317=EDGE_CURVE('',#5304,#5302,#5316,.T.);
#5318=ORIENTED_EDGE('',*,*,#5317,.F.);
#5319=EDGE_LOOP('',(#5311,#5318));
#5320=FACE_BOUND('',#5319,.T.);
#5321=CARTESIAN_POINT('',(-5.955,-19.05,1.386691565));
#5322=VERTEX_POINT('',#5321);
#5323=CARTESIAN_POINT('',(-4.205,-19.05,1.386691565));
#5324=VERTEX_POINT('',#5323);
#5325=CARTESIAN_POINT('',(-5.08,-19.05,1.386691565));
#5326=DIRECTION('',(-0.,-0.,-1.));
#5327=DIRECTION('',(1.,0.,-0.));
#5328=AXIS2_PLACEMENT_3D('',#5325,#5326,#5327);
#5329=CIRCLE('',#5328,0.875);
#5330=EDGE_CURVE('',#5322,#5324,#5329,.T.);
#5331=ORIENTED_EDGE('',*,*,#5330,.F.);
#5332=CARTESIAN_POINT('',(-5.08,-19.05,1.386691565));
#5333=DIRECTION('',(-0.,-0.,-1.));
#5334=DIRECTION('',(1.,0.,-0.));
#5335=AXIS2_PLACEMENT_3D('',#5332,#5333,#5334);
#5336=CIRCLE('',#5335,0.875);
#5337=EDGE_CURVE('',#5324,#5322,#5336,.T.);
#5338=ORIENTED_EDGE('',*,*,#5337,.F.);
#5339=EDGE_LOOP('',(#5331,#5338));
#5340=FACE_BOUND('',#5339,.T.);
#5341=CARTESIAN_POINT('',(-0.875,-24.13,1.386691565));
#5342=VERTEX_POINT('',#5341);
#5343=CARTESIAN_POINT('',(0.875,-24.13,1.386691565));
#5344=VERTEX_POINT('',#5343);
#5345=CARTESIAN_POINT('',(0.,-24.13,1.386691565));
#5346=DIRECTION('',(-0.,-0.,-1.));
#5347=DIRECTION('',(1.,0.,-0.));
#5348=AXIS2_PLACEMENT_3D('',#5345,#5346,#5347);
#5349=CIRCLE('',#5348,0.875);
#5350=EDGE_CURVE('',#5342,#5344,#5349,.T.);
#5351=ORIENTED_EDGE('',*,*,#5350,.F.);
#5352=CARTESIAN_POINT('',(0.,-24.13,1.386691565));
#5353=DIRECTION('',(-0.,-0.,-1.));
#5354=DIRECTION('',(1.,0.,-0.));
#5355=AXIS2_PLACEMENT_3D('',#5352,#5353,#5354);
#5356=CIRCLE('',#5355,0.875);
#5357=EDGE_CURVE('',#5344,#5342,#5356,.T.);
#5358=ORIENTED_EDGE('',*,*,#5357,.F.);
#5359=EDGE_LOOP('',(#5351,#5358));
#5360=FACE_BOUND('',#5359,.T.);
#5361=CARTESIAN_POINT('',(4.205,-19.05,1.386691565));
#5362=VERTEX_POINT('',#5361);
#5363=CARTESIAN_POINT('',(5.955,-19.05,1.386691565));
#5364=VERTEX_POINT('',#5363);
#5365=CARTESIAN_POINT('',(5.08,-19.05,1.386691565));
#5366=DIRECTION('',(-0.,-0.,-1.));
#5367=DIRECTION('',(1.,0.,-0.));
#5368=AXIS2_PLACEMENT_3D('',#5365,#5366,#5367);
#5369=CIRCLE('',#5368,0.875);
#5370=EDGE_CURVE('',#5362,#5364,#5369,.T.);
#5371=ORIENTED_EDGE('',*,*,#5370,.F.);
#5372=CARTESIAN_POINT('',(5.08,-19.05,1.386691565));
#5373=DIRECTION('',(-0.,-0.,-1.));
#5374=DIRECTION('',(1.,0.,-0.));
#5375=AXIS2_PLACEMENT_3D('',#5372,#5373,#5374);
#5376=CIRCLE('',#5375,0.875);
#5377=EDGE_CURVE('',#5364,#5362,#5376,.T.);
#5378=ORIENTED_EDGE('',*,*,#5377,.F.);
#5379=EDGE_LOOP('',(#5371,#5378));
#5380=FACE_BOUND('',#5379,.T.);
#5381=CARTESIAN_POINT('',(-0.875,-13.97,1.386691565));
#5382=VERTEX_POINT('',#5381);
#5383=CARTESIAN_POINT('',(0.875,-13.97,1.386691565));
#5384=VERTEX_POINT('',#5383);
#5385=CARTESIAN_POINT('',(0.,-13.97,1.386691565));
#5386=DIRECTION('',(-0.,-0.,-1.));
#5387=DIRECTION('',(1.,0.,-0.));
#5388=AXIS2_PLACEMENT_3D('',#5385,#5386,#5387);
#5389=CIRCLE('',#5388,0.875);
#5390=EDGE_CURVE('',#5382,#5384,#5389,.T.);
#5391=ORIENTED_EDGE('',*,*,#5390,.F.);
#5392=CARTESIAN_POINT('',(0.,-13.97,1.386691565));
#5393=DIRECTION('',(-0.,-0.,-1.));
#5394=DIRECTION('',(1.,0.,-0.));
#5395=AXIS2_PLACEMENT_3D('',#5392,#5393,#5394);
#5396=CIRCLE('',#5395,0.875);
#5397=EDGE_CURVE('',#5384,#5382,#5396,.T.);
#5398=ORIENTED_EDGE('',*,*,#5397,.F.);
#5399=EDGE_LOOP('',(#5391,#5398));
#5400=FACE_BOUND('',#5399,.T.);
#5401=CARTESIAN_POINT('',(-19.925,-13.97,1.386691565));
#5402=VERTEX_POINT('',#5401);
#5403=CARTESIAN_POINT('',(-18.175,-13.97,1.386691565));
#5404=VERTEX_POINT('',#5403);
#5405=CARTESIAN_POINT('',(-19.05,-13.97,1.386691565));
#5406=DIRECTION('',(-0.,-0.,-1.));
#5407=DIRECTION('',(1.,0.,-0.));
#5408=AXIS2_PLACEMENT_3D('',#5405,#5406,#5407);
#5409=CIRCLE('',#5408,0.875);
#5410=EDGE_CURVE('',#5402,#5404,#5409,.T.);
#5411=ORIENTED_EDGE('',*,*,#5410,.F.);
#5412=CARTESIAN_POINT('',(-19.05,-13.97,1.386691565));
#5413=DIRECTION('',(-0.,-0.,-1.));
#5414=DIRECTION('',(1.,0.,-0.));
#5415=AXIS2_PLACEMENT_3D('',#5412,#5413,#5414);
#5416=CIRCLE('',#5415,0.875);
#5417=EDGE_CURVE('',#5404,#5402,#5416,.T.);
#5418=ORIENTED_EDGE('',*,*,#5417,.F.);
#5419=EDGE_LOOP('',(#5411,#5418));
#5420=FACE_BOUND('',#5419,.T.);
#5421=CARTESIAN_POINT('',(-14.845,-19.05,1.386691565));
#5422=VERTEX_POINT('',#5421);
#5423=CARTESIAN_POINT('',(-13.095,-19.05,1.386691565));
#5424=VERTEX_POINT('',#5423);
#5425=CARTESIAN_POINT('',(-13.97,-19.05,1.386691565));
#5426=DIRECTION('',(-0.,-0.,-1.));
#5427=DIRECTION('',(1.,0.,-0.));
#5428=AXIS2_PLACEMENT_3D('',#5425,#5426,#5427);
#5429=CIRCLE('',#5428,0.875);
#5430=EDGE_CURVE('',#5422,#5424,#5429,.T.);
#5431=ORIENTED_EDGE('',*,*,#5430,.F.);
#5432=CARTESIAN_POINT('',(-13.97,-19.05,1.386691565));
#5433=DIRECTION('',(-0.,-0.,-1.));
#5434=DIRECTION('',(1.,0.,-0.));
#5435=AXIS2_PLACEMENT_3D('',#5432,#5433,#5434);
#5436=CIRCLE('',#5435,0.875);
#5437=EDGE_CURVE('',#5424,#5422,#5436,.T.);
#5438=ORIENTED_EDGE('',*,*,#5437,.F.);
#5439=EDGE_LOOP('',(#5431,#5438));
#5440=FACE_BOUND('',#5439,.T.);
#5441=CARTESIAN_POINT('',(-25.005,-19.05,1.386691565));
#5442=VERTEX_POINT('',#5441);
#5443=CARTESIAN_POINT('',(-23.255,-19.05,1.386691565));
#5444=VERTEX_POINT('',#5443);
#5445=CARTESIAN_POINT('',(-24.13,-19.05,1.386691565));
#5446=DIRECTION('',(-0.,-0.,-1.));
#5447=DIRECTION('',(1.,0.,-0.));
#5448=AXIS2_PLACEMENT_3D('',#5445,#5446,#5447);
#5449=CIRCLE('',#5448,0.875);
#5450=EDGE_CURVE('',#5442,#5444,#5449,.T.);
#5451=ORIENTED_EDGE('',*,*,#5450,.F.);
#5452=CARTESIAN_POINT('',(-24.13,-19.05,1.386691565));
#5453=DIRECTION('',(-0.,-0.,-1.));
#5454=DIRECTION('',(1.,0.,-0.));
#5455=AXIS2_PLACEMENT_3D('',#5452,#5453,#5454);
#5456=CIRCLE('',#5455,0.875);
#5457=EDGE_CURVE('',#5444,#5442,#5456,.T.);
#5458=ORIENTED_EDGE('',*,*,#5457,.F.);
#5459=EDGE_LOOP('',(#5451,#5458));
#5460=FACE_BOUND('',#5459,.T.);
#5461=CARTESIAN_POINT('',(-19.925,-24.13,1.386691565));
#5462=VERTEX_POINT('',#5461);
#5463=CARTESIAN_POINT('',(-18.175,-24.13,1.386691565));
#5464=VERTEX_POINT('',#5463);
#5465=CARTESIAN_POINT('',(-19.05,-24.13,1.386691565));
#5466=DIRECTION('',(-0.,-0.,-1.));
#5467=DIRECTION('',(1.,0.,-0.));
#5468=AXIS2_PLACEMENT_3D('',#5465,#5466,#5467);
#5469=CIRCLE('',#5468,0.875);
#5470=EDGE_CURVE('',#5462,#5464,#5469,.T.);
#5471=ORIENTED_EDGE('',*,*,#5470,.F.);
#5472=CARTESIAN_POINT('',(-19.05,-24.13,1.386691565));
#5473=DIRECTION('',(-0.,-0.,-1.));
#5474=DIRECTION('',(1.,0.,-0.));
#5475=AXIS2_PLACEMENT_3D('',#5472,#5473,#5474);
#5476=CIRCLE('',#5475,0.875);
#5477=EDGE_CURVE('',#5464,#5462,#5476,.T.);
#5478=ORIENTED_EDGE('',*,*,#5477,.F.);
#5479=EDGE_LOOP('',(#5471,#5478));
#5480=FACE_BOUND('',#5479,.T.);
#5481=CARTESIAN_POINT('',(-38.975,-24.13,1.386691565));
#5482=VERTEX_POINT('',#5481);
#5483=CARTESIAN_POINT('',(-37.225,-24.13,1.386691565));
#5484=VERTEX_POINT('',#5483);
#5485=CARTESIAN_POINT('',(-38.1,-24.13,1.386691565));
#5486=DIRECTION('',(-0.,-0.,-1.));
#5487=DIRECTION('',(1.,0.,-0.));
#5488=AXIS2_PLACEMENT_3D('',#5485,#5486,#5487);
#5489=CIRCLE('',#5488,0.875);
#5490=EDGE_CURVE('',#5482,#5484,#5489,.T.);
#5491=ORIENTED_EDGE('',*,*,#5490,.F.);
#5492=CARTESIAN_POINT('',(-38.1,-24.13,1.386691565));
#5493=DIRECTION('',(-0.,-0.,-1.));
#5494=DIRECTION('',(1.,0.,-0.));
#5495=AXIS2_PLACEMENT_3D('',#5492,#5493,#5494);
#5496=CIRCLE('',#5495,0.875);
#5497=EDGE_CURVE('',#5484,#5482,#5496,.T.);
#5498=ORIENTED_EDGE('',*,*,#5497,.F.);
#5499=EDGE_LOOP('',(#5491,#5498));
#5500=FACE_BOUND('',#5499,.T.);
#5501=CARTESIAN_POINT('',(-44.055,-19.05,1.386691565));
#5502=VERTEX_POINT('',#5501);
#5503=CARTESIAN_POINT('',(-42.305,-19.05,1.386691565));
#5504=VERTEX_POINT('',#5503);
#5505=CARTESIAN_POINT('',(-43.18,-19.05,1.386691565));
#5506=DIRECTION('',(-0.,-0.,-1.));
#5507=DIRECTION('',(1.,0.,-0.));
#5508=AXIS2_PLACEMENT_3D('',#5505,#5506,#5507);
#5509=CIRCLE('',#5508,0.875);
#5510=EDGE_CURVE('',#5502,#5504,#5509,.T.);
#5511=ORIENTED_EDGE('',*,*,#5510,.F.);
#5512=CARTESIAN_POINT('',(-43.18,-19.05,1.386691565));
#5513=DIRECTION('',(-0.,-0.,-1.));
#5514=DIRECTION('',(1.,0.,-0.));
#5515=AXIS2_PLACEMENT_3D('',#5512,#5513,#5514);
#5516=CIRCLE('',#5515,0.875);
#5517=EDGE_CURVE('',#5504,#5502,#5516,.T.);
#5518=ORIENTED_EDGE('',*,*,#5517,.F.);
#5519=EDGE_LOOP('',(#5511,#5518));
#5520=FACE_BOUND('',#5519,.T.);
#5521=CARTESIAN_POINT('',(-38.975,-13.97,1.386691565));
#5522=VERTEX_POINT('',#5521);
#5523=CARTESIAN_POINT('',(-37.225,-13.97,1.386691565));
#5524=VERTEX_POINT('',#5523);
#5525=CARTESIAN_POINT('',(-38.1,-13.97,1.386691565));
#5526=DIRECTION('',(-0.,-0.,-1.));
#5527=DIRECTION('',(1.,0.,-0.));
#5528=AXIS2_PLACEMENT_3D('',#5525,#5526,#5527);
#5529=CIRCLE('',#5528,0.875);
#5530=EDGE_CURVE('',#5522,#5524,#5529,.T.);
#5531=ORIENTED_EDGE('',*,*,#5530,.F.);
#5532=CARTESIAN_POINT('',(-38.1,-13.97,1.386691565));
#5533=DIRECTION('',(-0.,-0.,-1.));
#5534=DIRECTION('',(1.,0.,-0.));
#5535=AXIS2_PLACEMENT_3D('',#5532,#5533,#5534);
#5536=CIRCLE('',#5535,0.875);
#5537=EDGE_CURVE('',#5524,#5522,#5536,.T.);
#5538=ORIENTED_EDGE('',*,*,#5537,.F.);
#5539=EDGE_LOOP('',(#5531,#5538));
#5540=FACE_BOUND('',#5539,.T.);
#5541=CARTESIAN_POINT('',(-33.895,-19.05,1.386691565));
#5542=VERTEX_POINT('',#5541);
#5543=CARTESIAN_POINT('',(-32.145,-19.05,1.386691565));
#5544=VERTEX_POINT('',#5543);
#5545=CARTESIAN_POINT('',(-33.02,-19.05,1.386691565));
#5546=DIRECTION('',(-0.,-0.,-1.));
#5547=DIRECTION('',(1.,0.,-0.));
#5548=AXIS2_PLACEMENT_3D('',#5545,#5546,#5547);
#5549=CIRCLE('',#5548,0.875);
#5550=EDGE_CURVE('',#5542,#5544,#5549,.T.);
#5551=ORIENTED_EDGE('',*,*,#5550,.F.);
#5552=CARTESIAN_POINT('',(-33.02,-19.05,1.386691565));
#5553=DIRECTION('',(-0.,-0.,-1.));
#5554=DIRECTION('',(1.,0.,-0.));
#5555=AXIS2_PLACEMENT_3D('',#5552,#5553,#5554);
#5556=CIRCLE('',#5555,0.875);
#5557=EDGE_CURVE('',#5544,#5542,#5556,.T.);
#5558=ORIENTED_EDGE('',*,*,#5557,.F.);
#5559=EDGE_LOOP('',(#5551,#5558));
#5560=FACE_BOUND('',#5559,.T.);
#5561=CARTESIAN_POINT('',(-0.875,-33.02,1.386691565));
#5562=VERTEX_POINT('',#5561);
#5563=CARTESIAN_POINT('',(0.875,-33.02,1.386691565));
#5564=VERTEX_POINT('',#5563);
#5565=CARTESIAN_POINT('',(0.,-33.02,1.386691565));
#5566=DIRECTION('',(-0.,-0.,-1.));
#5567=DIRECTION('',(1.,0.,-0.));
#5568=AXIS2_PLACEMENT_3D('',#5565,#5566,#5567);
#5569=CIRCLE('',#5568,0.875);
#5570=EDGE_CURVE('',#5562,#5564,#5569,.T.);
#5571=ORIENTED_EDGE('',*,*,#5570,.F.);
#5572=CARTESIAN_POINT('',(0.,-33.02,1.386691565));
#5573=DIRECTION('',(-0.,-0.,-1.));
#5574=DIRECTION('',(1.,0.,-0.));
#5575=AXIS2_PLACEMENT_3D('',#5572,#5573,#5574);
#5576=CIRCLE('',#5575,0.875);
#5577=EDGE_CURVE('',#5564,#5562,#5576,.T.);
#5578=ORIENTED_EDGE('',*,*,#5577,.F.);
#5579=EDGE_LOOP('',(#5571,#5578));
#5580=FACE_BOUND('',#5579,.T.);
#5581=CARTESIAN_POINT('',(4.205,-38.1,1.386691565));
#5582=VERTEX_POINT('',#5581);
#5583=CARTESIAN_POINT('',(5.955,-38.1,1.386691565));
#5584=VERTEX_POINT('',#5583);
#5585=CARTESIAN_POINT('',(5.08,-38.1,1.386691565));
#5586=DIRECTION('',(-0.,-0.,-1.));
#5587=DIRECTION('',(1.,0.,-0.));
#5588=AXIS2_PLACEMENT_3D('',#5585,#5586,#5587);
#5589=CIRCLE('',#5588,0.875);
#5590=EDGE_CURVE('',#5582,#5584,#5589,.T.);
#5591=ORIENTED_EDGE('',*,*,#5590,.F.);
#5592=CARTESIAN_POINT('',(5.08,-38.1,1.386691565));
#5593=DIRECTION('',(-0.,-0.,-1.));
#5594=DIRECTION('',(1.,0.,-0.));
#5595=AXIS2_PLACEMENT_3D('',#5592,#5593,#5594);
#5596=CIRCLE('',#5595,0.875);
#5597=EDGE_CURVE('',#5584,#5582,#5596,.T.);
#5598=ORIENTED_EDGE('',*,*,#5597,.F.);
#5599=EDGE_LOOP('',(#5591,#5598));
#5600=FACE_BOUND('',#5599,.T.);
#5601=CARTESIAN_POINT('',(-0.875,-43.18,1.386691565));
#5602=VERTEX_POINT('',#5601);
#5603=CARTESIAN_POINT('',(0.875,-43.18,1.386691565));
#5604=VERTEX_POINT('',#5603);
#5605=CARTESIAN_POINT('',(0.,-43.18,1.386691565));
#5606=DIRECTION('',(-0.,-0.,-1.));
#5607=DIRECTION('',(1.,0.,-0.));
#5608=AXIS2_PLACEMENT_3D('',#5605,#5606,#5607);
#5609=CIRCLE('',#5608,0.875);
#5610=EDGE_CURVE('',#5602,#5604,#5609,.T.);
#5611=ORIENTED_EDGE('',*,*,#5610,.F.);
#5612=CARTESIAN_POINT('',(0.,-43.18,1.386691565));
#5613=DIRECTION('',(-0.,-0.,-1.));
#5614=DIRECTION('',(1.,0.,-0.));
#5615=AXIS2_PLACEMENT_3D('',#5612,#5613,#5614);
#5616=CIRCLE('',#5615,0.875);
#5617=EDGE_CURVE('',#5604,#5602,#5616,.T.);
#5618=ORIENTED_EDGE('',*,*,#5617,.F.);
#5619=EDGE_LOOP('',(#5611,#5618));
#5620=FACE_BOUND('',#5619,.T.);
#5621=CARTESIAN_POINT('',(-5.955,-38.1,1.386691565));
#5622=VERTEX_POINT('',#5621);
#5623=CARTESIAN_POINT('',(-4.205,-38.1,1.386691565));
#5624=VERTEX_POINT('',#5623);
#5625=CARTESIAN_POINT('',(-5.08,-38.1,1.386691565));
#5626=DIRECTION('',(-0.,-0.,-1.));
#5627=DIRECTION('',(1.,0.,-0.));
#5628=AXIS2_PLACEMENT_3D('',#5625,#5626,#5627);
#5629=CIRCLE('',#5628,0.875);
#5630=EDGE_CURVE('',#5622,#5624,#5629,.T.);
#5631=ORIENTED_EDGE('',*,*,#5630,.F.);
#5632=CARTESIAN_POINT('',(-5.08,-38.1,1.386691565));
#5633=DIRECTION('',(-0.,-0.,-1.));
#5634=DIRECTION('',(1.,0.,-0.));
#5635=AXIS2_PLACEMENT_3D('',#5632,#5633,#5634);
#5636=CIRCLE('',#5635,0.875);
#5637=EDGE_CURVE('',#5624,#5622,#5636,.T.);
#5638=ORIENTED_EDGE('',*,*,#5637,.F.);
#5639=EDGE_LOOP('',(#5631,#5638));
#5640=FACE_BOUND('',#5639,.T.);
#5641=ADVANCED_FACE('',(#3773,#3792,#3811,#3830,#3849,#3868,#3887,#3906,#3924,#3944,#3964,#3984,#4004,#4024,#4053,#4082,#4102,#4122,#4142,#4162,#4182,#4202,#4222,#4251,#4271,#4300,
#4320,#4340,#4360,#4380,#4400,#4420,#4440,#4460,#4480,#4500,#4520,#4540,#4560,#4580,#4600,#4620,#4640,#4660,#4680,#4700,#4720,#4740,#4760,#4780,#4800,
#4820,#4840,#4860,#4880,#4900,#4920,#4940,#4960,#4980,#5000,#5020,#5040,#5060,#5080,#5100,#5120,#5140,#5160,#5180,#5200,#5220,#5240,#5260,#5280,#5300,
#5320,#5340,#5360,#5380,#5400,#5420,#5440,#5460,#5480,#5500,#5520,#5540,#5560,#5580,#5600,#5620,#5640),#3754,.F.);
#5642=CARTESIAN_POINT('',(-104.25,85.2,4.886691565));
#5643=DIRECTION('',(0.,0.,1.));
#5644=DIRECTION('',(1.,0.,0.));
#5645=AXIS2_PLACEMENT_3D('',#5642,#5643,#5644);
#5646=PLANE('',#5645);
#5647=ORIENTED_EDGE('',*,*,#3040,.F.);
#5648=ORIENTED_EDGE('',*,*,#3716,.F.);
#5649=ORIENTED_EDGE('',*,*,#3312,.F.);
#5650=ORIENTED_EDGE('',*,*,#3280,.F.);
#5651=ORIENTED_EDGE('',*,*,#3215,.F.);
#5652=ORIENTED_EDGE('',*,*,#3176,.F.);
#5653=ORIENTED_EDGE('',*,*,#3143,.F.);
#5654=ORIENTED_EDGE('',*,*,#3104,.F.);
#5655=EDGE_LOOP('',(#5647,#5648,#5649,#5650,#5651,#5652,#5653,#5654));
#5656=FACE_BOUND('',#5655,.T.);
#5657=ORIENTED_EDGE('',*,*,#2951,.F.);
#5658=ORIENTED_EDGE('',*,*,#3701,.F.);
#5659=ORIENTED_EDGE('',*,*,#3013,.F.);
#5660=ORIENTED_EDGE('',*,*,#2982,.F.);
#5661=EDGE_LOOP('',(#5657,#5658,#5659,#5660));
#5662=FACE_BOUND('',#5661,.T.);
#5663=ORIENTED_EDGE('',*,*,#2849,.F.);
#5664=ORIENTED_EDGE('',*,*,#3679,.F.);
#5665=ORIENTED_EDGE('',*,*,#2911,.F.);
#5666=ORIENTED_EDGE('',*,*,#2880,.F.);
#5667=EDGE_LOOP('',(#5663,#5664,#5665,#5666));
#5668=FACE_BOUND('',#5667,.T.);
#5669=ORIENTED_EDGE('',*,*,#2747,.F.);
#5670=ORIENTED_EDGE('',*,*,#3657,.F.);
#5671=ORIENTED_EDGE('',*,*,#2809,.F.);
#5672=ORIENTED_EDGE('',*,*,#2778,.F.);
#5673=EDGE_LOOP('',(#5669,#5670,#5671,#5672));
#5674=FACE_BOUND('',#5673,.T.);
#5675=ORIENTED_EDGE('',*,*,#2645,.F.);
#5676=ORIENTED_EDGE('',*,*,#3635,.F.);
#5677=ORIENTED_EDGE('',*,*,#2707,.F.);
#5678=ORIENTED_EDGE('',*,*,#2676,.F.);
#5679=EDGE_LOOP('',(#5675,#5676,#5677,#5678));
#5680=FACE_BOUND('',#5679,.T.);
#5681=ORIENTED_EDGE('',*,*,#2543,.F.);
#5682=ORIENTED_EDGE('',*,*,#3613,.F.);
#5683=ORIENTED_EDGE('',*,*,#2605,.F.);
#5684=ORIENTED_EDGE('',*,*,#2574,.F.);
#5685=EDGE_LOOP('',(#5681,#5682,#5683,#5684));
#5686=FACE_BOUND('',#5685,.T.);
#5687=ORIENTED_EDGE('',*,*,#2441,.F.);
#5688=ORIENTED_EDGE('',*,*,#3591,.F.);
#5689=ORIENTED_EDGE('',*,*,#2503,.F.);
#5690=ORIENTED_EDGE('',*,*,#2472,.F.);
#5691=EDGE_LOOP('',(#5687,#5688,#5689,#5690));
#5692=FACE_BOUND('',#5691,.T.);
#5693=ORIENTED_EDGE('',*,*,#2339,.F.);
#5694=ORIENTED_EDGE('',*,*,#3569,.F.);
#5695=ORIENTED_EDGE('',*,*,#2401,.F.);
#5696=ORIENTED_EDGE('',*,*,#2370,.F.);
#5697=EDGE_LOOP('',(#5693,#5694,#5695,#5696));
#5698=FACE_BOUND('',#5697,.T.);
#5699=ORIENTED_EDGE('',*,*,#2237,.F.);
#5700=ORIENTED_EDGE('',*,*,#3547,.F.);
#5701=ORIENTED_EDGE('',*,*,#2299,.F.);
#5702=ORIENTED_EDGE('',*,*,#2268,.F.);
#5703=EDGE_LOOP('',(#5699,#5700,#5701,#5702));
#5704=FACE_BOUND('',#5703,.T.);
#5705=ORIENTED_EDGE('',*,*,#2135,.F.);
#5706=ORIENTED_EDGE('',*,*,#3525,.F.);
#5707=ORIENTED_EDGE('',*,*,#2197,.F.);
#5708=ORIENTED_EDGE('',*,*,#2166,.F.);
#5709=EDGE_LOOP('',(#5705,#5706,#5707,#5708));
#5710=FACE_BOUND('',#5709,.T.);
#5711=ORIENTED_EDGE('',*,*,#2033,.F.);
#5712=ORIENTED_EDGE('',*,*,#3503,.F.);
#5713=ORIENTED_EDGE('',*,*,#2095,.F.);
#5714=ORIENTED_EDGE('',*,*,#2064,.F.);
#5715=EDGE_LOOP('',(#5711,#5712,#5713,#5714));
#5716=FACE_BOUND('',#5715,.T.);
#5717=ORIENTED_EDGE('',*,*,#1931,.F.);
#5718=ORIENTED_EDGE('',*,*,#3481,.F.);
#5719=ORIENTED_EDGE('',*,*,#1993,.F.);
#5720=ORIENTED_EDGE('',*,*,#1962,.F.);
#5721=EDGE_LOOP('',(#5717,#5718,#5719,#5720));
#5722=FACE_BOUND('',#5721,.T.);
#5723=ORIENTED_EDGE('',*,*,#1829,.F.);
#5724=ORIENTED_EDGE('',*,*,#3459,.F.);
#5725=ORIENTED_EDGE('',*,*,#1891,.F.);
#5726=ORIENTED_EDGE('',*,*,#1860,.F.);
#5727=EDGE_LOOP('',(#5723,#5724,#5725,#5726));
#5728=FACE_BOUND('',#5727,.T.);
#5729=ORIENTED_EDGE('',*,*,#1727,.F.);
#5730=ORIENTED_EDGE('',*,*,#3437,.F.);
#5731=ORIENTED_EDGE('',*,*,#1789,.F.);
#5732=ORIENTED_EDGE('',*,*,#1758,.F.);
#5733=EDGE_LOOP('',(#5729,#5730,#5731,#5732));
#5734=FACE_BOUND('',#5733,.T.);
#5735=ORIENTED_EDGE('',*,*,#1625,.F.);
#5736=ORIENTED_EDGE('',*,*,#3415,.F.);
#5737=ORIENTED_EDGE('',*,*,#1687,.F.);
#5738=ORIENTED_EDGE('',*,*,#1656,.F.);
#5739=EDGE_LOOP('',(#5735,#5736,#5737,#5738));
#5740=FACE_BOUND('',#5739,.T.);
#5741=ORIENTED_EDGE('',*,*,#1523,.F.);
#5742=ORIENTED_EDGE('',*,*,#3393,.F.);
#5743=ORIENTED_EDGE('',*,*,#1585,.F.);
#5744=ORIENTED_EDGE('',*,*,#1554,.F.);
#5745=EDGE_LOOP('',(#5741,#5742,#5743,#5744));
#5746=FACE_BOUND('',#5745,.T.);
#5747=ORIENTED_EDGE('',*,*,#1421,.F.);
#5748=ORIENTED_EDGE('',*,*,#3371,.F.);
#5749=ORIENTED_EDGE('',*,*,#1483,.F.);
#5750=ORIENTED_EDGE('',*,*,#1452,.F.);
#5751=EDGE_LOOP('',(#5747,#5748,#5749,#5750));
#5752=FACE_BOUND('',#5751,.T.);
#5753=ORIENTED_EDGE('',*,*,#1045,.F.);
#5754=ORIENTED_EDGE('',*,*,#3349,.F.);
#5755=ORIENTED_EDGE('',*,*,#584,.F.);
#5756=ORIENTED_EDGE('',*,*,#1381,.F.);
#5757=ORIENTED_EDGE('',*,*,#1359,.F.);
#5758=ORIENTED_EDGE('',*,*,#1328,.F.);
#5759=ORIENTED_EDGE('',*,*,#512,.F.);
#5760=ORIENTED_EDGE('',*,*,#1297,.F.);
#5761=ORIENTED_EDGE('',*,*,#1275,.F.);
#5762=ORIENTED_EDGE('',*,*,#1244,.F.);
#5763=ORIENTED_EDGE('',*,*,#440,.F.);
#5764=ORIENTED_EDGE('',*,*,#1213,.F.);
#5765=ORIENTED_EDGE('',*,*,#1191,.F.);
#5766=ORIENTED_EDGE('',*,*,#1160,.F.);
#5767=ORIENTED_EDGE('',*,*,#368,.F.);
#5768=ORIENTED_EDGE('',*,*,#1129,.F.);
#5769=ORIENTED_EDGE('',*,*,#1107,.F.);
#5770=ORIENTED_EDGE('',*,*,#1076,.F.);
#5771=EDGE_LOOP('',(#5753,#5754,#5755,#5756,#5757,#5758,#5759,#5760,#5761,#5762,#5763,#5764,#5765,#5766,#5767,#5768,#5769,#5770));
#5772=FACE_BOUND('',#5771,.T.);
#5773=ORIENTED_EDGE('',*,*,#638,.F.);
#5774=ORIENTED_EDGE('',*,*,#3745,.F.);
#5775=ORIENTED_EDGE('',*,*,#296,.F.);
#5776=ORIENTED_EDGE('',*,*,#1005,.F.);
#5777=ORIENTED_EDGE('',*,*,#983,.F.);
#5778=ORIENTED_EDGE('',*,*,#952,.F.);
#5779=ORIENTED_EDGE('',*,*,#224,.F.);
#5780=ORIENTED_EDGE('',*,*,#921,.F.);
#5781=ORIENTED_EDGE('',*,*,#899,.F.);
#5782=ORIENTED_EDGE('',*,*,#868,.F.);
#5783=ORIENTED_EDGE('',*,*,#152,.F.);
#5784=ORIENTED_EDGE('',*,*,#837,.F.);
#5785=ORIENTED_EDGE('',*,*,#815,.F.);
#5786=ORIENTED_EDGE('',*,*,#784,.F.);
#5787=ORIENTED_EDGE('',*,*,#80,.F.);
#5788=ORIENTED_EDGE('',*,*,#753,.F.);
#5789=ORIENTED_EDGE('',*,*,#731,.F.);
#5790=ORIENTED_EDGE('',*,*,#700,.F.);
#5791=ORIENTED_EDGE('',*,*,#669,.F.);
#5792=EDGE_LOOP('',(#5773,#5774,#5775,#5776,#5777,#5778,#5779,#5780,#5781,#5782,#5783,#5784,#5785,#5786,#5787,#5788,#5789,#5790,#5791));
#5793=FACE_BOUND('',#5792,.T.);
#5794=ADVANCED_FACE('',(#5656,#5662,#5668,#5674,#5680,#5686,#5692,#5698,#5704,#5710,#5716,#5722,#5728,#5734,#5740,#5746,#5752,#5772,#5793),#5646,.T.);
#5795=CARTESIAN_POINT('',(19.05,-43.18,1.786691565));
#5796=DIRECTION('',(0.,0.,-1.));
#5797=DIRECTION('',(-1.,0.,0.));
#5798=AXIS2_PLACEMENT_3D('',#5795,#5796,#5797);
#5799=CYLINDRICAL_SURFACE('',#5798,0.875);
#5800=CARTESIAN_POINT('',(18.175,-43.18,1.786691565));
#5801=VERTEX_POINT('',#5800);
#5802=CARTESIAN_POINT('',(18.175,-43.18,1.386691565));
#5803=DIRECTION('',(-0.,-0.,1.));
#5804=VECTOR('',#5803,0.4);
#5805=LINE('',#5802,#5804);
#5806=EDGE_CURVE('',#4144,#5801,#5805,.T.);
#5807=ORIENTED_EDGE('',*,*,#5806,.F.);
#5808=ORIENTED_EDGE('',*,*,#4152,.T.);
#5809=ORIENTED_EDGE('',*,*,#4159,.T.);
#5810=ORIENTED_EDGE('',*,*,#5806,.T.);
#5811=CARTESIAN_POINT('',(19.925,-43.18,1.786691565));
#5812=VERTEX_POINT('',#5811);
#5813=CARTESIAN_POINT('',(19.05,-43.18,1.786691565));
#5814=DIRECTION('',(-0.,-0.,-1.));
#5815=DIRECTION('',(1.,0.,-0.));
#5816=AXIS2_PLACEMENT_3D('',#5813,#5814,#5815);
#5817=CIRCLE('',#5816,0.875);
#5818=EDGE_CURVE('',#5812,#5801,#5817,.T.);
#5819=ORIENTED_EDGE('',*,*,#5818,.F.);
#5820=CARTESIAN_POINT('',(19.05,-43.18,1.786691565));
#5821=DIRECTION('',(-0.,-0.,-1.));
#5822=DIRECTION('',(1.,0.,-0.));
#5823=AXIS2_PLACEMENT_3D('',#5820,#5821,#5822);
#5824=CIRCLE('',#5823,0.875);
#5825=EDGE_CURVE('',#5801,#5812,#5824,.T.);
#5826=ORIENTED_EDGE('',*,*,#5825,.F.);
#5827=EDGE_LOOP('',(#5807,#5808,#5809,#5810,#5819,#5826));
#5828=FACE_BOUND('',#5827,.T.);
#5829=ADVANCED_FACE('',(#5828),#5799,.F.);
#5830=CARTESIAN_POINT('',(13.97,-38.1,1.786691565));
#5831=DIRECTION('',(0.,0.,-1.));
#5832=DIRECTION('',(-1.,0.,0.));
#5833=AXIS2_PLACEMENT_3D('',#5830,#5831,#5832);
#5834=CYLINDRICAL_SURFACE('',#5833,0.875);
#5835=CARTESIAN_POINT('',(13.095,-38.1,1.786691565));
#5836=VERTEX_POINT('',#5835);
#5837=CARTESIAN_POINT('',(13.095,-38.1,1.386691565));
#5838=DIRECTION('',(-0.,-0.,1.));
#5839=VECTOR('',#5838,0.4);
#5840=LINE('',#5837,#5839);
#5841=EDGE_CURVE('',#4164,#5836,#5840,.T.);
#5842=ORIENTED_EDGE('',*,*,#5841,.F.);
#5843=ORIENTED_EDGE('',*,*,#4172,.T.);
#5844=ORIENTED_EDGE('',*,*,#4179,.T.);
#5845=ORIENTED_EDGE('',*,*,#5841,.T.);
#5846=CARTESIAN_POINT('',(14.845,-38.1,1.786691565));
#5847=VERTEX_POINT('',#5846);
#5848=CARTESIAN_POINT('',(13.97,-38.1,1.786691565));
#5849=DIRECTION('',(-0.,-0.,-1.));
#5850=DIRECTION('',(1.,0.,-0.));
#5851=AXIS2_PLACEMENT_3D('',#5848,#5849,#5850);
#5852=CIRCLE('',#5851,0.875);
#5853=EDGE_CURVE('',#5847,#5836,#5852,.T.);
#5854=ORIENTED_EDGE('',*,*,#5853,.F.);
#5855=CARTESIAN_POINT('',(13.97,-38.1,1.786691565));
#5856=DIRECTION('',(-0.,-0.,-1.));
#5857=DIRECTION('',(1.,0.,-0.));
#5858=AXIS2_PLACEMENT_3D('',#5855,#5856,#5857);
#5859=CIRCLE('',#5858,0.875);
#5860=EDGE_CURVE('',#5836,#5847,#5859,.T.);
#5861=ORIENTED_EDGE('',*,*,#5860,.F.);
#5862=EDGE_LOOP('',(#5842,#5843,#5844,#5845,#5854,#5861));
#5863=FACE_BOUND('',#5862,.T.);
#5864=ADVANCED_FACE('',(#5863),#5834,.F.);
#5865=CARTESIAN_POINT('',(19.05,-33.02,1.786691565));
#5866=DIRECTION('',(0.,0.,-1.));
#5867=DIRECTION('',(-1.,0.,0.));
#5868=AXIS2_PLACEMENT_3D('',#5865,#5866,#5867);
#5869=CYLINDRICAL_SURFACE('',#5868,0.875);
#5870=CARTESIAN_POINT('',(18.175,-33.02,1.786691565));
#5871=VERTEX_POINT('',#5870);
#5872=CARTESIAN_POINT('',(18.175,-33.02,1.386691565));
#5873=DIRECTION('',(-0.,-0.,1.));
#5874=VECTOR('',#5873,0.4);
#5875=LINE('',#5872,#5874);
#5876=EDGE_CURVE('',#4184,#5871,#5875,.T.);
#5877=ORIENTED_EDGE('',*,*,#5876,.F.);
#5878=ORIENTED_EDGE('',*,*,#4192,.T.);
#5879=ORIENTED_EDGE('',*,*,#4199,.T.);
#5880=ORIENTED_EDGE('',*,*,#5876,.T.);
#5881=CARTESIAN_POINT('',(19.925,-33.02,1.786691565));
#5882=VERTEX_POINT('',#5881);
#5883=CARTESIAN_POINT('',(19.05,-33.02,1.786691565));
#5884=DIRECTION('',(-0.,-0.,-1.));
#5885=DIRECTION('',(1.,0.,-0.));
#5886=AXIS2_PLACEMENT_3D('',#5883,#5884,#5885);
#5887=CIRCLE('',#5886,0.875);
#5888=EDGE_CURVE('',#5882,#5871,#5887,.T.);
#5889=ORIENTED_EDGE('',*,*,#5888,.F.);
#5890=CARTESIAN_POINT('',(19.05,-33.02,1.786691565));
#5891=DIRECTION('',(-0.,-0.,-1.));
#5892=DIRECTION('',(1.,0.,-0.));
#5893=AXIS2_PLACEMENT_3D('',#5890,#5891,#5892);
#5894=CIRCLE('',#5893,0.875);
#5895=EDGE_CURVE('',#5871,#5882,#5894,.T.);
#5896=ORIENTED_EDGE('',*,*,#5895,.F.);
#5897=EDGE_LOOP('',(#5877,#5878,#5879,#5880,#5889,#5896));
#5898=FACE_BOUND('',#5897,.T.);
#5899=ADVANCED_FACE('',(#5898),#5869,.F.);
#5900=CARTESIAN_POINT('',(28.575,-43.18,1.786691565));
#5901=DIRECTION('',(0.,0.,-1.));
#5902=DIRECTION('',(-1.,0.,0.));
#5903=AXIS2_PLACEMENT_3D('',#5900,#5901,#5902);
#5904=CYLINDRICAL_SURFACE('',#5903,0.875);
#5905=CARTESIAN_POINT('',(27.7,-43.18,1.786691565));
#5906=VERTEX_POINT('',#5905);
#5907=CARTESIAN_POINT('',(27.7,-43.18,1.386691565));
#5908=DIRECTION('',(-0.,-0.,1.));
#5909=VECTOR('',#5908,0.4);
#5910=LINE('',#5907,#5909);
#5911=EDGE_CURVE('',#4204,#5906,#5910,.T.);
#5912=ORIENTED_EDGE('',*,*,#5911,.F.);
#5913=ORIENTED_EDGE('',*,*,#4212,.T.);
#5914=ORIENTED_EDGE('',*,*,#4219,.T.);
#5915=ORIENTED_EDGE('',*,*,#5911,.T.);
#5916=CARTESIAN_POINT('',(29.45,-43.18,1.786691565));
#5917=VERTEX_POINT('',#5916);
#5918=CARTESIAN_POINT('',(28.575,-43.18,1.786691565));
#5919=DIRECTION('',(-0.,-0.,-1.));
#5920=DIRECTION('',(1.,0.,-0.));
#5921=AXIS2_PLACEMENT_3D('',#5918,#5919,#5920);
#5922=CIRCLE('',#5921,0.875);
#5923=EDGE_CURVE('',#5917,#5906,#5922,.T.);
#5924=ORIENTED_EDGE('',*,*,#5923,.F.);
#5925=CARTESIAN_POINT('',(28.575,-43.18,1.786691565));
#5926=DIRECTION('',(-0.,-0.,-1.));
#5927=DIRECTION('',(1.,0.,-0.));
#5928=AXIS2_PLACEMENT_3D('',#5925,#5926,#5927);
#5929=CIRCLE('',#5928,0.875);
#5930=EDGE_CURVE('',#5906,#5917,#5929,.T.);
#5931=ORIENTED_EDGE('',*,*,#5930,.F.);
#5932=EDGE_LOOP('',(#5912,#5913,#5914,#5915,#5924,#5931));
#5933=FACE_BOUND('',#5932,.T.);
#5934=ADVANCED_FACE('',(#5933),#5904,.F.);
#5935=CARTESIAN_POINT('',(24.13,-38.1,1.786691565));
#5936=DIRECTION('',(0.,0.,-1.));
#5937=DIRECTION('',(-1.,0.,0.));
#5938=AXIS2_PLACEMENT_3D('',#5935,#5936,#5937);
#5939=CYLINDRICAL_SURFACE('',#5938,0.875);
#5940=ORIENTED_EDGE('',*,*,#4248,.T.);
#5941=CARTESIAN_POINT('',(23.8125,-38.915364182,1.786691565));
#5942=VERTEX_POINT('',#5941);
#5943=CARTESIAN_POINT('',(23.8125,-38.915364182,1.786691565));
#5944=DIRECTION('',(0.,0.,-1.));
#5945=VECTOR('',#5944,0.4);
#5946=LINE('',#5943,#5945);
#5947=EDGE_CURVE('',#5942,#4235,#5946,.T.);
#5948=ORIENTED_EDGE('',*,*,#5947,.F.);
#5949=CARTESIAN_POINT('',(23.8125,-37.284635818,1.786691565));
#5950=VERTEX_POINT('',#5949);
#5951=CARTESIAN_POINT('',(24.13,-38.1,1.786691565));
#5952=DIRECTION('',(-0.,-0.,-1.));
#5953=DIRECTION('',(1.,0.,-0.));
#5954=AXIS2_PLACEMENT_3D('',#5951,#5952,#5953);
#5955=CIRCLE('',#5954,0.875);
#5956=EDGE_CURVE('',#5950,#5942,#5955,.T.);
#5957=ORIENTED_EDGE('',*,*,#5956,.F.);
#5958=CARTESIAN_POINT('',(23.8125,-37.284635818,1.786691565));
#5959=DIRECTION('',(0.,0.,-1.));
#5960=VECTOR('',#5959,0.4);
#5961=LINE('',#5958,#5960);
#5962=EDGE_CURVE('',#5950,#4226,#5961,.T.);
#5963=ORIENTED_EDGE('',*,*,#5962,.T.);
#5964=EDGE_LOOP('',(#5940,#5948,#5957,#5963));
#5965=FACE_BOUND('',#5964,.T.);
#5966=ADVANCED_FACE('',(#5965),#5939,.F.);
#5967=CARTESIAN_POINT('',(23.495,-38.1,1.786691565));
#5968=DIRECTION('',(0.,0.,-1.));
#5969=DIRECTION('',(-1.,0.,0.));
#5970=AXIS2_PLACEMENT_3D('',#5967,#5968,#5969);
#5971=CYLINDRICAL_SURFACE('',#5970,0.875);
#5972=CARTESIAN_POINT('',(22.62,-38.1,1.786691565));
#5973=VERTEX_POINT('',#5972);
#5974=CARTESIAN_POINT('',(22.62,-38.1,1.386691565));
#5975=DIRECTION('',(-0.,-0.,1.));
#5976=VECTOR('',#5975,0.4);
#5977=LINE('',#5974,#5976);
#5978=EDGE_CURVE('',#4224,#5973,#5977,.T.);
#5979=ORIENTED_EDGE('',*,*,#5978,.F.);
#5980=ORIENTED_EDGE('',*,*,#4232,.T.);
#5981=ORIENTED_EDGE('',*,*,#5962,.F.);
#5982=CARTESIAN_POINT('',(23.495,-38.1,1.786691565));
#5983=DIRECTION('',(-0.,-0.,-1.));
#5984=DIRECTION('',(1.,0.,-0.));
#5985=AXIS2_PLACEMENT_3D('',#5982,#5983,#5984);
#5986=CIRCLE('',#5985,0.875);
#5987=EDGE_CURVE('',#5973,#5950,#5986,.T.);
#5988=ORIENTED_EDGE('',*,*,#5987,.F.);
#5989=EDGE_LOOP('',(#5979,#5980,#5981,#5988));
#5990=FACE_BOUND('',#5989,.T.);
#5991=ADVANCED_FACE('',(#5990),#5971,.F.);
#5992=CARTESIAN_POINT('',(38.1,-43.18,1.786691565));
#5993=DIRECTION('',(0.,0.,-1.));
#5994=DIRECTION('',(-1.,0.,0.));
#5995=AXIS2_PLACEMENT_3D('',#5992,#5993,#5994);
#5996=CYLINDRICAL_SURFACE('',#5995,0.875);
#5997=CARTESIAN_POINT('',(37.225,-43.18,1.786691565));
#5998=VERTEX_POINT('',#5997);
#5999=CARTESIAN_POINT('',(37.225,-43.18,1.386691565));
#6000=DIRECTION('',(-0.,-0.,1.));
#6001=VECTOR('',#6000,0.4);
#6002=LINE('',#5999,#6001);
#6003=EDGE_CURVE('',#4253,#5998,#6002,.T.);
#6004=ORIENTED_EDGE('',*,*,#6003,.F.);
#6005=ORIENTED_EDGE('',*,*,#4261,.T.);
#6006=ORIENTED_EDGE('',*,*,#4268,.T.);
#6007=ORIENTED_EDGE('',*,*,#6003,.T.);
#6008=CARTESIAN_POINT('',(38.975,-43.18,1.786691565));
#6009=VERTEX_POINT('',#6008);
#6010=CARTESIAN_POINT('',(38.1,-43.18,1.786691565));
#6011=DIRECTION('',(-0.,-0.,-1.));
#6012=DIRECTION('',(1.,0.,-0.));
#6013=AXIS2_PLACEMENT_3D('',#6010,#6011,#6012);
#6014=CIRCLE('',#6013,0.875);
#6015=EDGE_CURVE('',#6009,#5998,#6014,.T.);
#6016=ORIENTED_EDGE('',*,*,#6015,.F.);
#6017=CARTESIAN_POINT('',(38.1,-43.18,1.786691565));
#6018=DIRECTION('',(-0.,-0.,-1.));
#6019=DIRECTION('',(1.,0.,-0.));
#6020=AXIS2_PLACEMENT_3D('',#6017,#6018,#6019);
#6021=CIRCLE('',#6020,0.875);
#6022=EDGE_CURVE('',#5998,#6009,#6021,.T.);
#6023=ORIENTED_EDGE('',*,*,#6022,.F.);
#6024=EDGE_LOOP('',(#6004,#6005,#6006,#6007,#6016,#6023));
#6025=FACE_BOUND('',#6024,.T.);
#6026=ADVANCED_FACE('',(#6025),#5996,.F.);
#6027=CARTESIAN_POINT('',(33.02,-38.1,1.786691565));
#6028=DIRECTION('',(0.,0.,-1.));
#6029=DIRECTION('',(-1.,0.,0.));
#6030=AXIS2_PLACEMENT_3D('',#6027,#6028,#6029);
#6031=CYLINDRICAL_SURFACE('',#6030,0.875);
#6032=CARTESIAN_POINT('',(32.145,-38.1,1.786691565));
#6033=VERTEX_POINT('',#6032);
#6034=CARTESIAN_POINT('',(32.145,-38.1,1.386691565));
#6035=DIRECTION('',(-0.,-0.,1.));
#6036=VECTOR('',#6035,0.4);
#6037=LINE('',#6034,#6036);
#6038=EDGE_CURVE('',#4284,#6033,#6037,.T.);
#6039=ORIENTED_EDGE('',*,*,#6038,.F.);
#6040=ORIENTED_EDGE('',*,*,#4290,.T.);
#6041=CARTESIAN_POINT('',(33.3375,-37.284635818,1.786691565));
#6042=VERTEX_POINT('',#6041);
#6043=CARTESIAN_POINT('',(33.3375,-37.284635818,1.786691565));
#6044=DIRECTION('',(0.,0.,-1.));
#6045=VECTOR('',#6044,0.4);
#6046=LINE('',#6043,#6045);
#6047=EDGE_CURVE('',#6042,#4273,#6046,.T.);
#6048=ORIENTED_EDGE('',*,*,#6047,.F.);
#6049=CARTESIAN_POINT('',(33.02,-38.1,1.786691565));
#6050=DIRECTION('',(-0.,-0.,-1.));
#6051=DIRECTION('',(1.,0.,-0.));
#6052=AXIS2_PLACEMENT_3D('',#6049,#6050,#6051);
#6053=CIRCLE('',#6052,0.875);
#6054=EDGE_CURVE('',#6033,#6042,#6053,.T.);
#6055=ORIENTED_EDGE('',*,*,#6054,.F.);
#6056=EDGE_LOOP('',(#6039,#6040,#6048,#6055));
#6057=FACE_BOUND('',#6056,.T.);
#6058=ADVANCED_FACE('',(#6057),#6031,.F.);
#6059=CARTESIAN_POINT('',(33.655,-38.1,1.786691565));
#6060=DIRECTION('',(0.,0.,-1.));
#6061=DIRECTION('',(-1.,0.,0.));
#6062=AXIS2_PLACEMENT_3D('',#6059,#6060,#6061);
#6063=CYLINDRICAL_SURFACE('',#6062,0.875);
#6064=ORIENTED_EDGE('',*,*,#4281,.T.);
#6065=CARTESIAN_POINT('',(33.3375,-38.915364182,1.786691565));
#6066=VERTEX_POINT('',#6065);
#6067=CARTESIAN_POINT('',(33.3375,-38.915364182,1.786691565));
#6068=DIRECTION('',(0.,0.,-1.));
#6069=VECTOR('',#6068,0.4);
#6070=LINE('',#6067,#6069);
#6071=EDGE_CURVE('',#6066,#4275,#6070,.T.);
#6072=ORIENTED_EDGE('',*,*,#6071,.F.);
#6073=CARTESIAN_POINT('',(33.655,-38.1,1.786691565));
#6074=DIRECTION('',(-0.,-0.,-1.));
#6075=DIRECTION('',(1.,0.,-0.));
#6076=AXIS2_PLACEMENT_3D('',#6073,#6074,#6075);
#6077=CIRCLE('',#6076,0.875);
#6078=EDGE_CURVE('',#6042,#6066,#6077,.T.);
#6079=ORIENTED_EDGE('',*,*,#6078,.F.);
#6080=ORIENTED_EDGE('',*,*,#6047,.T.);
#6081=EDGE_LOOP('',(#6064,#6072,#6079,#6080));
#6082=FACE_BOUND('',#6081,.T.);
#6083=ADVANCED_FACE('',(#6082),#6063,.F.);
#6084=CARTESIAN_POINT('',(43.18,-38.1,1.786691565));
#6085=DIRECTION('',(0.,0.,-1.));
#6086=DIRECTION('',(-1.,0.,0.));
#6087=AXIS2_PLACEMENT_3D('',#6084,#6085,#6086);
#6088=CYLINDRICAL_SURFACE('',#6087,0.875);
#6089=CARTESIAN_POINT('',(42.305,-38.1,1.786691565));
#6090=VERTEX_POINT('',#6089);
#6091=CARTESIAN_POINT('',(42.305,-38.1,1.386691565));
#6092=DIRECTION('',(-0.,-0.,1.));
#6093=VECTOR('',#6092,0.4);
#6094=LINE('',#6091,#6093);
#6095=EDGE_CURVE('',#4302,#6090,#6094,.T.);
#6096=ORIENTED_EDGE('',*,*,#6095,.F.);
#6097=ORIENTED_EDGE('',*,*,#4310,.T.);
#6098=ORIENTED_EDGE('',*,*,#4317,.T.);
#6099=ORIENTED_EDGE('',*,*,#6095,.T.);
#6100=CARTESIAN_POINT('',(44.055,-38.1,1.786691565));
#6101=VERTEX_POINT('',#6100);
#6102=CARTESIAN_POINT('',(43.18,-38.1,1.786691565));
#6103=DIRECTION('',(-0.,-0.,-1.));
#6104=DIRECTION('',(1.,0.,-0.));
#6105=AXIS2_PLACEMENT_3D('',#6102,#6103,#6104);
#6106=CIRCLE('',#6105,0.875);
#6107=EDGE_CURVE('',#6101,#6090,#6106,.T.);
#6108=ORIENTED_EDGE('',*,*,#6107,.F.);
#6109=CARTESIAN_POINT('',(43.18,-38.1,1.786691565));
#6110=DIRECTION('',(-0.,-0.,-1.));
#6111=DIRECTION('',(1.,0.,-0.));
#6112=AXIS2_PLACEMENT_3D('',#6109,#6110,#6111);
#6113=CIRCLE('',#6112,0.875);
#6114=EDGE_CURVE('',#6090,#6101,#6113,.T.);
#6115=ORIENTED_EDGE('',*,*,#6114,.F.);
#6116=EDGE_LOOP('',(#6096,#6097,#6098,#6099,#6108,#6115));
#6117=FACE_BOUND('',#6116,.T.);
#6118=ADVANCED_FACE('',(#6117),#6088,.F.);
#6119=CARTESIAN_POINT('',(28.575,-33.02,1.786691565));
#6120=DIRECTION('',(0.,0.,-1.));
#6121=DIRECTION('',(-1.,0.,0.));
#6122=AXIS2_PLACEMENT_3D('',#6119,#6120,#6121);
#6123=CYLINDRICAL_SURFACE('',#6122,0.875);
#6124=CARTESIAN_POINT('',(27.7,-33.02,1.786691565));
#6125=VERTEX_POINT('',#6124);
#6126=CARTESIAN_POINT('',(27.7,-33.02,1.386691565));
#6127=DIRECTION('',(-0.,-0.,1.));
#6128=VECTOR('',#6127,0.4);
#6129=LINE('',#6126,#6128);
#6130=EDGE_CURVE('',#4322,#6125,#6129,.T.);
#6131=ORIENTED_EDGE('',*,*,#6130,.F.);
#6132=ORIENTED_EDGE('',*,*,#4330,.T.);
#6133=ORIENTED_EDGE('',*,*,#4337,.T.);
#6134=ORIENTED_EDGE('',*,*,#6130,.T.);
#6135=CARTESIAN_POINT('',(29.45,-33.02,1.786691565));
#6136=VERTEX_POINT('',#6135);
#6137=CARTESIAN_POINT('',(28.575,-33.02,1.786691565));
#6138=DIRECTION('',(-0.,-0.,-1.));
#6139=DIRECTION('',(1.,0.,-0.));
#6140=AXIS2_PLACEMENT_3D('',#6137,#6138,#6139);
#6141=CIRCLE('',#6140,0.875);
#6142=EDGE_CURVE('',#6136,#6125,#6141,.T.);
#6143=ORIENTED_EDGE('',*,*,#6142,.F.);
#6144=CARTESIAN_POINT('',(28.575,-33.02,1.786691565));
#6145=DIRECTION('',(-0.,-0.,-1.));
#6146=DIRECTION('',(1.,0.,-0.));
#6147=AXIS2_PLACEMENT_3D('',#6144,#6145,#6146);
#6148=CIRCLE('',#6147,0.875);
#6149=EDGE_CURVE('',#6125,#6136,#6148,.T.);
#6150=ORIENTED_EDGE('',*,*,#6149,.F.);
#6151=EDGE_LOOP('',(#6131,#6132,#6133,#6134,#6143,#6150));
#6152=FACE_BOUND('',#6151,.T.);
#6153=ADVANCED_FACE('',(#6152),#6123,.F.);
#6154=CARTESIAN_POINT('',(38.1,-33.02,1.786691565));
#6155=DIRECTION('',(0.,0.,-1.));
#6156=DIRECTION('',(-1.,0.,0.));
#6157=AXIS2_PLACEMENT_3D('',#6154,#6155,#6156);
#6158=CYLINDRICAL_SURFACE('',#6157,0.875);
#6159=CARTESIAN_POINT('',(37.225,-33.02,1.786691565));
#6160=VERTEX_POINT('',#6159);
#6161=CARTESIAN_POINT('',(37.225,-33.02,1.386691565));
#6162=DIRECTION('',(-0.,-0.,1.));
#6163=VECTOR('',#6162,0.4);
#6164=LINE('',#6161,#6163);
#6165=EDGE_CURVE('',#4342,#6160,#6164,.T.);
#6166=ORIENTED_EDGE('',*,*,#6165,.F.);
#6167=ORIENTED_EDGE('',*,*,#4350,.T.);
#6168=ORIENTED_EDGE('',*,*,#4357,.T.);
#6169=ORIENTED_EDGE('',*,*,#6165,.T.);
#6170=CARTESIAN_POINT('',(38.975,-33.02,1.786691565));
#6171=VERTEX_POINT('',#6170);
#6172=CARTESIAN_POINT('',(38.1,-33.02,1.786691565));
#6173=DIRECTION('',(-0.,-0.,-1.));
#6174=DIRECTION('',(1.,0.,-0.));
#6175=AXIS2_PLACEMENT_3D('',#6172,#6173,#6174);
#6176=CIRCLE('',#6175,0.875);
#6177=EDGE_CURVE('',#6171,#6160,#6176,.T.);
#6178=ORIENTED_EDGE('',*,*,#6177,.F.);
#6179=CARTESIAN_POINT('',(38.1,-33.02,1.786691565));
#6180=DIRECTION('',(-0.,-0.,-1.));
#6181=DIRECTION('',(1.,0.,-0.));
#6182=AXIS2_PLACEMENT_3D('',#6179,#6180,#6181);
#6183=CIRCLE('',#6182,0.875);
#6184=EDGE_CURVE('',#6160,#6171,#6183,.T.);
#6185=ORIENTED_EDGE('',*,*,#6184,.F.);
#6186=EDGE_LOOP('',(#6166,#6167,#6168,#6169,#6178,#6185));
#6187=FACE_BOUND('',#6186,.T.);
#6188=ADVANCED_FACE('',(#6187),#6158,.F.);
#6189=CARTESIAN_POINT('',(-104.25,85.2,1.786691565));
#6190=DIRECTION('',(0.,0.,1.));
#6191=DIRECTION('',(1.,0.,0.));
#6192=AXIS2_PLACEMENT_3D('',#6189,#6190,#6191);
#6193=PLANE('',#6192);
#6194=ORIENTED_EDGE('',*,*,#6177,.T.);
#6195=ORIENTED_EDGE('',*,*,#6184,.T.);
#6196=EDGE_LOOP('',(#6194,#6195));
#6197=FACE_BOUND('',#6196,.T.);
#6198=ORIENTED_EDGE('',*,*,#6142,.T.);
#6199=ORIENTED_EDGE('',*,*,#6149,.T.);
#6200=EDGE_LOOP('',(#6198,#6199));
#6201=FACE_BOUND('',#6200,.T.);
#6202=ORIENTED_EDGE('',*,*,#6107,.T.);
#6203=ORIENTED_EDGE('',*,*,#6114,.T.);
#6204=EDGE_LOOP('',(#6202,#6203));
#6205=FACE_BOUND('',#6204,.T.);
#6206=ORIENTED_EDGE('',*,*,#6078,.T.);
#6207=CARTESIAN_POINT('',(33.02,-38.1,1.786691565));
#6208=DIRECTION('',(-0.,-0.,-1.));
#6209=DIRECTION('',(1.,0.,-0.));
#6210=AXIS2_PLACEMENT_3D('',#6207,#6208,#6209);
#6211=CIRCLE('',#6210,0.875);
#6212=EDGE_CURVE('',#6066,#6033,#6211,.T.);
#6213=ORIENTED_EDGE('',*,*,#6212,.T.);
#6214=ORIENTED_EDGE('',*,*,#6054,.T.);
#6215=EDGE_LOOP('',(#6206,#6213,#6214));
#6216=FACE_BOUND('',#6215,.T.);
#6217=ORIENTED_EDGE('',*,*,#6015,.T.);
#6218=ORIENTED_EDGE('',*,*,#6022,.T.);
#6219=EDGE_LOOP('',(#6217,#6218));
#6220=FACE_BOUND('',#6219,.T.);
#6221=CARTESIAN_POINT('',(23.495,-38.1,1.786691565));
#6222=DIRECTION('',(-0.,-0.,-1.));
#6223=DIRECTION('',(1.,0.,-0.));
#6224=AXIS2_PLACEMENT_3D('',#6221,#6222,#6223);
#6225=CIRCLE('',#6224,0.875);
#6226=EDGE_CURVE('',#5942,#5973,#6225,.T.);
#6227=ORIENTED_EDGE('',*,*,#6226,.T.);
#6228=ORIENTED_EDGE('',*,*,#5987,.T.);
#6229=ORIENTED_EDGE('',*,*,#5956,.T.);
#6230=EDGE_LOOP('',(#6227,#6228,#6229));
#6231=FACE_BOUND('',#6230,.T.);
#6232=ORIENTED_EDGE('',*,*,#5923,.T.);
#6233=ORIENTED_EDGE('',*,*,#5930,.T.);
#6234=EDGE_LOOP('',(#6232,#6233));
#6235=FACE_BOUND('',#6234,.T.);
#6236=ORIENTED_EDGE('',*,*,#5888,.T.);
#6237=ORIENTED_EDGE('',*,*,#5895,.T.);
#6238=EDGE_LOOP('',(#6236,#6237));
#6239=FACE_BOUND('',#6238,.T.);
#6240=ORIENTED_EDGE('',*,*,#5853,.T.);
#6241=ORIENTED_EDGE('',*,*,#5860,.T.);
#6242=EDGE_LOOP('',(#6240,#6241));
#6243=FACE_BOUND('',#6242,.T.);
#6244=ORIENTED_EDGE('',*,*,#5818,.T.);
#6245=ORIENTED_EDGE('',*,*,#5825,.T.);
#6246=EDGE_LOOP('',(#6244,#6245));
#6247=FACE_BOUND('',#6246,.T.);
#6248=ORIENTED_EDGE('',*,*,#94,.F.);
#6249=ORIENTED_EDGE('',*,*,#777,.F.);
#6250=ORIENTED_EDGE('',*,*,#808,.F.);
#6251=ORIENTED_EDGE('',*,*,#830,.F.);
#6252=ORIENTED_EDGE('',*,*,#136,.F.);
#6253=CARTESIAN_POINT('',(15.113,-45.085,1.786691565));
#6254=VERTEX_POINT('',#6253);
#6255=CARTESIAN_POINT('',(16.637,-45.085,1.786691565));
#6256=DIRECTION('',(-0.,-0.,-1.));
#6257=DIRECTION('',(1.,0.,-0.));
#6258=AXIS2_PLACEMENT_3D('',#6255,#6256,#6257);
#6259=CIRCLE('',#6258,1.524);
#6260=EDGE_CURVE('',#123,#6254,#6259,.T.);
#6261=ORIENTED_EDGE('',*,*,#6260,.T.);
#6262=CARTESIAN_POINT('',(16.637,-45.085,1.786691565));
#6263=DIRECTION('',(-0.,-0.,-1.));
#6264=DIRECTION('',(1.,0.,-0.));
#6265=AXIS2_PLACEMENT_3D('',#6262,#6263,#6264);
#6266=CIRCLE('',#6265,1.524);
#6267=EDGE_CURVE('',#6254,#107,#6266,.T.);
#6268=ORIENTED_EDGE('',*,*,#6267,.T.);
#6269=ORIENTED_EDGE('',*,*,#166,.F.);
#6270=ORIENTED_EDGE('',*,*,#861,.F.);
#6271=ORIENTED_EDGE('',*,*,#892,.F.);
#6272=ORIENTED_EDGE('',*,*,#914,.F.);
#6273=ORIENTED_EDGE('',*,*,#208,.F.);
#6274=CARTESIAN_POINT('',(38.989,-45.085,1.786691565));
#6275=VERTEX_POINT('',#6274);
#6276=CARTESIAN_POINT('',(40.513,-45.085,1.786691565));
#6277=DIRECTION('',(-0.,-0.,-1.));
#6278=DIRECTION('',(1.,0.,-0.));
#6279=AXIS2_PLACEMENT_3D('',#6276,#6277,#6278);
#6280=CIRCLE('',#6279,1.524);
#6281=EDGE_CURVE('',#195,#6275,#6280,.T.);
#6282=ORIENTED_EDGE('',*,*,#6281,.T.);
#6283=CARTESIAN_POINT('',(40.513,-45.085,1.786691565));
#6284=DIRECTION('',(-0.,-0.,-1.));
#6285=DIRECTION('',(1.,0.,-0.));
#6286=AXIS2_PLACEMENT_3D('',#6283,#6284,#6285);
#6287=CIRCLE('',#6286,1.524);
#6288=EDGE_CURVE('',#6275,#179,#6287,.T.);
#6289=ORIENTED_EDGE('',*,*,#6288,.T.);
#6290=ORIENTED_EDGE('',*,*,#238,.F.);
#6291=ORIENTED_EDGE('',*,*,#945,.F.);
#6292=ORIENTED_EDGE('',*,*,#976,.F.);
#6293=ORIENTED_EDGE('',*,*,#998,.F.);
#6294=ORIENTED_EDGE('',*,*,#280,.F.);
#6295=CARTESIAN_POINT('',(38.5191,-29.845,1.786691565));
#6296=VERTEX_POINT('',#6295);
#6297=CARTESIAN_POINT('',(40.513,-29.845,1.786691565));
#6298=DIRECTION('',(-0.,-0.,-1.));
#6299=DIRECTION('',(1.,0.,-0.));
#6300=AXIS2_PLACEMENT_3D('',#6297,#6298,#6299);
#6301=CIRCLE('',#6300,1.9939);
#6302=EDGE_CURVE('',#267,#6296,#6301,.T.);
#6303=ORIENTED_EDGE('',*,*,#6302,.T.);
#6304=CARTESIAN_POINT('',(40.513,-29.845,1.786691565));
#6305=DIRECTION('',(-0.,-0.,-1.));
#6306=DIRECTION('',(1.,0.,-0.));
#6307=AXIS2_PLACEMENT_3D('',#6304,#6305,#6306);
#6308=CIRCLE('',#6307,1.9939);
#6309=EDGE_CURVE('',#6296,#251,#6308,.T.);
#6310=ORIENTED_EDGE('',*,*,#6309,.T.);
#6311=ORIENTED_EDGE('',*,*,#310,.F.);
#6312=ORIENTED_EDGE('',*,*,#3738,.F.);
#6313=ORIENTED_EDGE('',*,*,#624,.F.);
#6314=ORIENTED_EDGE('',*,*,#662,.F.);
#6315=ORIENTED_EDGE('',*,*,#693,.F.);
#6316=ORIENTED_EDGE('',*,*,#724,.F.);
#6317=ORIENTED_EDGE('',*,*,#746,.F.);
#6318=ORIENTED_EDGE('',*,*,#64,.F.);
#6319=CARTESIAN_POINT('',(14.6431,-29.845,1.786691565));
#6320=VERTEX_POINT('',#6319);
#6321=CARTESIAN_POINT('',(16.637,-29.845,1.786691565));
#6322=DIRECTION('',(-0.,-0.,-1.));
#6323=DIRECTION('',(1.,0.,-0.));
#6324=AXIS2_PLACEMENT_3D('',#6321,#6322,#6323);
#6325=CIRCLE('',#6324,1.9939);
#6326=EDGE_CURVE('',#51,#6320,#6325,.T.);
#6327=ORIENTED_EDGE('',*,*,#6326,.T.);
#6328=CARTESIAN_POINT('',(16.637,-29.845,1.786691565));
#6329=DIRECTION('',(-0.,-0.,-1.));
#6330=DIRECTION('',(1.,0.,-0.));
#6331=AXIS2_PLACEMENT_3D('',#6328,#6329,#6330);
#6332=CIRCLE('',#6331,1.9939);
#6333=EDGE_CURVE('',#6320,#35,#6332,.T.);
#6334=ORIENTED_EDGE('',*,*,#6333,.T.);
#6335=EDGE_LOOP('',(#6248,#6249,#6250,#6251,#6252,#6261,#6268,#6269,#6270,#6271,#6272,#6273,#6282,#6289,#6290,#6291,#6292,#6293,#6294,#6303,#6310,#6311,#6312,#6313,#6314,#6315,
#6316,#6317,#6318,#6327,#6334));
#6336=FACE_BOUND('',#6335,.T.);
#6337=ADVANCED_FACE('',(#6197,#6201,#6205,#6216,#6220,#6231,#6235,#6239,#6243,#6247,#6336),#6193,.T.);
#6338=CARTESIAN_POINT('',(40.513,-29.845,1.786691565));
#6339=DIRECTION('',(0.,0.,-1.));
#6340=DIRECTION('',(-1.,0.,0.));
#6341=AXIS2_PLACEMENT_3D('',#6338,#6339,#6340);
#6342=CYLINDRICAL_SURFACE('',#6341,1.9939);
#6343=CARTESIAN_POINT('',(38.5191,-29.845,1.386691565));
#6344=DIRECTION('',(-0.,-0.,1.));
#6345=VECTOR('',#6344,0.4);
#6346=LINE('',#6343,#6345);
#6347=EDGE_CURVE('',#3889,#6296,#6346,.T.);
#6348=ORIENTED_EDGE('',*,*,#6347,.F.);
#6349=ORIENTED_EDGE('',*,*,#3895,.T.);
#6350=ORIENTED_EDGE('',*,*,#256,.T.);
#6351=ORIENTED_EDGE('',*,*,#6309,.F.);
#6352=EDGE_LOOP('',(#6348,#6349,#6350,#6351));
#6353=FACE_BOUND('',#6352,.T.);
#6354=ADVANCED_FACE('',(#6353),#6342,.F.);
#6355=CARTESIAN_POINT('',(40.513,-45.085,1.786691565));
#6356=DIRECTION('',(0.,0.,-1.));
#6357=DIRECTION('',(-1.,0.,0.));
#6358=AXIS2_PLACEMENT_3D('',#6355,#6356,#6357);
#6359=CYLINDRICAL_SURFACE('',#6358,1.524);
#6360=CARTESIAN_POINT('',(38.989,-45.085,1.386691565));
#6361=DIRECTION('',(-0.,-0.,1.));
#6362=VECTOR('',#6361,0.4);
#6363=LINE('',#6360,#6362);
#6364=EDGE_CURVE('',#3870,#6275,#6363,.T.);
#6365=ORIENTED_EDGE('',*,*,#6364,.F.);
#6366=ORIENTED_EDGE('',*,*,#3876,.T.);
#6367=ORIENTED_EDGE('',*,*,#184,.T.);
#6368=ORIENTED_EDGE('',*,*,#6288,.F.);
#6369=EDGE_LOOP('',(#6365,#6366,#6367,#6368));
#6370=FACE_BOUND('',#6369,.T.);
#6371=ADVANCED_FACE('',(#6370),#6359,.F.);
#6372=CARTESIAN_POINT('',(16.637,-45.085,1.786691565));
#6373=DIRECTION('',(0.,0.,-1.));
#6374=DIRECTION('',(-1.,0.,0.));
#6375=AXIS2_PLACEMENT_3D('',#6372,#6373,#6374);
#6376=CYLINDRICAL_SURFACE('',#6375,1.524);
#6377=CARTESIAN_POINT('',(15.113,-45.085,1.386691565));
#6378=DIRECTION('',(-0.,-0.,1.));
#6379=VECTOR('',#6378,0.4);
#6380=LINE('',#6377,#6379);
#6381=EDGE_CURVE('',#3851,#6254,#6380,.T.);
#6382=ORIENTED_EDGE('',*,*,#6381,.F.);
#6383=ORIENTED_EDGE('',*,*,#3857,.T.);
#6384=ORIENTED_EDGE('',*,*,#112,.T.);
#6385=ORIENTED_EDGE('',*,*,#6267,.F.);
#6386=EDGE_LOOP('',(#6382,#6383,#6384,#6385));
#6387=FACE_BOUND('',#6386,.T.);
#6388=ADVANCED_FACE('',(#6387),#6376,.F.);
#6389=CARTESIAN_POINT('',(16.637,-29.845,1.786691565));
#6390=DIRECTION('',(0.,0.,-1.));
#6391=DIRECTION('',(-1.,0.,0.));
#6392=AXIS2_PLACEMENT_3D('',#6389,#6390,#6391);
#6393=CYLINDRICAL_SURFACE('',#6392,1.9939);
#6394=CARTESIAN_POINT('',(14.6431,-29.845,1.386691565));
#6395=DIRECTION('',(-0.,-0.,1.));
#6396=VECTOR('',#6395,0.4);
#6397=LINE('',#6394,#6396);
#6398=EDGE_CURVE('',#3832,#6320,#6397,.T.);
#6399=ORIENTED_EDGE('',*,*,#6398,.F.);
#6400=ORIENTED_EDGE('',*,*,#3838,.T.);
#6401=ORIENTED_EDGE('',*,*,#40,.T.);
#6402=ORIENTED_EDGE('',*,*,#6333,.F.);
#6403=EDGE_LOOP('',(#6399,#6400,#6401,#6402));
#6404=FACE_BOUND('',#6403,.T.);
#6405=ADVANCED_FACE('',(#6404),#6393,.F.);
#6406=CARTESIAN_POINT('',(-5.08,-38.1,1.786691565));
#6407=DIRECTION('',(0.,0.,-1.));
#6408=DIRECTION('',(-1.,0.,0.));
#6409=AXIS2_PLACEMENT_3D('',#6406,#6407,#6408);
#6410=CYLINDRICAL_SURFACE('',#6409,0.875);
#6411=CARTESIAN_POINT('',(-5.955,-38.1,1.786691565));
#6412=VERTEX_POINT('',#6411);
#6413=CARTESIAN_POINT('',(-5.955,-38.1,1.386691565));
#6414=DIRECTION('',(-0.,-0.,1.));
#6415=VECTOR('',#6414,0.4);
#6416=LINE('',#6413,#6415);
#6417=EDGE_CURVE('',#5622,#6412,#6416,.T.);
#6418=ORIENTED_EDGE('',*,*,#6417,.F.);
#6419=ORIENTED_EDGE('',*,*,#5630,.T.);
#6420=ORIENTED_EDGE('',*,*,#5637,.T.);
#6421=ORIENTED_EDGE('',*,*,#6417,.T.);
#6422=CARTESIAN_POINT('',(-4.205,-38.1,1.786691565));
#6423=VERTEX_POINT('',#6422);
#6424=CARTESIAN_POINT('',(-5.08,-38.1,1.786691565));
#6425=DIRECTION('',(-0.,-0.,-1.));
#6426=DIRECTION('',(1.,0.,-0.));
#6427=AXIS2_PLACEMENT_3D('',#6424,#6425,#6426);
#6428=CIRCLE('',#6427,0.875);
#6429=EDGE_CURVE('',#6423,#6412,#6428,.T.);
#6430=ORIENTED_EDGE('',*,*,#6429,.F.);
#6431=CARTESIAN_POINT('',(-5.08,-38.1,1.786691565));
#6432=DIRECTION('',(-0.,-0.,-1.));
#6433=DIRECTION('',(1.,0.,-0.));
#6434=AXIS2_PLACEMENT_3D('',#6431,#6432,#6433);
#6435=CIRCLE('',#6434,0.875);
#6436=EDGE_CURVE('',#6412,#6423,#6435,.T.);
#6437=ORIENTED_EDGE('',*,*,#6436,.F.);
#6438=EDGE_LOOP('',(#6418,#6419,#6420,#6421,#6430,#6437));
#6439=FACE_BOUND('',#6438,.T.);
#6440=ADVANCED_FACE('',(#6439),#6410,.F.);
#6441=CARTESIAN_POINT('',(0.,-43.18,1.786691565));
#6442=DIRECTION('',(0.,0.,-1.));
#6443=DIRECTION('',(-1.,0.,0.));
#6444=AXIS2_PLACEMENT_3D('',#6441,#6442,#6443);
#6445=CYLINDRICAL_SURFACE('',#6444,0.875);
#6446=CARTESIAN_POINT('',(-0.875,-43.18,1.786691565));
#6447=VERTEX_POINT('',#6446);
#6448=CARTESIAN_POINT('',(-0.875,-43.18,1.386691565));
#6449=DIRECTION('',(-0.,-0.,1.));
#6450=VECTOR('',#6449,0.4);
#6451=LINE('',#6448,#6450);
#6452=EDGE_CURVE('',#5602,#6447,#6451,.T.);
#6453=ORIENTED_EDGE('',*,*,#6452,.F.);
#6454=ORIENTED_EDGE('',*,*,#5610,.T.);
#6455=ORIENTED_EDGE('',*,*,#5617,.T.);
#6456=ORIENTED_EDGE('',*,*,#6452,.T.);
#6457=CARTESIAN_POINT('',(0.875,-43.18,1.786691565));
#6458=VERTEX_POINT('',#6457);
#6459=CARTESIAN_POINT('',(0.,-43.18,1.786691565));
#6460=DIRECTION('',(-0.,-0.,-1.));
#6461=DIRECTION('',(1.,0.,-0.));
#6462=AXIS2_PLACEMENT_3D('',#6459,#6460,#6461);
#6463=CIRCLE('',#6462,0.875);
#6464=EDGE_CURVE('',#6458,#6447,#6463,.T.);
#6465=ORIENTED_EDGE('',*,*,#6464,.F.);
#6466=CARTESIAN_POINT('',(0.,-43.18,1.786691565));
#6467=DIRECTION('',(-0.,-0.,-1.));
#6468=DIRECTION('',(1.,0.,-0.));
#6469=AXIS2_PLACEMENT_3D('',#6466,#6467,#6468);
#6470=CIRCLE('',#6469,0.875);
#6471=EDGE_CURVE('',#6447,#6458,#6470,.T.);
#6472=ORIENTED_EDGE('',*,*,#6471,.F.);
#6473=EDGE_LOOP('',(#6453,#6454,#6455,#6456,#6465,#6472));
#6474=FACE_BOUND('',#6473,.T.);
#6475=ADVANCED_FACE('',(#6474),#6445,.F.);
#6476=CARTESIAN_POINT('',(5.08,-38.1,1.786691565));
#6477=DIRECTION('',(0.,0.,-1.));
#6478=DIRECTION('',(-1.,0.,0.));
#6479=AXIS2_PLACEMENT_3D('',#6476,#6477,#6478);
#6480=CYLINDRICAL_SURFACE('',#6479,0.875);
#6481=CARTESIAN_POINT('',(4.205,-38.1,1.786691565));
#6482=VERTEX_POINT('',#6481);
#6483=CARTESIAN_POINT('',(4.205,-38.1,1.386691565));
#6484=DIRECTION('',(-0.,-0.,1.));
#6485=VECTOR('',#6484,0.4);
#6486=LINE('',#6483,#6485);
#6487=EDGE_CURVE('',#5582,#6482,#6486,.T.);
#6488=ORIENTED_EDGE('',*,*,#6487,.F.);
#6489=ORIENTED_EDGE('',*,*,#5590,.T.);
#6490=ORIENTED_EDGE('',*,*,#5597,.T.);
#6491=ORIENTED_EDGE('',*,*,#6487,.T.);
#6492=CARTESIAN_POINT('',(5.955,-38.1,1.786691565));
#6493=VERTEX_POINT('',#6492);
#6494=CARTESIAN_POINT('',(5.08,-38.1,1.786691565));
#6495=DIRECTION('',(-0.,-0.,-1.));
#6496=DIRECTION('',(1.,0.,-0.));
#6497=AXIS2_PLACEMENT_3D('',#6494,#6495,#6496);
#6498=CIRCLE('',#6497,0.875);
#6499=EDGE_CURVE('',#6493,#6482,#6498,.T.);
#6500=ORIENTED_EDGE('',*,*,#6499,.F.);
#6501=CARTESIAN_POINT('',(5.08,-38.1,1.786691565));
#6502=DIRECTION('',(-0.,-0.,-1.));
#6503=DIRECTION('',(1.,0.,-0.));
#6504=AXIS2_PLACEMENT_3D('',#6501,#6502,#6503);
#6505=CIRCLE('',#6504,0.875);
#6506=EDGE_CURVE('',#6482,#6493,#6505,.T.);
#6507=ORIENTED_EDGE('',*,*,#6506,.F.);
#6508=EDGE_LOOP('',(#6488,#6489,#6490,#6491,#6500,#6507));
#6509=FACE_BOUND('',#6508,.T.);
#6510=ADVANCED_FACE('',(#6509),#6480,.F.);
#6511=CARTESIAN_POINT('',(0.,-33.02,1.786691565));
#6512=DIRECTION('',(0.,0.,-1.));
#6513=DIRECTION('',(-1.,0.,0.));
#6514=AXIS2_PLACEMENT_3D('',#6511,#6512,#6513);
#6515=CYLINDRICAL_SURFACE('',#6514,0.875);
#6516=CARTESIAN_POINT('',(-0.875,-33.02,1.786691565));
#6517=VERTEX_POINT('',#6516);
#6518=CARTESIAN_POINT('',(-0.875,-33.02,1.386691565));
#6519=DIRECTION('',(-0.,-0.,1.));
#6520=VECTOR('',#6519,0.4);
#6521=LINE('',#6518,#6520);
#6522=EDGE_CURVE('',#5562,#6517,#6521,.T.);
#6523=ORIENTED_EDGE('',*,*,#6522,.F.);
#6524=ORIENTED_EDGE('',*,*,#5570,.T.);
#6525=ORIENTED_EDGE('',*,*,#5577,.T.);
#6526=ORIENTED_EDGE('',*,*,#6522,.T.);
#6527=CARTESIAN_POINT('',(0.875,-33.02,1.786691565));
#6528=VERTEX_POINT('',#6527);
#6529=CARTESIAN_POINT('',(0.,-33.02,1.786691565));
#6530=DIRECTION('',(-0.,-0.,-1.));
#6531=DIRECTION('',(1.,0.,-0.));
#6532=AXIS2_PLACEMENT_3D('',#6529,#6530,#6531);
#6533=CIRCLE('',#6532,0.875);
#6534=EDGE_CURVE('',#6528,#6517,#6533,.T.);
#6535=ORIENTED_EDGE('',*,*,#6534,.F.);
#6536=CARTESIAN_POINT('',(0.,-33.02,1.786691565));
#6537=DIRECTION('',(-0.,-0.,-1.));
#6538=DIRECTION('',(1.,0.,-0.));
#6539=AXIS2_PLACEMENT_3D('',#6536,#6537,#6538);
#6540=CIRCLE('',#6539,0.875);
#6541=EDGE_CURVE('',#6517,#6528,#6540,.T.);
#6542=ORIENTED_EDGE('',*,*,#6541,.F.);
#6543=EDGE_LOOP('',(#6523,#6524,#6525,#6526,#6535,#6542));
#6544=FACE_BOUND('',#6543,.T.);
#6545=ADVANCED_FACE('',(#6544),#6515,.F.);
#6546=CARTESIAN_POINT('',(-104.25,85.2,1.786691565));
#6547=DIRECTION('',(0.,0.,1.));
#6548=DIRECTION('',(1.,0.,0.));
#6549=AXIS2_PLACEMENT_3D('',#6546,#6547,#6548);
#6550=PLANE('',#6549);
#6551=ORIENTED_EDGE('',*,*,#6534,.T.);
#6552=ORIENTED_EDGE('',*,*,#6541,.T.);
#6553=EDGE_LOOP('',(#6551,#6552));
#6554=FACE_BOUND('',#6553,.T.);
#6555=ORIENTED_EDGE('',*,*,#6499,.T.);
#6556=ORIENTED_EDGE('',*,*,#6506,.T.);
#6557=EDGE_LOOP('',(#6555,#6556));
#6558=FACE_BOUND('',#6557,.T.);
#6559=ORIENTED_EDGE('',*,*,#6464,.T.);
#6560=ORIENTED_EDGE('',*,*,#6471,.T.);
#6561=EDGE_LOOP('',(#6559,#6560));
#6562=FACE_BOUND('',#6561,.T.);
#6563=ORIENTED_EDGE('',*,*,#6429,.T.);
#6564=ORIENTED_EDGE('',*,*,#6436,.T.);
#6565=EDGE_LOOP('',(#6563,#6564));
#6566=FACE_BOUND('',#6565,.T.);
#6567=ORIENTED_EDGE('',*,*,#2937,.F.);
#6568=ORIENTED_EDGE('',*,*,#2975,.F.);
#6569=ORIENTED_EDGE('',*,*,#3006,.F.);
#6570=ORIENTED_EDGE('',*,*,#3694,.F.);
#6571=EDGE_LOOP('',(#6567,#6568,#6569,#6570));
#6572=FACE_BOUND('',#6571,.T.);
#6573=ADVANCED_FACE('',(#6554,#6558,#6562,#6566,#6572),#6550,.T.);
#6574=CARTESIAN_POINT('',(-38.1,-24.13,1.786691565));
#6575=DIRECTION('',(0.,0.,-1.));
#6576=DIRECTION('',(-1.,0.,0.));
#6577=AXIS2_PLACEMENT_3D('',#6574,#6575,#6576);
#6578=CYLINDRICAL_SURFACE('',#6577,0.875);
#6579=CARTESIAN_POINT('',(-38.975,-24.13,1.786691565));
#6580=VERTEX_POINT('',#6579);
#6581=CARTESIAN_POINT('',(-38.975,-24.13,1.386691565));
#6582=DIRECTION('',(-0.,-0.,1.));
#6583=VECTOR('',#6582,0.4);
#6584=LINE('',#6581,#6583);
#6585=EDGE_CURVE('',#5482,#6580,#6584,.T.);
#6586=ORIENTED_EDGE('',*,*,#6585,.F.);
#6587=ORIENTED_EDGE('',*,*,#5490,.T.);
#6588=ORIENTED_EDGE('',*,*,#5497,.T.);
#6589=ORIENTED_EDGE('',*,*,#6585,.T.);
#6590=CARTESIAN_POINT('',(-37.225,-24.13,1.786691565));
#6591=VERTEX_POINT('',#6590);
#6592=CARTESIAN_POINT('',(-38.1,-24.13,1.786691565));
#6593=DIRECTION('',(-0.,-0.,-1.));
#6594=DIRECTION('',(1.,0.,-0.));
#6595=AXIS2_PLACEMENT_3D('',#6592,#6593,#6594);
#6596=CIRCLE('',#6595,0.875);
#6597=EDGE_CURVE('',#6591,#6580,#6596,.T.);
#6598=ORIENTED_EDGE('',*,*,#6597,.F.);
#6599=CARTESIAN_POINT('',(-38.1,-24.13,1.786691565));
#6600=DIRECTION('',(-0.,-0.,-1.));
#6601=DIRECTION('',(1.,0.,-0.));
#6602=AXIS2_PLACEMENT_3D('',#6599,#6600,#6601);
#6603=CIRCLE('',#6602,0.875);
#6604=EDGE_CURVE('',#6580,#6591,#6603,.T.);
#6605=ORIENTED_EDGE('',*,*,#6604,.F.);
#6606=EDGE_LOOP('',(#6586,#6587,#6588,#6589,#6598,#6605));
#6607=FACE_BOUND('',#6606,.T.);
#6608=ADVANCED_FACE('',(#6607),#6578,.F.);
#6609=CARTESIAN_POINT('',(-43.18,-19.05,1.786691565));
#6610=DIRECTION('',(0.,0.,-1.));
#6611=DIRECTION('',(-1.,0.,0.));
#6612=AXIS2_PLACEMENT_3D('',#6609,#6610,#6611);
#6613=CYLINDRICAL_SURFACE('',#6612,0.875);
#6614=CARTESIAN_POINT('',(-44.055,-19.05,1.786691565));
#6615=VERTEX_POINT('',#6614);
#6616=CARTESIAN_POINT('',(-44.055,-19.05,1.386691565));
#6617=DIRECTION('',(-0.,-0.,1.));
#6618=VECTOR('',#6617,0.4);
#6619=LINE('',#6616,#6618);
#6620=EDGE_CURVE('',#5502,#6615,#6619,.T.);
#6621=ORIENTED_EDGE('',*,*,#6620,.F.);
#6622=ORIENTED_EDGE('',*,*,#5510,.T.);
#6623=ORIENTED_EDGE('',*,*,#5517,.T.);
#6624=ORIENTED_EDGE('',*,*,#6620,.T.);
#6625=CARTESIAN_POINT('',(-42.305,-19.05,1.786691565));
#6626=VERTEX_POINT('',#6625);
#6627=CARTESIAN_POINT('',(-43.18,-19.05,1.786691565));
#6628=DIRECTION('',(-0.,-0.,-1.));
#6629=DIRECTION('',(1.,0.,-0.));
#6630=AXIS2_PLACEMENT_3D('',#6627,#6628,#6629);
#6631=CIRCLE('',#6630,0.875);
#6632=EDGE_CURVE('',#6626,#6615,#6631,.T.);
#6633=ORIENTED_EDGE('',*,*,#6632,.F.);
#6634=CARTESIAN_POINT('',(-43.18,-19.05,1.786691565));
#6635=DIRECTION('',(-0.,-0.,-1.));
#6636=DIRECTION('',(1.,0.,-0.));
#6637=AXIS2_PLACEMENT_3D('',#6634,#6635,#6636);
#6638=CIRCLE('',#6637,0.875);
#6639=EDGE_CURVE('',#6615,#6626,#6638,.T.);
#6640=ORIENTED_EDGE('',*,*,#6639,.F.);
#6641=EDGE_LOOP('',(#6621,#6622,#6623,#6624,#6633,#6640));
#6642=FACE_BOUND('',#6641,.T.);
#6643=ADVANCED_FACE('',(#6642),#6613,.F.);
#6644=CARTESIAN_POINT('',(-38.1,-13.97,1.786691565));
#6645=DIRECTION('',(0.,0.,-1.));
#6646=DIRECTION('',(-1.,0.,0.));
#6647=AXIS2_PLACEMENT_3D('',#6644,#6645,#6646);
#6648=CYLINDRICAL_SURFACE('',#6647,0.875);
#6649=CARTESIAN_POINT('',(-38.975,-13.97,1.786691565));
#6650=VERTEX_POINT('',#6649);
#6651=CARTESIAN_POINT('',(-38.975,-13.97,1.386691565));
#6652=DIRECTION('',(-0.,-0.,1.));
#6653=VECTOR('',#6652,0.4);
#6654=LINE('',#6651,#6653);
#6655=EDGE_CURVE('',#5522,#6650,#6654,.T.);
#6656=ORIENTED_EDGE('',*,*,#6655,.F.);
#6657=ORIENTED_EDGE('',*,*,#5530,.T.);
#6658=ORIENTED_EDGE('',*,*,#5537,.T.);
#6659=ORIENTED_EDGE('',*,*,#6655,.T.);
#6660=CARTESIAN_POINT('',(-37.225,-13.97,1.786691565));
#6661=VERTEX_POINT('',#6660);
#6662=CARTESIAN_POINT('',(-38.1,-13.97,1.786691565));
#6663=DIRECTION('',(-0.,-0.,-1.));
#6664=DIRECTION('',(1.,0.,-0.));
#6665=AXIS2_PLACEMENT_3D('',#6662,#6663,#6664);
#6666=CIRCLE('',#6665,0.875);
#6667=EDGE_CURVE('',#6661,#6650,#6666,.T.);
#6668=ORIENTED_EDGE('',*,*,#6667,.F.);
#6669=CARTESIAN_POINT('',(-38.1,-13.97,1.786691565));
#6670=DIRECTION('',(-0.,-0.,-1.));
#6671=DIRECTION('',(1.,0.,-0.));
#6672=AXIS2_PLACEMENT_3D('',#6669,#6670,#6671);
#6673=CIRCLE('',#6672,0.875);
#6674=EDGE_CURVE('',#6650,#6661,#6673,.T.);
#6675=ORIENTED_EDGE('',*,*,#6674,.F.);
#6676=EDGE_LOOP('',(#6656,#6657,#6658,#6659,#6668,#6675));
#6677=FACE_BOUND('',#6676,.T.);
#6678=ADVANCED_FACE('',(#6677),#6648,.F.);
#6679=CARTESIAN_POINT('',(-33.02,-19.05,1.786691565));
#6680=DIRECTION('',(0.,0.,-1.));
#6681=DIRECTION('',(-1.,0.,0.));
#6682=AXIS2_PLACEMENT_3D('',#6679,#6680,#6681);
#6683=CYLINDRICAL_SURFACE('',#6682,0.875);
#6684=CARTESIAN_POINT('',(-33.895,-19.05,1.786691565));
#6685=VERTEX_POINT('',#6684);
#6686=CARTESIAN_POINT('',(-33.895,-19.05,1.386691565));
#6687=DIRECTION('',(-0.,-0.,1.));
#6688=VECTOR('',#6687,0.4);
#6689=LINE('',#6686,#6688);
#6690=EDGE_CURVE('',#5542,#6685,#6689,.T.);
#6691=ORIENTED_EDGE('',*,*,#6690,.F.);
#6692=ORIENTED_EDGE('',*,*,#5550,.T.);
#6693=ORIENTED_EDGE('',*,*,#5557,.T.);
#6694=ORIENTED_EDGE('',*,*,#6690,.T.);
#6695=CARTESIAN_POINT('',(-32.145,-19.05,1.786691565));
#6696=VERTEX_POINT('',#6695);
#6697=CARTESIAN_POINT('',(-33.02,-19.05,1.786691565));
#6698=DIRECTION('',(-0.,-0.,-1.));
#6699=DIRECTION('',(1.,0.,-0.));
#6700=AXIS2_PLACEMENT_3D('',#6697,#6698,#6699);
#6701=CIRCLE('',#6700,0.875);
#6702=EDGE_CURVE('',#6696,#6685,#6701,.T.);
#6703=ORIENTED_EDGE('',*,*,#6702,.F.);
#6704=CARTESIAN_POINT('',(-33.02,-19.05,1.786691565));
#6705=DIRECTION('',(-0.,-0.,-1.));
#6706=DIRECTION('',(1.,0.,-0.));
#6707=AXIS2_PLACEMENT_3D('',#6704,#6705,#6706);
#6708=CIRCLE('',#6707,0.875);
#6709=EDGE_CURVE('',#6685,#6696,#6708,.T.);
#6710=ORIENTED_EDGE('',*,*,#6709,.F.);
#6711=EDGE_LOOP('',(#6691,#6692,#6693,#6694,#6703,#6710));
#6712=FACE_BOUND('',#6711,.T.);
#6713=ADVANCED_FACE('',(#6712),#6683,.F.);
#6714=CARTESIAN_POINT('',(-104.25,85.2,1.786691565));
#6715=DIRECTION('',(0.,0.,1.));
#6716=DIRECTION('',(1.,0.,0.));
#6717=AXIS2_PLACEMENT_3D('',#6714,#6715,#6716);
#6718=PLANE('',#6717);
#6719=ORIENTED_EDGE('',*,*,#6702,.T.);
#6720=ORIENTED_EDGE('',*,*,#6709,.T.);
#6721=EDGE_LOOP('',(#6719,#6720));
#6722=FACE_BOUND('',#6721,.T.);
#6723=ORIENTED_EDGE('',*,*,#6667,.T.);
#6724=ORIENTED_EDGE('',*,*,#6674,.T.);
#6725=EDGE_LOOP('',(#6723,#6724));
#6726=FACE_BOUND('',#6725,.T.);
#6727=ORIENTED_EDGE('',*,*,#6632,.T.);
#6728=ORIENTED_EDGE('',*,*,#6639,.T.);
#6729=EDGE_LOOP('',(#6727,#6728));
#6730=FACE_BOUND('',#6729,.T.);
#6731=ORIENTED_EDGE('',*,*,#6597,.T.);
#6732=ORIENTED_EDGE('',*,*,#6604,.T.);
#6733=EDGE_LOOP('',(#6731,#6732));
#6734=FACE_BOUND('',#6733,.T.);
#6735=ORIENTED_EDGE('',*,*,#2835,.F.);
#6736=ORIENTED_EDGE('',*,*,#2873,.F.);
#6737=ORIENTED_EDGE('',*,*,#2904,.F.);
#6738=ORIENTED_EDGE('',*,*,#3672,.F.);
#6739=EDGE_LOOP('',(#6735,#6736,#6737,#6738));
#6740=FACE_BOUND('',#6739,.T.);
#6741=ADVANCED_FACE('',(#6722,#6726,#6730,#6734,#6740),#6718,.T.);
#6742=CARTESIAN_POINT('',(-19.05,-24.13,1.786691565));
#6743=DIRECTION('',(0.,0.,-1.));
#6744=DIRECTION('',(-1.,0.,0.));
#6745=AXIS2_PLACEMENT_3D('',#6742,#6743,#6744);
#6746=CYLINDRICAL_SURFACE('',#6745,0.875);
#6747=CARTESIAN_POINT('',(-19.925,-24.13,1.786691565));
#6748=VERTEX_POINT('',#6747);
#6749=CARTESIAN_POINT('',(-19.925,-24.13,1.386691565));
#6750=DIRECTION('',(-0.,-0.,1.));
#6751=VECTOR('',#6750,0.4);
#6752=LINE('',#6749,#6751);
#6753=EDGE_CURVE('',#5462,#6748,#6752,.T.);
#6754=ORIENTED_EDGE('',*,*,#6753,.F.);
#6755=ORIENTED_EDGE('',*,*,#5470,.T.);
#6756=ORIENTED_EDGE('',*,*,#5477,.T.);
#6757=ORIENTED_EDGE('',*,*,#6753,.T.);
#6758=CARTESIAN_POINT('',(-18.175,-24.13,1.786691565));
#6759=VERTEX_POINT('',#6758);
#6760=CARTESIAN_POINT('',(-19.05,-24.13,1.786691565));
#6761=DIRECTION('',(-0.,-0.,-1.));
#6762=DIRECTION('',(1.,0.,-0.));
#6763=AXIS2_PLACEMENT_3D('',#6760,#6761,#6762);
#6764=CIRCLE('',#6763,0.875);
#6765=EDGE_CURVE('',#6759,#6748,#6764,.T.);
#6766=ORIENTED_EDGE('',*,*,#6765,.F.);
#6767=CARTESIAN_POINT('',(-19.05,-24.13,1.786691565));
#6768=DIRECTION('',(-0.,-0.,-1.));
#6769=DIRECTION('',(1.,0.,-0.));
#6770=AXIS2_PLACEMENT_3D('',#6767,#6768,#6769);
#6771=CIRCLE('',#6770,0.875);
#6772=EDGE_CURVE('',#6748,#6759,#6771,.T.);
#6773=ORIENTED_EDGE('',*,*,#6772,.F.);
#6774=EDGE_LOOP('',(#6754,#6755,#6756,#6757,#6766,#6773));
#6775=FACE_BOUND('',#6774,.T.);
#6776=ADVANCED_FACE('',(#6775),#6746,.F.);
#6777=CARTESIAN_POINT('',(-24.13,-19.05,1.786691565));
#6778=DIRECTION('',(0.,0.,-1.));
#6779=DIRECTION('',(-1.,0.,0.));
#6780=AXIS2_PLACEMENT_3D('',#6777,#6778,#6779);
#6781=CYLINDRICAL_SURFACE('',#6780,0.875);
#6782=CARTESIAN_POINT('',(-25.005,-19.05,1.786691565));
#6783=VERTEX_POINT('',#6782);
#6784=CARTESIAN_POINT('',(-25.005,-19.05,1.386691565));
#6785=DIRECTION('',(-0.,-0.,1.));
#6786=VECTOR('',#6785,0.4);
#6787=LINE('',#6784,#6786);
#6788=EDGE_CURVE('',#5442,#6783,#6787,.T.);
#6789=ORIENTED_EDGE('',*,*,#6788,.F.);
#6790=ORIENTED_EDGE('',*,*,#5450,.T.);
#6791=ORIENTED_EDGE('',*,*,#5457,.T.);
#6792=ORIENTED_EDGE('',*,*,#6788,.T.);
#6793=CARTESIAN_POINT('',(-23.255,-19.05,1.786691565));
#6794=VERTEX_POINT('',#6793);
#6795=CARTESIAN_POINT('',(-24.13,-19.05,1.786691565));
#6796=DIRECTION('',(-0.,-0.,-1.));
#6797=DIRECTION('',(1.,0.,-0.));
#6798=AXIS2_PLACEMENT_3D('',#6795,#6796,#6797);
#6799=CIRCLE('',#6798,0.875);
#6800=EDGE_CURVE('',#6794,#6783,#6799,.T.);
#6801=ORIENTED_EDGE('',*,*,#6800,.F.);
#6802=CARTESIAN_POINT('',(-24.13,-19.05,1.786691565));
#6803=DIRECTION('',(-0.,-0.,-1.));
#6804=DIRECTION('',(1.,0.,-0.));
#6805=AXIS2_PLACEMENT_3D('',#6802,#6803,#6804);
#6806=CIRCLE('',#6805,0.875);
#6807=EDGE_CURVE('',#6783,#6794,#6806,.T.);
#6808=ORIENTED_EDGE('',*,*,#6807,.F.);
#6809=EDGE_LOOP('',(#6789,#6790,#6791,#6792,#6801,#6808));
#6810=FACE_BOUND('',#6809,.T.);
#6811=ADVANCED_FACE('',(#6810),#6781,.F.);
#6812=CARTESIAN_POINT('',(-13.97,-19.05,1.786691565));
#6813=DIRECTION('',(0.,0.,-1.));
#6814=DIRECTION('',(-1.,0.,0.));
#6815=AXIS2_PLACEMENT_3D('',#6812,#6813,#6814);
#6816=CYLINDRICAL_SURFACE('',#6815,0.875);
#6817=CARTESIAN_POINT('',(-14.845,-19.05,1.786691565));
#6818=VERTEX_POINT('',#6817);
#6819=CARTESIAN_POINT('',(-14.845,-19.05,1.386691565));
#6820=DIRECTION('',(-0.,-0.,1.));
#6821=VECTOR('',#6820,0.4);
#6822=LINE('',#6819,#6821);
#6823=EDGE_CURVE('',#5422,#6818,#6822,.T.);
#6824=ORIENTED_EDGE('',*,*,#6823,.F.);
#6825=ORIENTED_EDGE('',*,*,#5430,.T.);
#6826=ORIENTED_EDGE('',*,*,#5437,.T.);
#6827=ORIENTED_EDGE('',*,*,#6823,.T.);
#6828=CARTESIAN_POINT('',(-13.095,-19.05,1.786691565));
#6829=VERTEX_POINT('',#6828);
#6830=CARTESIAN_POINT('',(-13.97,-19.05,1.786691565));
#6831=DIRECTION('',(-0.,-0.,-1.));
#6832=DIRECTION('',(1.,0.,-0.));
#6833=AXIS2_PLACEMENT_3D('',#6830,#6831,#6832);
#6834=CIRCLE('',#6833,0.875);
#6835=EDGE_CURVE('',#6829,#6818,#6834,.T.);
#6836=ORIENTED_EDGE('',*,*,#6835,.F.);
#6837=CARTESIAN_POINT('',(-13.97,-19.05,1.786691565));
#6838=DIRECTION('',(-0.,-0.,-1.));
#6839=DIRECTION('',(1.,0.,-0.));
#6840=AXIS2_PLACEMENT_3D('',#6837,#6838,#6839);
#6841=CIRCLE('',#6840,0.875);
#6842=EDGE_CURVE('',#6818,#6829,#6841,.T.);
#6843=ORIENTED_EDGE('',*,*,#6842,.F.);
#6844=EDGE_LOOP('',(#6824,#6825,#6826,#6827,#6836,#6843));
#6845=FACE_BOUND('',#6844,.T.);
#6846=ADVANCED_FACE('',(#6845),#6816,.F.);
#6847=CARTESIAN_POINT('',(-19.05,-13.97,1.786691565));
#6848=DIRECTION('',(0.,0.,-1.));
#6849=DIRECTION('',(-1.,0.,0.));
#6850=AXIS2_PLACEMENT_3D('',#6847,#6848,#6849);
#6851=CYLINDRICAL_SURFACE('',#6850,0.875);
#6852=CARTESIAN_POINT('',(-19.925,-13.97,1.786691565));
#6853=VERTEX_POINT('',#6852);
#6854=CARTESIAN_POINT('',(-19.925,-13.97,1.386691565));
#6855=DIRECTION('',(-0.,-0.,1.));
#6856=VECTOR('',#6855,0.4);
#6857=LINE('',#6854,#6856);
#6858=EDGE_CURVE('',#5402,#6853,#6857,.T.);
#6859=ORIENTED_EDGE('',*,*,#6858,.F.);
#6860=ORIENTED_EDGE('',*,*,#5410,.T.);
#6861=ORIENTED_EDGE('',*,*,#5417,.T.);
#6862=ORIENTED_EDGE('',*,*,#6858,.T.);
#6863=CARTESIAN_POINT('',(-18.175,-13.97,1.786691565));
#6864=VERTEX_POINT('',#6863);
#6865=CARTESIAN_POINT('',(-19.05,-13.97,1.786691565));
#6866=DIRECTION('',(-0.,-0.,-1.));
#6867=DIRECTION('',(1.,0.,-0.));
#6868=AXIS2_PLACEMENT_3D('',#6865,#6866,#6867);
#6869=CIRCLE('',#6868,0.875);
#6870=EDGE_CURVE('',#6864,#6853,#6869,.T.);
#6871=ORIENTED_EDGE('',*,*,#6870,.F.);
#6872=CARTESIAN_POINT('',(-19.05,-13.97,1.786691565));
#6873=DIRECTION('',(-0.,-0.,-1.));
#6874=DIRECTION('',(1.,0.,-0.));
#6875=AXIS2_PLACEMENT_3D('',#6872,#6873,#6874);
#6876=CIRCLE('',#6875,0.875);
#6877=EDGE_CURVE('',#6853,#6864,#6876,.T.);
#6878=ORIENTED_EDGE('',*,*,#6877,.F.);
#6879=EDGE_LOOP('',(#6859,#6860,#6861,#6862,#6871,#6878));
#6880=FACE_BOUND('',#6879,.T.);
#6881=ADVANCED_FACE('',(#6880),#6851,.F.);
#6882=CARTESIAN_POINT('',(-104.25,85.2,1.786691565));
#6883=DIRECTION('',(0.,0.,1.));
#6884=DIRECTION('',(1.,0.,0.));
#6885=AXIS2_PLACEMENT_3D('',#6882,#6883,#6884);
#6886=PLANE('',#6885);
#6887=ORIENTED_EDGE('',*,*,#6870,.T.);
#6888=ORIENTED_EDGE('',*,*,#6877,.T.);
#6889=EDGE_LOOP('',(#6887,#6888));
#6890=FACE_BOUND('',#6889,.T.);
#6891=ORIENTED_EDGE('',*,*,#6835,.T.);
#6892=ORIENTED_EDGE('',*,*,#6842,.T.);
#6893=EDGE_LOOP('',(#6891,#6892));
#6894=FACE_BOUND('',#6893,.T.);
#6895=ORIENTED_EDGE('',*,*,#6800,.T.);
#6896=ORIENTED_EDGE('',*,*,#6807,.T.);
#6897=EDGE_LOOP('',(#6895,#6896));
#6898=FACE_BOUND('',#6897,.T.);
#6899=ORIENTED_EDGE('',*,*,#6765,.T.);
#6900=ORIENTED_EDGE('',*,*,#6772,.T.);
#6901=EDGE_LOOP('',(#6899,#6900));
#6902=FACE_BOUND('',#6901,.T.);
#6903=ORIENTED_EDGE('',*,*,#2733,.F.);
#6904=ORIENTED_EDGE('',*,*,#2771,.F.);
#6905=ORIENTED_EDGE('',*,*,#2802,.F.);
#6906=ORIENTED_EDGE('',*,*,#3650,.F.);
#6907=EDGE_LOOP('',(#6903,#6904,#6905,#6906));
#6908=FACE_BOUND('',#6907,.T.);
#6909=ADVANCED_FACE('',(#6890,#6894,#6898,#6902,#6908),#6886,.T.);
#6910=CARTESIAN_POINT('',(-5.08,-19.05,1.786691565));
#6911=DIRECTION('',(0.,0.,-1.));
#6912=DIRECTION('',(-1.,0.,0.));
#6913=AXIS2_PLACEMENT_3D('',#6910,#6911,#6912);
#6914=CYLINDRICAL_SURFACE('',#6913,0.875);
#6915=CARTESIAN_POINT('',(-5.955,-19.05,1.786691565));
#6916=VERTEX_POINT('',#6915);
#6917=CARTESIAN_POINT('',(-5.955,-19.05,1.386691565));
#6918=DIRECTION('',(-0.,-0.,1.));
#6919=VECTOR('',#6918,0.4);
#6920=LINE('',#6917,#6919);
#6921=EDGE_CURVE('',#5322,#6916,#6920,.T.);
#6922=ORIENTED_EDGE('',*,*,#6921,.F.);
#6923=ORIENTED_EDGE('',*,*,#5330,.T.);
#6924=ORIENTED_EDGE('',*,*,#5337,.T.);
#6925=ORIENTED_EDGE('',*,*,#6921,.T.);
#6926=CARTESIAN_POINT('',(-4.205,-19.05,1.786691565));
#6927=VERTEX_POINT('',#6926);
#6928=CARTESIAN_POINT('',(-5.08,-19.05,1.786691565));
#6929=DIRECTION('',(-0.,-0.,-1.));
#6930=DIRECTION('',(1.,0.,-0.));
#6931=AXIS2_PLACEMENT_3D('',#6928,#6929,#6930);
#6932=CIRCLE('',#6931,0.875);
#6933=EDGE_CURVE('',#6927,#6916,#6932,.T.);
#6934=ORIENTED_EDGE('',*,*,#6933,.F.);
#6935=CARTESIAN_POINT('',(-5.08,-19.05,1.786691565));
#6936=DIRECTION('',(-0.,-0.,-1.));
#6937=DIRECTION('',(1.,0.,-0.));
#6938=AXIS2_PLACEMENT_3D('',#6935,#6936,#6937);
#6939=CIRCLE('',#6938,0.875);
#6940=EDGE_CURVE('',#6916,#6927,#6939,.T.);
#6941=ORIENTED_EDGE('',*,*,#6940,.F.);
#6942=EDGE_LOOP('',(#6922,#6923,#6924,#6925,#6934,#6941));
#6943=FACE_BOUND('',#6942,.T.);
#6944=ADVANCED_FACE('',(#6943),#6914,.F.);
#6945=CARTESIAN_POINT('',(0.,-24.13,1.786691565));
#6946=DIRECTION('',(0.,0.,-1.));
#6947=DIRECTION('',(-1.,0.,0.));
#6948=AXIS2_PLACEMENT_3D('',#6945,#6946,#6947);
#6949=CYLINDRICAL_SURFACE('',#6948,0.875);
#6950=CARTESIAN_POINT('',(-0.875,-24.13,1.786691565));
#6951=VERTEX_POINT('',#6950);
#6952=CARTESIAN_POINT('',(-0.875,-24.13,1.386691565));
#6953=DIRECTION('',(-0.,-0.,1.));
#6954=VECTOR('',#6953,0.4);
#6955=LINE('',#6952,#6954);
#6956=EDGE_CURVE('',#5342,#6951,#6955,.T.);
#6957=ORIENTED_EDGE('',*,*,#6956,.F.);
#6958=ORIENTED_EDGE('',*,*,#5350,.T.);
#6959=ORIENTED_EDGE('',*,*,#5357,.T.);
#6960=ORIENTED_EDGE('',*,*,#6956,.T.);
#6961=CARTESIAN_POINT('',(0.875,-24.13,1.786691565));
#6962=VERTEX_POINT('',#6961);
#6963=CARTESIAN_POINT('',(0.,-24.13,1.786691565));
#6964=DIRECTION('',(-0.,-0.,-1.));
#6965=DIRECTION('',(1.,0.,-0.));
#6966=AXIS2_PLACEMENT_3D('',#6963,#6964,#6965);
#6967=CIRCLE('',#6966,0.875);
#6968=EDGE_CURVE('',#6962,#6951,#6967,.T.);
#6969=ORIENTED_EDGE('',*,*,#6968,.F.);
#6970=CARTESIAN_POINT('',(0.,-24.13,1.786691565));
#6971=DIRECTION('',(-0.,-0.,-1.));
#6972=DIRECTION('',(1.,0.,-0.));
#6973=AXIS2_PLACEMENT_3D('',#6970,#6971,#6972);
#6974=CIRCLE('',#6973,0.875);
#6975=EDGE_CURVE('',#6951,#6962,#6974,.T.);
#6976=ORIENTED_EDGE('',*,*,#6975,.F.);
#6977=EDGE_LOOP('',(#6957,#6958,#6959,#6960,#6969,#6976));
#6978=FACE_BOUND('',#6977,.T.);
#6979=ADVANCED_FACE('',(#6978),#6949,.F.);
#6980=CARTESIAN_POINT('',(5.08,-19.05,1.786691565));
#6981=DIRECTION('',(0.,0.,-1.));
#6982=DIRECTION('',(-1.,0.,0.));
#6983=AXIS2_PLACEMENT_3D('',#6980,#6981,#6982);
#6984=CYLINDRICAL_SURFACE('',#6983,0.875);
#6985=CARTESIAN_POINT('',(4.205,-19.05,1.786691565));
#6986=VERTEX_POINT('',#6985);
#6987=CARTESIAN_POINT('',(4.205,-19.05,1.386691565));
#6988=DIRECTION('',(-0.,-0.,1.));
#6989=VECTOR('',#6988,0.4);
#6990=LINE('',#6987,#6989);
#6991=EDGE_CURVE('',#5362,#6986,#6990,.T.);
#6992=ORIENTED_EDGE('',*,*,#6991,.F.);
#6993=ORIENTED_EDGE('',*,*,#5370,.T.);
#6994=ORIENTED_EDGE('',*,*,#5377,.T.);
#6995=ORIENTED_EDGE('',*,*,#6991,.T.);
#6996=CARTESIAN_POINT('',(5.955,-19.05,1.786691565));
#6997=VERTEX_POINT('',#6996);
#6998=CARTESIAN_POINT('',(5.08,-19.05,1.786691565));
#6999=DIRECTION('',(-0.,-0.,-1.));
#7000=DIRECTION('',(1.,0.,-0.));
#7001=AXIS2_PLACEMENT_3D('',#6998,#6999,#7000);
#7002=CIRCLE('',#7001,0.875);
#7003=EDGE_CURVE('',#6997,#6986,#7002,.T.);
#7004=ORIENTED_EDGE('',*,*,#7003,.F.);
#7005=CARTESIAN_POINT('',(5.08,-19.05,1.786691565));
#7006=DIRECTION('',(-0.,-0.,-1.));
#7007=DIRECTION('',(1.,0.,-0.));
#7008=AXIS2_PLACEMENT_3D('',#7005,#7006,#7007);
#7009=CIRCLE('',#7008,0.875);
#7010=EDGE_CURVE('',#6986,#6997,#7009,.T.);
#7011=ORIENTED_EDGE('',*,*,#7010,.F.);
#7012=EDGE_LOOP('',(#6992,#6993,#6994,#6995,#7004,#7011));
#7013=FACE_BOUND('',#7012,.T.);
#7014=ADVANCED_FACE('',(#7013),#6984,.F.);
#7015=CARTESIAN_POINT('',(0.,-13.97,1.786691565));
#7016=DIRECTION('',(0.,0.,-1.));
#7017=DIRECTION('',(-1.,0.,0.));
#7018=AXIS2_PLACEMENT_3D('',#7015,#7016,#7017);
#7019=CYLINDRICAL_SURFACE('',#7018,0.875);
#7020=CARTESIAN_POINT('',(-0.875,-13.97,1.786691565));
#7021=VERTEX_POINT('',#7020);
#7022=CARTESIAN_POINT('',(-0.875,-13.97,1.386691565));
#7023=DIRECTION('',(-0.,-0.,1.));
#7024=VECTOR('',#7023,0.4);
#7025=LINE('',#7022,#7024);
#7026=EDGE_CURVE('',#5382,#7021,#7025,.T.);
#7027=ORIENTED_EDGE('',*,*,#7026,.F.);
#7028=ORIENTED_EDGE('',*,*,#5390,.T.);
#7029=ORIENTED_EDGE('',*,*,#5397,.T.);
#7030=ORIENTED_EDGE('',*,*,#7026,.T.);
#7031=CARTESIAN_POINT('',(0.875,-13.97,1.786691565));
#7032=VERTEX_POINT('',#7031);
#7033=CARTESIAN_POINT('',(0.,-13.97,1.786691565));
#7034=DIRECTION('',(-0.,-0.,-1.));
#7035=DIRECTION('',(1.,0.,-0.));
#7036=AXIS2_PLACEMENT_3D('',#7033,#7034,#7035);
#7037=CIRCLE('',#7036,0.875);
#7038=EDGE_CURVE('',#7032,#7021,#7037,.T.);
#7039=ORIENTED_EDGE('',*,*,#7038,.F.);
#7040=CARTESIAN_POINT('',(0.,-13.97,1.786691565));
#7041=DIRECTION('',(-0.,-0.,-1.));
#7042=DIRECTION('',(1.,0.,-0.));
#7043=AXIS2_PLACEMENT_3D('',#7040,#7041,#7042);
#7044=CIRCLE('',#7043,0.875);
#7045=EDGE_CURVE('',#7021,#7032,#7044,.T.);
#7046=ORIENTED_EDGE('',*,*,#7045,.F.);
#7047=EDGE_LOOP('',(#7027,#7028,#7029,#7030,#7039,#7046));
#7048=FACE_BOUND('',#7047,.T.);
#7049=ADVANCED_FACE('',(#7048),#7019,.F.);
#7050=CARTESIAN_POINT('',(-104.25,85.2,1.786691565));
#7051=DIRECTION('',(0.,0.,1.));
#7052=DIRECTION('',(1.,0.,0.));
#7053=AXIS2_PLACEMENT_3D('',#7050,#7051,#7052);
#7054=PLANE('',#7053);
#7055=ORIENTED_EDGE('',*,*,#7038,.T.);
#7056=ORIENTED_EDGE('',*,*,#7045,.T.);
#7057=EDGE_LOOP('',(#7055,#7056));
#7058=FACE_BOUND('',#7057,.T.);
#7059=ORIENTED_EDGE('',*,*,#7003,.T.);
#7060=ORIENTED_EDGE('',*,*,#7010,.T.);
#7061=EDGE_LOOP('',(#7059,#7060));
#7062=FACE_BOUND('',#7061,.T.);
#7063=ORIENTED_EDGE('',*,*,#6968,.T.);
#7064=ORIENTED_EDGE('',*,*,#6975,.T.);
#7065=EDGE_LOOP('',(#7063,#7064));
#7066=FACE_BOUND('',#7065,.T.);
#7067=ORIENTED_EDGE('',*,*,#6933,.T.);
#7068=ORIENTED_EDGE('',*,*,#6940,.T.);
#7069=EDGE_LOOP('',(#7067,#7068));
#7070=FACE_BOUND('',#7069,.T.);
#7071=ORIENTED_EDGE('',*,*,#2631,.F.);
#7072=ORIENTED_EDGE('',*,*,#2669,.F.);
#7073=ORIENTED_EDGE('',*,*,#2700,.F.);
#7074=ORIENTED_EDGE('',*,*,#3628,.F.);
#7075=EDGE_LOOP('',(#7071,#7072,#7073,#7074));
#7076=FACE_BOUND('',#7075,.T.);
#7077=ADVANCED_FACE('',(#7058,#7062,#7066,#7070,#7076),#7054,.T.);
#7078=CARTESIAN_POINT('',(19.05,-24.13,1.786691565));
#7079=DIRECTION('',(0.,0.,-1.));
#7080=DIRECTION('',(-1.,0.,0.));
#7081=AXIS2_PLACEMENT_3D('',#7078,#7079,#7080);
#7082=CYLINDRICAL_SURFACE('',#7081,0.875);
#7083=CARTESIAN_POINT('',(18.175,-24.13,1.786691565));
#7084=VERTEX_POINT('',#7083);
#7085=CARTESIAN_POINT('',(18.175,-24.13,1.386691565));
#7086=DIRECTION('',(-0.,-0.,1.));
#7087=VECTOR('',#7086,0.4);
#7088=LINE('',#7085,#7087);
#7089=EDGE_CURVE('',#5302,#7084,#7088,.T.);
#7090=ORIENTED_EDGE('',*,*,#7089,.F.);
#7091=ORIENTED_EDGE('',*,*,#5310,.T.);
#7092=ORIENTED_EDGE('',*,*,#5317,.T.);
#7093=ORIENTED_EDGE('',*,*,#7089,.T.);
#7094=CARTESIAN_POINT('',(19.925,-24.13,1.786691565));
#7095=VERTEX_POINT('',#7094);
#7096=CARTESIAN_POINT('',(19.05,-24.13,1.786691565));
#7097=DIRECTION('',(-0.,-0.,-1.));
#7098=DIRECTION('',(1.,0.,-0.));
#7099=AXIS2_PLACEMENT_3D('',#7096,#7097,#7098);
#7100=CIRCLE('',#7099,0.875);
#7101=EDGE_CURVE('',#7095,#7084,#7100,.T.);
#7102=ORIENTED_EDGE('',*,*,#7101,.F.);
#7103=CARTESIAN_POINT('',(19.05,-24.13,1.786691565));
#7104=DIRECTION('',(-0.,-0.,-1.));
#7105=DIRECTION('',(1.,0.,-0.));
#7106=AXIS2_PLACEMENT_3D('',#7103,#7104,#7105);
#7107=CIRCLE('',#7106,0.875);
#7108=EDGE_CURVE('',#7084,#7095,#7107,.T.);
#7109=ORIENTED_EDGE('',*,*,#7108,.F.);
#7110=EDGE_LOOP('',(#7090,#7091,#7092,#7093,#7102,#7109));
#7111=FACE_BOUND('',#7110,.T.);
#7112=ADVANCED_FACE('',(#7111),#7082,.F.);
#7113=CARTESIAN_POINT('',(13.97,-19.05,1.786691565));
#7114=DIRECTION('',(0.,0.,-1.));
#7115=DIRECTION('',(-1.,0.,0.));
#7116=AXIS2_PLACEMENT_3D('',#7113,#7114,#7115);
#7117=CYLINDRICAL_SURFACE('',#7116,0.875);
#7118=CARTESIAN_POINT('',(13.095,-19.05,1.786691565));
#7119=VERTEX_POINT('',#7118);
#7120=CARTESIAN_POINT('',(13.095,-19.05,1.386691565));
#7121=DIRECTION('',(-0.,-0.,1.));
#7122=VECTOR('',#7121,0.4);
#7123=LINE('',#7120,#7122);
#7124=EDGE_CURVE('',#5282,#7119,#7123,.T.);
#7125=ORIENTED_EDGE('',*,*,#7124,.F.);
#7126=ORIENTED_EDGE('',*,*,#5290,.T.);
#7127=ORIENTED_EDGE('',*,*,#5297,.T.);
#7128=ORIENTED_EDGE('',*,*,#7124,.T.);
#7129=CARTESIAN_POINT('',(14.845,-19.05,1.786691565));
#7130=VERTEX_POINT('',#7129);
#7131=CARTESIAN_POINT('',(13.97,-19.05,1.786691565));
#7132=DIRECTION('',(-0.,-0.,-1.));
#7133=DIRECTION('',(1.,0.,-0.));
#7134=AXIS2_PLACEMENT_3D('',#7131,#7132,#7133);
#7135=CIRCLE('',#7134,0.875);
#7136=EDGE_CURVE('',#7130,#7119,#7135,.T.);
#7137=ORIENTED_EDGE('',*,*,#7136,.F.);
#7138=CARTESIAN_POINT('',(13.97,-19.05,1.786691565));
#7139=DIRECTION('',(-0.,-0.,-1.));
#7140=DIRECTION('',(1.,0.,-0.));
#7141=AXIS2_PLACEMENT_3D('',#7138,#7139,#7140);
#7142=CIRCLE('',#7141,0.875);
#7143=EDGE_CURVE('',#7119,#7130,#7142,.T.);
#7144=ORIENTED_EDGE('',*,*,#7143,.F.);
#7145=EDGE_LOOP('',(#7125,#7126,#7127,#7128,#7137,#7144));
#7146=FACE_BOUND('',#7145,.T.);
#7147=ADVANCED_FACE('',(#7146),#7117,.F.);
#7148=CARTESIAN_POINT('',(19.05,-13.97,1.786691565));
#7149=DIRECTION('',(0.,0.,-1.));
#7150=DIRECTION('',(-1.,0.,0.));
#7151=AXIS2_PLACEMENT_3D('',#7148,#7149,#7150);
#7152=CYLINDRICAL_SURFACE('',#7151,0.875);
#7153=CARTESIAN_POINT('',(18.175,-13.97,1.786691565));
#7154=VERTEX_POINT('',#7153);
#7155=CARTESIAN_POINT('',(18.175,-13.97,1.386691565));
#7156=DIRECTION('',(-0.,-0.,1.));
#7157=VECTOR('',#7156,0.4);
#7158=LINE('',#7155,#7157);
#7159=EDGE_CURVE('',#5262,#7154,#7158,.T.);
#7160=ORIENTED_EDGE('',*,*,#7159,.F.);
#7161=ORIENTED_EDGE('',*,*,#5270,.T.);
#7162=ORIENTED_EDGE('',*,*,#5277,.T.);
#7163=ORIENTED_EDGE('',*,*,#7159,.T.);
#7164=CARTESIAN_POINT('',(19.925,-13.97,1.786691565));
#7165=VERTEX_POINT('',#7164);
#7166=CARTESIAN_POINT('',(19.05,-13.97,1.786691565));
#7167=DIRECTION('',(-0.,-0.,-1.));
#7168=DIRECTION('',(1.,0.,-0.));
#7169=AXIS2_PLACEMENT_3D('',#7166,#7167,#7168);
#7170=CIRCLE('',#7169,0.875);
#7171=EDGE_CURVE('',#7165,#7154,#7170,.T.);
#7172=ORIENTED_EDGE('',*,*,#7171,.F.);
#7173=CARTESIAN_POINT('',(19.05,-13.97,1.786691565));
#7174=DIRECTION('',(-0.,-0.,-1.));
#7175=DIRECTION('',(1.,0.,-0.));
#7176=AXIS2_PLACEMENT_3D('',#7173,#7174,#7175);
#7177=CIRCLE('',#7176,0.875);
#7178=EDGE_CURVE('',#7154,#7165,#7177,.T.);
#7179=ORIENTED_EDGE('',*,*,#7178,.F.);
#7180=EDGE_LOOP('',(#7160,#7161,#7162,#7163,#7172,#7179));
#7181=FACE_BOUND('',#7180,.T.);
#7182=ADVANCED_FACE('',(#7181),#7152,.F.);
#7183=CARTESIAN_POINT('',(24.13,-19.05,1.786691565));
#7184=DIRECTION('',(0.,0.,-1.));
#7185=DIRECTION('',(-1.,0.,0.));
#7186=AXIS2_PLACEMENT_3D('',#7183,#7184,#7185);
#7187=CYLINDRICAL_SURFACE('',#7186,0.875);
#7188=CARTESIAN_POINT('',(23.255,-19.05,1.786691565));
#7189=VERTEX_POINT('',#7188);
#7190=CARTESIAN_POINT('',(23.255,-19.05,1.386691565));
#7191=DIRECTION('',(-0.,-0.,1.));
#7192=VECTOR('',#7191,0.4);
#7193=LINE('',#7190,#7192);
#7194=EDGE_CURVE('',#5242,#7189,#7193,.T.);
#7195=ORIENTED_EDGE('',*,*,#7194,.F.);
#7196=ORIENTED_EDGE('',*,*,#5250,.T.);
#7197=ORIENTED_EDGE('',*,*,#5257,.T.);
#7198=ORIENTED_EDGE('',*,*,#7194,.T.);
#7199=CARTESIAN_POINT('',(25.005,-19.05,1.786691565));
#7200=VERTEX_POINT('',#7199);
#7201=CARTESIAN_POINT('',(24.13,-19.05,1.786691565));
#7202=DIRECTION('',(-0.,-0.,-1.));
#7203=DIRECTION('',(1.,0.,-0.));
#7204=AXIS2_PLACEMENT_3D('',#7201,#7202,#7203);
#7205=CIRCLE('',#7204,0.875);
#7206=EDGE_CURVE('',#7200,#7189,#7205,.T.);
#7207=ORIENTED_EDGE('',*,*,#7206,.F.);
#7208=CARTESIAN_POINT('',(24.13,-19.05,1.786691565));
#7209=DIRECTION('',(-0.,-0.,-1.));
#7210=DIRECTION('',(1.,0.,-0.));
#7211=AXIS2_PLACEMENT_3D('',#7208,#7209,#7210);
#7212=CIRCLE('',#7211,0.875);
#7213=EDGE_CURVE('',#7189,#7200,#7212,.T.);
#7214=ORIENTED_EDGE('',*,*,#7213,.F.);
#7215=EDGE_LOOP('',(#7195,#7196,#7197,#7198,#7207,#7214));
#7216=FACE_BOUND('',#7215,.T.);
#7217=ADVANCED_FACE('',(#7216),#7187,.F.);
#7218=CARTESIAN_POINT('',(-104.25,85.2,1.786691565));
#7219=DIRECTION('',(0.,0.,1.));
#7220=DIRECTION('',(1.,0.,0.));
#7221=AXIS2_PLACEMENT_3D('',#7218,#7219,#7220);
#7222=PLANE('',#7221);
#7223=ORIENTED_EDGE('',*,*,#7206,.T.);
#7224=ORIENTED_EDGE('',*,*,#7213,.T.);
#7225=EDGE_LOOP('',(#7223,#7224));
#7226=FACE_BOUND('',#7225,.T.);
#7227=ORIENTED_EDGE('',*,*,#7171,.T.);
#7228=ORIENTED_EDGE('',*,*,#7178,.T.);
#7229=EDGE_LOOP('',(#7227,#7228));
#7230=FACE_BOUND('',#7229,.T.);
#7231=ORIENTED_EDGE('',*,*,#7136,.T.);
#7232=ORIENTED_EDGE('',*,*,#7143,.T.);
#7233=EDGE_LOOP('',(#7231,#7232));
#7234=FACE_BOUND('',#7233,.T.);
#7235=ORIENTED_EDGE('',*,*,#7101,.T.);
#7236=ORIENTED_EDGE('',*,*,#7108,.T.);
#7237=EDGE_LOOP('',(#7235,#7236));
#7238=FACE_BOUND('',#7237,.T.);
#7239=ORIENTED_EDGE('',*,*,#2529,.F.);
#7240=ORIENTED_EDGE('',*,*,#2567,.F.);
#7241=ORIENTED_EDGE('',*,*,#2598,.F.);
#7242=ORIENTED_EDGE('',*,*,#3606,.F.);
#7243=EDGE_LOOP('',(#7239,#7240,#7241,#7242));
#7244=FACE_BOUND('',#7243,.T.);
#7245=ADVANCED_FACE('',(#7226,#7230,#7234,#7238,#7244),#7222,.T.);
#7246=CARTESIAN_POINT('',(38.1,-24.13,1.786691565));
#7247=DIRECTION('',(0.,0.,-1.));
#7248=DIRECTION('',(-1.,0.,0.));
#7249=AXIS2_PLACEMENT_3D('',#7246,#7247,#7248);
#7250=CYLINDRICAL_SURFACE('',#7249,0.875);
#7251=CARTESIAN_POINT('',(37.225,-24.13,1.786691565));
#7252=VERTEX_POINT('',#7251);
#7253=CARTESIAN_POINT('',(37.225,-24.13,1.386691565));
#7254=DIRECTION('',(-0.,-0.,1.));
#7255=VECTOR('',#7254,0.4);
#7256=LINE('',#7253,#7255);
#7257=EDGE_CURVE('',#5162,#7252,#7256,.T.);
#7258=ORIENTED_EDGE('',*,*,#7257,.F.);
#7259=ORIENTED_EDGE('',*,*,#5170,.T.);
#7260=ORIENTED_EDGE('',*,*,#5177,.T.);
#7261=ORIENTED_EDGE('',*,*,#7257,.T.);
#7262=CARTESIAN_POINT('',(38.975,-24.13,1.786691565));
#7263=VERTEX_POINT('',#7262);
#7264=CARTESIAN_POINT('',(38.1,-24.13,1.786691565));
#7265=DIRECTION('',(-0.,-0.,-1.));
#7266=DIRECTION('',(1.,0.,-0.));
#7267=AXIS2_PLACEMENT_3D('',#7264,#7265,#7266);
#7268=CIRCLE('',#7267,0.875);
#7269=EDGE_CURVE('',#7263,#7252,#7268,.T.);
#7270=ORIENTED_EDGE('',*,*,#7269,.F.);
#7271=CARTESIAN_POINT('',(38.1,-24.13,1.786691565));
#7272=DIRECTION('',(-0.,-0.,-1.));
#7273=DIRECTION('',(1.,0.,-0.));
#7274=AXIS2_PLACEMENT_3D('',#7271,#7272,#7273);
#7275=CIRCLE('',#7274,0.875);
#7276=EDGE_CURVE('',#7252,#7263,#7275,.T.);
#7277=ORIENTED_EDGE('',*,*,#7276,.F.);
#7278=EDGE_LOOP('',(#7258,#7259,#7260,#7261,#7270,#7277));
#7279=FACE_BOUND('',#7278,.T.);
#7280=ADVANCED_FACE('',(#7279),#7250,.F.);
#7281=CARTESIAN_POINT('',(33.02,-19.05,1.786691565));
#7282=DIRECTION('',(0.,0.,-1.));
#7283=DIRECTION('',(-1.,0.,0.));
#7284=AXIS2_PLACEMENT_3D('',#7281,#7282,#7283);
#7285=CYLINDRICAL_SURFACE('',#7284,0.875);
#7286=CARTESIAN_POINT('',(32.145,-19.05,1.786691565));
#7287=VERTEX_POINT('',#7286);
#7288=CARTESIAN_POINT('',(32.145,-19.05,1.386691565));
#7289=DIRECTION('',(-0.,-0.,1.));
#7290=VECTOR('',#7289,0.4);
#7291=LINE('',#7288,#7290);
#7292=EDGE_CURVE('',#5182,#7287,#7291,.T.);
#7293=ORIENTED_EDGE('',*,*,#7292,.F.);
#7294=ORIENTED_EDGE('',*,*,#5190,.T.);
#7295=ORIENTED_EDGE('',*,*,#5197,.T.);
#7296=ORIENTED_EDGE('',*,*,#7292,.T.);
#7297=CARTESIAN_POINT('',(33.895,-19.05,1.786691565));
#7298=VERTEX_POINT('',#7297);
#7299=CARTESIAN_POINT('',(33.02,-19.05,1.786691565));
#7300=DIRECTION('',(-0.,-0.,-1.));
#7301=DIRECTION('',(1.,0.,-0.));
#7302=AXIS2_PLACEMENT_3D('',#7299,#7300,#7301);
#7303=CIRCLE('',#7302,0.875);
#7304=EDGE_CURVE('',#7298,#7287,#7303,.T.);
#7305=ORIENTED_EDGE('',*,*,#7304,.F.);
#7306=CARTESIAN_POINT('',(33.02,-19.05,1.786691565));
#7307=DIRECTION('',(-0.,-0.,-1.));
#7308=DIRECTION('',(1.,0.,-0.));
#7309=AXIS2_PLACEMENT_3D('',#7306,#7307,#7308);
#7310=CIRCLE('',#7309,0.875);
#7311=EDGE_CURVE('',#7287,#7298,#7310,.T.);
#7312=ORIENTED_EDGE('',*,*,#7311,.F.);
#7313=EDGE_LOOP('',(#7293,#7294,#7295,#7296,#7305,#7312));
#7314=FACE_BOUND('',#7313,.T.);
#7315=ADVANCED_FACE('',(#7314),#7285,.F.);
#7316=CARTESIAN_POINT('',(43.18,-19.05,1.786691565));
#7317=DIRECTION('',(0.,0.,-1.));
#7318=DIRECTION('',(-1.,0.,0.));
#7319=AXIS2_PLACEMENT_3D('',#7316,#7317,#7318);
#7320=CYLINDRICAL_SURFACE('',#7319,0.875);
#7321=CARTESIAN_POINT('',(42.305,-19.05,1.786691565));
#7322=VERTEX_POINT('',#7321);
#7323=CARTESIAN_POINT('',(42.305,-19.05,1.386691565));
#7324=DIRECTION('',(-0.,-0.,1.));
#7325=VECTOR('',#7324,0.4);
#7326=LINE('',#7323,#7325);
#7327=EDGE_CURVE('',#5202,#7322,#7326,.T.);
#7328=ORIENTED_EDGE('',*,*,#7327,.F.);
#7329=ORIENTED_EDGE('',*,*,#5210,.T.);
#7330=ORIENTED_EDGE('',*,*,#5217,.T.);
#7331=ORIENTED_EDGE('',*,*,#7327,.T.);
#7332=CARTESIAN_POINT('',(44.055,-19.05,1.786691565));
#7333=VERTEX_POINT('',#7332);
#7334=CARTESIAN_POINT('',(43.18,-19.05,1.786691565));
#7335=DIRECTION('',(-0.,-0.,-1.));
#7336=DIRECTION('',(1.,0.,-0.));
#7337=AXIS2_PLACEMENT_3D('',#7334,#7335,#7336);
#7338=CIRCLE('',#7337,0.875);
#7339=EDGE_CURVE('',#7333,#7322,#7338,.T.);
#7340=ORIENTED_EDGE('',*,*,#7339,.F.);
#7341=CARTESIAN_POINT('',(43.18,-19.05,1.786691565));
#7342=DIRECTION('',(-0.,-0.,-1.));
#7343=DIRECTION('',(1.,0.,-0.));
#7344=AXIS2_PLACEMENT_3D('',#7341,#7342,#7343);
#7345=CIRCLE('',#7344,0.875);
#7346=EDGE_CURVE('',#7322,#7333,#7345,.T.);
#7347=ORIENTED_EDGE('',*,*,#7346,.F.);
#7348=EDGE_LOOP('',(#7328,#7329,#7330,#7331,#7340,#7347));
#7349=FACE_BOUND('',#7348,.T.);
#7350=ADVANCED_FACE('',(#7349),#7320,.F.);
#7351=CARTESIAN_POINT('',(38.1,-13.97,1.786691565));
#7352=DIRECTION('',(0.,0.,-1.));
#7353=DIRECTION('',(-1.,0.,0.));
#7354=AXIS2_PLACEMENT_3D('',#7351,#7352,#7353);
#7355=CYLINDRICAL_SURFACE('',#7354,0.875);
#7356=CARTESIAN_POINT('',(37.225,-13.97,1.786691565));
#7357=VERTEX_POINT('',#7356);
#7358=CARTESIAN_POINT('',(37.225,-13.97,1.386691565));
#7359=DIRECTION('',(-0.,-0.,1.));
#7360=VECTOR('',#7359,0.4);
#7361=LINE('',#7358,#7360);
#7362=EDGE_CURVE('',#5222,#7357,#7361,.T.);
#7363=ORIENTED_EDGE('',*,*,#7362,.F.);
#7364=ORIENTED_EDGE('',*,*,#5230,.T.);
#7365=ORIENTED_EDGE('',*,*,#5237,.T.);
#7366=ORIENTED_EDGE('',*,*,#7362,.T.);
#7367=CARTESIAN_POINT('',(38.975,-13.97,1.786691565));
#7368=VERTEX_POINT('',#7367);
#7369=CARTESIAN_POINT('',(38.1,-13.97,1.786691565));
#7370=DIRECTION('',(-0.,-0.,-1.));
#7371=DIRECTION('',(1.,0.,-0.));
#7372=AXIS2_PLACEMENT_3D('',#7369,#7370,#7371);
#7373=CIRCLE('',#7372,0.875);
#7374=EDGE_CURVE('',#7368,#7357,#7373,.T.);
#7375=ORIENTED_EDGE('',*,*,#7374,.F.);
#7376=CARTESIAN_POINT('',(38.1,-13.97,1.786691565));
#7377=DIRECTION('',(-0.,-0.,-1.));
#7378=DIRECTION('',(1.,0.,-0.));
#7379=AXIS2_PLACEMENT_3D('',#7376,#7377,#7378);
#7380=CIRCLE('',#7379,0.875);
#7381=EDGE_CURVE('',#7357,#7368,#7380,.T.);
#7382=ORIENTED_EDGE('',*,*,#7381,.F.);
#7383=EDGE_LOOP('',(#7363,#7364,#7365,#7366,#7375,#7382));
#7384=FACE_BOUND('',#7383,.T.);
#7385=ADVANCED_FACE('',(#7384),#7355,.F.);
#7386=CARTESIAN_POINT('',(-104.25,85.2,1.786691565));
#7387=DIRECTION('',(0.,0.,1.));
#7388=DIRECTION('',(1.,0.,0.));
#7389=AXIS2_PLACEMENT_3D('',#7386,#7387,#7388);
#7390=PLANE('',#7389);
#7391=ORIENTED_EDGE('',*,*,#7374,.T.);
#7392=ORIENTED_EDGE('',*,*,#7381,.T.);
#7393=EDGE_LOOP('',(#7391,#7392));
#7394=FACE_BOUND('',#7393,.T.);
#7395=ORIENTED_EDGE('',*,*,#7339,.T.);
#7396=ORIENTED_EDGE('',*,*,#7346,.T.);
#7397=EDGE_LOOP('',(#7395,#7396));
#7398=FACE_BOUND('',#7397,.T.);
#7399=ORIENTED_EDGE('',*,*,#7304,.T.);
#7400=ORIENTED_EDGE('',*,*,#7311,.T.);
#7401=EDGE_LOOP('',(#7399,#7400));
#7402=FACE_BOUND('',#7401,.T.);
#7403=ORIENTED_EDGE('',*,*,#7269,.T.);
#7404=ORIENTED_EDGE('',*,*,#7276,.T.);
#7405=EDGE_LOOP('',(#7403,#7404));
#7406=FACE_BOUND('',#7405,.T.);
#7407=ORIENTED_EDGE('',*,*,#2427,.F.);
#7408=ORIENTED_EDGE('',*,*,#2465,.F.);
#7409=ORIENTED_EDGE('',*,*,#2496,.F.);
#7410=ORIENTED_EDGE('',*,*,#3584,.F.);
#7411=EDGE_LOOP('',(#7407,#7408,#7409,#7410));
#7412=FACE_BOUND('',#7411,.T.);
#7413=ADVANCED_FACE('',(#7394,#7398,#7402,#7406,#7412),#7390,.T.);
#7414=CARTESIAN_POINT('',(-38.1,-5.08,1.786691565));
#7415=DIRECTION('',(0.,0.,-1.));
#7416=DIRECTION('',(-1.,0.,0.));
#7417=AXIS2_PLACEMENT_3D('',#7414,#7415,#7416);
#7418=CYLINDRICAL_SURFACE('',#7417,0.875);
#7419=CARTESIAN_POINT('',(-38.975,-5.08,1.786691565));
#7420=VERTEX_POINT('',#7419);
#7421=CARTESIAN_POINT('',(-38.975,-5.08,1.386691565));
#7422=DIRECTION('',(-0.,-0.,1.));
#7423=VECTOR('',#7422,0.4);
#7424=LINE('',#7421,#7423);
#7425=EDGE_CURVE('',#5142,#7420,#7424,.T.);
#7426=ORIENTED_EDGE('',*,*,#7425,.F.);
#7427=ORIENTED_EDGE('',*,*,#5150,.T.);
#7428=ORIENTED_EDGE('',*,*,#5157,.T.);
#7429=ORIENTED_EDGE('',*,*,#7425,.T.);
#7430=CARTESIAN_POINT('',(-37.225,-5.08,1.786691565));
#7431=VERTEX_POINT('',#7430);
#7432=CARTESIAN_POINT('',(-38.1,-5.08,1.786691565));
#7433=DIRECTION('',(-0.,-0.,-1.));
#7434=DIRECTION('',(1.,0.,-0.));
#7435=AXIS2_PLACEMENT_3D('',#7432,#7433,#7434);
#7436=CIRCLE('',#7435,0.875);
#7437=EDGE_CURVE('',#7431,#7420,#7436,.T.);
#7438=ORIENTED_EDGE('',*,*,#7437,.F.);
#7439=CARTESIAN_POINT('',(-38.1,-5.08,1.786691565));
#7440=DIRECTION('',(-0.,-0.,-1.));
#7441=DIRECTION('',(1.,0.,-0.));
#7442=AXIS2_PLACEMENT_3D('',#7439,#7440,#7441);
#7443=CIRCLE('',#7442,0.875);
#7444=EDGE_CURVE('',#7420,#7431,#7443,.T.);
#7445=ORIENTED_EDGE('',*,*,#7444,.F.);
#7446=EDGE_LOOP('',(#7426,#7427,#7428,#7429,#7438,#7445));
#7447=FACE_BOUND('',#7446,.T.);
#7448=ADVANCED_FACE('',(#7447),#7418,.F.);
#7449=CARTESIAN_POINT('',(-43.18,-0.,1.786691565));
#7450=DIRECTION('',(0.,0.,-1.));
#7451=DIRECTION('',(-1.,0.,0.));
#7452=AXIS2_PLACEMENT_3D('',#7449,#7450,#7451);
#7453=CYLINDRICAL_SURFACE('',#7452,0.875);
#7454=CARTESIAN_POINT('',(-44.055,-0.,1.786691565));
#7455=VERTEX_POINT('',#7454);
#7456=CARTESIAN_POINT('',(-44.055,-0.,1.386691565));
#7457=DIRECTION('',(-0.,-0.,1.));
#7458=VECTOR('',#7457,0.4);
#7459=LINE('',#7456,#7458);
#7460=EDGE_CURVE('',#5122,#7455,#7459,.T.);
#7461=ORIENTED_EDGE('',*,*,#7460,.F.);
#7462=ORIENTED_EDGE('',*,*,#5130,.T.);
#7463=ORIENTED_EDGE('',*,*,#5137,.T.);
#7464=ORIENTED_EDGE('',*,*,#7460,.T.);
#7465=CARTESIAN_POINT('',(-42.305,-0.,1.786691565));
#7466=VERTEX_POINT('',#7465);
#7467=CARTESIAN_POINT('',(-43.18,-0.,1.786691565));
#7468=DIRECTION('',(-0.,-0.,-1.));
#7469=DIRECTION('',(1.,0.,-0.));
#7470=AXIS2_PLACEMENT_3D('',#7467,#7468,#7469);
#7471=CIRCLE('',#7470,0.875);
#7472=EDGE_CURVE('',#7466,#7455,#7471,.T.);
#7473=ORIENTED_EDGE('',*,*,#7472,.F.);
#7474=CARTESIAN_POINT('',(-43.18,-0.,1.786691565));
#7475=DIRECTION('',(-0.,-0.,-1.));
#7476=DIRECTION('',(1.,0.,-0.));
#7477=AXIS2_PLACEMENT_3D('',#7474,#7475,#7476);
#7478=CIRCLE('',#7477,0.875);
#7479=EDGE_CURVE('',#7455,#7466,#7478,.T.);
#7480=ORIENTED_EDGE('',*,*,#7479,.F.);
#7481=EDGE_LOOP('',(#7461,#7462,#7463,#7464,#7473,#7480));
#7482=FACE_BOUND('',#7481,.T.);
#7483=ADVANCED_FACE('',(#7482),#7453,.F.);
#7484=CARTESIAN_POINT('',(-38.1,5.08,1.786691565));
#7485=DIRECTION('',(0.,0.,-1.));
#7486=DIRECTION('',(-1.,0.,0.));
#7487=AXIS2_PLACEMENT_3D('',#7484,#7485,#7486);
#7488=CYLINDRICAL_SURFACE('',#7487,0.875);
#7489=CARTESIAN_POINT('',(-38.975,5.08,1.786691565));
#7490=VERTEX_POINT('',#7489);
#7491=CARTESIAN_POINT('',(-38.975,5.08,1.386691565));
#7492=DIRECTION('',(-0.,-0.,1.));
#7493=VECTOR('',#7492,0.4);
#7494=LINE('',#7491,#7493);
#7495=EDGE_CURVE('',#5102,#7490,#7494,.T.);
#7496=ORIENTED_EDGE('',*,*,#7495,.F.);
#7497=ORIENTED_EDGE('',*,*,#5110,.T.);
#7498=ORIENTED_EDGE('',*,*,#5117,.T.);
#7499=ORIENTED_EDGE('',*,*,#7495,.T.);
#7500=CARTESIAN_POINT('',(-37.225,5.08,1.786691565));
#7501=VERTEX_POINT('',#7500);
#7502=CARTESIAN_POINT('',(-38.1,5.08,1.786691565));
#7503=DIRECTION('',(-0.,-0.,-1.));
#7504=DIRECTION('',(1.,0.,-0.));
#7505=AXIS2_PLACEMENT_3D('',#7502,#7503,#7504);
#7506=CIRCLE('',#7505,0.875);
#7507=EDGE_CURVE('',#7501,#7490,#7506,.T.);
#7508=ORIENTED_EDGE('',*,*,#7507,.F.);
#7509=CARTESIAN_POINT('',(-38.1,5.08,1.786691565));
#7510=DIRECTION('',(-0.,-0.,-1.));
#7511=DIRECTION('',(1.,0.,-0.));
#7512=AXIS2_PLACEMENT_3D('',#7509,#7510,#7511);
#7513=CIRCLE('',#7512,0.875);
#7514=EDGE_CURVE('',#7490,#7501,#7513,.T.);
#7515=ORIENTED_EDGE('',*,*,#7514,.F.);
#7516=EDGE_LOOP('',(#7496,#7497,#7498,#7499,#7508,#7515));
#7517=FACE_BOUND('',#7516,.T.);
#7518=ADVANCED_FACE('',(#7517),#7488,.F.);
#7519=CARTESIAN_POINT('',(-33.02,-0.,1.786691565));
#7520=DIRECTION('',(0.,0.,-1.));
#7521=DIRECTION('',(-1.,0.,0.));
#7522=AXIS2_PLACEMENT_3D('',#7519,#7520,#7521);
#7523=CYLINDRICAL_SURFACE('',#7522,0.875);
#7524=CARTESIAN_POINT('',(-33.895,-0.,1.786691565));
#7525=VERTEX_POINT('',#7524);
#7526=CARTESIAN_POINT('',(-33.895,-0.,1.386691565));
#7527=DIRECTION('',(-0.,-0.,1.));
#7528=VECTOR('',#7527,0.4);
#7529=LINE('',#7526,#7528);
#7530=EDGE_CURVE('',#5082,#7525,#7529,.T.);
#7531=ORIENTED_EDGE('',*,*,#7530,.F.);
#7532=ORIENTED_EDGE('',*,*,#5090,.T.);
#7533=ORIENTED_EDGE('',*,*,#5097,.T.);
#7534=ORIENTED_EDGE('',*,*,#7530,.T.);
#7535=CARTESIAN_POINT('',(-32.145,-0.,1.786691565));
#7536=VERTEX_POINT('',#7535);
#7537=CARTESIAN_POINT('',(-33.02,-0.,1.786691565));
#7538=DIRECTION('',(-0.,-0.,-1.));
#7539=DIRECTION('',(1.,0.,-0.));
#7540=AXIS2_PLACEMENT_3D('',#7537,#7538,#7539);
#7541=CIRCLE('',#7540,0.875);
#7542=EDGE_CURVE('',#7536,#7525,#7541,.T.);
#7543=ORIENTED_EDGE('',*,*,#7542,.F.);
#7544=CARTESIAN_POINT('',(-33.02,-0.,1.786691565));
#7545=DIRECTION('',(-0.,-0.,-1.));
#7546=DIRECTION('',(1.,0.,-0.));
#7547=AXIS2_PLACEMENT_3D('',#7544,#7545,#7546);
#7548=CIRCLE('',#7547,0.875);
#7549=EDGE_CURVE('',#7525,#7536,#7548,.T.);
#7550=ORIENTED_EDGE('',*,*,#7549,.F.);
#7551=EDGE_LOOP('',(#7531,#7532,#7533,#7534,#7543,#7550));
#7552=FACE_BOUND('',#7551,.T.);
#7553=ADVANCED_FACE('',(#7552),#7523,.F.);
#7554=CARTESIAN_POINT('',(-104.25,85.2,1.786691565));
#7555=DIRECTION('',(0.,0.,1.));
#7556=DIRECTION('',(1.,0.,0.));
#7557=AXIS2_PLACEMENT_3D('',#7554,#7555,#7556);
#7558=PLANE('',#7557);
#7559=ORIENTED_EDGE('',*,*,#7542,.T.);
#7560=ORIENTED_EDGE('',*,*,#7549,.T.);
#7561=EDGE_LOOP('',(#7559,#7560));
#7562=FACE_BOUND('',#7561,.T.);
#7563=ORIENTED_EDGE('',*,*,#7507,.T.);
#7564=ORIENTED_EDGE('',*,*,#7514,.T.);
#7565=EDGE_LOOP('',(#7563,#7564));
#7566=FACE_BOUND('',#7565,.T.);
#7567=ORIENTED_EDGE('',*,*,#7472,.T.);
#7568=ORIENTED_EDGE('',*,*,#7479,.T.);
#7569=EDGE_LOOP('',(#7567,#7568));
#7570=FACE_BOUND('',#7569,.T.);
#7571=ORIENTED_EDGE('',*,*,#7437,.T.);
#7572=ORIENTED_EDGE('',*,*,#7444,.T.);
#7573=EDGE_LOOP('',(#7571,#7572));
#7574=FACE_BOUND('',#7573,.T.);
#7575=ORIENTED_EDGE('',*,*,#2325,.F.);
#7576=ORIENTED_EDGE('',*,*,#2363,.F.);
#7577=ORIENTED_EDGE('',*,*,#2394,.F.);
#7578=ORIENTED_EDGE('',*,*,#3562,.F.);
#7579=EDGE_LOOP('',(#7575,#7576,#7577,#7578));
#7580=FACE_BOUND('',#7579,.T.);
#7581=ADVANCED_FACE('',(#7562,#7566,#7570,#7574,#7580),#7558,.T.);
#7582=CARTESIAN_POINT('',(-19.05,-5.08,1.786691565));
#7583=DIRECTION('',(0.,0.,-1.));
#7584=DIRECTION('',(-1.,0.,0.));
#7585=AXIS2_PLACEMENT_3D('',#7582,#7583,#7584);
#7586=CYLINDRICAL_SURFACE('',#7585,0.875);
#7587=CARTESIAN_POINT('',(-19.925,-5.08,1.786691565));
#7588=VERTEX_POINT('',#7587);
#7589=CARTESIAN_POINT('',(-19.925,-5.08,1.386691565));
#7590=DIRECTION('',(-0.,-0.,1.));
#7591=VECTOR('',#7590,0.4);
#7592=LINE('',#7589,#7591);
#7593=EDGE_CURVE('',#5002,#7588,#7592,.T.);
#7594=ORIENTED_EDGE('',*,*,#7593,.F.);
#7595=ORIENTED_EDGE('',*,*,#5010,.T.);
#7596=ORIENTED_EDGE('',*,*,#5017,.T.);
#7597=ORIENTED_EDGE('',*,*,#7593,.T.);
#7598=CARTESIAN_POINT('',(-18.175,-5.08,1.786691565));
#7599=VERTEX_POINT('',#7598);
#7600=CARTESIAN_POINT('',(-19.05,-5.08,1.786691565));
#7601=DIRECTION('',(-0.,-0.,-1.));
#7602=DIRECTION('',(1.,0.,-0.));
#7603=AXIS2_PLACEMENT_3D('',#7600,#7601,#7602);
#7604=CIRCLE('',#7603,0.875);
#7605=EDGE_CURVE('',#7599,#7588,#7604,.T.);
#7606=ORIENTED_EDGE('',*,*,#7605,.F.);
#7607=CARTESIAN_POINT('',(-19.05,-5.08,1.786691565));
#7608=DIRECTION('',(-0.,-0.,-1.));
#7609=DIRECTION('',(1.,0.,-0.));
#7610=AXIS2_PLACEMENT_3D('',#7607,#7608,#7609);
#7611=CIRCLE('',#7610,0.875);
#7612=EDGE_CURVE('',#7588,#7599,#7611,.T.);
#7613=ORIENTED_EDGE('',*,*,#7612,.F.);
#7614=EDGE_LOOP('',(#7594,#7595,#7596,#7597,#7606,#7613));
#7615=FACE_BOUND('',#7614,.T.);
#7616=ADVANCED_FACE('',(#7615),#7586,.F.);
#7617=CARTESIAN_POINT('',(-24.13,-0.,1.786691565));
#7618=DIRECTION('',(0.,0.,-1.));
#7619=DIRECTION('',(-1.,0.,0.));
#7620=AXIS2_PLACEMENT_3D('',#7617,#7618,#7619);
#7621=CYLINDRICAL_SURFACE('',#7620,0.875);
#7622=CARTESIAN_POINT('',(-25.005,-0.,1.786691565));
#7623=VERTEX_POINT('',#7622);
#7624=CARTESIAN_POINT('',(-25.005,-0.,1.386691565));
#7625=DIRECTION('',(-0.,-0.,1.));
#7626=VECTOR('',#7625,0.4);
#7627=LINE('',#7624,#7626);
#7628=EDGE_CURVE('',#5022,#7623,#7627,.T.);
#7629=ORIENTED_EDGE('',*,*,#7628,.F.);
#7630=ORIENTED_EDGE('',*,*,#5030,.T.);
#7631=ORIENTED_EDGE('',*,*,#5037,.T.);
#7632=ORIENTED_EDGE('',*,*,#7628,.T.);
#7633=CARTESIAN_POINT('',(-23.255,-0.,1.786691565));
#7634=VERTEX_POINT('',#7633);
#7635=CARTESIAN_POINT('',(-24.13,-0.,1.786691565));
#7636=DIRECTION('',(-0.,-0.,-1.));
#7637=DIRECTION('',(1.,0.,-0.));
#7638=AXIS2_PLACEMENT_3D('',#7635,#7636,#7637);
#7639=CIRCLE('',#7638,0.875);
#7640=EDGE_CURVE('',#7634,#7623,#7639,.T.);
#7641=ORIENTED_EDGE('',*,*,#7640,.F.);
#7642=CARTESIAN_POINT('',(-24.13,-0.,1.786691565));
#7643=DIRECTION('',(-0.,-0.,-1.));
#7644=DIRECTION('',(1.,0.,-0.));
#7645=AXIS2_PLACEMENT_3D('',#7642,#7643,#7644);
#7646=CIRCLE('',#7645,0.875);
#7647=EDGE_CURVE('',#7623,#7634,#7646,.T.);
#7648=ORIENTED_EDGE('',*,*,#7647,.F.);
#7649=EDGE_LOOP('',(#7629,#7630,#7631,#7632,#7641,#7648));
#7650=FACE_BOUND('',#7649,.T.);
#7651=ADVANCED_FACE('',(#7650),#7621,.F.);
#7652=CARTESIAN_POINT('',(-19.05,5.08,1.786691565));
#7653=DIRECTION('',(0.,0.,-1.));
#7654=DIRECTION('',(-1.,0.,0.));
#7655=AXIS2_PLACEMENT_3D('',#7652,#7653,#7654);
#7656=CYLINDRICAL_SURFACE('',#7655,0.875);
#7657=CARTESIAN_POINT('',(-19.925,5.08,1.786691565));
#7658=VERTEX_POINT('',#7657);
#7659=CARTESIAN_POINT('',(-19.925,5.08,1.386691565));
#7660=DIRECTION('',(-0.,-0.,1.));
#7661=VECTOR('',#7660,0.4);
#7662=LINE('',#7659,#7661);
#7663=EDGE_CURVE('',#5042,#7658,#7662,.T.);
#7664=ORIENTED_EDGE('',*,*,#7663,.F.);
#7665=ORIENTED_EDGE('',*,*,#5050,.T.);
#7666=ORIENTED_EDGE('',*,*,#5057,.T.);
#7667=ORIENTED_EDGE('',*,*,#7663,.T.);
#7668=CARTESIAN_POINT('',(-18.175,5.08,1.786691565));
#7669=VERTEX_POINT('',#7668);
#7670=CARTESIAN_POINT('',(-19.05,5.08,1.786691565));
#7671=DIRECTION('',(-0.,-0.,-1.));
#7672=DIRECTION('',(1.,0.,-0.));
#7673=AXIS2_PLACEMENT_3D('',#7670,#7671,#7672);
#7674=CIRCLE('',#7673,0.875);
#7675=EDGE_CURVE('',#7669,#7658,#7674,.T.);
#7676=ORIENTED_EDGE('',*,*,#7675,.F.);
#7677=CARTESIAN_POINT('',(-19.05,5.08,1.786691565));
#7678=DIRECTION('',(-0.,-0.,-1.));
#7679=DIRECTION('',(1.,0.,-0.));
#7680=AXIS2_PLACEMENT_3D('',#7677,#7678,#7679);
#7681=CIRCLE('',#7680,0.875);
#7682=EDGE_CURVE('',#7658,#7669,#7681,.T.);
#7683=ORIENTED_EDGE('',*,*,#7682,.F.);
#7684=EDGE_LOOP('',(#7664,#7665,#7666,#7667,#7676,#7683));
#7685=FACE_BOUND('',#7684,.T.);
#7686=ADVANCED_FACE('',(#7685),#7656,.F.);
#7687=CARTESIAN_POINT('',(-13.97,-0.,1.786691565));
#7688=DIRECTION('',(0.,0.,-1.));
#7689=DIRECTION('',(-1.,0.,0.));
#7690=AXIS2_PLACEMENT_3D('',#7687,#7688,#7689);
#7691=CYLINDRICAL_SURFACE('',#7690,0.875);
#7692=CARTESIAN_POINT('',(-14.845,-0.,1.786691565));
#7693=VERTEX_POINT('',#7692);
#7694=CARTESIAN_POINT('',(-14.845,-0.,1.386691565));
#7695=DIRECTION('',(-0.,-0.,1.));
#7696=VECTOR('',#7695,0.4);
#7697=LINE('',#7694,#7696);
#7698=EDGE_CURVE('',#5062,#7693,#7697,.T.);
#7699=ORIENTED_EDGE('',*,*,#7698,.F.);
#7700=ORIENTED_EDGE('',*,*,#5070,.T.);
#7701=ORIENTED_EDGE('',*,*,#5077,.T.);
#7702=ORIENTED_EDGE('',*,*,#7698,.T.);
#7703=CARTESIAN_POINT('',(-13.095,-0.,1.786691565));
#7704=VERTEX_POINT('',#7703);
#7705=CARTESIAN_POINT('',(-13.97,-0.,1.786691565));
#7706=DIRECTION('',(-0.,-0.,-1.));
#7707=DIRECTION('',(1.,0.,-0.));
#7708=AXIS2_PLACEMENT_3D('',#7705,#7706,#7707);
#7709=CIRCLE('',#7708,0.875);
#7710=EDGE_CURVE('',#7704,#7693,#7709,.T.);
#7711=ORIENTED_EDGE('',*,*,#7710,.F.);
#7712=CARTESIAN_POINT('',(-13.97,-0.,1.786691565));
#7713=DIRECTION('',(-0.,-0.,-1.));
#7714=DIRECTION('',(1.,0.,-0.));
#7715=AXIS2_PLACEMENT_3D('',#7712,#7713,#7714);
#7716=CIRCLE('',#7715,0.875);
#7717=EDGE_CURVE('',#7693,#7704,#7716,.T.);
#7718=ORIENTED_EDGE('',*,*,#7717,.F.);
#7719=EDGE_LOOP('',(#7699,#7700,#7701,#7702,#7711,#7718));
#7720=FACE_BOUND('',#7719,.T.);
#7721=ADVANCED_FACE('',(#7720),#7691,.F.);
#7722=CARTESIAN_POINT('',(-104.25,85.2,1.786691565));
#7723=DIRECTION('',(0.,0.,1.));
#7724=DIRECTION('',(1.,0.,0.));
#7725=AXIS2_PLACEMENT_3D('',#7722,#7723,#7724);
#7726=PLANE('',#7725);
#7727=ORIENTED_EDGE('',*,*,#7710,.T.);
#7728=ORIENTED_EDGE('',*,*,#7717,.T.);
#7729=EDGE_LOOP('',(#7727,#7728));
#7730=FACE_BOUND('',#7729,.T.);
#7731=ORIENTED_EDGE('',*,*,#7675,.T.);
#7732=ORIENTED_EDGE('',*,*,#7682,.T.);
#7733=EDGE_LOOP('',(#7731,#7732));
#7734=FACE_BOUND('',#7733,.T.);
#7735=ORIENTED_EDGE('',*,*,#7640,.T.);
#7736=ORIENTED_EDGE('',*,*,#7647,.T.);
#7737=EDGE_LOOP('',(#7735,#7736));
#7738=FACE_BOUND('',#7737,.T.);
#7739=ORIENTED_EDGE('',*,*,#7605,.T.);
#7740=ORIENTED_EDGE('',*,*,#7612,.T.);
#7741=EDGE_LOOP('',(#7739,#7740));
#7742=FACE_BOUND('',#7741,.T.);
#7743=ORIENTED_EDGE('',*,*,#2223,.F.);
#7744=ORIENTED_EDGE('',*,*,#2261,.F.);
#7745=ORIENTED_EDGE('',*,*,#2292,.F.);
#7746=ORIENTED_EDGE('',*,*,#3540,.F.);
#7747=EDGE_LOOP('',(#7743,#7744,#7745,#7746));
#7748=FACE_BOUND('',#7747,.T.);
#7749=ADVANCED_FACE('',(#7730,#7734,#7738,#7742,#7748),#7726,.T.);
#7750=CARTESIAN_POINT('',(0.,-5.08,1.786691565));
#7751=DIRECTION('',(0.,0.,-1.));
#7752=DIRECTION('',(-1.,0.,0.));
#7753=AXIS2_PLACEMENT_3D('',#7750,#7751,#7752);
#7754=CYLINDRICAL_SURFACE('',#7753,0.875);
#7755=CARTESIAN_POINT('',(-0.875,-5.08,1.786691565));
#7756=VERTEX_POINT('',#7755);
#7757=CARTESIAN_POINT('',(-0.875,-5.08,1.386691565));
#7758=DIRECTION('',(-0.,-0.,1.));
#7759=VECTOR('',#7758,0.4);
#7760=LINE('',#7757,#7759);
#7761=EDGE_CURVE('',#4982,#7756,#7760,.T.);
#7762=ORIENTED_EDGE('',*,*,#7761,.F.);
#7763=ORIENTED_EDGE('',*,*,#4990,.T.);
#7764=ORIENTED_EDGE('',*,*,#4997,.T.);
#7765=ORIENTED_EDGE('',*,*,#7761,.T.);
#7766=CARTESIAN_POINT('',(0.875,-5.08,1.786691565));
#7767=VERTEX_POINT('',#7766);
#7768=CARTESIAN_POINT('',(0.,-5.08,1.786691565));
#7769=DIRECTION('',(-0.,-0.,-1.));
#7770=DIRECTION('',(1.,0.,-0.));
#7771=AXIS2_PLACEMENT_3D('',#7768,#7769,#7770);
#7772=CIRCLE('',#7771,0.875);
#7773=EDGE_CURVE('',#7767,#7756,#7772,.T.);
#7774=ORIENTED_EDGE('',*,*,#7773,.F.);
#7775=CARTESIAN_POINT('',(0.,-5.08,1.786691565));
#7776=DIRECTION('',(-0.,-0.,-1.));
#7777=DIRECTION('',(1.,0.,-0.));
#7778=AXIS2_PLACEMENT_3D('',#7775,#7776,#7777);
#7779=CIRCLE('',#7778,0.875);
#7780=EDGE_CURVE('',#7756,#7767,#7779,.T.);
#7781=ORIENTED_EDGE('',*,*,#7780,.F.);
#7782=EDGE_LOOP('',(#7762,#7763,#7764,#7765,#7774,#7781));
#7783=FACE_BOUND('',#7782,.T.);
#7784=ADVANCED_FACE('',(#7783),#7754,.F.);
#7785=CARTESIAN_POINT('',(-5.08,-0.,1.786691565));
#7786=DIRECTION('',(0.,0.,-1.));
#7787=DIRECTION('',(-1.,0.,0.));
#7788=AXIS2_PLACEMENT_3D('',#7785,#7786,#7787);
#7789=CYLINDRICAL_SURFACE('',#7788,0.875);
#7790=CARTESIAN_POINT('',(-5.955,-0.,1.786691565));
#7791=VERTEX_POINT('',#7790);
#7792=CARTESIAN_POINT('',(-5.955,-0.,1.386691565));
#7793=DIRECTION('',(-0.,-0.,1.));
#7794=VECTOR('',#7793,0.4);
#7795=LINE('',#7792,#7794);
#7796=EDGE_CURVE('',#4962,#7791,#7795,.T.);
#7797=ORIENTED_EDGE('',*,*,#7796,.F.);
#7798=ORIENTED_EDGE('',*,*,#4970,.T.);
#7799=ORIENTED_EDGE('',*,*,#4977,.T.);
#7800=ORIENTED_EDGE('',*,*,#7796,.T.);
#7801=CARTESIAN_POINT('',(-4.205,-0.,1.786691565));
#7802=VERTEX_POINT('',#7801);
#7803=CARTESIAN_POINT('',(-5.08,-0.,1.786691565));
#7804=DIRECTION('',(-0.,-0.,-1.));
#7805=DIRECTION('',(1.,0.,-0.));
#7806=AXIS2_PLACEMENT_3D('',#7803,#7804,#7805);
#7807=CIRCLE('',#7806,0.875);
#7808=EDGE_CURVE('',#7802,#7791,#7807,.T.);
#7809=ORIENTED_EDGE('',*,*,#7808,.F.);
#7810=CARTESIAN_POINT('',(-5.08,-0.,1.786691565));
#7811=DIRECTION('',(-0.,-0.,-1.));
#7812=DIRECTION('',(1.,0.,-0.));
#7813=AXIS2_PLACEMENT_3D('',#7810,#7811,#7812);
#7814=CIRCLE('',#7813,0.875);
#7815=EDGE_CURVE('',#7791,#7802,#7814,.T.);
#7816=ORIENTED_EDGE('',*,*,#7815,.F.);
#7817=EDGE_LOOP('',(#7797,#7798,#7799,#7800,#7809,#7816));
#7818=FACE_BOUND('',#7817,.T.);
#7819=ADVANCED_FACE('',(#7818),#7789,.F.);
#7820=CARTESIAN_POINT('',(0.,5.08,1.786691565));
#7821=DIRECTION('',(0.,0.,-1.));
#7822=DIRECTION('',(-1.,0.,0.));
#7823=AXIS2_PLACEMENT_3D('',#7820,#7821,#7822);
#7824=CYLINDRICAL_SURFACE('',#7823,0.875);
#7825=CARTESIAN_POINT('',(-0.875,5.08,1.786691565));
#7826=VERTEX_POINT('',#7825);
#7827=CARTESIAN_POINT('',(-0.875,5.08,1.386691565));
#7828=DIRECTION('',(-0.,-0.,1.));
#7829=VECTOR('',#7828,0.4);
#7830=LINE('',#7827,#7829);
#7831=EDGE_CURVE('',#4942,#7826,#7830,.T.);
#7832=ORIENTED_EDGE('',*,*,#7831,.F.);
#7833=ORIENTED_EDGE('',*,*,#4950,.T.);
#7834=ORIENTED_EDGE('',*,*,#4957,.T.);
#7835=ORIENTED_EDGE('',*,*,#7831,.T.);
#7836=CARTESIAN_POINT('',(0.875,5.08,1.786691565));
#7837=VERTEX_POINT('',#7836);
#7838=CARTESIAN_POINT('',(0.,5.08,1.786691565));
#7839=DIRECTION('',(-0.,-0.,-1.));
#7840=DIRECTION('',(1.,0.,-0.));
#7841=AXIS2_PLACEMENT_3D('',#7838,#7839,#7840);
#7842=CIRCLE('',#7841,0.875);
#7843=EDGE_CURVE('',#7837,#7826,#7842,.T.);
#7844=ORIENTED_EDGE('',*,*,#7843,.F.);
#7845=CARTESIAN_POINT('',(0.,5.08,1.786691565));
#7846=DIRECTION('',(-0.,-0.,-1.));
#7847=DIRECTION('',(1.,0.,-0.));
#7848=AXIS2_PLACEMENT_3D('',#7845,#7846,#7847);
#7849=CIRCLE('',#7848,0.875);
#7850=EDGE_CURVE('',#7826,#7837,#7849,.T.);
#7851=ORIENTED_EDGE('',*,*,#7850,.F.);
#7852=EDGE_LOOP('',(#7832,#7833,#7834,#7835,#7844,#7851));
#7853=FACE_BOUND('',#7852,.T.);
#7854=ADVANCED_FACE('',(#7853),#7824,.F.);
#7855=CARTESIAN_POINT('',(5.08,-0.,1.786691565));
#7856=DIRECTION('',(0.,0.,-1.));
#7857=DIRECTION('',(-1.,0.,0.));
#7858=AXIS2_PLACEMENT_3D('',#7855,#7856,#7857);
#7859=CYLINDRICAL_SURFACE('',#7858,0.875);
#7860=CARTESIAN_POINT('',(4.205,-0.,1.786691565));
#7861=VERTEX_POINT('',#7860);
#7862=CARTESIAN_POINT('',(4.205,-0.,1.386691565));
#7863=DIRECTION('',(-0.,-0.,1.));
#7864=VECTOR('',#7863,0.4);
#7865=LINE('',#7862,#7864);
#7866=EDGE_CURVE('',#4922,#7861,#7865,.T.);
#7867=ORIENTED_EDGE('',*,*,#7866,.F.);
#7868=ORIENTED_EDGE('',*,*,#4930,.T.);
#7869=ORIENTED_EDGE('',*,*,#4937,.T.);
#7870=ORIENTED_EDGE('',*,*,#7866,.T.);
#7871=CARTESIAN_POINT('',(5.955,-0.,1.786691565));
#7872=VERTEX_POINT('',#7871);
#7873=CARTESIAN_POINT('',(5.08,-0.,1.786691565));
#7874=DIRECTION('',(-0.,-0.,-1.));
#7875=DIRECTION('',(1.,0.,-0.));
#7876=AXIS2_PLACEMENT_3D('',#7873,#7874,#7875);
#7877=CIRCLE('',#7876,0.875);
#7878=EDGE_CURVE('',#7872,#7861,#7877,.T.);
#7879=ORIENTED_EDGE('',*,*,#7878,.F.);
#7880=CARTESIAN_POINT('',(5.08,-0.,1.786691565));
#7881=DIRECTION('',(-0.,-0.,-1.));
#7882=DIRECTION('',(1.,0.,-0.));
#7883=AXIS2_PLACEMENT_3D('',#7880,#7881,#7882);
#7884=CIRCLE('',#7883,0.875);
#7885=EDGE_CURVE('',#7861,#7872,#7884,.T.);
#7886=ORIENTED_EDGE('',*,*,#7885,.F.);
#7887=EDGE_LOOP('',(#7867,#7868,#7869,#7870,#7879,#7886));
#7888=FACE_BOUND('',#7887,.T.);
#7889=ADVANCED_FACE('',(#7888),#7859,.F.);
#7890=CARTESIAN_POINT('',(-104.25,85.2,1.786691565));
#7891=DIRECTION('',(0.,0.,1.));
#7892=DIRECTION('',(1.,0.,0.));
#7893=AXIS2_PLACEMENT_3D('',#7890,#7891,#7892);
#7894=PLANE('',#7893);
#7895=ORIENTED_EDGE('',*,*,#7878,.T.);
#7896=ORIENTED_EDGE('',*,*,#7885,.T.);
#7897=EDGE_LOOP('',(#7895,#7896));
#7898=FACE_BOUND('',#7897,.T.);
#7899=ORIENTED_EDGE('',*,*,#7843,.T.);
#7900=ORIENTED_EDGE('',*,*,#7850,.T.);
#7901=EDGE_LOOP('',(#7899,#7900));
#7902=FACE_BOUND('',#7901,.T.);
#7903=ORIENTED_EDGE('',*,*,#7808,.T.);
#7904=ORIENTED_EDGE('',*,*,#7815,.T.);
#7905=EDGE_LOOP('',(#7903,#7904));
#7906=FACE_BOUND('',#7905,.T.);
#7907=ORIENTED_EDGE('',*,*,#7773,.T.);
#7908=ORIENTED_EDGE('',*,*,#7780,.T.);
#7909=EDGE_LOOP('',(#7907,#7908));
#7910=FACE_BOUND('',#7909,.T.);
#7911=ORIENTED_EDGE('',*,*,#2121,.F.);
#7912=ORIENTED_EDGE('',*,*,#2159,.F.);
#7913=ORIENTED_EDGE('',*,*,#2190,.F.);
#7914=ORIENTED_EDGE('',*,*,#3518,.F.);
#7915=EDGE_LOOP('',(#7911,#7912,#7913,#7914));
#7916=FACE_BOUND('',#7915,.T.);
#7917=ADVANCED_FACE('',(#7898,#7902,#7906,#7910,#7916),#7894,.T.);
#7918=CARTESIAN_POINT('',(19.05,-5.08,1.786691565));
#7919=DIRECTION('',(0.,0.,-1.));
#7920=DIRECTION('',(-1.,0.,0.));
#7921=AXIS2_PLACEMENT_3D('',#7918,#7919,#7920);
#7922=CYLINDRICAL_SURFACE('',#7921,0.875);
#7923=CARTESIAN_POINT('',(18.175,-5.08,1.786691565));
#7924=VERTEX_POINT('',#7923);
#7925=CARTESIAN_POINT('',(18.175,-5.08,1.386691565));
#7926=DIRECTION('',(-0.,-0.,1.));
#7927=VECTOR('',#7926,0.4);
#7928=LINE('',#7925,#7927);
#7929=EDGE_CURVE('',#4842,#7924,#7928,.T.);
#7930=ORIENTED_EDGE('',*,*,#7929,.F.);
#7931=ORIENTED_EDGE('',*,*,#4850,.T.);
#7932=ORIENTED_EDGE('',*,*,#4857,.T.);
#7933=ORIENTED_EDGE('',*,*,#7929,.T.);
#7934=CARTESIAN_POINT('',(19.925,-5.08,1.786691565));
#7935=VERTEX_POINT('',#7934);
#7936=CARTESIAN_POINT('',(19.05,-5.08,1.786691565));
#7937=DIRECTION('',(-0.,-0.,-1.));
#7938=DIRECTION('',(1.,0.,-0.));
#7939=AXIS2_PLACEMENT_3D('',#7936,#7937,#7938);
#7940=CIRCLE('',#7939,0.875);
#7941=EDGE_CURVE('',#7935,#7924,#7940,.T.);
#7942=ORIENTED_EDGE('',*,*,#7941,.F.);
#7943=CARTESIAN_POINT('',(19.05,-5.08,1.786691565));
#7944=DIRECTION('',(-0.,-0.,-1.));
#7945=DIRECTION('',(1.,0.,-0.));
#7946=AXIS2_PLACEMENT_3D('',#7943,#7944,#7945);
#7947=CIRCLE('',#7946,0.875);
#7948=EDGE_CURVE('',#7924,#7935,#7947,.T.);
#7949=ORIENTED_EDGE('',*,*,#7948,.F.);
#7950=EDGE_LOOP('',(#7930,#7931,#7932,#7933,#7942,#7949));
#7951=FACE_BOUND('',#7950,.T.);
#7952=ADVANCED_FACE('',(#7951),#7922,.F.);
#7953=CARTESIAN_POINT('',(13.97,-0.,1.786691565));
#7954=DIRECTION('',(0.,0.,-1.));
#7955=DIRECTION('',(-1.,0.,0.));
#7956=AXIS2_PLACEMENT_3D('',#7953,#7954,#7955);
#7957=CYLINDRICAL_SURFACE('',#7956,0.875);
#7958=CARTESIAN_POINT('',(13.095,-0.,1.786691565));
#7959=VERTEX_POINT('',#7958);
#7960=CARTESIAN_POINT('',(13.095,-0.,1.386691565));
#7961=DIRECTION('',(-0.,-0.,1.));
#7962=VECTOR('',#7961,0.4);
#7963=LINE('',#7960,#7962);
#7964=EDGE_CURVE('',#4862,#7959,#7963,.T.);
#7965=ORIENTED_EDGE('',*,*,#7964,.F.);
#7966=ORIENTED_EDGE('',*,*,#4870,.T.);
#7967=ORIENTED_EDGE('',*,*,#4877,.T.);
#7968=ORIENTED_EDGE('',*,*,#7964,.T.);
#7969=CARTESIAN_POINT('',(14.845,-0.,1.786691565));
#7970=VERTEX_POINT('',#7969);
#7971=CARTESIAN_POINT('',(13.97,-0.,1.786691565));
#7972=DIRECTION('',(-0.,-0.,-1.));
#7973=DIRECTION('',(1.,0.,-0.));
#7974=AXIS2_PLACEMENT_3D('',#7971,#7972,#7973);
#7975=CIRCLE('',#7974,0.875);
#7976=EDGE_CURVE('',#7970,#7959,#7975,.T.);
#7977=ORIENTED_EDGE('',*,*,#7976,.F.);
#7978=CARTESIAN_POINT('',(13.97,-0.,1.786691565));
#7979=DIRECTION('',(-0.,-0.,-1.));
#7980=DIRECTION('',(1.,0.,-0.));
#7981=AXIS2_PLACEMENT_3D('',#7978,#7979,#7980);
#7982=CIRCLE('',#7981,0.875);
#7983=EDGE_CURVE('',#7959,#7970,#7982,.T.);
#7984=ORIENTED_EDGE('',*,*,#7983,.F.);
#7985=EDGE_LOOP('',(#7965,#7966,#7967,#7968,#7977,#7984));
#7986=FACE_BOUND('',#7985,.T.);
#7987=ADVANCED_FACE('',(#7986),#7957,.F.);
#7988=CARTESIAN_POINT('',(19.05,5.08,1.786691565));
#7989=DIRECTION('',(0.,0.,-1.));
#7990=DIRECTION('',(-1.,0.,0.));
#7991=AXIS2_PLACEMENT_3D('',#7988,#7989,#7990);
#7992=CYLINDRICAL_SURFACE('',#7991,0.875);
#7993=CARTESIAN_POINT('',(18.175,5.08,1.786691565));
#7994=VERTEX_POINT('',#7993);
#7995=CARTESIAN_POINT('',(18.175,5.08,1.386691565));
#7996=DIRECTION('',(-0.,-0.,1.));
#7997=VECTOR('',#7996,0.4);
#7998=LINE('',#7995,#7997);
#7999=EDGE_CURVE('',#4882,#7994,#7998,.T.);
#8000=ORIENTED_EDGE('',*,*,#7999,.F.);
#8001=ORIENTED_EDGE('',*,*,#4890,.T.);
#8002=ORIENTED_EDGE('',*,*,#4897,.T.);
#8003=ORIENTED_EDGE('',*,*,#7999,.T.);
#8004=CARTESIAN_POINT('',(19.925,5.08,1.786691565));
#8005=VERTEX_POINT('',#8004);
#8006=CARTESIAN_POINT('',(19.05,5.08,1.786691565));
#8007=DIRECTION('',(-0.,-0.,-1.));
#8008=DIRECTION('',(1.,0.,-0.));
#8009=AXIS2_PLACEMENT_3D('',#8006,#8007,#8008);
#8010=CIRCLE('',#8009,0.875);
#8011=EDGE_CURVE('',#8005,#7994,#8010,.T.);
#8012=ORIENTED_EDGE('',*,*,#8011,.F.);
#8013=CARTESIAN_POINT('',(19.05,5.08,1.786691565));
#8014=DIRECTION('',(-0.,-0.,-1.));
#8015=DIRECTION('',(1.,0.,-0.));
#8016=AXIS2_PLACEMENT_3D('',#8013,#8014,#8015);
#8017=CIRCLE('',#8016,0.875);
#8018=EDGE_CURVE('',#7994,#8005,#8017,.T.);
#8019=ORIENTED_EDGE('',*,*,#8018,.F.);
#8020=EDGE_LOOP('',(#8000,#8001,#8002,#8003,#8012,#8019));
#8021=FACE_BOUND('',#8020,.T.);
#8022=ADVANCED_FACE('',(#8021),#7992,.F.);
#8023=CARTESIAN_POINT('',(24.13,-0.,1.786691565));
#8024=DIRECTION('',(0.,0.,-1.));
#8025=DIRECTION('',(-1.,0.,0.));
#8026=AXIS2_PLACEMENT_3D('',#8023,#8024,#8025);
#8027=CYLINDRICAL_SURFACE('',#8026,0.875);
#8028=CARTESIAN_POINT('',(23.255,-0.,1.786691565));
#8029=VERTEX_POINT('',#8028);
#8030=CARTESIAN_POINT('',(23.255,-0.,1.386691565));
#8031=DIRECTION('',(-0.,-0.,1.));
#8032=VECTOR('',#8031,0.4);
#8033=LINE('',#8030,#8032);
#8034=EDGE_CURVE('',#4902,#8029,#8033,.T.);
#8035=ORIENTED_EDGE('',*,*,#8034,.F.);
#8036=ORIENTED_EDGE('',*,*,#4910,.T.);
#8037=ORIENTED_EDGE('',*,*,#4917,.T.);
#8038=ORIENTED_EDGE('',*,*,#8034,.T.);
#8039=CARTESIAN_POINT('',(25.005,-0.,1.786691565));
#8040=VERTEX_POINT('',#8039);
#8041=CARTESIAN_POINT('',(24.13,-0.,1.786691565));
#8042=DIRECTION('',(-0.,-0.,-1.));
#8043=DIRECTION('',(1.,0.,-0.));
#8044=AXIS2_PLACEMENT_3D('',#8041,#8042,#8043);
#8045=CIRCLE('',#8044,0.875);
#8046=EDGE_CURVE('',#8040,#8029,#8045,.T.);
#8047=ORIENTED_EDGE('',*,*,#8046,.F.);
#8048=CARTESIAN_POINT('',(24.13,-0.,1.786691565));
#8049=DIRECTION('',(-0.,-0.,-1.));
#8050=DIRECTION('',(1.,0.,-0.));
#8051=AXIS2_PLACEMENT_3D('',#8048,#8049,#8050);
#8052=CIRCLE('',#8051,0.875);
#8053=EDGE_CURVE('',#8029,#8040,#8052,.T.);
#8054=ORIENTED_EDGE('',*,*,#8053,.F.);
#8055=EDGE_LOOP('',(#8035,#8036,#8037,#8038,#8047,#8054));
#8056=FACE_BOUND('',#8055,.T.);
#8057=ADVANCED_FACE('',(#8056),#8027,.F.);
#8058=CARTESIAN_POINT('',(-104.25,85.2,1.786691565));
#8059=DIRECTION('',(0.,0.,1.));
#8060=DIRECTION('',(1.,0.,0.));
#8061=AXIS2_PLACEMENT_3D('',#8058,#8059,#8060);
#8062=PLANE('',#8061);
#8063=ORIENTED_EDGE('',*,*,#8046,.T.);
#8064=ORIENTED_EDGE('',*,*,#8053,.T.);
#8065=EDGE_LOOP('',(#8063,#8064));
#8066=FACE_BOUND('',#8065,.T.);
#8067=ORIENTED_EDGE('',*,*,#8011,.T.);
#8068=ORIENTED_EDGE('',*,*,#8018,.T.);
#8069=EDGE_LOOP('',(#8067,#8068));
#8070=FACE_BOUND('',#8069,.T.);
#8071=ORIENTED_EDGE('',*,*,#7976,.T.);
#8072=ORIENTED_EDGE('',*,*,#7983,.T.);
#8073=EDGE_LOOP('',(#8071,#8072));
#8074=FACE_BOUND('',#8073,.T.);
#8075=ORIENTED_EDGE('',*,*,#7941,.T.);
#8076=ORIENTED_EDGE('',*,*,#7948,.T.);
#8077=EDGE_LOOP('',(#8075,#8076));
#8078=FACE_BOUND('',#8077,.T.);
#8079=ORIENTED_EDGE('',*,*,#2019,.F.);
#8080=ORIENTED_EDGE('',*,*,#2057,.F.);
#8081=ORIENTED_EDGE('',*,*,#2088,.F.);
#8082=ORIENTED_EDGE('',*,*,#3496,.F.);
#8083=EDGE_LOOP('',(#8079,#8080,#8081,#8082));
#8084=FACE_BOUND('',#8083,.T.);
#8085=ADVANCED_FACE('',(#8066,#8070,#8074,#8078,#8084),#8062,.T.);
#8086=CARTESIAN_POINT('',(38.1,-5.08,1.786691565));
#8087=DIRECTION('',(0.,0.,-1.));
#8088=DIRECTION('',(-1.,0.,0.));
#8089=AXIS2_PLACEMENT_3D('',#8086,#8087,#8088);
#8090=CYLINDRICAL_SURFACE('',#8089,0.875);
#8091=CARTESIAN_POINT('',(37.225,-5.08,1.786691565));
#8092=VERTEX_POINT('',#8091);
#8093=CARTESIAN_POINT('',(37.225,-5.08,1.386691565));
#8094=DIRECTION('',(-0.,-0.,1.));
#8095=VECTOR('',#8094,0.4);
#8096=LINE('',#8093,#8095);
#8097=EDGE_CURVE('',#4822,#8092,#8096,.T.);
#8098=ORIENTED_EDGE('',*,*,#8097,.F.);
#8099=ORIENTED_EDGE('',*,*,#4830,.T.);
#8100=ORIENTED_EDGE('',*,*,#4837,.T.);
#8101=ORIENTED_EDGE('',*,*,#8097,.T.);
#8102=CARTESIAN_POINT('',(38.975,-5.08,1.786691565));
#8103=VERTEX_POINT('',#8102);
#8104=CARTESIAN_POINT('',(38.1,-5.08,1.786691565));
#8105=DIRECTION('',(-0.,-0.,-1.));
#8106=DIRECTION('',(1.,0.,-0.));
#8107=AXIS2_PLACEMENT_3D('',#8104,#8105,#8106);
#8108=CIRCLE('',#8107,0.875);
#8109=EDGE_CURVE('',#8103,#8092,#8108,.T.);
#8110=ORIENTED_EDGE('',*,*,#8109,.F.);
#8111=CARTESIAN_POINT('',(38.1,-5.08,1.786691565));
#8112=DIRECTION('',(-0.,-0.,-1.));
#8113=DIRECTION('',(1.,0.,-0.));
#8114=AXIS2_PLACEMENT_3D('',#8111,#8112,#8113);
#8115=CIRCLE('',#8114,0.875);
#8116=EDGE_CURVE('',#8092,#8103,#8115,.T.);
#8117=ORIENTED_EDGE('',*,*,#8116,.F.);
#8118=EDGE_LOOP('',(#8098,#8099,#8100,#8101,#8110,#8117));
#8119=FACE_BOUND('',#8118,.T.);
#8120=ADVANCED_FACE('',(#8119),#8090,.F.);
#8121=CARTESIAN_POINT('',(33.02,-0.,1.786691565));
#8122=DIRECTION('',(0.,0.,-1.));
#8123=DIRECTION('',(-1.,0.,0.));
#8124=AXIS2_PLACEMENT_3D('',#8121,#8122,#8123);
#8125=CYLINDRICAL_SURFACE('',#8124,0.875);
#8126=CARTESIAN_POINT('',(32.145,-0.,1.786691565));
#8127=VERTEX_POINT('',#8126);
#8128=CARTESIAN_POINT('',(32.145,-0.,1.386691565));
#8129=DIRECTION('',(-0.,-0.,1.));
#8130=VECTOR('',#8129,0.4);
#8131=LINE('',#8128,#8130);
#8132=EDGE_CURVE('',#4802,#8127,#8131,.T.);
#8133=ORIENTED_EDGE('',*,*,#8132,.F.);
#8134=ORIENTED_EDGE('',*,*,#4810,.T.);
#8135=ORIENTED_EDGE('',*,*,#4817,.T.);
#8136=ORIENTED_EDGE('',*,*,#8132,.T.);
#8137=CARTESIAN_POINT('',(33.895,-0.,1.786691565));
#8138=VERTEX_POINT('',#8137);
#8139=CARTESIAN_POINT('',(33.02,-0.,1.786691565));
#8140=DIRECTION('',(-0.,-0.,-1.));
#8141=DIRECTION('',(1.,0.,-0.));
#8142=AXIS2_PLACEMENT_3D('',#8139,#8140,#8141);
#8143=CIRCLE('',#8142,0.875);
#8144=EDGE_CURVE('',#8138,#8127,#8143,.T.);
#8145=ORIENTED_EDGE('',*,*,#8144,.F.);
#8146=CARTESIAN_POINT('',(33.02,-0.,1.786691565));
#8147=DIRECTION('',(-0.,-0.,-1.));
#8148=DIRECTION('',(1.,0.,-0.));
#8149=AXIS2_PLACEMENT_3D('',#8146,#8147,#8148);
#8150=CIRCLE('',#8149,0.875);
#8151=EDGE_CURVE('',#8127,#8138,#8150,.T.);
#8152=ORIENTED_EDGE('',*,*,#8151,.F.);
#8153=EDGE_LOOP('',(#8133,#8134,#8135,#8136,#8145,#8152));
#8154=FACE_BOUND('',#8153,.T.);
#8155=ADVANCED_FACE('',(#8154),#8125,.F.);
#8156=CARTESIAN_POINT('',(38.1,5.08,1.786691565));
#8157=DIRECTION('',(0.,0.,-1.));
#8158=DIRECTION('',(-1.,0.,0.));
#8159=AXIS2_PLACEMENT_3D('',#8156,#8157,#8158);
#8160=CYLINDRICAL_SURFACE('',#8159,0.875);
#8161=CARTESIAN_POINT('',(37.225,5.08,1.786691565));
#8162=VERTEX_POINT('',#8161);
#8163=CARTESIAN_POINT('',(37.225,5.08,1.386691565));
#8164=DIRECTION('',(-0.,-0.,1.));
#8165=VECTOR('',#8164,0.4);
#8166=LINE('',#8163,#8165);
#8167=EDGE_CURVE('',#4782,#8162,#8166,.T.);
#8168=ORIENTED_EDGE('',*,*,#8167,.F.);
#8169=ORIENTED_EDGE('',*,*,#4790,.T.);
#8170=ORIENTED_EDGE('',*,*,#4797,.T.);
#8171=ORIENTED_EDGE('',*,*,#8167,.T.);
#8172=CARTESIAN_POINT('',(38.975,5.08,1.786691565));
#8173=VERTEX_POINT('',#8172);
#8174=CARTESIAN_POINT('',(38.1,5.08,1.786691565));
#8175=DIRECTION('',(-0.,-0.,-1.));
#8176=DIRECTION('',(1.,0.,-0.));
#8177=AXIS2_PLACEMENT_3D('',#8174,#8175,#8176);
#8178=CIRCLE('',#8177,0.875);
#8179=EDGE_CURVE('',#8173,#8162,#8178,.T.);
#8180=ORIENTED_EDGE('',*,*,#8179,.F.);
#8181=CARTESIAN_POINT('',(38.1,5.08,1.786691565));
#8182=DIRECTION('',(-0.,-0.,-1.));
#8183=DIRECTION('',(1.,0.,-0.));
#8184=AXIS2_PLACEMENT_3D('',#8181,#8182,#8183);
#8185=CIRCLE('',#8184,0.875);
#8186=EDGE_CURVE('',#8162,#8173,#8185,.T.);
#8187=ORIENTED_EDGE('',*,*,#8186,.F.);
#8188=EDGE_LOOP('',(#8168,#8169,#8170,#8171,#8180,#8187));
#8189=FACE_BOUND('',#8188,.T.);
#8190=ADVANCED_FACE('',(#8189),#8160,.F.);
#8191=CARTESIAN_POINT('',(43.18,-0.,1.786691565));
#8192=DIRECTION('',(0.,0.,-1.));
#8193=DIRECTION('',(-1.,0.,0.));
#8194=AXIS2_PLACEMENT_3D('',#8191,#8192,#8193);
#8195=CYLINDRICAL_SURFACE('',#8194,0.875);
#8196=CARTESIAN_POINT('',(42.305,-0.,1.786691565));
#8197=VERTEX_POINT('',#8196);
#8198=CARTESIAN_POINT('',(42.305,-0.,1.386691565));
#8199=DIRECTION('',(-0.,-0.,1.));
#8200=VECTOR('',#8199,0.4);
#8201=LINE('',#8198,#8200);
#8202=EDGE_CURVE('',#4762,#8197,#8201,.T.);
#8203=ORIENTED_EDGE('',*,*,#8202,.F.);
#8204=ORIENTED_EDGE('',*,*,#4770,.T.);
#8205=ORIENTED_EDGE('',*,*,#4777,.T.);
#8206=ORIENTED_EDGE('',*,*,#8202,.T.);
#8207=CARTESIAN_POINT('',(44.055,-0.,1.786691565));
#8208=VERTEX_POINT('',#8207);
#8209=CARTESIAN_POINT('',(43.18,-0.,1.786691565));
#8210=DIRECTION('',(-0.,-0.,-1.));
#8211=DIRECTION('',(1.,0.,-0.));
#8212=AXIS2_PLACEMENT_3D('',#8209,#8210,#8211);
#8213=CIRCLE('',#8212,0.875);
#8214=EDGE_CURVE('',#8208,#8197,#8213,.T.);
#8215=ORIENTED_EDGE('',*,*,#8214,.F.);
#8216=CARTESIAN_POINT('',(43.18,-0.,1.786691565));
#8217=DIRECTION('',(-0.,-0.,-1.));
#8218=DIRECTION('',(1.,0.,-0.));
#8219=AXIS2_PLACEMENT_3D('',#8216,#8217,#8218);
#8220=CIRCLE('',#8219,0.875);
#8221=EDGE_CURVE('',#8197,#8208,#8220,.T.);
#8222=ORIENTED_EDGE('',*,*,#8221,.F.);
#8223=EDGE_LOOP('',(#8203,#8204,#8205,#8206,#8215,#8222));
#8224=FACE_BOUND('',#8223,.T.);
#8225=ADVANCED_FACE('',(#8224),#8195,.F.);
#8226=CARTESIAN_POINT('',(-104.25,85.2,1.786691565));
#8227=DIRECTION('',(0.,0.,1.));
#8228=DIRECTION('',(1.,0.,0.));
#8229=AXIS2_PLACEMENT_3D('',#8226,#8227,#8228);
#8230=PLANE('',#8229);
#8231=ORIENTED_EDGE('',*,*,#8214,.T.);
#8232=ORIENTED_EDGE('',*,*,#8221,.T.);
#8233=EDGE_LOOP('',(#8231,#8232));
#8234=FACE_BOUND('',#8233,.T.);
#8235=ORIENTED_EDGE('',*,*,#8179,.T.);
#8236=ORIENTED_EDGE('',*,*,#8186,.T.);
#8237=EDGE_LOOP('',(#8235,#8236));
#8238=FACE_BOUND('',#8237,.T.);
#8239=ORIENTED_EDGE('',*,*,#8144,.T.);
#8240=ORIENTED_EDGE('',*,*,#8151,.T.);
#8241=EDGE_LOOP('',(#8239,#8240));
#8242=FACE_BOUND('',#8241,.T.);
#8243=ORIENTED_EDGE('',*,*,#8109,.T.);
#8244=ORIENTED_EDGE('',*,*,#8116,.T.);
#8245=EDGE_LOOP('',(#8243,#8244));
#8246=FACE_BOUND('',#8245,.T.);
#8247=ORIENTED_EDGE('',*,*,#1917,.F.);
#8248=ORIENTED_EDGE('',*,*,#1955,.F.);
#8249=ORIENTED_EDGE('',*,*,#1986,.F.);
#8250=ORIENTED_EDGE('',*,*,#3474,.F.);
#8251=EDGE_LOOP('',(#8247,#8248,#8249,#8250));
#8252=FACE_BOUND('',#8251,.T.);
#8253=ADVANCED_FACE('',(#8234,#8238,#8242,#8246,#8252),#8230,.T.);
#8254=CARTESIAN_POINT('',(-38.1,13.97,1.786691565));
#8255=DIRECTION('',(0.,0.,-1.));
#8256=DIRECTION('',(-1.,0.,0.));
#8257=AXIS2_PLACEMENT_3D('',#8254,#8255,#8256);
#8258=CYLINDRICAL_SURFACE('',#8257,0.875);
#8259=CARTESIAN_POINT('',(-38.975,13.97,1.786691565));
#8260=VERTEX_POINT('',#8259);
#8261=CARTESIAN_POINT('',(-38.975,13.97,1.386691565));
#8262=DIRECTION('',(-0.,-0.,1.));
#8263=VECTOR('',#8262,0.4);
#8264=LINE('',#8261,#8263);
#8265=EDGE_CURVE('',#4682,#8260,#8264,.T.);
#8266=ORIENTED_EDGE('',*,*,#8265,.F.);
#8267=ORIENTED_EDGE('',*,*,#4690,.T.);
#8268=ORIENTED_EDGE('',*,*,#4697,.T.);
#8269=ORIENTED_EDGE('',*,*,#8265,.T.);
#8270=CARTESIAN_POINT('',(-37.225,13.97,1.786691565));
#8271=VERTEX_POINT('',#8270);
#8272=CARTESIAN_POINT('',(-38.1,13.97,1.786691565));
#8273=DIRECTION('',(-0.,-0.,-1.));
#8274=DIRECTION('',(1.,0.,-0.));
#8275=AXIS2_PLACEMENT_3D('',#8272,#8273,#8274);
#8276=CIRCLE('',#8275,0.875);
#8277=EDGE_CURVE('',#8271,#8260,#8276,.T.);
#8278=ORIENTED_EDGE('',*,*,#8277,.F.);
#8279=CARTESIAN_POINT('',(-38.1,13.97,1.786691565));
#8280=DIRECTION('',(-0.,-0.,-1.));
#8281=DIRECTION('',(1.,0.,-0.));
#8282=AXIS2_PLACEMENT_3D('',#8279,#8280,#8281);
#8283=CIRCLE('',#8282,0.875);
#8284=EDGE_CURVE('',#8260,#8271,#8283,.T.);
#8285=ORIENTED_EDGE('',*,*,#8284,.F.);
#8286=EDGE_LOOP('',(#8266,#8267,#8268,#8269,#8278,#8285));
#8287=FACE_BOUND('',#8286,.T.);
#8288=ADVANCED_FACE('',(#8287),#8258,.F.);
#8289=CARTESIAN_POINT('',(-43.18,19.05,1.786691565));
#8290=DIRECTION('',(0.,0.,-1.));
#8291=DIRECTION('',(-1.,0.,0.));
#8292=AXIS2_PLACEMENT_3D('',#8289,#8290,#8291);
#8293=CYLINDRICAL_SURFACE('',#8292,0.875);
#8294=CARTESIAN_POINT('',(-44.055,19.05,1.786691565));
#8295=VERTEX_POINT('',#8294);
#8296=CARTESIAN_POINT('',(-44.055,19.05,1.386691565));
#8297=DIRECTION('',(-0.,-0.,1.));
#8298=VECTOR('',#8297,0.4);
#8299=LINE('',#8296,#8298);
#8300=EDGE_CURVE('',#4702,#8295,#8299,.T.);
#8301=ORIENTED_EDGE('',*,*,#8300,.F.);
#8302=ORIENTED_EDGE('',*,*,#4710,.T.);
#8303=ORIENTED_EDGE('',*,*,#4717,.T.);
#8304=ORIENTED_EDGE('',*,*,#8300,.T.);
#8305=CARTESIAN_POINT('',(-42.305,19.05,1.786691565));
#8306=VERTEX_POINT('',#8305);
#8307=CARTESIAN_POINT('',(-43.18,19.05,1.786691565));
#8308=DIRECTION('',(-0.,-0.,-1.));
#8309=DIRECTION('',(1.,0.,-0.));
#8310=AXIS2_PLACEMENT_3D('',#8307,#8308,#8309);
#8311=CIRCLE('',#8310,0.875);
#8312=EDGE_CURVE('',#8306,#8295,#8311,.T.);
#8313=ORIENTED_EDGE('',*,*,#8312,.F.);
#8314=CARTESIAN_POINT('',(-43.18,19.05,1.786691565));
#8315=DIRECTION('',(-0.,-0.,-1.));
#8316=DIRECTION('',(1.,0.,-0.));
#8317=AXIS2_PLACEMENT_3D('',#8314,#8315,#8316);
#8318=CIRCLE('',#8317,0.875);
#8319=EDGE_CURVE('',#8295,#8306,#8318,.T.);
#8320=ORIENTED_EDGE('',*,*,#8319,.F.);
#8321=EDGE_LOOP('',(#8301,#8302,#8303,#8304,#8313,#8320));
#8322=FACE_BOUND('',#8321,.T.);
#8323=ADVANCED_FACE('',(#8322),#8293,.F.);
#8324=CARTESIAN_POINT('',(-33.02,19.05,1.786691565));
#8325=DIRECTION('',(0.,0.,-1.));
#8326=DIRECTION('',(-1.,0.,0.));
#8327=AXIS2_PLACEMENT_3D('',#8324,#8325,#8326);
#8328=CYLINDRICAL_SURFACE('',#8327,0.875);
#8329=CARTESIAN_POINT('',(-33.895,19.05,1.786691565));
#8330=VERTEX_POINT('',#8329);
#8331=CARTESIAN_POINT('',(-33.895,19.05,1.386691565));
#8332=DIRECTION('',(-0.,-0.,1.));
#8333=VECTOR('',#8332,0.4);
#8334=LINE('',#8331,#8333);
#8335=EDGE_CURVE('',#4722,#8330,#8334,.T.);
#8336=ORIENTED_EDGE('',*,*,#8335,.F.);
#8337=ORIENTED_EDGE('',*,*,#4730,.T.);
#8338=ORIENTED_EDGE('',*,*,#4737,.T.);
#8339=ORIENTED_EDGE('',*,*,#8335,.T.);
#8340=CARTESIAN_POINT('',(-32.145,19.05,1.786691565));
#8341=VERTEX_POINT('',#8340);
#8342=CARTESIAN_POINT('',(-33.02,19.05,1.786691565));
#8343=DIRECTION('',(-0.,-0.,-1.));
#8344=DIRECTION('',(1.,0.,-0.));
#8345=AXIS2_PLACEMENT_3D('',#8342,#8343,#8344);
#8346=CIRCLE('',#8345,0.875);
#8347=EDGE_CURVE('',#8341,#8330,#8346,.T.);
#8348=ORIENTED_EDGE('',*,*,#8347,.F.);
#8349=CARTESIAN_POINT('',(-33.02,19.05,1.786691565));
#8350=DIRECTION('',(-0.,-0.,-1.));
#8351=DIRECTION('',(1.,0.,-0.));
#8352=AXIS2_PLACEMENT_3D('',#8349,#8350,#8351);
#8353=CIRCLE('',#8352,0.875);
#8354=EDGE_CURVE('',#8330,#8341,#8353,.T.);
#8355=ORIENTED_EDGE('',*,*,#8354,.F.);
#8356=EDGE_LOOP('',(#8336,#8337,#8338,#8339,#8348,#8355));
#8357=FACE_BOUND('',#8356,.T.);
#8358=ADVANCED_FACE('',(#8357),#8328,.F.);
#8359=CARTESIAN_POINT('',(-38.1,24.13,1.786691565));
#8360=DIRECTION('',(0.,0.,-1.));
#8361=DIRECTION('',(-1.,0.,0.));
#8362=AXIS2_PLACEMENT_3D('',#8359,#8360,#8361);
#8363=CYLINDRICAL_SURFACE('',#8362,0.875);
#8364=CARTESIAN_POINT('',(-38.975,24.13,1.786691565));
#8365=VERTEX_POINT('',#8364);
#8366=CARTESIAN_POINT('',(-38.975,24.13,1.386691565));
#8367=DIRECTION('',(-0.,-0.,1.));
#8368=VECTOR('',#8367,0.4);
#8369=LINE('',#8366,#8368);
#8370=EDGE_CURVE('',#4742,#8365,#8369,.T.);
#8371=ORIENTED_EDGE('',*,*,#8370,.F.);
#8372=ORIENTED_EDGE('',*,*,#4750,.T.);
#8373=ORIENTED_EDGE('',*,*,#4757,.T.);
#8374=ORIENTED_EDGE('',*,*,#8370,.T.);
#8375=CARTESIAN_POINT('',(-37.225,24.13,1.786691565));
#8376=VERTEX_POINT('',#8375);
#8377=CARTESIAN_POINT('',(-38.1,24.13,1.786691565));
#8378=DIRECTION('',(-0.,-0.,-1.));
#8379=DIRECTION('',(1.,0.,-0.));
#8380=AXIS2_PLACEMENT_3D('',#8377,#8378,#8379);
#8381=CIRCLE('',#8380,0.875);
#8382=EDGE_CURVE('',#8376,#8365,#8381,.T.);
#8383=ORIENTED_EDGE('',*,*,#8382,.F.);
#8384=CARTESIAN_POINT('',(-38.1,24.13,1.786691565));
#8385=DIRECTION('',(-0.,-0.,-1.));
#8386=DIRECTION('',(1.,0.,-0.));
#8387=AXIS2_PLACEMENT_3D('',#8384,#8385,#8386);
#8388=CIRCLE('',#8387,0.875);
#8389=EDGE_CURVE('',#8365,#8376,#8388,.T.);
#8390=ORIENTED_EDGE('',*,*,#8389,.F.);
#8391=EDGE_LOOP('',(#8371,#8372,#8373,#8374,#8383,#8390));
#8392=FACE_BOUND('',#8391,.T.);
#8393=ADVANCED_FACE('',(#8392),#8363,.F.);
#8394=CARTESIAN_POINT('',(-104.25,85.2,1.786691565));
#8395=DIRECTION('',(0.,0.,1.));
#8396=DIRECTION('',(1.,0.,0.));
#8397=AXIS2_PLACEMENT_3D('',#8394,#8395,#8396);
#8398=PLANE('',#8397);
#8399=ORIENTED_EDGE('',*,*,#8382,.T.);
#8400=ORIENTED_EDGE('',*,*,#8389,.T.);
#8401=EDGE_LOOP('',(#8399,#8400));
#8402=FACE_BOUND('',#8401,.T.);
#8403=ORIENTED_EDGE('',*,*,#8347,.T.);
#8404=ORIENTED_EDGE('',*,*,#8354,.T.);
#8405=EDGE_LOOP('',(#8403,#8404));
#8406=FACE_BOUND('',#8405,.T.);
#8407=ORIENTED_EDGE('',*,*,#8312,.T.);
#8408=ORIENTED_EDGE('',*,*,#8319,.T.);
#8409=EDGE_LOOP('',(#8407,#8408));
#8410=FACE_BOUND('',#8409,.T.);
#8411=ORIENTED_EDGE('',*,*,#8277,.T.);
#8412=ORIENTED_EDGE('',*,*,#8284,.T.);
#8413=EDGE_LOOP('',(#8411,#8412));
#8414=FACE_BOUND('',#8413,.T.);
#8415=ORIENTED_EDGE('',*,*,#1815,.F.);
#8416=ORIENTED_EDGE('',*,*,#1853,.F.);
#8417=ORIENTED_EDGE('',*,*,#1884,.F.);
#8418=ORIENTED_EDGE('',*,*,#3452,.F.);
#8419=EDGE_LOOP('',(#8415,#8416,#8417,#8418));
#8420=FACE_BOUND('',#8419,.T.);
#8421=ADVANCED_FACE('',(#8402,#8406,#8410,#8414,#8420),#8398,.T.);
#8422=CARTESIAN_POINT('',(-24.13,19.05,1.786691565));
#8423=DIRECTION('',(0.,0.,-1.));
#8424=DIRECTION('',(-1.,0.,0.));
#8425=AXIS2_PLACEMENT_3D('',#8422,#8423,#8424);
#8426=CYLINDRICAL_SURFACE('',#8425,0.875);
#8427=CARTESIAN_POINT('',(-25.005,19.05,1.786691565));
#8428=VERTEX_POINT('',#8427);
#8429=CARTESIAN_POINT('',(-25.005,19.05,1.386691565));
#8430=DIRECTION('',(-0.,-0.,1.));
#8431=VECTOR('',#8430,0.4);
#8432=LINE('',#8429,#8431);
#8433=EDGE_CURVE('',#4662,#8428,#8432,.T.);
#8434=ORIENTED_EDGE('',*,*,#8433,.F.);
#8435=ORIENTED_EDGE('',*,*,#4670,.T.);
#8436=ORIENTED_EDGE('',*,*,#4677,.T.);
#8437=ORIENTED_EDGE('',*,*,#8433,.T.);
#8438=CARTESIAN_POINT('',(-23.255,19.05,1.786691565));
#8439=VERTEX_POINT('',#8438);
#8440=CARTESIAN_POINT('',(-24.13,19.05,1.786691565));
#8441=DIRECTION('',(-0.,-0.,-1.));
#8442=DIRECTION('',(1.,0.,-0.));
#8443=AXIS2_PLACEMENT_3D('',#8440,#8441,#8442);
#8444=CIRCLE('',#8443,0.875);
#8445=EDGE_CURVE('',#8439,#8428,#8444,.T.);
#8446=ORIENTED_EDGE('',*,*,#8445,.F.);
#8447=CARTESIAN_POINT('',(-24.13,19.05,1.786691565));
#8448=DIRECTION('',(-0.,-0.,-1.));
#8449=DIRECTION('',(1.,0.,-0.));
#8450=AXIS2_PLACEMENT_3D('',#8447,#8448,#8449);
#8451=CIRCLE('',#8450,0.875);
#8452=EDGE_CURVE('',#8428,#8439,#8451,.T.);
#8453=ORIENTED_EDGE('',*,*,#8452,.F.);
#8454=EDGE_LOOP('',(#8434,#8435,#8436,#8437,#8446,#8453));
#8455=FACE_BOUND('',#8454,.T.);
#8456=ADVANCED_FACE('',(#8455),#8426,.F.);
#8457=CARTESIAN_POINT('',(-19.05,13.97,1.786691565));
#8458=DIRECTION('',(0.,0.,-1.));
#8459=DIRECTION('',(-1.,0.,0.));
#8460=AXIS2_PLACEMENT_3D('',#8457,#8458,#8459);
#8461=CYLINDRICAL_SURFACE('',#8460,0.875);
#8462=CARTESIAN_POINT('',(-19.925,13.97,1.786691565));
#8463=VERTEX_POINT('',#8462);
#8464=CARTESIAN_POINT('',(-19.925,13.97,1.386691565));
#8465=DIRECTION('',(-0.,-0.,1.));
#8466=VECTOR('',#8465,0.4);
#8467=LINE('',#8464,#8466);
#8468=EDGE_CURVE('',#4642,#8463,#8467,.T.);
#8469=ORIENTED_EDGE('',*,*,#8468,.F.);
#8470=ORIENTED_EDGE('',*,*,#4650,.T.);
#8471=ORIENTED_EDGE('',*,*,#4657,.T.);
#8472=ORIENTED_EDGE('',*,*,#8468,.T.);
#8473=CARTESIAN_POINT('',(-18.175,13.97,1.786691565));
#8474=VERTEX_POINT('',#8473);
#8475=CARTESIAN_POINT('',(-19.05,13.97,1.786691565));
#8476=DIRECTION('',(-0.,-0.,-1.));
#8477=DIRECTION('',(1.,0.,-0.));
#8478=AXIS2_PLACEMENT_3D('',#8475,#8476,#8477);
#8479=CIRCLE('',#8478,0.875);
#8480=EDGE_CURVE('',#8474,#8463,#8479,.T.);
#8481=ORIENTED_EDGE('',*,*,#8480,.F.);
#8482=CARTESIAN_POINT('',(-19.05,13.97,1.786691565));
#8483=DIRECTION('',(-0.,-0.,-1.));
#8484=DIRECTION('',(1.,0.,-0.));
#8485=AXIS2_PLACEMENT_3D('',#8482,#8483,#8484);
#8486=CIRCLE('',#8485,0.875);
#8487=EDGE_CURVE('',#8463,#8474,#8486,.T.);
#8488=ORIENTED_EDGE('',*,*,#8487,.F.);
#8489=EDGE_LOOP('',(#8469,#8470,#8471,#8472,#8481,#8488));
#8490=FACE_BOUND('',#8489,.T.);
#8491=ADVANCED_FACE('',(#8490),#8461,.F.);
#8492=CARTESIAN_POINT('',(-13.97,19.05,1.786691565));
#8493=DIRECTION('',(0.,0.,-1.));
#8494=DIRECTION('',(-1.,0.,0.));
#8495=AXIS2_PLACEMENT_3D('',#8492,#8493,#8494);
#8496=CYLINDRICAL_SURFACE('',#8495,0.875);
#8497=CARTESIAN_POINT('',(-14.845,19.05,1.786691565));
#8498=VERTEX_POINT('',#8497);
#8499=CARTESIAN_POINT('',(-14.845,19.05,1.386691565));
#8500=DIRECTION('',(-0.,-0.,1.));
#8501=VECTOR('',#8500,0.4);
#8502=LINE('',#8499,#8501);
#8503=EDGE_CURVE('',#4622,#8498,#8502,.T.);
#8504=ORIENTED_EDGE('',*,*,#8503,.F.);
#8505=ORIENTED_EDGE('',*,*,#4630,.T.);
#8506=ORIENTED_EDGE('',*,*,#4637,.T.);
#8507=ORIENTED_EDGE('',*,*,#8503,.T.);
#8508=CARTESIAN_POINT('',(-13.095,19.05,1.786691565));
#8509=VERTEX_POINT('',#8508);
#8510=CARTESIAN_POINT('',(-13.97,19.05,1.786691565));
#8511=DIRECTION('',(-0.,-0.,-1.));
#8512=DIRECTION('',(1.,0.,-0.));
#8513=AXIS2_PLACEMENT_3D('',#8510,#8511,#8512);
#8514=CIRCLE('',#8513,0.875);
#8515=EDGE_CURVE('',#8509,#8498,#8514,.T.);
#8516=ORIENTED_EDGE('',*,*,#8515,.F.);
#8517=CARTESIAN_POINT('',(-13.97,19.05,1.786691565));
#8518=DIRECTION('',(-0.,-0.,-1.));
#8519=DIRECTION('',(1.,0.,-0.));
#8520=AXIS2_PLACEMENT_3D('',#8517,#8518,#8519);
#8521=CIRCLE('',#8520,0.875);
#8522=EDGE_CURVE('',#8498,#8509,#8521,.T.);
#8523=ORIENTED_EDGE('',*,*,#8522,.F.);
#8524=EDGE_LOOP('',(#8504,#8505,#8506,#8507,#8516,#8523));
#8525=FACE_BOUND('',#8524,.T.);
#8526=ADVANCED_FACE('',(#8525),#8496,.F.);
#8527=CARTESIAN_POINT('',(-19.05,24.13,1.786691565));
#8528=DIRECTION('',(0.,0.,-1.));
#8529=DIRECTION('',(-1.,0.,0.));
#8530=AXIS2_PLACEMENT_3D('',#8527,#8528,#8529);
#8531=CYLINDRICAL_SURFACE('',#8530,0.875);
#8532=CARTESIAN_POINT('',(-19.925,24.13,1.786691565));
#8533=VERTEX_POINT('',#8532);
#8534=CARTESIAN_POINT('',(-19.925,24.13,1.386691565));
#8535=DIRECTION('',(-0.,-0.,1.));
#8536=VECTOR('',#8535,0.4);
#8537=LINE('',#8534,#8536);
#8538=EDGE_CURVE('',#4602,#8533,#8537,.T.);
#8539=ORIENTED_EDGE('',*,*,#8538,.F.);
#8540=ORIENTED_EDGE('',*,*,#4610,.T.);
#8541=ORIENTED_EDGE('',*,*,#4617,.T.);
#8542=ORIENTED_EDGE('',*,*,#8538,.T.);
#8543=CARTESIAN_POINT('',(-18.175,24.13,1.786691565));
#8544=VERTEX_POINT('',#8543);
#8545=CARTESIAN_POINT('',(-19.05,24.13,1.786691565));
#8546=DIRECTION('',(-0.,-0.,-1.));
#8547=DIRECTION('',(1.,0.,-0.));
#8548=AXIS2_PLACEMENT_3D('',#8545,#8546,#8547);
#8549=CIRCLE('',#8548,0.875);
#8550=EDGE_CURVE('',#8544,#8533,#8549,.T.);
#8551=ORIENTED_EDGE('',*,*,#8550,.F.);
#8552=CARTESIAN_POINT('',(-19.05,24.13,1.786691565));
#8553=DIRECTION('',(-0.,-0.,-1.));
#8554=DIRECTION('',(1.,0.,-0.));
#8555=AXIS2_PLACEMENT_3D('',#8552,#8553,#8554);
#8556=CIRCLE('',#8555,0.875);
#8557=EDGE_CURVE('',#8533,#8544,#8556,.T.);
#8558=ORIENTED_EDGE('',*,*,#8557,.F.);
#8559=EDGE_LOOP('',(#8539,#8540,#8541,#8542,#8551,#8558));
#8560=FACE_BOUND('',#8559,.T.);
#8561=ADVANCED_FACE('',(#8560),#8531,.F.);
#8562=CARTESIAN_POINT('',(-104.25,85.2,1.786691565));
#8563=DIRECTION('',(0.,0.,1.));
#8564=DIRECTION('',(1.,0.,0.));
#8565=AXIS2_PLACEMENT_3D('',#8562,#8563,#8564);
#8566=PLANE('',#8565);
#8567=ORIENTED_EDGE('',*,*,#8550,.T.);
#8568=ORIENTED_EDGE('',*,*,#8557,.T.);
#8569=EDGE_LOOP('',(#8567,#8568));
#8570=FACE_BOUND('',#8569,.T.);
#8571=ORIENTED_EDGE('',*,*,#8515,.T.);
#8572=ORIENTED_EDGE('',*,*,#8522,.T.);
#8573=EDGE_LOOP('',(#8571,#8572));
#8574=FACE_BOUND('',#8573,.T.);
#8575=ORIENTED_EDGE('',*,*,#8480,.T.);
#8576=ORIENTED_EDGE('',*,*,#8487,.T.);
#8577=EDGE_LOOP('',(#8575,#8576));
#8578=FACE_BOUND('',#8577,.T.);
#8579=ORIENTED_EDGE('',*,*,#8445,.T.);
#8580=ORIENTED_EDGE('',*,*,#8452,.T.);
#8581=EDGE_LOOP('',(#8579,#8580));
#8582=FACE_BOUND('',#8581,.T.);
#8583=ORIENTED_EDGE('',*,*,#1713,.F.);
#8584=ORIENTED_EDGE('',*,*,#1751,.F.);
#8585=ORIENTED_EDGE('',*,*,#1782,.F.);
#8586=ORIENTED_EDGE('',*,*,#3430,.F.);
#8587=EDGE_LOOP('',(#8583,#8584,#8585,#8586));
#8588=FACE_BOUND('',#8587,.T.);
#8589=ADVANCED_FACE('',(#8570,#8574,#8578,#8582,#8588),#8566,.T.);
#8590=CARTESIAN_POINT('',(-5.08,19.05,1.786691565));
#8591=DIRECTION('',(0.,0.,-1.));
#8592=DIRECTION('',(-1.,0.,0.));
#8593=AXIS2_PLACEMENT_3D('',#8590,#8591,#8592);
#8594=CYLINDRICAL_SURFACE('',#8593,0.875);
#8595=CARTESIAN_POINT('',(-5.955,19.05,1.786691565));
#8596=VERTEX_POINT('',#8595);
#8597=CARTESIAN_POINT('',(-5.955,19.05,1.386691565));
#8598=DIRECTION('',(-0.,-0.,1.));
#8599=VECTOR('',#8598,0.4);
#8600=LINE('',#8597,#8599);
#8601=EDGE_CURVE('',#4522,#8596,#8600,.T.);
#8602=ORIENTED_EDGE('',*,*,#8601,.F.);
#8603=ORIENTED_EDGE('',*,*,#4530,.T.);
#8604=ORIENTED_EDGE('',*,*,#4537,.T.);
#8605=ORIENTED_EDGE('',*,*,#8601,.T.);
#8606=CARTESIAN_POINT('',(-4.205,19.05,1.786691565));
#8607=VERTEX_POINT('',#8606);
#8608=CARTESIAN_POINT('',(-5.08,19.05,1.786691565));
#8609=DIRECTION('',(-0.,-0.,-1.));
#8610=DIRECTION('',(1.,0.,-0.));
#8611=AXIS2_PLACEMENT_3D('',#8608,#8609,#8610);
#8612=CIRCLE('',#8611,0.875);
#8613=EDGE_CURVE('',#8607,#8596,#8612,.T.);
#8614=ORIENTED_EDGE('',*,*,#8613,.F.);
#8615=CARTESIAN_POINT('',(-5.08,19.05,1.786691565));
#8616=DIRECTION('',(-0.,-0.,-1.));
#8617=DIRECTION('',(1.,0.,-0.));
#8618=AXIS2_PLACEMENT_3D('',#8615,#8616,#8617);
#8619=CIRCLE('',#8618,0.875);
#8620=EDGE_CURVE('',#8596,#8607,#8619,.T.);
#8621=ORIENTED_EDGE('',*,*,#8620,.F.);
#8622=EDGE_LOOP('',(#8602,#8603,#8604,#8605,#8614,#8621));
#8623=FACE_BOUND('',#8622,.T.);
#8624=ADVANCED_FACE('',(#8623),#8594,.F.);
#8625=CARTESIAN_POINT('',(0.,13.97,1.786691565));
#8626=DIRECTION('',(0.,0.,-1.));
#8627=DIRECTION('',(-1.,0.,0.));
#8628=AXIS2_PLACEMENT_3D('',#8625,#8626,#8627);
#8629=CYLINDRICAL_SURFACE('',#8628,0.875);
#8630=CARTESIAN_POINT('',(-0.875,13.97,1.786691565));
#8631=VERTEX_POINT('',#8630);
#8632=CARTESIAN_POINT('',(-0.875,13.97,1.386691565));
#8633=DIRECTION('',(-0.,-0.,1.));
#8634=VECTOR('',#8633,0.4);
#8635=LINE('',#8632,#8634);
#8636=EDGE_CURVE('',#4542,#8631,#8635,.T.);
#8637=ORIENTED_EDGE('',*,*,#8636,.F.);
#8638=ORIENTED_EDGE('',*,*,#4550,.T.);
#8639=ORIENTED_EDGE('',*,*,#4557,.T.);
#8640=ORIENTED_EDGE('',*,*,#8636,.T.);
#8641=CARTESIAN_POINT('',(0.875,13.97,1.786691565));
#8642=VERTEX_POINT('',#8641);
#8643=CARTESIAN_POINT('',(0.,13.97,1.786691565));
#8644=DIRECTION('',(-0.,-0.,-1.));
#8645=DIRECTION('',(1.,0.,-0.));
#8646=AXIS2_PLACEMENT_3D('',#8643,#8644,#8645);
#8647=CIRCLE('',#8646,0.875);
#8648=EDGE_CURVE('',#8642,#8631,#8647,.T.);
#8649=ORIENTED_EDGE('',*,*,#8648,.F.);
#8650=CARTESIAN_POINT('',(0.,13.97,1.786691565));
#8651=DIRECTION('',(-0.,-0.,-1.));
#8652=DIRECTION('',(1.,0.,-0.));
#8653=AXIS2_PLACEMENT_3D('',#8650,#8651,#8652);
#8654=CIRCLE('',#8653,0.875);
#8655=EDGE_CURVE('',#8631,#8642,#8654,.T.);
#8656=ORIENTED_EDGE('',*,*,#8655,.F.);
#8657=EDGE_LOOP('',(#8637,#8638,#8639,#8640,#8649,#8656));
#8658=FACE_BOUND('',#8657,.T.);
#8659=ADVANCED_FACE('',(#8658),#8629,.F.);
#8660=CARTESIAN_POINT('',(5.08,19.05,1.786691565));
#8661=DIRECTION('',(0.,0.,-1.));
#8662=DIRECTION('',(-1.,0.,0.));
#8663=AXIS2_PLACEMENT_3D('',#8660,#8661,#8662);
#8664=CYLINDRICAL_SURFACE('',#8663,0.875);
#8665=CARTESIAN_POINT('',(4.205,19.05,1.786691565));
#8666=VERTEX_POINT('',#8665);
#8667=CARTESIAN_POINT('',(4.205,19.05,1.386691565));
#8668=DIRECTION('',(-0.,-0.,1.));
#8669=VECTOR('',#8668,0.4);
#8670=LINE('',#8667,#8669);
#8671=EDGE_CURVE('',#4562,#8666,#8670,.T.);
#8672=ORIENTED_EDGE('',*,*,#8671,.F.);
#8673=ORIENTED_EDGE('',*,*,#4570,.T.);
#8674=ORIENTED_EDGE('',*,*,#4577,.T.);
#8675=ORIENTED_EDGE('',*,*,#8671,.T.);
#8676=CARTESIAN_POINT('',(5.955,19.05,1.786691565));
#8677=VERTEX_POINT('',#8676);
#8678=CARTESIAN_POINT('',(5.08,19.05,1.786691565));
#8679=DIRECTION('',(-0.,-0.,-1.));
#8680=DIRECTION('',(1.,0.,-0.));
#8681=AXIS2_PLACEMENT_3D('',#8678,#8679,#8680);
#8682=CIRCLE('',#8681,0.875);
#8683=EDGE_CURVE('',#8677,#8666,#8682,.T.);
#8684=ORIENTED_EDGE('',*,*,#8683,.F.);
#8685=CARTESIAN_POINT('',(5.08,19.05,1.786691565));
#8686=DIRECTION('',(-0.,-0.,-1.));
#8687=DIRECTION('',(1.,0.,-0.));
#8688=AXIS2_PLACEMENT_3D('',#8685,#8686,#8687);
#8689=CIRCLE('',#8688,0.875);
#8690=EDGE_CURVE('',#8666,#8677,#8689,.T.);
#8691=ORIENTED_EDGE('',*,*,#8690,.F.);
#8692=EDGE_LOOP('',(#8672,#8673,#8674,#8675,#8684,#8691));
#8693=FACE_BOUND('',#8692,.T.);
#8694=ADVANCED_FACE('',(#8693),#8664,.F.);
#8695=CARTESIAN_POINT('',(0.,24.13,1.786691565));
#8696=DIRECTION('',(0.,0.,-1.));
#8697=DIRECTION('',(-1.,0.,0.));
#8698=AXIS2_PLACEMENT_3D('',#8695,#8696,#8697);
#8699=CYLINDRICAL_SURFACE('',#8698,0.875);
#8700=CARTESIAN_POINT('',(-0.875,24.13,1.786691565));
#8701=VERTEX_POINT('',#8700);
#8702=CARTESIAN_POINT('',(-0.875,24.13,1.386691565));
#8703=DIRECTION('',(-0.,-0.,1.));
#8704=VECTOR('',#8703,0.4);
#8705=LINE('',#8702,#8704);
#8706=EDGE_CURVE('',#4582,#8701,#8705,.T.);
#8707=ORIENTED_EDGE('',*,*,#8706,.F.);
#8708=ORIENTED_EDGE('',*,*,#4590,.T.);
#8709=ORIENTED_EDGE('',*,*,#4597,.T.);
#8710=ORIENTED_EDGE('',*,*,#8706,.T.);
#8711=CARTESIAN_POINT('',(0.875,24.13,1.786691565));
#8712=VERTEX_POINT('',#8711);
#8713=CARTESIAN_POINT('',(0.,24.13,1.786691565));
#8714=DIRECTION('',(-0.,-0.,-1.));
#8715=DIRECTION('',(1.,0.,-0.));
#8716=AXIS2_PLACEMENT_3D('',#8713,#8714,#8715);
#8717=CIRCLE('',#8716,0.875);
#8718=EDGE_CURVE('',#8712,#8701,#8717,.T.);
#8719=ORIENTED_EDGE('',*,*,#8718,.F.);
#8720=CARTESIAN_POINT('',(0.,24.13,1.786691565));
#8721=DIRECTION('',(-0.,-0.,-1.));
#8722=DIRECTION('',(1.,0.,-0.));
#8723=AXIS2_PLACEMENT_3D('',#8720,#8721,#8722);
#8724=CIRCLE('',#8723,0.875);
#8725=EDGE_CURVE('',#8701,#8712,#8724,.T.);
#8726=ORIENTED_EDGE('',*,*,#8725,.F.);
#8727=EDGE_LOOP('',(#8707,#8708,#8709,#8710,#8719,#8726));
#8728=FACE_BOUND('',#8727,.T.);
#8729=ADVANCED_FACE('',(#8728),#8699,.F.);
#8730=CARTESIAN_POINT('',(-104.25,85.2,1.786691565));
#8731=DIRECTION('',(0.,0.,1.));
#8732=DIRECTION('',(1.,0.,0.));
#8733=AXIS2_PLACEMENT_3D('',#8730,#8731,#8732);
#8734=PLANE('',#8733);
#8735=ORIENTED_EDGE('',*,*,#8718,.T.);
#8736=ORIENTED_EDGE('',*,*,#8725,.T.);
#8737=EDGE_LOOP('',(#8735,#8736));
#8738=FACE_BOUND('',#8737,.T.);
#8739=ORIENTED_EDGE('',*,*,#8683,.T.);
#8740=ORIENTED_EDGE('',*,*,#8690,.T.);
#8741=EDGE_LOOP('',(#8739,#8740));
#8742=FACE_BOUND('',#8741,.T.);
#8743=ORIENTED_EDGE('',*,*,#8648,.T.);
#8744=ORIENTED_EDGE('',*,*,#8655,.T.);
#8745=EDGE_LOOP('',(#8743,#8744));
#8746=FACE_BOUND('',#8745,.T.);
#8747=ORIENTED_EDGE('',*,*,#8613,.T.);
#8748=ORIENTED_EDGE('',*,*,#8620,.T.);
#8749=EDGE_LOOP('',(#8747,#8748));
#8750=FACE_BOUND('',#8749,.T.);
#8751=ORIENTED_EDGE('',*,*,#1611,.F.);
#8752=ORIENTED_EDGE('',*,*,#1649,.F.);
#8753=ORIENTED_EDGE('',*,*,#1680,.F.);
#8754=ORIENTED_EDGE('',*,*,#3408,.F.);
#8755=EDGE_LOOP('',(#8751,#8752,#8753,#8754));
#8756=FACE_BOUND('',#8755,.T.);
#8757=ADVANCED_FACE('',(#8738,#8742,#8746,#8750,#8756),#8734,.T.);
#8758=CARTESIAN_POINT('',(19.05,13.97,1.786691565));
#8759=DIRECTION('',(0.,0.,-1.));
#8760=DIRECTION('',(-1.,0.,0.));
#8761=AXIS2_PLACEMENT_3D('',#8758,#8759,#8760);
#8762=CYLINDRICAL_SURFACE('',#8761,0.875);
#8763=CARTESIAN_POINT('',(18.175,13.97,1.786691565));
#8764=VERTEX_POINT('',#8763);
#8765=CARTESIAN_POINT('',(18.175,13.97,1.386691565));
#8766=DIRECTION('',(-0.,-0.,1.));
#8767=VECTOR('',#8766,0.4);
#8768=LINE('',#8765,#8767);
#8769=EDGE_CURVE('',#4502,#8764,#8768,.T.);
#8770=ORIENTED_EDGE('',*,*,#8769,.F.);
#8771=ORIENTED_EDGE('',*,*,#4510,.T.);
#8772=ORIENTED_EDGE('',*,*,#4517,.T.);
#8773=ORIENTED_EDGE('',*,*,#8769,.T.);
#8774=CARTESIAN_POINT('',(19.925,13.97,1.786691565));
#8775=VERTEX_POINT('',#8774);
#8776=CARTESIAN_POINT('',(19.05,13.97,1.786691565));
#8777=DIRECTION('',(-0.,-0.,-1.));
#8778=DIRECTION('',(1.,0.,-0.));
#8779=AXIS2_PLACEMENT_3D('',#8776,#8777,#8778);
#8780=CIRCLE('',#8779,0.875);
#8781=EDGE_CURVE('',#8775,#8764,#8780,.T.);
#8782=ORIENTED_EDGE('',*,*,#8781,.F.);
#8783=CARTESIAN_POINT('',(19.05,13.97,1.786691565));
#8784=DIRECTION('',(-0.,-0.,-1.));
#8785=DIRECTION('',(1.,0.,-0.));
#8786=AXIS2_PLACEMENT_3D('',#8783,#8784,#8785);
#8787=CIRCLE('',#8786,0.875);
#8788=EDGE_CURVE('',#8764,#8775,#8787,.T.);
#8789=ORIENTED_EDGE('',*,*,#8788,.F.);
#8790=EDGE_LOOP('',(#8770,#8771,#8772,#8773,#8782,#8789));
#8791=FACE_BOUND('',#8790,.T.);
#8792=ADVANCED_FACE('',(#8791),#8762,.F.);
#8793=CARTESIAN_POINT('',(13.97,19.05,1.786691565));
#8794=DIRECTION('',(0.,0.,-1.));
#8795=DIRECTION('',(-1.,0.,0.));
#8796=AXIS2_PLACEMENT_3D('',#8793,#8794,#8795);
#8797=CYLINDRICAL_SURFACE('',#8796,0.875);
#8798=CARTESIAN_POINT('',(13.095,19.05,1.786691565));
#8799=VERTEX_POINT('',#8798);
#8800=CARTESIAN_POINT('',(13.095,19.05,1.386691565));
#8801=DIRECTION('',(-0.,-0.,1.));
#8802=VECTOR('',#8801,0.4);
#8803=LINE('',#8800,#8802);
#8804=EDGE_CURVE('',#4482,#8799,#8803,.T.);
#8805=ORIENTED_EDGE('',*,*,#8804,.F.);
#8806=ORIENTED_EDGE('',*,*,#4490,.T.);
#8807=ORIENTED_EDGE('',*,*,#4497,.T.);
#8808=ORIENTED_EDGE('',*,*,#8804,.T.);
#8809=CARTESIAN_POINT('',(14.845,19.05,1.786691565));
#8810=VERTEX_POINT('',#8809);
#8811=CARTESIAN_POINT('',(13.97,19.05,1.786691565));
#8812=DIRECTION('',(-0.,-0.,-1.));
#8813=DIRECTION('',(1.,0.,-0.));
#8814=AXIS2_PLACEMENT_3D('',#8811,#8812,#8813);
#8815=CIRCLE('',#8814,0.875);
#8816=EDGE_CURVE('',#8810,#8799,#8815,.T.);
#8817=ORIENTED_EDGE('',*,*,#8816,.F.);
#8818=CARTESIAN_POINT('',(13.97,19.05,1.786691565));
#8819=DIRECTION('',(-0.,-0.,-1.));
#8820=DIRECTION('',(1.,0.,-0.));
#8821=AXIS2_PLACEMENT_3D('',#8818,#8819,#8820);
#8822=CIRCLE('',#8821,0.875);
#8823=EDGE_CURVE('',#8799,#8810,#8822,.T.);
#8824=ORIENTED_EDGE('',*,*,#8823,.F.);
#8825=EDGE_LOOP('',(#8805,#8806,#8807,#8808,#8817,#8824));
#8826=FACE_BOUND('',#8825,.T.);
#8827=ADVANCED_FACE('',(#8826),#8797,.F.);
#8828=CARTESIAN_POINT('',(24.13,19.05,1.786691565));
#8829=DIRECTION('',(0.,0.,-1.));
#8830=DIRECTION('',(-1.,0.,0.));
#8831=AXIS2_PLACEMENT_3D('',#8828,#8829,#8830);
#8832=CYLINDRICAL_SURFACE('',#8831,0.875);
#8833=CARTESIAN_POINT('',(23.255,19.05,1.786691565));
#8834=VERTEX_POINT('',#8833);
#8835=CARTESIAN_POINT('',(23.255,19.05,1.386691565));
#8836=DIRECTION('',(-0.,-0.,1.));
#8837=VECTOR('',#8836,0.4);
#8838=LINE('',#8835,#8837);
#8839=EDGE_CURVE('',#4462,#8834,#8838,.T.);
#8840=ORIENTED_EDGE('',*,*,#8839,.F.);
#8841=ORIENTED_EDGE('',*,*,#4470,.T.);
#8842=ORIENTED_EDGE('',*,*,#4477,.T.);
#8843=ORIENTED_EDGE('',*,*,#8839,.T.);
#8844=CARTESIAN_POINT('',(25.005,19.05,1.786691565));
#8845=VERTEX_POINT('',#8844);
#8846=CARTESIAN_POINT('',(24.13,19.05,1.786691565));
#8847=DIRECTION('',(-0.,-0.,-1.));
#8848=DIRECTION('',(1.,0.,-0.));
#8849=AXIS2_PLACEMENT_3D('',#8846,#8847,#8848);
#8850=CIRCLE('',#8849,0.875);
#8851=EDGE_CURVE('',#8845,#8834,#8850,.T.);
#8852=ORIENTED_EDGE('',*,*,#8851,.F.);
#8853=CARTESIAN_POINT('',(24.13,19.05,1.786691565));
#8854=DIRECTION('',(-0.,-0.,-1.));
#8855=DIRECTION('',(1.,0.,-0.));
#8856=AXIS2_PLACEMENT_3D('',#8853,#8854,#8855);
#8857=CIRCLE('',#8856,0.875);
#8858=EDGE_CURVE('',#8834,#8845,#8857,.T.);
#8859=ORIENTED_EDGE('',*,*,#8858,.F.);
#8860=EDGE_LOOP('',(#8840,#8841,#8842,#8843,#8852,#8859));
#8861=FACE_BOUND('',#8860,.T.);
#8862=ADVANCED_FACE('',(#8861),#8832,.F.);
#8863=CARTESIAN_POINT('',(19.05,24.13,1.786691565));
#8864=DIRECTION('',(0.,0.,-1.));
#8865=DIRECTION('',(-1.,0.,0.));
#8866=AXIS2_PLACEMENT_3D('',#8863,#8864,#8865);
#8867=CYLINDRICAL_SURFACE('',#8866,0.875);
#8868=CARTESIAN_POINT('',(18.175,24.13,1.786691565));
#8869=VERTEX_POINT('',#8868);
#8870=CARTESIAN_POINT('',(18.175,24.13,1.386691565));
#8871=DIRECTION('',(-0.,-0.,1.));
#8872=VECTOR('',#8871,0.4);
#8873=LINE('',#8870,#8872);
#8874=EDGE_CURVE('',#4442,#8869,#8873,.T.);
#8875=ORIENTED_EDGE('',*,*,#8874,.F.);
#8876=ORIENTED_EDGE('',*,*,#4450,.T.);
#8877=ORIENTED_EDGE('',*,*,#4457,.T.);
#8878=ORIENTED_EDGE('',*,*,#8874,.T.);
#8879=CARTESIAN_POINT('',(19.925,24.13,1.786691565));
#8880=VERTEX_POINT('',#8879);
#8881=CARTESIAN_POINT('',(19.05,24.13,1.786691565));
#8882=DIRECTION('',(-0.,-0.,-1.));
#8883=DIRECTION('',(1.,0.,-0.));
#8884=AXIS2_PLACEMENT_3D('',#8881,#8882,#8883);
#8885=CIRCLE('',#8884,0.875);
#8886=EDGE_CURVE('',#8880,#8869,#8885,.T.);
#8887=ORIENTED_EDGE('',*,*,#8886,.F.);
#8888=CARTESIAN_POINT('',(19.05,24.13,1.786691565));
#8889=DIRECTION('',(-0.,-0.,-1.));
#8890=DIRECTION('',(1.,0.,-0.));
#8891=AXIS2_PLACEMENT_3D('',#8888,#8889,#8890);
#8892=CIRCLE('',#8891,0.875);
#8893=EDGE_CURVE('',#8869,#8880,#8892,.T.);
#8894=ORIENTED_EDGE('',*,*,#8893,.F.);
#8895=EDGE_LOOP('',(#8875,#8876,#8877,#8878,#8887,#8894));
#8896=FACE_BOUND('',#8895,.T.);
#8897=ADVANCED_FACE('',(#8896),#8867,.F.);
#8898=CARTESIAN_POINT('',(-104.25,85.2,1.786691565));
#8899=DIRECTION('',(0.,0.,1.));
#8900=DIRECTION('',(1.,0.,0.));
#8901=AXIS2_PLACEMENT_3D('',#8898,#8899,#8900);
#8902=PLANE('',#8901);
#8903=ORIENTED_EDGE('',*,*,#8886,.T.);
#8904=ORIENTED_EDGE('',*,*,#8893,.T.);
#8905=EDGE_LOOP('',(#8903,#8904));
#8906=FACE_BOUND('',#8905,.T.);
#8907=ORIENTED_EDGE('',*,*,#8851,.T.);
#8908=ORIENTED_EDGE('',*,*,#8858,.T.);
#8909=EDGE_LOOP('',(#8907,#8908));
#8910=FACE_BOUND('',#8909,.T.);
#8911=ORIENTED_EDGE('',*,*,#8816,.T.);
#8912=ORIENTED_EDGE('',*,*,#8823,.T.);
#8913=EDGE_LOOP('',(#8911,#8912));
#8914=FACE_BOUND('',#8913,.T.);
#8915=ORIENTED_EDGE('',*,*,#8781,.T.);
#8916=ORIENTED_EDGE('',*,*,#8788,.T.);
#8917=EDGE_LOOP('',(#8915,#8916));
#8918=FACE_BOUND('',#8917,.T.);
#8919=ORIENTED_EDGE('',*,*,#1509,.F.);
#8920=ORIENTED_EDGE('',*,*,#1547,.F.);
#8921=ORIENTED_EDGE('',*,*,#1578,.F.);
#8922=ORIENTED_EDGE('',*,*,#3386,.F.);
#8923=EDGE_LOOP('',(#8919,#8920,#8921,#8922));
#8924=FACE_BOUND('',#8923,.T.);
#8925=ADVANCED_FACE('',(#8906,#8910,#8914,#8918,#8924),#8902,.T.);
#8926=CARTESIAN_POINT('',(38.1,13.97,1.786691565));
#8927=DIRECTION('',(0.,0.,-1.));
#8928=DIRECTION('',(-1.,0.,0.));
#8929=AXIS2_PLACEMENT_3D('',#8926,#8927,#8928);
#8930=CYLINDRICAL_SURFACE('',#8929,0.875);
#8931=CARTESIAN_POINT('',(37.225,13.97,1.786691565));
#8932=VERTEX_POINT('',#8931);
#8933=CARTESIAN_POINT('',(37.225,13.97,1.386691565));
#8934=DIRECTION('',(-0.,-0.,1.));
#8935=VECTOR('',#8934,0.4);
#8936=LINE('',#8933,#8935);
#8937=EDGE_CURVE('',#4362,#8932,#8936,.T.);
#8938=ORIENTED_EDGE('',*,*,#8937,.F.);
#8939=ORIENTED_EDGE('',*,*,#4370,.T.);
#8940=ORIENTED_EDGE('',*,*,#4377,.T.);
#8941=ORIENTED_EDGE('',*,*,#8937,.T.);
#8942=CARTESIAN_POINT('',(38.975,13.97,1.786691565));
#8943=VERTEX_POINT('',#8942);
#8944=CARTESIAN_POINT('',(38.1,13.97,1.786691565));
#8945=DIRECTION('',(-0.,-0.,-1.));
#8946=DIRECTION('',(1.,0.,-0.));
#8947=AXIS2_PLACEMENT_3D('',#8944,#8945,#8946);
#8948=CIRCLE('',#8947,0.875);
#8949=EDGE_CURVE('',#8943,#8932,#8948,.T.);
#8950=ORIENTED_EDGE('',*,*,#8949,.F.);
#8951=CARTESIAN_POINT('',(38.1,13.97,1.786691565));
#8952=DIRECTION('',(-0.,-0.,-1.));
#8953=DIRECTION('',(1.,0.,-0.));
#8954=AXIS2_PLACEMENT_3D('',#8951,#8952,#8953);
#8955=CIRCLE('',#8954,0.875);
#8956=EDGE_CURVE('',#8932,#8943,#8955,.T.);
#8957=ORIENTED_EDGE('',*,*,#8956,.F.);
#8958=EDGE_LOOP('',(#8938,#8939,#8940,#8941,#8950,#8957));
#8959=FACE_BOUND('',#8958,.T.);
#8960=ADVANCED_FACE('',(#8959),#8930,.F.);
#8961=CARTESIAN_POINT('',(33.02,19.05,1.786691565));
#8962=DIRECTION('',(0.,0.,-1.));
#8963=DIRECTION('',(-1.,0.,0.));
#8964=AXIS2_PLACEMENT_3D('',#8961,#8962,#8963);
#8965=CYLINDRICAL_SURFACE('',#8964,0.875);
#8966=CARTESIAN_POINT('',(32.145,19.05,1.786691565));
#8967=VERTEX_POINT('',#8966);
#8968=CARTESIAN_POINT('',(32.145,19.05,1.386691565));
#8969=DIRECTION('',(-0.,-0.,1.));
#8970=VECTOR('',#8969,0.4);
#8971=LINE('',#8968,#8970);
#8972=EDGE_CURVE('',#4382,#8967,#8971,.T.);
#8973=ORIENTED_EDGE('',*,*,#8972,.F.);
#8974=ORIENTED_EDGE('',*,*,#4390,.T.);
#8975=ORIENTED_EDGE('',*,*,#4397,.T.);
#8976=ORIENTED_EDGE('',*,*,#8972,.T.);
#8977=CARTESIAN_POINT('',(33.895,19.05,1.786691565));
#8978=VERTEX_POINT('',#8977);
#8979=CARTESIAN_POINT('',(33.02,19.05,1.786691565));
#8980=DIRECTION('',(-0.,-0.,-1.));
#8981=DIRECTION('',(1.,0.,-0.));
#8982=AXIS2_PLACEMENT_3D('',#8979,#8980,#8981);
#8983=CIRCLE('',#8982,0.875);
#8984=EDGE_CURVE('',#8978,#8967,#8983,.T.);
#8985=ORIENTED_EDGE('',*,*,#8984,.F.);
#8986=CARTESIAN_POINT('',(33.02,19.05,1.786691565));
#8987=DIRECTION('',(-0.,-0.,-1.));
#8988=DIRECTION('',(1.,0.,-0.));
#8989=AXIS2_PLACEMENT_3D('',#8986,#8987,#8988);
#8990=CIRCLE('',#8989,0.875);
#8991=EDGE_CURVE('',#8967,#8978,#8990,.T.);
#8992=ORIENTED_EDGE('',*,*,#8991,.F.);
#8993=EDGE_LOOP('',(#8973,#8974,#8975,#8976,#8985,#8992));
#8994=FACE_BOUND('',#8993,.T.);
#8995=ADVANCED_FACE('',(#8994),#8965,.F.);
#8996=CARTESIAN_POINT('',(43.18,19.05,1.786691565));
#8997=DIRECTION('',(0.,0.,-1.));
#8998=DIRECTION('',(-1.,0.,0.));
#8999=AXIS2_PLACEMENT_3D('',#8996,#8997,#8998);
#9000=CYLINDRICAL_SURFACE('',#8999,0.875);
#9001=CARTESIAN_POINT('',(42.305,19.05,1.786691565));
#9002=VERTEX_POINT('',#9001);
#9003=CARTESIAN_POINT('',(42.305,19.05,1.386691565));
#9004=DIRECTION('',(-0.,-0.,1.));
#9005=VECTOR('',#9004,0.4);
#9006=LINE('',#9003,#9005);
#9007=EDGE_CURVE('',#4402,#9002,#9006,.T.);
#9008=ORIENTED_EDGE('',*,*,#9007,.F.);
#9009=ORIENTED_EDGE('',*,*,#4410,.T.);
#9010=ORIENTED_EDGE('',*,*,#4417,.T.);
#9011=ORIENTED_EDGE('',*,*,#9007,.T.);
#9012=CARTESIAN_POINT('',(44.055,19.05,1.786691565));
#9013=VERTEX_POINT('',#9012);
#9014=CARTESIAN_POINT('',(43.18,19.05,1.786691565));
#9015=DIRECTION('',(-0.,-0.,-1.));
#9016=DIRECTION('',(1.,0.,-0.));
#9017=AXIS2_PLACEMENT_3D('',#9014,#9015,#9016);
#9018=CIRCLE('',#9017,0.875);
#9019=EDGE_CURVE('',#9013,#9002,#9018,.T.);
#9020=ORIENTED_EDGE('',*,*,#9019,.F.);
#9021=CARTESIAN_POINT('',(43.18,19.05,1.786691565));
#9022=DIRECTION('',(-0.,-0.,-1.));
#9023=DIRECTION('',(1.,0.,-0.));
#9024=AXIS2_PLACEMENT_3D('',#9021,#9022,#9023);
#9025=CIRCLE('',#9024,0.875);
#9026=EDGE_CURVE('',#9002,#9013,#9025,.T.);
#9027=ORIENTED_EDGE('',*,*,#9026,.F.);
#9028=EDGE_LOOP('',(#9008,#9009,#9010,#9011,#9020,#9027));
#9029=FACE_BOUND('',#9028,.T.);
#9030=ADVANCED_FACE('',(#9029),#9000,.F.);
#9031=CARTESIAN_POINT('',(38.1,24.13,1.786691565));
#9032=DIRECTION('',(0.,0.,-1.));
#9033=DIRECTION('',(-1.,0.,0.));
#9034=AXIS2_PLACEMENT_3D('',#9031,#9032,#9033);
#9035=CYLINDRICAL_SURFACE('',#9034,0.875);
#9036=CARTESIAN_POINT('',(37.225,24.13,1.786691565));
#9037=VERTEX_POINT('',#9036);
#9038=CARTESIAN_POINT('',(37.225,24.13,1.386691565));
#9039=DIRECTION('',(-0.,-0.,1.));
#9040=VECTOR('',#9039,0.4);
#9041=LINE('',#9038,#9040);
#9042=EDGE_CURVE('',#4422,#9037,#9041,.T.);
#9043=ORIENTED_EDGE('',*,*,#9042,.F.);
#9044=ORIENTED_EDGE('',*,*,#4430,.T.);
#9045=ORIENTED_EDGE('',*,*,#4437,.T.);
#9046=ORIENTED_EDGE('',*,*,#9042,.T.);
#9047=CARTESIAN_POINT('',(38.975,24.13,1.786691565));
#9048=VERTEX_POINT('',#9047);
#9049=CARTESIAN_POINT('',(38.1,24.13,1.786691565));
#9050=DIRECTION('',(-0.,-0.,-1.));
#9051=DIRECTION('',(1.,0.,-0.));
#9052=AXIS2_PLACEMENT_3D('',#9049,#9050,#9051);
#9053=CIRCLE('',#9052,0.875);
#9054=EDGE_CURVE('',#9048,#9037,#9053,.T.);
#9055=ORIENTED_EDGE('',*,*,#9054,.F.);
#9056=CARTESIAN_POINT('',(38.1,24.13,1.786691565));
#9057=DIRECTION('',(-0.,-0.,-1.));
#9058=DIRECTION('',(1.,0.,-0.));
#9059=AXIS2_PLACEMENT_3D('',#9056,#9057,#9058);
#9060=CIRCLE('',#9059,0.875);
#9061=EDGE_CURVE('',#9037,#9048,#9060,.T.);
#9062=ORIENTED_EDGE('',*,*,#9061,.F.);
#9063=EDGE_LOOP('',(#9043,#9044,#9045,#9046,#9055,#9062));
#9064=FACE_BOUND('',#9063,.T.);
#9065=ADVANCED_FACE('',(#9064),#9035,.F.);
#9066=CARTESIAN_POINT('',(-104.25,85.2,1.786691565));
#9067=DIRECTION('',(0.,0.,1.));
#9068=DIRECTION('',(1.,0.,0.));
#9069=AXIS2_PLACEMENT_3D('',#9066,#9067,#9068);
#9070=PLANE('',#9069);
#9071=ORIENTED_EDGE('',*,*,#9054,.T.);
#9072=ORIENTED_EDGE('',*,*,#9061,.T.);
#9073=EDGE_LOOP('',(#9071,#9072));
#9074=FACE_BOUND('',#9073,.T.);
#9075=ORIENTED_EDGE('',*,*,#9019,.T.);
#9076=ORIENTED_EDGE('',*,*,#9026,.T.);
#9077=EDGE_LOOP('',(#9075,#9076));
#9078=FACE_BOUND('',#9077,.T.);
#9079=ORIENTED_EDGE('',*,*,#8984,.T.);
#9080=ORIENTED_EDGE('',*,*,#8991,.T.);
#9081=EDGE_LOOP('',(#9079,#9080));
#9082=FACE_BOUND('',#9081,.T.);
#9083=ORIENTED_EDGE('',*,*,#8949,.T.);
#9084=ORIENTED_EDGE('',*,*,#8956,.T.);
#9085=EDGE_LOOP('',(#9083,#9084));
#9086=FACE_BOUND('',#9085,.T.);
#9087=ORIENTED_EDGE('',*,*,#1407,.F.);
#9088=ORIENTED_EDGE('',*,*,#1445,.F.);
#9089=ORIENTED_EDGE('',*,*,#1476,.F.);
#9090=ORIENTED_EDGE('',*,*,#3364,.F.);
#9091=EDGE_LOOP('',(#9087,#9088,#9089,#9090));
#9092=FACE_BOUND('',#9091,.T.);
#9093=ADVANCED_FACE('',(#9074,#9078,#9082,#9086,#9092),#9070,.T.);
#9094=CARTESIAN_POINT('',(-104.25,85.2,1.786691565));
#9095=DIRECTION('',(0.,0.,1.));
#9096=DIRECTION('',(1.,0.,0.));
#9097=AXIS2_PLACEMENT_3D('',#9094,#9095,#9096);
#9098=PLANE('',#9097);
#9099=CARTESIAN_POINT('',(-18.175,-33.02,1.786691565));
#9100=VERTEX_POINT('',#9099);
#9101=CARTESIAN_POINT('',(-19.925,-33.02,1.786691565));
#9102=VERTEX_POINT('',#9101);
#9103=CARTESIAN_POINT('',(-19.05,-33.02,1.786691565));
#9104=DIRECTION('',(-0.,-0.,-1.));
#9105=DIRECTION('',(1.,0.,-0.));
#9106=AXIS2_PLACEMENT_3D('',#9103,#9104,#9105);
#9107=CIRCLE('',#9106,0.875);
#9108=EDGE_CURVE('',#9100,#9102,#9107,.T.);
#9109=ORIENTED_EDGE('',*,*,#9108,.T.);
#9110=CARTESIAN_POINT('',(-19.05,-33.02,1.786691565));
#9111=DIRECTION('',(-0.,-0.,-1.));
#9112=DIRECTION('',(1.,0.,-0.));
#9113=AXIS2_PLACEMENT_3D('',#9110,#9111,#9112);
#9114=CIRCLE('',#9113,0.875);
#9115=EDGE_CURVE('',#9102,#9100,#9114,.T.);
#9116=ORIENTED_EDGE('',*,*,#9115,.T.);
#9117=EDGE_LOOP('',(#9109,#9116));
#9118=FACE_BOUND('',#9117,.T.);
#9119=CARTESIAN_POINT('',(-13.095,-38.1,1.786691565));
#9120=VERTEX_POINT('',#9119);
#9121=CARTESIAN_POINT('',(-14.845,-38.1,1.786691565));
#9122=VERTEX_POINT('',#9121);
#9123=CARTESIAN_POINT('',(-13.97,-38.1,1.786691565));
#9124=DIRECTION('',(-0.,-0.,-1.));
#9125=DIRECTION('',(1.,0.,-0.));
#9126=AXIS2_PLACEMENT_3D('',#9123,#9124,#9125);
#9127=CIRCLE('',#9126,0.875);
#9128=EDGE_CURVE('',#9120,#9122,#9127,.T.);
#9129=ORIENTED_EDGE('',*,*,#9128,.T.);
#9130=CARTESIAN_POINT('',(-13.97,-38.1,1.786691565));
#9131=DIRECTION('',(-0.,-0.,-1.));
#9132=DIRECTION('',(1.,0.,-0.));
#9133=AXIS2_PLACEMENT_3D('',#9130,#9131,#9132);
#9134=CIRCLE('',#9133,0.875);
#9135=EDGE_CURVE('',#9122,#9120,#9134,.T.);
#9136=ORIENTED_EDGE('',*,*,#9135,.T.);
#9137=EDGE_LOOP('',(#9129,#9136));
#9138=FACE_BOUND('',#9137,.T.);
#9139=CARTESIAN_POINT('',(-18.175,-43.18,1.786691565));
#9140=VERTEX_POINT('',#9139);
#9141=CARTESIAN_POINT('',(-19.925,-43.18,1.786691565));
#9142=VERTEX_POINT('',#9141);
#9143=CARTESIAN_POINT('',(-19.05,-43.18,1.786691565));
#9144=DIRECTION('',(-0.,-0.,-1.));
#9145=DIRECTION('',(1.,0.,-0.));
#9146=AXIS2_PLACEMENT_3D('',#9143,#9144,#9145);
#9147=CIRCLE('',#9146,0.875);
#9148=EDGE_CURVE('',#9140,#9142,#9147,.T.);
#9149=ORIENTED_EDGE('',*,*,#9148,.T.);
#9150=CARTESIAN_POINT('',(-19.05,-43.18,1.786691565));
#9151=DIRECTION('',(-0.,-0.,-1.));
#9152=DIRECTION('',(1.,0.,-0.));
#9153=AXIS2_PLACEMENT_3D('',#9150,#9151,#9152);
#9154=CIRCLE('',#9153,0.875);
#9155=EDGE_CURVE('',#9142,#9140,#9154,.T.);
#9156=ORIENTED_EDGE('',*,*,#9155,.T.);
#9157=EDGE_LOOP('',(#9149,#9156));
#9158=FACE_BOUND('',#9157,.T.);
#9159=CARTESIAN_POINT('',(-27.7,-33.02,1.786691565));
#9160=VERTEX_POINT('',#9159);
#9161=CARTESIAN_POINT('',(-29.45,-33.02,1.786691565));
#9162=VERTEX_POINT('',#9161);
#9163=CARTESIAN_POINT('',(-28.575,-33.02,1.786691565));
#9164=DIRECTION('',(-0.,-0.,-1.));
#9165=DIRECTION('',(1.,0.,-0.));
#9166=AXIS2_PLACEMENT_3D('',#9163,#9164,#9165);
#9167=CIRCLE('',#9166,0.875);
#9168=EDGE_CURVE('',#9160,#9162,#9167,.T.);
#9169=ORIENTED_EDGE('',*,*,#9168,.T.);
#9170=CARTESIAN_POINT('',(-28.575,-33.02,1.786691565));
#9171=DIRECTION('',(-0.,-0.,-1.));
#9172=DIRECTION('',(1.,0.,-0.));
#9173=AXIS2_PLACEMENT_3D('',#9170,#9171,#9172);
#9174=CIRCLE('',#9173,0.875);
#9175=EDGE_CURVE('',#9162,#9160,#9174,.T.);
#9176=ORIENTED_EDGE('',*,*,#9175,.T.);
#9177=EDGE_LOOP('',(#9169,#9176));
#9178=FACE_BOUND('',#9177,.T.);
#9179=CARTESIAN_POINT('',(-37.225,-33.02,1.786691565));
#9180=VERTEX_POINT('',#9179);
#9181=CARTESIAN_POINT('',(-38.975,-33.02,1.786691565));
#9182=VERTEX_POINT('',#9181);
#9183=CARTESIAN_POINT('',(-38.1,-33.02,1.786691565));
#9184=DIRECTION('',(-0.,-0.,-1.));
#9185=DIRECTION('',(1.,0.,-0.));
#9186=AXIS2_PLACEMENT_3D('',#9183,#9184,#9185);
#9187=CIRCLE('',#9186,0.875);
#9188=EDGE_CURVE('',#9180,#9182,#9187,.T.);
#9189=ORIENTED_EDGE('',*,*,#9188,.T.);
#9190=CARTESIAN_POINT('',(-38.1,-33.02,1.786691565));
#9191=DIRECTION('',(-0.,-0.,-1.));
#9192=DIRECTION('',(1.,0.,-0.));
#9193=AXIS2_PLACEMENT_3D('',#9190,#9191,#9192);
#9194=CIRCLE('',#9193,0.875);
#9195=EDGE_CURVE('',#9182,#9180,#9194,.T.);
#9196=ORIENTED_EDGE('',*,*,#9195,.T.);
#9197=EDGE_LOOP('',(#9189,#9196));
#9198=FACE_BOUND('',#9197,.T.);
#9199=CARTESIAN_POINT('',(-23.8125,-37.284635818,1.786691565));
#9200=VERTEX_POINT('',#9199);
#9201=CARTESIAN_POINT('',(-23.8125,-38.915364182,1.786691565));
#9202=VERTEX_POINT('',#9201);
#9203=CARTESIAN_POINT('',(-23.495,-38.1,1.786691565));
#9204=DIRECTION('',(-0.,-0.,-1.));
#9205=DIRECTION('',(1.,0.,-0.));
#9206=AXIS2_PLACEMENT_3D('',#9203,#9204,#9205);
#9207=CIRCLE('',#9206,0.875);
#9208=EDGE_CURVE('',#9200,#9202,#9207,.T.);
#9209=ORIENTED_EDGE('',*,*,#9208,.T.);
#9210=CARTESIAN_POINT('',(-25.005,-38.1,1.786691565));
#9211=VERTEX_POINT('',#9210);
#9212=CARTESIAN_POINT('',(-24.13,-38.1,1.786691565));
#9213=DIRECTION('',(-0.,-0.,-1.));
#9214=DIRECTION('',(1.,0.,-0.));
#9215=AXIS2_PLACEMENT_3D('',#9212,#9213,#9214);
#9216=CIRCLE('',#9215,0.875);
#9217=EDGE_CURVE('',#9202,#9211,#9216,.T.);
#9218=ORIENTED_EDGE('',*,*,#9217,.T.);
#9219=CARTESIAN_POINT('',(-24.13,-38.1,1.786691565));
#9220=DIRECTION('',(-0.,-0.,-1.));
#9221=DIRECTION('',(1.,0.,-0.));
#9222=AXIS2_PLACEMENT_3D('',#9219,#9220,#9221);
#9223=CIRCLE('',#9222,0.875);
#9224=EDGE_CURVE('',#9211,#9200,#9223,.T.);
#9225=ORIENTED_EDGE('',*,*,#9224,.T.);
#9226=EDGE_LOOP('',(#9209,#9218,#9225));
#9227=FACE_BOUND('',#9226,.T.);
#9228=CARTESIAN_POINT('',(-33.3375,-38.915364182,1.786691565));
#9229=VERTEX_POINT('',#9228);
#9230=CARTESIAN_POINT('',(-34.53,-38.1,1.786691565));
#9231=VERTEX_POINT('',#9230);
#9232=CARTESIAN_POINT('',(-33.655,-38.1,1.786691565));
#9233=DIRECTION('',(-0.,-0.,-1.));
#9234=DIRECTION('',(1.,0.,-0.));
#9235=AXIS2_PLACEMENT_3D('',#9232,#9233,#9234);
#9236=CIRCLE('',#9235,0.875);
#9237=EDGE_CURVE('',#9229,#9231,#9236,.T.);
#9238=ORIENTED_EDGE('',*,*,#9237,.T.);
#9239=CARTESIAN_POINT('',(-33.3375,-37.284635818,1.786691565));
#9240=VERTEX_POINT('',#9239);
#9241=CARTESIAN_POINT('',(-33.655,-38.1,1.786691565));
#9242=DIRECTION('',(-0.,-0.,-1.));
#9243=DIRECTION('',(1.,0.,-0.));
#9244=AXIS2_PLACEMENT_3D('',#9241,#9242,#9243);
#9245=CIRCLE('',#9244,0.875);
#9246=EDGE_CURVE('',#9231,#9240,#9245,.T.);
#9247=ORIENTED_EDGE('',*,*,#9246,.T.);
#9248=CARTESIAN_POINT('',(-33.02,-38.1,1.786691565));
#9249=DIRECTION('',(-0.,-0.,-1.));
#9250=DIRECTION('',(1.,0.,-0.));
#9251=AXIS2_PLACEMENT_3D('',#9248,#9249,#9250);
#9252=CIRCLE('',#9251,0.875);
#9253=EDGE_CURVE('',#9240,#9229,#9252,.T.);
#9254=ORIENTED_EDGE('',*,*,#9253,.T.);
#9255=EDGE_LOOP('',(#9238,#9247,#9254));
#9256=FACE_BOUND('',#9255,.T.);
#9257=CARTESIAN_POINT('',(-27.7,-43.18,1.786691565));
#9258=VERTEX_POINT('',#9257);
#9259=CARTESIAN_POINT('',(-29.45,-43.18,1.786691565));
#9260=VERTEX_POINT('',#9259);
#9261=CARTESIAN_POINT('',(-28.575,-43.18,1.786691565));
#9262=DIRECTION('',(-0.,-0.,-1.));
#9263=DIRECTION('',(1.,0.,-0.));
#9264=AXIS2_PLACEMENT_3D('',#9261,#9262,#9263);
#9265=CIRCLE('',#9264,0.875);
#9266=EDGE_CURVE('',#9258,#9260,#9265,.T.);
#9267=ORIENTED_EDGE('',*,*,#9266,.T.);
#9268=CARTESIAN_POINT('',(-28.575,-43.18,1.786691565));
#9269=DIRECTION('',(-0.,-0.,-1.));
#9270=DIRECTION('',(1.,0.,-0.));
#9271=AXIS2_PLACEMENT_3D('',#9268,#9269,#9270);
#9272=CIRCLE('',#9271,0.875);
#9273=EDGE_CURVE('',#9260,#9258,#9272,.T.);
#9274=ORIENTED_EDGE('',*,*,#9273,.T.);
#9275=EDGE_LOOP('',(#9267,#9274));
#9276=FACE_BOUND('',#9275,.T.);
#9277=CARTESIAN_POINT('',(-42.305,-38.1,1.786691565));
#9278=VERTEX_POINT('',#9277);
#9279=CARTESIAN_POINT('',(-44.055,-38.1,1.786691565));
#9280=VERTEX_POINT('',#9279);
#9281=CARTESIAN_POINT('',(-43.18,-38.1,1.786691565));
#9282=DIRECTION('',(-0.,-0.,-1.));
#9283=DIRECTION('',(1.,0.,-0.));
#9284=AXIS2_PLACEMENT_3D('',#9281,#9282,#9283);
#9285=CIRCLE('',#9284,0.875);
#9286=EDGE_CURVE('',#9278,#9280,#9285,.T.);
#9287=ORIENTED_EDGE('',*,*,#9286,.T.);
#9288=CARTESIAN_POINT('',(-43.18,-38.1,1.786691565));
#9289=DIRECTION('',(-0.,-0.,-1.));
#9290=DIRECTION('',(1.,0.,-0.));
#9291=AXIS2_PLACEMENT_3D('',#9288,#9289,#9290);
#9292=CIRCLE('',#9291,0.875);
#9293=EDGE_CURVE('',#9280,#9278,#9292,.T.);
#9294=ORIENTED_EDGE('',*,*,#9293,.T.);
#9295=EDGE_LOOP('',(#9287,#9294));
#9296=FACE_BOUND('',#9295,.T.);
#9297=CARTESIAN_POINT('',(-37.225,-43.18,1.786691565));
#9298=VERTEX_POINT('',#9297);
#9299=CARTESIAN_POINT('',(-38.975,-43.18,1.786691565));
#9300=VERTEX_POINT('',#9299);
#9301=CARTESIAN_POINT('',(-38.1,-43.18,1.786691565));
#9302=DIRECTION('',(-0.,-0.,-1.));
#9303=DIRECTION('',(1.,0.,-0.));
#9304=AXIS2_PLACEMENT_3D('',#9301,#9302,#9303);
#9305=CIRCLE('',#9304,0.875);
#9306=EDGE_CURVE('',#9298,#9300,#9305,.T.);
#9307=ORIENTED_EDGE('',*,*,#9306,.T.);
#9308=CARTESIAN_POINT('',(-38.1,-43.18,1.786691565));
#9309=DIRECTION('',(-0.,-0.,-1.));
#9310=DIRECTION('',(1.,0.,-0.));
#9311=AXIS2_PLACEMENT_3D('',#9308,#9309,#9310);
#9312=CIRCLE('',#9311,0.875);
#9313=EDGE_CURVE('',#9300,#9298,#9312,.T.);
#9314=ORIENTED_EDGE('',*,*,#9313,.T.);
#9315=EDGE_LOOP('',(#9307,#9314));
#9316=FACE_BOUND('',#9315,.T.);
#9317=ORIENTED_EDGE('',*,*,#382,.F.);
#9318=ORIENTED_EDGE('',*,*,#1153,.F.);
#9319=ORIENTED_EDGE('',*,*,#1184,.F.);
#9320=ORIENTED_EDGE('',*,*,#1206,.F.);
#9321=ORIENTED_EDGE('',*,*,#424,.F.);
#9322=CARTESIAN_POINT('',(-42.037,-45.085,1.786691565));
#9323=VERTEX_POINT('',#9322);
#9324=CARTESIAN_POINT('',(-40.513,-45.085,1.786691565));
#9325=DIRECTION('',(-0.,-0.,-1.));
#9326=DIRECTION('',(1.,0.,-0.));
#9327=AXIS2_PLACEMENT_3D('',#9324,#9325,#9326);
#9328=CIRCLE('',#9327,1.524);
#9329=EDGE_CURVE('',#411,#9323,#9328,.T.);
#9330=ORIENTED_EDGE('',*,*,#9329,.T.);
#9331=CARTESIAN_POINT('',(-40.513,-45.085,1.786691565));
#9332=DIRECTION('',(-0.,-0.,-1.));
#9333=DIRECTION('',(1.,0.,-0.));
#9334=AXIS2_PLACEMENT_3D('',#9331,#9332,#9333);
#9335=CIRCLE('',#9334,1.524);
#9336=EDGE_CURVE('',#9323,#395,#9335,.T.);
#9337=ORIENTED_EDGE('',*,*,#9336,.T.);
#9338=ORIENTED_EDGE('',*,*,#454,.F.);
#9339=ORIENTED_EDGE('',*,*,#1237,.F.);
#9340=ORIENTED_EDGE('',*,*,#1268,.F.);
#9341=ORIENTED_EDGE('',*,*,#1290,.F.);
#9342=ORIENTED_EDGE('',*,*,#496,.F.);
#9343=CARTESIAN_POINT('',(-18.161,-45.085,1.786691565));
#9344=VERTEX_POINT('',#9343);
#9345=CARTESIAN_POINT('',(-16.637,-45.085,1.786691565));
#9346=DIRECTION('',(-0.,-0.,-1.));
#9347=DIRECTION('',(1.,0.,-0.));
#9348=AXIS2_PLACEMENT_3D('',#9345,#9346,#9347);
#9349=CIRCLE('',#9348,1.524);
#9350=EDGE_CURVE('',#483,#9344,#9349,.T.);
#9351=ORIENTED_EDGE('',*,*,#9350,.T.);
#9352=CARTESIAN_POINT('',(-16.637,-45.085,1.786691565));
#9353=DIRECTION('',(-0.,-0.,-1.));
#9354=DIRECTION('',(1.,0.,-0.));
#9355=AXIS2_PLACEMENT_3D('',#9352,#9353,#9354);
#9356=CIRCLE('',#9355,1.524);
#9357=EDGE_CURVE('',#9344,#467,#9356,.T.);
#9358=ORIENTED_EDGE('',*,*,#9357,.T.);
#9359=ORIENTED_EDGE('',*,*,#526,.F.);
#9360=ORIENTED_EDGE('',*,*,#1321,.F.);
#9361=ORIENTED_EDGE('',*,*,#1352,.F.);
#9362=ORIENTED_EDGE('',*,*,#1374,.F.);
#9363=ORIENTED_EDGE('',*,*,#568,.F.);
#9364=CARTESIAN_POINT('',(-18.6309,-29.845,1.786691565));
#9365=VERTEX_POINT('',#9364);
#9366=CARTESIAN_POINT('',(-16.637,-29.845,1.786691565));
#9367=DIRECTION('',(-0.,-0.,-1.));
#9368=DIRECTION('',(1.,0.,-0.));
#9369=AXIS2_PLACEMENT_3D('',#9366,#9367,#9368);
#9370=CIRCLE('',#9369,1.9939);
#9371=EDGE_CURVE('',#555,#9365,#9370,.T.);
#9372=ORIENTED_EDGE('',*,*,#9371,.T.);
#9373=CARTESIAN_POINT('',(-16.637,-29.845,1.786691565));
#9374=DIRECTION('',(-0.,-0.,-1.));
#9375=DIRECTION('',(1.,0.,-0.));
#9376=AXIS2_PLACEMENT_3D('',#9373,#9374,#9375);
#9377=CIRCLE('',#9376,1.9939);
#9378=EDGE_CURVE('',#9365,#539,#9377,.T.);
#9379=ORIENTED_EDGE('',*,*,#9378,.T.);
#9380=ORIENTED_EDGE('',*,*,#598,.F.);
#9381=ORIENTED_EDGE('',*,*,#3342,.F.);
#9382=ORIENTED_EDGE('',*,*,#1031,.F.);
#9383=ORIENTED_EDGE('',*,*,#1069,.F.);
#9384=ORIENTED_EDGE('',*,*,#1100,.F.);
#9385=ORIENTED_EDGE('',*,*,#1122,.F.);
#9386=ORIENTED_EDGE('',*,*,#352,.F.);
#9387=CARTESIAN_POINT('',(-42.5069,-29.845,1.786691565));
#9388=VERTEX_POINT('',#9387);
#9389=CARTESIAN_POINT('',(-40.513,-29.845,1.786691565));
#9390=DIRECTION('',(-0.,-0.,-1.));
#9391=DIRECTION('',(1.,0.,-0.));
#9392=AXIS2_PLACEMENT_3D('',#9389,#9390,#9391);
#9393=CIRCLE('',#9392,1.9939);
#9394=EDGE_CURVE('',#339,#9388,#9393,.T.);
#9395=ORIENTED_EDGE('',*,*,#9394,.T.);
#9396=CARTESIAN_POINT('',(-40.513,-29.845,1.786691565));
#9397=DIRECTION('',(-0.,-0.,-1.));
#9398=DIRECTION('',(1.,0.,-0.));
#9399=AXIS2_PLACEMENT_3D('',#9396,#9397,#9398);
#9400=CIRCLE('',#9399,1.9939);
#9401=EDGE_CURVE('',#9388,#323,#9400,.T.);
#9402=ORIENTED_EDGE('',*,*,#9401,.T.);
#9403=EDGE_LOOP('',(#9317,#9318,#9319,#9320,#9321,#9330,#9337,#9338,#9339,#9340,#9341,#9342,#9351,#9358,#9359,#9360,#9361,#9362,#9363,#9372,#9379,#9380,#9381,#9382,#9383,#9384,
#9385,#9386,#9395,#9402));
#9404=FACE_BOUND('',#9403,.T.);
#9405=ADVANCED_FACE('',(#9118,#9138,#9158,#9178,#9198,#9227,#9256,#9276,#9296,#9316,#9404),#9098,.T.);
#9406=CARTESIAN_POINT('',(-16.637,-29.845,1.786691565));
#9407=DIRECTION('',(0.,0.,-1.));
#9408=DIRECTION('',(-1.,0.,0.));
#9409=AXIS2_PLACEMENT_3D('',#9406,#9407,#9408);
#9410=CYLINDRICAL_SURFACE('',#9409,1.9939);
#9411=CARTESIAN_POINT('',(-18.6309,-29.845,1.386691565));
#9412=DIRECTION('',(-0.,-0.,1.));
#9413=VECTOR('',#9412,0.4);
#9414=LINE('',#9411,#9413);
#9415=EDGE_CURVE('',#3813,#9365,#9414,.T.);
#9416=ORIENTED_EDGE('',*,*,#9415,.F.);
#9417=ORIENTED_EDGE('',*,*,#3819,.T.);
#9418=ORIENTED_EDGE('',*,*,#544,.T.);
#9419=ORIENTED_EDGE('',*,*,#9378,.F.);
#9420=EDGE_LOOP('',(#9416,#9417,#9418,#9419));
#9421=FACE_BOUND('',#9420,.T.);
#9422=ADVANCED_FACE('',(#9421),#9410,.F.);
#9423=CARTESIAN_POINT('',(-16.637,-45.085,1.786691565));
#9424=DIRECTION('',(0.,0.,-1.));
#9425=DIRECTION('',(-1.,0.,0.));
#9426=AXIS2_PLACEMENT_3D('',#9423,#9424,#9425);
#9427=CYLINDRICAL_SURFACE('',#9426,1.524);
#9428=CARTESIAN_POINT('',(-18.161,-45.085,1.386691565));
#9429=DIRECTION('',(-0.,-0.,1.));
#9430=VECTOR('',#9429,0.4);
#9431=LINE('',#9428,#9430);
#9432=EDGE_CURVE('',#3794,#9344,#9431,.T.);
#9433=ORIENTED_EDGE('',*,*,#9432,.F.);
#9434=ORIENTED_EDGE('',*,*,#3800,.T.);
#9435=ORIENTED_EDGE('',*,*,#472,.T.);
#9436=ORIENTED_EDGE('',*,*,#9357,.F.);
#9437=EDGE_LOOP('',(#9433,#9434,#9435,#9436));
#9438=FACE_BOUND('',#9437,.T.);
#9439=ADVANCED_FACE('',(#9438),#9427,.F.);
#9440=CARTESIAN_POINT('',(-40.513,-29.845,1.786691565));
#9441=DIRECTION('',(0.,0.,-1.));
#9442=DIRECTION('',(-1.,0.,0.));
#9443=AXIS2_PLACEMENT_3D('',#9440,#9441,#9442);
#9444=CYLINDRICAL_SURFACE('',#9443,1.9939);
#9445=CARTESIAN_POINT('',(-42.5069,-29.845,1.386691565));
#9446=DIRECTION('',(-0.,-0.,1.));
#9447=VECTOR('',#9446,0.4);
#9448=LINE('',#9445,#9447);
#9449=EDGE_CURVE('',#3756,#9388,#9448,.T.);
#9450=ORIENTED_EDGE('',*,*,#9449,.F.);
#9451=ORIENTED_EDGE('',*,*,#3762,.T.);
#9452=ORIENTED_EDGE('',*,*,#328,.T.);
#9453=ORIENTED_EDGE('',*,*,#9401,.F.);
#9454=EDGE_LOOP('',(#9450,#9451,#9452,#9453));
#9455=FACE_BOUND('',#9454,.T.);
#9456=ADVANCED_FACE('',(#9455),#9444,.F.);
#9457=CARTESIAN_POINT('',(-40.513,-45.085,1.786691565));
#9458=DIRECTION('',(0.,0.,-1.));
#9459=DIRECTION('',(-1.,0.,0.));
#9460=AXIS2_PLACEMENT_3D('',#9457,#9458,#9459);
#9461=CYLINDRICAL_SURFACE('',#9460,1.524);
#9462=CARTESIAN_POINT('',(-42.037,-45.085,1.386691565));
#9463=DIRECTION('',(-0.,-0.,1.));
#9464=VECTOR('',#9463,0.4);
#9465=LINE('',#9462,#9464);
#9466=EDGE_CURVE('',#3775,#9323,#9465,.T.);
#9467=ORIENTED_EDGE('',*,*,#9466,.F.);
#9468=ORIENTED_EDGE('',*,*,#3781,.T.);
#9469=ORIENTED_EDGE('',*,*,#400,.T.);
#9470=ORIENTED_EDGE('',*,*,#9336,.F.);
#9471=EDGE_LOOP('',(#9467,#9468,#9469,#9470));
#9472=FACE_BOUND('',#9471,.T.);
#9473=ADVANCED_FACE('',(#9472),#9461,.F.);
#9474=CARTESIAN_POINT('',(-23.495,-38.1,1.786691565));
#9475=DIRECTION('',(0.,0.,-1.));
#9476=DIRECTION('',(-1.,0.,0.));
#9477=AXIS2_PLACEMENT_3D('',#9474,#9475,#9476);
#9478=CYLINDRICAL_SURFACE('',#9477,0.875);
#9479=ORIENTED_EDGE('',*,*,#4034,.T.);
#9480=CARTESIAN_POINT('',(-23.8125,-38.915364182,1.786691565));
#9481=DIRECTION('',(0.,0.,-1.));
#9482=VECTOR('',#9481,0.4);
#9483=LINE('',#9480,#9482);
#9484=EDGE_CURVE('',#9202,#4028,#9483,.T.);
#9485=ORIENTED_EDGE('',*,*,#9484,.F.);
#9486=ORIENTED_EDGE('',*,*,#9208,.F.);
#9487=CARTESIAN_POINT('',(-23.8125,-37.284635818,1.786691565));
#9488=DIRECTION('',(0.,0.,-1.));
#9489=VECTOR('',#9488,0.4);
#9490=LINE('',#9487,#9489);
#9491=EDGE_CURVE('',#9200,#4026,#9490,.T.);
#9492=ORIENTED_EDGE('',*,*,#9491,.T.);
#9493=EDGE_LOOP('',(#9479,#9485,#9486,#9492));
#9494=FACE_BOUND('',#9493,.T.);
#9495=ADVANCED_FACE('',(#9494),#9478,.F.);
#9496=CARTESIAN_POINT('',(-33.655,-38.1,1.786691565));
#9497=DIRECTION('',(0.,0.,-1.));
#9498=DIRECTION('',(-1.,0.,0.));
#9499=AXIS2_PLACEMENT_3D('',#9496,#9497,#9498);
#9500=CYLINDRICAL_SURFACE('',#9499,0.875);
#9501=CARTESIAN_POINT('',(-34.53,-38.1,1.386691565));
#9502=DIRECTION('',(-0.,-0.,1.));
#9503=VECTOR('',#9502,0.4);
#9504=LINE('',#9501,#9503);
#9505=EDGE_CURVE('',#4055,#9231,#9504,.T.);
#9506=ORIENTED_EDGE('',*,*,#9505,.F.);
#9507=ORIENTED_EDGE('',*,*,#4063,.T.);
#9508=CARTESIAN_POINT('',(-33.3375,-37.284635818,1.786691565));
#9509=DIRECTION('',(0.,0.,-1.));
#9510=VECTOR('',#9509,0.4);
#9511=LINE('',#9508,#9510);
#9512=EDGE_CURVE('',#9240,#4057,#9511,.T.);
#9513=ORIENTED_EDGE('',*,*,#9512,.F.);
#9514=ORIENTED_EDGE('',*,*,#9246,.F.);
#9515=EDGE_LOOP('',(#9506,#9507,#9513,#9514));
#9516=FACE_BOUND('',#9515,.T.);
#9517=ADVANCED_FACE('',(#9516),#9500,.F.);
#9518=CARTESIAN_POINT('',(-19.05,-33.02,1.786691565));
#9519=DIRECTION('',(0.,0.,-1.));
#9520=DIRECTION('',(-1.,0.,0.));
#9521=AXIS2_PLACEMENT_3D('',#9518,#9519,#9520);
#9522=CYLINDRICAL_SURFACE('',#9521,0.875);
#9523=CARTESIAN_POINT('',(-19.925,-33.02,1.386691565));
#9524=DIRECTION('',(-0.,-0.,1.));
#9525=VECTOR('',#9524,0.4);
#9526=LINE('',#9523,#9525);
#9527=EDGE_CURVE('',#3926,#9102,#9526,.T.);
#9528=ORIENTED_EDGE('',*,*,#9527,.F.);
#9529=ORIENTED_EDGE('',*,*,#3934,.T.);
#9530=ORIENTED_EDGE('',*,*,#3941,.T.);
#9531=ORIENTED_EDGE('',*,*,#9527,.T.);
#9532=ORIENTED_EDGE('',*,*,#9108,.F.);
#9533=ORIENTED_EDGE('',*,*,#9115,.F.);
#9534=EDGE_LOOP('',(#9528,#9529,#9530,#9531,#9532,#9533));
#9535=FACE_BOUND('',#9534,.T.);
#9536=ADVANCED_FACE('',(#9535),#9522,.F.);
#9537=CARTESIAN_POINT('',(-13.97,-38.1,1.786691565));
#9538=DIRECTION('',(0.,0.,-1.));
#9539=DIRECTION('',(-1.,0.,0.));
#9540=AXIS2_PLACEMENT_3D('',#9537,#9538,#9539);
#9541=CYLINDRICAL_SURFACE('',#9540,0.875);
#9542=CARTESIAN_POINT('',(-14.845,-38.1,1.386691565));
#9543=DIRECTION('',(-0.,-0.,1.));
#9544=VECTOR('',#9543,0.4);
#9545=LINE('',#9542,#9544);
#9546=EDGE_CURVE('',#3946,#9122,#9545,.T.);
#9547=ORIENTED_EDGE('',*,*,#9546,.F.);
#9548=ORIENTED_EDGE('',*,*,#3954,.T.);
#9549=ORIENTED_EDGE('',*,*,#3961,.T.);
#9550=ORIENTED_EDGE('',*,*,#9546,.T.);
#9551=ORIENTED_EDGE('',*,*,#9128,.F.);
#9552=ORIENTED_EDGE('',*,*,#9135,.F.);
#9553=EDGE_LOOP('',(#9547,#9548,#9549,#9550,#9551,#9552));
#9554=FACE_BOUND('',#9553,.T.);
#9555=ADVANCED_FACE('',(#9554),#9541,.F.);
#9556=CARTESIAN_POINT('',(-19.05,-43.18,1.786691565));
#9557=DIRECTION('',(0.,0.,-1.));
#9558=DIRECTION('',(-1.,0.,0.));
#9559=AXIS2_PLACEMENT_3D('',#9556,#9557,#9558);
#9560=CYLINDRICAL_SURFACE('',#9559,0.875);
#9561=CARTESIAN_POINT('',(-19.925,-43.18,1.386691565));
#9562=DIRECTION('',(-0.,-0.,1.));
#9563=VECTOR('',#9562,0.4);
#9564=LINE('',#9561,#9563);
#9565=EDGE_CURVE('',#3966,#9142,#9564,.T.);
#9566=ORIENTED_EDGE('',*,*,#9565,.F.);
#9567=ORIENTED_EDGE('',*,*,#3974,.T.);
#9568=ORIENTED_EDGE('',*,*,#3981,.T.);
#9569=ORIENTED_EDGE('',*,*,#9565,.T.);
#9570=ORIENTED_EDGE('',*,*,#9148,.F.);
#9571=ORIENTED_EDGE('',*,*,#9155,.F.);
#9572=EDGE_LOOP('',(#9566,#9567,#9568,#9569,#9570,#9571));
#9573=FACE_BOUND('',#9572,.T.);
#9574=ADVANCED_FACE('',(#9573),#9560,.F.);
#9575=CARTESIAN_POINT('',(-28.575,-33.02,1.786691565));
#9576=DIRECTION('',(0.,0.,-1.));
#9577=DIRECTION('',(-1.,0.,0.));
#9578=AXIS2_PLACEMENT_3D('',#9575,#9576,#9577);
#9579=CYLINDRICAL_SURFACE('',#9578,0.875);
#9580=CARTESIAN_POINT('',(-29.45,-33.02,1.386691565));
#9581=DIRECTION('',(-0.,-0.,1.));
#9582=VECTOR('',#9581,0.4);
#9583=LINE('',#9580,#9582);
#9584=EDGE_CURVE('',#3986,#9162,#9583,.T.);
#9585=ORIENTED_EDGE('',*,*,#9584,.F.);
#9586=ORIENTED_EDGE('',*,*,#3994,.T.);
#9587=ORIENTED_EDGE('',*,*,#4001,.T.);
#9588=ORIENTED_EDGE('',*,*,#9584,.T.);
#9589=ORIENTED_EDGE('',*,*,#9168,.F.);
#9590=ORIENTED_EDGE('',*,*,#9175,.F.);
#9591=EDGE_LOOP('',(#9585,#9586,#9587,#9588,#9589,#9590));
#9592=FACE_BOUND('',#9591,.T.);
#9593=ADVANCED_FACE('',(#9592),#9579,.F.);
#9594=CARTESIAN_POINT('',(-38.1,-33.02,1.786691565));
#9595=DIRECTION('',(0.,0.,-1.));
#9596=DIRECTION('',(-1.,0.,0.));
#9597=AXIS2_PLACEMENT_3D('',#9594,#9595,#9596);
#9598=CYLINDRICAL_SURFACE('',#9597,0.875);
#9599=CARTESIAN_POINT('',(-38.975,-33.02,1.386691565));
#9600=DIRECTION('',(-0.,-0.,1.));
#9601=VECTOR('',#9600,0.4);
#9602=LINE('',#9599,#9601);
#9603=EDGE_CURVE('',#4006,#9182,#9602,.T.);
#9604=ORIENTED_EDGE('',*,*,#9603,.F.);
#9605=ORIENTED_EDGE('',*,*,#4014,.T.);
#9606=ORIENTED_EDGE('',*,*,#4021,.T.);
#9607=ORIENTED_EDGE('',*,*,#9603,.T.);
#9608=ORIENTED_EDGE('',*,*,#9188,.F.);
#9609=ORIENTED_EDGE('',*,*,#9195,.F.);
#9610=EDGE_LOOP('',(#9604,#9605,#9606,#9607,#9608,#9609));
#9611=FACE_BOUND('',#9610,.T.);
#9612=ADVANCED_FACE('',(#9611),#9598,.F.);
#9613=CARTESIAN_POINT('',(-24.13,-38.1,1.786691565));
#9614=DIRECTION('',(0.,0.,-1.));
#9615=DIRECTION('',(-1.,0.,0.));
#9616=AXIS2_PLACEMENT_3D('',#9613,#9614,#9615);
#9617=CYLINDRICAL_SURFACE('',#9616,0.875);
#9618=CARTESIAN_POINT('',(-25.005,-38.1,1.386691565));
#9619=DIRECTION('',(-0.,-0.,1.));
#9620=VECTOR('',#9619,0.4);
#9621=LINE('',#9618,#9620);
#9622=EDGE_CURVE('',#4037,#9211,#9621,.T.);
#9623=ORIENTED_EDGE('',*,*,#9622,.F.);
#9624=ORIENTED_EDGE('',*,*,#4043,.T.);
#9625=ORIENTED_EDGE('',*,*,#9491,.F.);
#9626=ORIENTED_EDGE('',*,*,#9224,.F.);
#9627=EDGE_LOOP('',(#9623,#9624,#9625,#9626));
#9628=FACE_BOUND('',#9627,.T.);
#9629=ADVANCED_FACE('',(#9628),#9617,.F.);
#9630=CARTESIAN_POINT('',(-33.02,-38.1,1.786691565));
#9631=DIRECTION('',(0.,0.,-1.));
#9632=DIRECTION('',(-1.,0.,0.));
#9633=AXIS2_PLACEMENT_3D('',#9630,#9631,#9632);
#9634=CYLINDRICAL_SURFACE('',#9633,0.875);
#9635=ORIENTED_EDGE('',*,*,#4079,.T.);
#9636=CARTESIAN_POINT('',(-33.3375,-38.915364182,1.786691565));
#9637=DIRECTION('',(0.,0.,-1.));
#9638=VECTOR('',#9637,0.4);
#9639=LINE('',#9636,#9638);
#9640=EDGE_CURVE('',#9229,#4066,#9639,.T.);
#9641=ORIENTED_EDGE('',*,*,#9640,.F.);
#9642=ORIENTED_EDGE('',*,*,#9253,.F.);
#9643=ORIENTED_EDGE('',*,*,#9512,.T.);
#9644=EDGE_LOOP('',(#9635,#9641,#9642,#9643));
#9645=FACE_BOUND('',#9644,.T.);
#9646=ADVANCED_FACE('',(#9645),#9634,.F.);
#9647=CARTESIAN_POINT('',(-28.575,-43.18,1.786691565));
#9648=DIRECTION('',(0.,0.,-1.));
#9649=DIRECTION('',(-1.,0.,0.));
#9650=AXIS2_PLACEMENT_3D('',#9647,#9648,#9649);
#9651=CYLINDRICAL_SURFACE('',#9650,0.875);
#9652=CARTESIAN_POINT('',(-29.45,-43.18,1.386691565));
#9653=DIRECTION('',(-0.,-0.,1.));
#9654=VECTOR('',#9653,0.4);
#9655=LINE('',#9652,#9654);
#9656=EDGE_CURVE('',#4084,#9260,#9655,.T.);
#9657=ORIENTED_EDGE('',*,*,#9656,.F.);
#9658=ORIENTED_EDGE('',*,*,#4092,.T.);
#9659=ORIENTED_EDGE('',*,*,#4099,.T.);
#9660=ORIENTED_EDGE('',*,*,#9656,.T.);
#9661=ORIENTED_EDGE('',*,*,#9266,.F.);
#9662=ORIENTED_EDGE('',*,*,#9273,.F.);
#9663=EDGE_LOOP('',(#9657,#9658,#9659,#9660,#9661,#9662));
#9664=FACE_BOUND('',#9663,.T.);
#9665=ADVANCED_FACE('',(#9664),#9651,.F.);
#9666=CARTESIAN_POINT('',(-43.18,-38.1,1.786691565));
#9667=DIRECTION('',(0.,0.,-1.));
#9668=DIRECTION('',(-1.,0.,0.));
#9669=AXIS2_PLACEMENT_3D('',#9666,#9667,#9668);
#9670=CYLINDRICAL_SURFACE('',#9669,0.875);
#9671=CARTESIAN_POINT('',(-44.055,-38.1,1.386691565));
#9672=DIRECTION('',(-0.,-0.,1.));
#9673=VECTOR('',#9672,0.4);
#9674=LINE('',#9671,#9673);
#9675=EDGE_CURVE('',#4104,#9280,#9674,.T.);
#9676=ORIENTED_EDGE('',*,*,#9675,.F.);
#9677=ORIENTED_EDGE('',*,*,#4112,.T.);
#9678=ORIENTED_EDGE('',*,*,#4119,.T.);
#9679=ORIENTED_EDGE('',*,*,#9675,.T.);
#9680=ORIENTED_EDGE('',*,*,#9286,.F.);
#9681=ORIENTED_EDGE('',*,*,#9293,.F.);
#9682=EDGE_LOOP('',(#9676,#9677,#9678,#9679,#9680,#9681));
#9683=FACE_BOUND('',#9682,.T.);
#9684=ADVANCED_FACE('',(#9683),#9670,.F.);
#9685=CARTESIAN_POINT('',(-38.1,-43.18,1.786691565));
#9686=DIRECTION('',(0.,0.,-1.));
#9687=DIRECTION('',(-1.,0.,0.));
#9688=AXIS2_PLACEMENT_3D('',#9685,#9686,#9687);
#9689=CYLINDRICAL_SURFACE('',#9688,0.875);
#9690=CARTESIAN_POINT('',(-38.975,-43.18,1.386691565));
#9691=DIRECTION('',(-0.,-0.,1.));
#9692=VECTOR('',#9691,0.4);
#9693=LINE('',#9690,#9692);
#9694=EDGE_CURVE('',#4124,#9300,#9693,.T.);
#9695=ORIENTED_EDGE('',*,*,#9694,.F.);
#9696=ORIENTED_EDGE('',*,*,#4132,.T.);
#9697=ORIENTED_EDGE('',*,*,#4139,.T.);
#9698=ORIENTED_EDGE('',*,*,#9694,.T.);
#9699=ORIENTED_EDGE('',*,*,#9306,.F.);
#9700=ORIENTED_EDGE('',*,*,#9313,.F.);
#9701=EDGE_LOOP('',(#9695,#9696,#9697,#9698,#9699,#9700));
#9702=FACE_BOUND('',#9701,.T.);
#9703=ADVANCED_FACE('',(#9702),#9689,.F.);
#9704=CARTESIAN_POINT('',(23.495,-38.1,1.786691565));
#9705=DIRECTION('',(0.,0.,-1.));
#9706=DIRECTION('',(-1.,0.,0.));
#9707=AXIS2_PLACEMENT_3D('',#9704,#9705,#9706);
#9708=CYLINDRICAL_SURFACE('',#9707,0.875);
#9709=ORIENTED_EDGE('',*,*,#5978,.T.);
#9710=ORIENTED_EDGE('',*,*,#6226,.F.);
#9711=ORIENTED_EDGE('',*,*,#5947,.T.);
#9712=ORIENTED_EDGE('',*,*,#4241,.T.);
#9713=EDGE_LOOP('',(#9709,#9710,#9711,#9712));
#9714=FACE_BOUND('',#9713,.T.);
#9715=ADVANCED_FACE('',(#9714),#9708,.F.);
#9716=CARTESIAN_POINT('',(33.02,-38.1,1.786691565));
#9717=DIRECTION('',(0.,0.,-1.));
#9718=DIRECTION('',(-1.,0.,0.));
#9719=AXIS2_PLACEMENT_3D('',#9716,#9717,#9718);
#9720=CYLINDRICAL_SURFACE('',#9719,0.875);
#9721=ORIENTED_EDGE('',*,*,#6038,.T.);
#9722=ORIENTED_EDGE('',*,*,#6212,.F.);
#9723=ORIENTED_EDGE('',*,*,#6071,.T.);
#9724=ORIENTED_EDGE('',*,*,#4297,.T.);
#9725=EDGE_LOOP('',(#9721,#9722,#9723,#9724));
#9726=FACE_BOUND('',#9725,.T.);
#9727=ADVANCED_FACE('',(#9726),#9720,.F.);
#9728=CARTESIAN_POINT('',(40.513,-29.845,1.786691565));
#9729=DIRECTION('',(0.,0.,-1.));
#9730=DIRECTION('',(-1.,0.,0.));
#9731=AXIS2_PLACEMENT_3D('',#9728,#9729,#9730);
#9732=CYLINDRICAL_SURFACE('',#9731,1.9939);
#9733=ORIENTED_EDGE('',*,*,#6347,.T.);
#9734=ORIENTED_EDGE('',*,*,#6302,.F.);
#9735=ORIENTED_EDGE('',*,*,#272,.T.);
#9736=ORIENTED_EDGE('',*,*,#3902,.T.);
#9737=EDGE_LOOP('',(#9733,#9734,#9735,#9736));
#9738=FACE_BOUND('',#9737,.T.);
#9739=ADVANCED_FACE('',(#9738),#9732,.F.);
#9740=CARTESIAN_POINT('',(40.513,-45.085,1.786691565));
#9741=DIRECTION('',(0.,0.,-1.));
#9742=DIRECTION('',(-1.,0.,0.));
#9743=AXIS2_PLACEMENT_3D('',#9740,#9741,#9742);
#9744=CYLINDRICAL_SURFACE('',#9743,1.524);
#9745=ORIENTED_EDGE('',*,*,#6364,.T.);
#9746=ORIENTED_EDGE('',*,*,#6281,.F.);
#9747=ORIENTED_EDGE('',*,*,#200,.T.);
#9748=ORIENTED_EDGE('',*,*,#3883,.T.);
#9749=EDGE_LOOP('',(#9745,#9746,#9747,#9748));
#9750=FACE_BOUND('',#9749,.T.);
#9751=ADVANCED_FACE('',(#9750),#9744,.F.);
#9752=CARTESIAN_POINT('',(16.637,-45.085,1.786691565));
#9753=DIRECTION('',(0.,0.,-1.));
#9754=DIRECTION('',(-1.,0.,0.));
#9755=AXIS2_PLACEMENT_3D('',#9752,#9753,#9754);
#9756=CYLINDRICAL_SURFACE('',#9755,1.524);
#9757=ORIENTED_EDGE('',*,*,#6381,.T.);
#9758=ORIENTED_EDGE('',*,*,#6260,.F.);
#9759=ORIENTED_EDGE('',*,*,#128,.T.);
#9760=ORIENTED_EDGE('',*,*,#3864,.T.);
#9761=EDGE_LOOP('',(#9757,#9758,#9759,#9760));
#9762=FACE_BOUND('',#9761,.T.);
#9763=ADVANCED_FACE('',(#9762),#9756,.F.);
#9764=CARTESIAN_POINT('',(16.637,-29.845,1.786691565));
#9765=DIRECTION('',(0.,0.,-1.));
#9766=DIRECTION('',(-1.,0.,0.));
#9767=AXIS2_PLACEMENT_3D('',#9764,#9765,#9766);
#9768=CYLINDRICAL_SURFACE('',#9767,1.9939);
#9769=ORIENTED_EDGE('',*,*,#6398,.T.);
#9770=ORIENTED_EDGE('',*,*,#6326,.F.);
#9771=ORIENTED_EDGE('',*,*,#56,.T.);
#9772=ORIENTED_EDGE('',*,*,#3845,.T.);
#9773=EDGE_LOOP('',(#9769,#9770,#9771,#9772));
#9774=FACE_BOUND('',#9773,.T.);
#9775=ADVANCED_FACE('',(#9774),#9768,.F.);
#9776=CARTESIAN_POINT('',(-16.637,-29.845,1.786691565));
#9777=DIRECTION('',(0.,0.,-1.));
#9778=DIRECTION('',(-1.,0.,0.));
#9779=AXIS2_PLACEMENT_3D('',#9776,#9777,#9778);
#9780=CYLINDRICAL_SURFACE('',#9779,1.9939);
#9781=ORIENTED_EDGE('',*,*,#9415,.T.);
#9782=ORIENTED_EDGE('',*,*,#9371,.F.);
#9783=ORIENTED_EDGE('',*,*,#560,.T.);
#9784=ORIENTED_EDGE('',*,*,#3826,.T.);
#9785=EDGE_LOOP('',(#9781,#9782,#9783,#9784));
#9786=FACE_BOUND('',#9785,.T.);
#9787=ADVANCED_FACE('',(#9786),#9780,.F.);
#9788=CARTESIAN_POINT('',(-16.637,-45.085,1.786691565));
#9789=DIRECTION('',(0.,0.,-1.));
#9790=DIRECTION('',(-1.,0.,0.));
#9791=AXIS2_PLACEMENT_3D('',#9788,#9789,#9790);
#9792=CYLINDRICAL_SURFACE('',#9791,1.524);
#9793=ORIENTED_EDGE('',*,*,#9432,.T.);
#9794=ORIENTED_EDGE('',*,*,#9350,.F.);
#9795=ORIENTED_EDGE('',*,*,#488,.T.);
#9796=ORIENTED_EDGE('',*,*,#3807,.T.);
#9797=EDGE_LOOP('',(#9793,#9794,#9795,#9796));
#9798=FACE_BOUND('',#9797,.T.);
#9799=ADVANCED_FACE('',(#9798),#9792,.F.);
#9800=CARTESIAN_POINT('',(-40.513,-29.845,1.786691565));
#9801=DIRECTION('',(0.,0.,-1.));
#9802=DIRECTION('',(-1.,0.,0.));
#9803=AXIS2_PLACEMENT_3D('',#9800,#9801,#9802);
#9804=CYLINDRICAL_SURFACE('',#9803,1.9939);
#9805=ORIENTED_EDGE('',*,*,#9449,.T.);
#9806=ORIENTED_EDGE('',*,*,#9394,.F.);
#9807=ORIENTED_EDGE('',*,*,#344,.T.);
#9808=ORIENTED_EDGE('',*,*,#3769,.T.);
#9809=EDGE_LOOP('',(#9805,#9806,#9807,#9808));
#9810=FACE_BOUND('',#9809,.T.);
#9811=ADVANCED_FACE('',(#9810),#9804,.F.);
#9812=CARTESIAN_POINT('',(-40.513,-45.085,1.786691565));
#9813=DIRECTION('',(0.,0.,-1.));
#9814=DIRECTION('',(-1.,0.,0.));
#9815=AXIS2_PLACEMENT_3D('',#9812,#9813,#9814);
#9816=CYLINDRICAL_SURFACE('',#9815,1.524);
#9817=ORIENTED_EDGE('',*,*,#9466,.T.);
#9818=ORIENTED_EDGE('',*,*,#9329,.F.);
#9819=ORIENTED_EDGE('',*,*,#416,.T.);
#9820=ORIENTED_EDGE('',*,*,#3788,.T.);
#9821=EDGE_LOOP('',(#9817,#9818,#9819,#9820));
#9822=FACE_BOUND('',#9821,.T.);
#9823=ADVANCED_FACE('',(#9822),#9816,.F.);
#9824=CARTESIAN_POINT('',(-33.655,-38.1,1.786691565));
#9825=DIRECTION('',(0.,0.,-1.));
#9826=DIRECTION('',(-1.,0.,0.));
#9827=AXIS2_PLACEMENT_3D('',#9824,#9825,#9826);
#9828=CYLINDRICAL_SURFACE('',#9827,0.875);
#9829=ORIENTED_EDGE('',*,*,#9505,.T.);
#9830=ORIENTED_EDGE('',*,*,#9237,.F.);
#9831=ORIENTED_EDGE('',*,*,#9640,.T.);
#9832=ORIENTED_EDGE('',*,*,#4072,.T.);
#9833=EDGE_LOOP('',(#9829,#9830,#9831,#9832));
#9834=FACE_BOUND('',#9833,.T.);
#9835=ADVANCED_FACE('',(#9834),#9828,.F.);
#9836=CARTESIAN_POINT('',(-24.13,-38.1,1.786691565));
#9837=DIRECTION('',(0.,0.,-1.));
#9838=DIRECTION('',(-1.,0.,0.));
#9839=AXIS2_PLACEMENT_3D('',#9836,#9837,#9838);
#9840=CYLINDRICAL_SURFACE('',#9839,0.875);
#9841=ORIENTED_EDGE('',*,*,#9622,.T.);
#9842=ORIENTED_EDGE('',*,*,#9217,.F.);
#9843=ORIENTED_EDGE('',*,*,#9484,.T.);
#9844=ORIENTED_EDGE('',*,*,#4050,.T.);
#9845=EDGE_LOOP('',(#9841,#9842,#9843,#9844));
#9846=FACE_BOUND('',#9845,.T.);
#9847=ADVANCED_FACE('',(#9846),#9840,.F.);
#9848=CLOSED_SHELL('',(#98,#170,#242,#314,#386,#458,#530,#602,#642,#673,#704,#735,#757,#788,#819,#841,#872,#903,#925,#956,#987,#1009,#1049,#1080,#1111,#1133,
#1164,#1195,#1217,#1248,#1279,#1301,#1332,#1363,#1385,#1425,#1456,#1487,#1527,#1558,#1589,#1629,#1660,#1691,#1731,#1762,#1793,#1833,#1864,#1895,#1935,
#1966,#1997,#2037,#2068,#2099,#2139,#2170,#2201,#2241,#2272,#2303,#2343,#2374,#2405,#2445,#2476,#2507,#2547,#2578,#2609,#2649,#2680,#2711,#2751,#2782,
#2813,#2853,#2884,#2915,#2955,#2986,#3017,#3059,#3122,#3163,#3194,#3235,#3298,#3331,#3353,#3375,#3397,#3419,#3441,#3463,#3485,#3507,#3529,#3551,#3573,
#3595,#3617,#3639,#3661,#3683,#3705,#3727,#3749,#5641,#5794,#5829,#5864,#5899,#5934,#5966,#5991,#6026,#6058,#6083,#6118,#6153,#6188,#6337,#6354,#6371,
#6388,#6405,#6440,#6475,#6510,#6545,#6573,#6608,#6643,#6678,#6713,#6741,#6776,#6811,#6846,#6881,#6909,#6944,#6979,#7014,#7049,#7077,#7112,#7147,#7182,
#7217,#7245,#7280,#7315,#7350,#7385,#7413,#7448,#7483,#7518,#7553,#7581,#7616,#7651,#7686,#7721,#7749,#7784,#7819,#7854,#7889,#7917,#7952,#7987,#8022,
#8057,#8085,#8120,#8155,#8190,#8225,#8253,#8288,#8323,#8358,#8393,#8421,#8456,#8491,#8526,#8561,#8589,#8624,#8659,#8694,#8729,#8757,#8792,#8827,#8862,
#8897,#8925,#8960,#8995,#9030,#9065,#9093,#9405,#9422,#9439,#9456,#9473,#9495,#9517,#9536,#9555,#9574,#9593,#9612,#9629,#9646,#9665,#9684,#9703,#9715,
#9727,#9739,#9751,#9763,#9775,#9787,#9799,#9811,#9823,#9835,#9847));
#9849=MANIFOLD_SOLID_BREP('form',#9848);
#26=STYLED_ITEM('',(),#9849);
#16=SHAPE_REPRESENTATION('root',(#15),#10);
#17=ADVANCED_BREP_SHAPE_REPRESENTATION('root',(#9849),#10);
#9857=SHAPE_REPRESENTATION_RELATIONSHIP('','',#16,#17);
#9858=APPLICATION_CONTEXT('configuration controlled 3D design of mechanical parts and assemblies');
#9859=APPLICATION_PROTOCOL_DEFINITION('international standard','configuration_control_3d_design_ed2_mim',2004,#9858);
#9860=PRODUCT_CONTEXT('',#9858,'mechanical');
#9861=PRODUCT_DEFINITION_CONTEXT('part definition',#9858,'design');
#24=PRODUCT('root','root','',(#9860));
#9862=PRODUCT_RELATED_PRODUCT_CATEGORY('part','',(#24));
#9863=PRODUCT_DEFINITION_FORMATION_WITH_SPECIFIED_SOURCE('','',#24,.NOT_KNOWN.);
#25=PRODUCT_DEFINITION('design','',#9863,#9861);
#23=PRODUCT_DEFINITION_SHAPE('','',#25);
#9864=SHAPE_DEFINITION_REPRESENTATION(#23,#16);
#11=DRAUGHTING_MODEL('',(),#10);
#1=MECHANICAL_DESIGN_GEOMETRIC_PRESENTATION_REPRESENTATION('',(#26),#10);
ENDSEC;
END-ISO-10303-21;
